Cost Matrix C for 100 nodes
0.0000 2015.1300 23111.7619 22047.5808 17844.5677 23780.9643 22709.7487 17674.3622 18071.4608 18000.6300 27074.7712 23732.8209 29389.4557 34168.3187 35851.7071 39071.2647 44529.0043 46896.8486 50988.9509 51317.4192 30565.4435 31745.2785 30486.0656 32982.2893 32957.4101 35422.6450 31732.6815 31188.2205 32157.0803 34659.2109 35072.8719 37977.3860 36273.3264 38553.6323 41352.8345 41676.5840 44556.3889 43901.7174 44483.1302 54015.7916 32833.4051 35392.6898 36258.4470 38198.6191 38157.9250 38069.6370 40319.4994 41549.1004 40777.4793 42227.7570 43801.7643 44019.7118 45156.7717 44185.1649 45768.8422 46930.5874 49288.0257 52243.1079 54313.2968 54126.6126 41690.2407 44034.1747 41778.6942 44003.1165 42918.2198 45241.2092 47007.5857 46327.6866 45475.6408 48905.1819 48692.7296 47174.9390 47957.9789 47293.6688 49031.9163 48591.7053 48892.1639 50121.4993 53270.0787 56590.7231 49527.4413 48401.2745 48568.5621 49082.4283 47791.9685 49954.1976 49286.5029 49842.7055 51393.0253 50908.7539 51616.0678 49806.6912 51316.6967 53954.4627 52197.2561 50512.6894 54167.7136 52589.8683 54072.1929 54814.8033
2015.1300 0.0000 21099.2991 20103.7890 16268.4253 22017.4799 21061.2741 17586.1531 18156.0037 17334.6912 25387.2566 22835.4083 28051.1241 32807.3311 34732.6646 37746.8767 43534.1120 46053.5224 50124.9011 50669.6225 28550.6845 29731.4659 28497.0872 31033.8567 31040.7063 33510.2052 29918.1009 29434.4544 30433.2487 32915.7901 33359.1009 36225.4474 34704.8580 36913.4344 39683.4809 40047.9403 42958.0916 42394.9422 42971.1936 52617.7570 30893.1432 33379.9130 34252.3637 36197.4840 36191.1371 36162.9123 38414.5569 39691.3619 38968.5171 40433.8557 41981.7071 42251.9627 43391.3195 42486.2775 44060.3980 45231.2360 47641.8027 50674.2656 52748.6848 52619.8920 39688.0775 42020.2530 39798.3796 42017.2457 40950.9727 43264.0702 45037.6747 44382.4048 43559.6168 46976.8671 46767.1066 45283.2063 46062.8082 45427.6919 47147.9643 46739.7416 47085.1279 48387.5173 51561.4185 54979.3053 47597.4767 46443.0443 46595.4928 47075.7856 45777.6371 47940.3669 47280.5470 47844.0850 49415.6742 48964.1352 49671.3845 47890.6595 49392.0054 52013.9488 50286.5902 48619.6857 52263.2201 50722.0124 52214.9705 52976.1074
23111.7619 21099.2991 0.0000 4748.8686 12886.0983 10141.0830 12175.6742 26915.5239 28429.7732 22456.3241 13190.8120 22909.4833 20542.9897 23555.3579 28311.1513 27982.8358 37146.6927 41147.8015 44530.4654 47482.9893 7667.7750 8642.0423 7899.2091 11318.0335 12092.7501 14407.9958 13515.1601 14441.1750 15778.1194 17345.3656 18260.2838 19977.9745 21852.1636 22501.0753 24423.5084 25401.4056 28462.1362 29332.7318 29766.7410 40129.9353 12992.5455 12281.0931 13205.3678 15212.2574 15817.5725 16978.6196 19132.1341 21198.0456 21401.7582 23008.7009 23997.9738 25126.5148 26220.6554 26463.3172 27754.5138 28979.3438 32024.5446 35972.9224 37974.6728 38657.4824 19228.6813 20928.1301 19114.7863 21224.4734 20468.3699 22593.2958 24459.2180 24200.2083 23878.0269 27014.2203 26850.8658 25948.8346 26648.7825 26507.2202 27880.6550 27994.4276 29036.3544 31402.2874 34790.0290 39428.0922 28723.9817 26984.8359 26788.1574 26389.0305 24690.6539 26846.6407 26217.4505 26856.1013 28694.8146 28719.6749 29416.7164 28100.8355 29440.7010 31791.4510 30530.7090 29170.2673 32562.7768 31603.2238 33216.6527 34232.1303
22047.5808 20103.7890 4748.8686 0.0000 8626.6649 5526.1042 7429.6100 22962.9596 24524.8475 18251.3518 8925.7535 18236.6905 15955.9490 19269.4416 23797.7738 23897.6888 32759.5153 36658.4750 40135.3632 42906.6313 11068.0558 11298.1514 8817.3585 10935.3699 10991.7895 13469.5014 10805.1771 11152.8179 12444.4018 14451.9877 15220.1622 17475.9830 18241.9357 19378.2055 21652.8866 22441.0070 25524.3623 25992.4672 26474.2103 36824.1577 17532.8506 14546.6621 14932.9208 16651.7874 16153.9397 16136.6637 18388.7421 19916.9462 19581.0652 21146.1444 22453.1294 23155.0566 24290.1293 24033.6122 25465.4753 26689.6234 29538.6796 33230.8046 35282.2749 35725.5209 22519.3711 23032.9128 19854.7545 22125.3374 20909.1954 23282.6472 25005.5557 24280.4055 23489.0787 26880.8065 26674.9235 25293.5421 26057.3908 25563.7258 27187.3143 26949.4532 27592.9127 29462.5125 32797.8483 37014.6414 32655.0402 30715.3526 30351.5088 29291.9393 26773.7619 28836.9194 27750.4231 28122.0303 29425.4346 28861.7677 29569.0653 27816.7958 29300.5020 31910.2037 30224.4932 28617.7520 32216.9173 30827.2277 32369.8825 33231.7414
17844.5677 16268.4253 12886.0983 8626.6649 0.0000 6714.6563 4967.7531 14374.9433 15952.8356 9630.6820 9392.4414 10642.3821 12271.0254 16857.6503 19746.9498 21855.1775 28918.1583 32175.8412 36033.1361 37791.7499 19690.7109 19803.9355 16827.3145 17776.9727 17111.1156 19370.8149 14684.2197 13733.5195 14547.3938 17104.3345 17401.8328 20428.4480 18439.2607 20726.2085 23557.3045 23839.1362 26712.0911 26139.5382 26712.5021 36484.7694 25877.1903 22831.9858 22939.9549 24408.5086 23079.7201 21823.4767 23977.1827 24645.3210 23505.1437 24849.0741 26568.4248 26497.0909 27617.7915 26439.1012 28041.1089 29180.0690 31459.4702 34410.4093 36483.5104 36360.9863 31067.8551 31030.9574 26917.7631 29232.6892 27639.4242 30147.9276 31662.3497 30466.8122 29160.9324 32702.5586 32453.4908 30523.8465 31333.7845 30380.2347 32270.6929 31543.4197 31535.8626 32451.4033 35529.2650 38746.3041 41281.0170 39333.5775 38943.8502 37659.0879 34693.0806 36659.7022 35238.8517 35373.5140 36129.7058 34936.6157 35632.0384 33412.4751 35019.1193 37860.0839 35698.2384 33828.5998 37569.4590 35636.4223 37017.3547 37617.8741
23780.9643 22017.4799 10141.0830 5526.1042 6714.6563 0.0000 2612.4314 20339.3025 21945.7176 15257.0674 3783.3151 13737.9999 10432.7578 13856.5272 18273.3750 18610.8658 27263.7029 31135.0119 34632.9877 37385.4463 15030.6149 14602.2911 11063.9498 11289.8519 10465.1496 12672.2046 8061.6069 7417.9704 8462.9348 10904.4955 11400.8135 14208.3268 13527.4194 15214.8514 17830.5333 18364.7592 21391.4022 21405.8917 21930.7438 32152.1964 22363.7427 17123.6291 16927.9163 18178.1022 16514.1187 15108.9282 17265.2656 18021.6357 17039.6750 18460.2269 20087.1501 20239.5036 21377.4197 20534.4201 22085.7443 23272.6618 25827.9885 29174.7030 31252.1373 31438.5297 25718.4436 24880.4642 20351.5255 22661.7866 20992.6705 23514.1729 24988.2872 23755.6512 22453.3976 25992.3880 25744.9212 23857.7385 24664.6685 23775.5286 25630.3941 24987.3900 25139.4670 26376.7790 29578.1323 33261.6717 36434.6957 34258.6036 33689.3003 31850.3813 28450.7713 30340.8396 28761.1063 28811.7235 29451.0963 28221.9829 28917.5329 26716.6071 28316.7838 31148.7259 29017.6539 27175.1397 30906.6007 29055.0939 30474.0877 31137.1826
22709.7487 21061.2741 12175.6742 7429.6100 4967.7531 2612.4314 0.0000 17849.3554 19455.6821 12734.0195 4424.6885 11175.5846 8961.0185 12995.8606 16849.7064 17935.4134 25991.4272 29665.9323 33304.9692 35735.2737 17560.9691 17193.8911 13676.3682 13770.9069 12820.3512 14905.7749 9888.6301 8795.3634 9580.2067 12139.2738 12437.5183 15461.9178 13730.3459 15852.5947 18644.0045 18987.1315 21914.4286 21550.1703 22106.7236 32106.5720 24730.1689 19734.9285 19518.5521 20727.0279 18918.2178 17225.5565 19312.7837 19797.8241 18572.9124 19896.4401 21636.8004 21530.1098 22650.2130 21498.3360 23094.4272 24241.9992 26583.7015 29659.9467 31738.4283 31730.2344 28328.7697 27436.8335 22742.9759 25043.7607 23297.5514 25830.2872 27239.3104 25890.0927 24454.8249 28004.4420 27746.4915 25714.0547 26527.2586 25505.9897 27425.9679 26637.0250 26579.8197 27492.7954 30589.1023 33921.9784 39021.8297 36860.3667 36298.7312 34449.2717 30980.5275 32844.6679 31196.3622 31190.1408 31685.4644 30290.1239 30977.7024 28656.9555 30281.4946 33162.9047 30905.2722 28996.9815 32746.0137 30740.4452 32100.1265 32677.3673
17674.3622 17586.1531 26915.5239 22962.9596 14374.9433 20339.3025 17849.3554 0.0000 1606.6912 5152.7357 21443.7057 10130.8486 18708.0405 22970.3670 22194.5055 26977.3295 29461.1828 30899.3744 35007.8155 34439.2929 34026.6507 34178.7067 31115.1542 31613.5529 30650.2092 32639.0374 27308.5480 25746.3704 26036.4205 28467.4192 28330.2368 31492.6777 27257.1892 30252.4538 33188.6484 32896.3517 35122.3069 33376.7106 33976.2434 41769.2119 39750.7098 37159.3040 37165.3970 38504.8320 36758.1604 34798.0288 36750.8838 36722.5609 35021.8652 36042.8697 37976.7749 37199.5199 38201.7629 36216.9700 37823.4931 38758.1587 40179.5793 41952.0933 43870.2029 43014.4861 45442.6668 45192.9259 40573.3271 42865.8211 41055.9517 43593.0522 44916.9039 43393.8240 41729.7513 45252.7765 44976.1406 42658.7784 43470.0068 42157.5667 44190.7872 43051.2068 42418.5706 42282.1477 44847.1578 46633.8615 55564.5376 53674.2728 53309.9646 51985.5950 48786.6882 50678.9427 49041.8537 49003.2013 49319.9648 47629.7807 48294.5650 45740.7721 47398.0730 50358.9825 47831.5756 45794.3760 49522.4383 47143.2198 48302.8428 48610.4618
18071.4608 18156.0037 28429.7732 24524.8475 15952.8356 21945.7176 19455.6821 1606.6912 0.0000 6750.0204 23032.6486 11465.9816 20121.6484 24295.0516 23268.9695 28183.4163 30243.8292 31475.1348 35565.7600 34737.8060 35583.3458 35755.9577 32711.0374 33220.2309 32254.8003 34238.2021 28897.5334 27321.9526 27594.6908 30013.1258 29859.0951 33016.6254 28692.1830 31706.6614 34634.8815 34311.4453 36487.2750 34674.5690 35272.1527 42871.9685 41227.7567 38751.7514 38766.3033 40110.0701 38363.2559 36388.4344 38333.4688 38278.9238 36557.0446 37560.8329 39501.0112 38689.9911 39683.3762 37659.7862 39261.1811 40180.7270 41543.3285 43227.8960 45127.2481 44219.8155 47017.3508 46797.0647 42177.5274 44469.2920 42655.1887 45192.3055 46510.4732 44977.1467 43300.6059 46820.1215 46542.5224 44210.2213 45020.6477 43692.8773 45730.4680 44571.8855 43907.1439 43709.8195 46235.6768 47918.1874 57102.7867 55228.9208 54875.6266 53579.1296 50392.5228 52285.5421 50647.3720 50605.7370 50909.9921 49201.5654 49864.6633 47298.0193 48956.2853 51920.6025 49377.8983 47334.5179 51058.2884 48658.3291 49804.4053 50094.9788
18000.6300 17334.6912 22456.3241 18251.3518 9630.6820 15257.0674 12734.0195 5152.7357 6750.0204 0.0000 16294.0738 6164.5677 14082.7520 18604.1250 18718.4382 22969.7290 26847.8575 28950.9292 33058.1850 33343.8864 29303.5966 29332.6087 26143.1896 26504.9257 25513.3018 27488.1817 22158.4672 20613.7933 20937.4607 23394.9348 23299.2075 26470.3050 22498.5433 25425.4650 28377.3131 28177.9245 30548.5455 29019.6944 29622.3744 37989.1332 35419.4599 32207.1109 32144.6476 33435.1333 31623.8457 29646.7263 31606.6267 31622.2064 29968.9647 31030.9981 32947.9220 32257.5498 33282.2638 31408.7795 33026.8222 34003.1153 35594.3520 37628.6571 39598.2188 38905.5985 40597.4523 40135.4387 35433.9075 37723.4387 35905.1683 38442.2851 39764.2794 38248.3678 36601.6722 40130.0527 39855.1031 37566.5533 38379.1922 37100.3838 39123.0372 38027.6842 37476.0626 37506.1910 40179.0466 42270.8990 50905.4214 48932.6437 48509.2532 47016.0047 43704.8988 45578.2318 43909.9687 43857.9130 44168.6852 42499.5616 43166.9427 40636.2892 42291.4357 45245.5877 42748.5018 40725.0585 44461.3061 42130.8450 43322.9239 43673.4347
27074.7712 25387.2566 13190.8120 8925.7535 9392.4414 3783.3151 4424.6885 21443.7057 23032.6486 16294.0738 0.0000 13295.5085 7696.1871 10379.2110 15197.7691 14975.5931 23955.8865 27986.9187 31339.6570 34405.7284 16713.8053 15850.6494 11959.9834 10893.4580 9568.7688 11289.6279 5864.9318 4453.3792 5157.0126 7720.0278 8019.3395 11039.3193 9753.7785 11578.6970 14299.0894 14730.0142 17719.6101 17634.9506 18164.7493 28369.8187 24526.2832 17710.8287 17123.3200 17978.5855 15615.2461 13356.3345 15320.7269 15544.9534 14201.0908 15493.6018 17262.0900 17106.5377 18225.7842 17110.5515 18697.6598 19855.9214 22274.6833 25497.8681 27577.4299 27703.2807 26443.7541 24642.5000 19344.1923 21594.0435 19682.4869 22215.9121 23485.0859 21958.3024 20368.9475 23912.7101 23644.8955 21491.3280 22306.4100 21201.6903 23155.3835 22290.3049 22170.1601 23079.4035 26197.5036 29664.3296 37454.2628 35107.5127 34380.4986 31972.9795 28004.9637 29736.2996 27850.4221 27684.6036 27877.4006 26251.7361 26927.5238 24493.0968 26134.6076 29055.9106 26690.8117 24739.5976 28492.2502 26402.7113 27735.9699 28285.2511
23732.8209 22835.4083 22909.4833 18236.6905 10642.3821 13737.9999 11175.5846 10130.8486 11465.9816 6164.5677 13295.5085 0.0000 8727.8256 12840.7495 12553.8706 16941.6177 20829.4547 23220.5668 27289.6395 28102.3197 28735.8329 28334.8141 24702.7200 24164.5073 22862.2517 24464.7050 18908.9585 17065.7101 17042.6795 19259.7864 18943.3441 22028.9866 17313.8398 20372.5237 23270.8025 22884.7428 25021.5742 23246.8718 23846.7359 31892.2481 35756.6703 30696.6917 30289.5789 31252.2621 28874.6951 26275.8642 28009.8414 27553.4987 25633.0579 26500.1033 28473.6326 27471.4117 28423.7511 26282.0863 27869.9310 28760.6226 30077.4155 31828.1726 33756.4481 32952.4712 39375.6275 37932.1173 32547.5986 34756.9145 32747.0373 35256.0778 36367.3982 34602.7948 32725.6807 36172.7352 35883.8920 33390.9111 34188.9717 32729.5912 34794.4354 33499.2770 32666.2912 32295.6084 34777.1728 36506.1910 50167.4749 47963.0475 47348.9316 45206.4074 41296.9701 43006.2592 41038.8985 40773.7209 40639.8565 38603.0636 39238.6092 36524.8588 38186.1094 41176.7052 38485.8207 36395.9572 40072.5117 37539.3224 38610.4830 38826.6005
29389.4557 28051.1241 20542.9897 15955.9490 12271.0254 10432.7578 8961.0185 18708.0405 20121.6484 14082.7520 7696.1871 8727.8256 0.0000 4791.9736 7897.4538 9696.1276 17032.3996 20744.8135 24345.8213 26952.8729 24390.5629 23443.6574 19504.4474 17826.0841 16226.4063 17271.5427 11847.0804 9803.5893 9322.0508 11118.4724 10607.1909 13548.4249 8587.1284 11647.4428 14543.3971 14190.7225 16468.8487 15018.8790 15620.7025 24651.5093 32221.0453 25003.5142 24190.1232 24718.7831 21790.3153 18622.8011 20085.3553 19244.5985 17166.9026 17914.0289 19900.8776 18781.3030 19714.4340 17557.4049 19149.8980 20059.1528 21519.2430 23617.9533 25618.8691 25087.2868 33694.9967 31165.0600 25197.6932 27273.7143 25122.3897 27554.4937 28461.3131 26516.5147 24486.9622 27842.0774 27546.5050 24945.3298 25728.8589 24181.0485 26255.5368 24875.9075 23959.7746 23589.3408 26146.0734 28227.6984 44806.0316 42369.6852 41544.4264 38711.5925 34242.1730 35758.1847 33534.3179 33078.4694 32576.3321 30293.1230 30903.1999 28094.7948 29749.0953 32744.0296 29961.8743 27848.7790 31483.7663 28881.1558 29916.6468 30108.1326
34168.3187 32807.3311 23555.3579 19269.4416 16857.6503 13856.5272 12995.8606 22970.3670 24295.0516 18604.1250 10379.2110 12840.7495 4791.9736 0.0000 5546.7405 4999.2181 13624.3518 17798.8404 21000.5528 24399.7558 26186.8855 24927.3623 20981.4001 18503.9330 16748.5627 17119.0369 12401.6236 10464.0911 9447.9932 10187.8563 9317.4871 11547.2483 5556.7140 8557.0138 11129.0907 10427.0044 12246.2710 10426.5610 11028.5244 19860.5541 34247.7377 25839.6890 24729.4462 24852.3557 21496.8217 17806.8640 18801.5537 17322.7657 14977.7525 15340.6830 17302.2755 15735.6803 16513.4959 13986.4395 15486.4382 16242.8716 17285.6283 19030.5037 20994.1025 20359.7916 34281.5554 30879.6297 24470.3029 26325.0162 24063.0423 26325.2888 26931.5600 24761.1679 22523.7604 25630.1901 25327.2483 22551.9672 23285.4793 21545.3730 23606.4562 21995.0806 20705.5696 19769.5623 22045.6141 23689.3629 45439.4928 42865.4901 41890.5449 38527.7325 33604.3928 34889.8929 32417.4493 31737.5457 30735.7025 28077.2712 28629.7297 25674.6955 27287.0858 30250.1823 27294.3354 25151.2683 28622.5990 25814.2724 26673.8179 26689.8709
35851.7071 34732.6646 28311.1513 23797.7738 19746.9498 18273.3750 16849.7064 22194.5055 23268.9695 18718.4382 15197.7691 12553.8706 7897.4538 5546.7405 0.0000 5658.9426 9195.2321 12862.2342 16458.0585 19208.4942 31518.2952 30338.8952 26379.2539 24025.6041 22278.5257 22659.4285 17906.3723 15932.7729 14969.4853 15703.7248 14798.9396 16777.3335 10691.9541 13366.3843 15469.5588 14428.3107 15346.1888 12683.9658 13216.9390 19606.4738 39523.7382 31361.5961 30271.2932 30395.6951 27015.2041 23266.6916 24138.7066 22443.1400 20023.1812 20155.7265 22043.5016 20183.0475 20789.9166 17980.5967 19289.0180 19797.9805 20042.5104 20675.4633 22399.3283 21204.3653 39826.2644 36376.6452 29908.4255 31700.3715 29421.0063 31615.4099 32104.1685 29853.9802 27541.3513 30468.1512 30164.5166 27319.3797 28007.6109 26162.3680 28175.3639 26408.0397 24796.4939 23176.9894 24894.3572 25352.9356 50985.0595 48412.1947 47434.4921 44027.3251 39029.4924 40252.0773 37712.1169 36954.5656 35733.0729 32884.4099 33394.1978 30377.2402 31939.2129 34844.6554 31792.1371 29656.9952 32939.8327 29983.8181 30647.3716 30462.8841
39071.2647 37746.8767 27982.8358 23897.6888 21855.1775 18610.8658 17935.4134 26977.3295 28183.4163 22969.7290 14975.5931 16941.6177 9696.1276 4999.2181 5658.9426 0.0000 9977.7811 14471.1904 17101.4446 21267.6523 29818.7031 28361.6130 24512.4778 21545.1962 19759.8544 19562.2922 15742.0885 14064.0553 12830.9468 12647.7460 11606.4029 12720.4010 7078.4409 8903.5831 10408.3226 9186.7655 9737.3794 7026.2960 7564.9611 15077.5224 37930.7016 28756.9854 27434.0220 27206.6307 23590.4593 19603.2263 20065.8296 17981.5993 15514.7238 15354.1806 17120.3825 15051.0432 15530.8241 12621.2200 13821.5843 14243.3020 14383.5726 15193.0168 17008.4567 16038.6771 36822.3276 32692.8598 26035.6450 27605.6265 25308.4956 27313.5685 27574.3558 25224.2949 22836.6611 25521.5772 25220.2026 22337.5171 22975.9767 21062.7379 23016.3241 21158.4472 19386.7521 17566.3514 19235.6547 19893.5225 47886.1130 45214.8658 44115.5066 40301.5872 35017.4560 36044.9138 33363.1682 32458.5956 30920.4903 27886.3628 28352.3684 25304.9804 26812.3498 29654.3464 26553.2977 24439.3811 27585.6576 24572.3656 25151.9424 24905.0324
44529.0043 43534.1120 37146.6927 32759.5153 28918.1583 27263.7029 25991.4272 29461.1828 30243.8292 26847.8575 23955.8865 20829.4547 17032.3996 13624.3518 9195.2321 9977.7811 0.0000 4538.3471 7383.7747 11336.2472 39625.8195 38239.4841 34347.8819 31494.8286 29708.9978 29536.5301 25599.7045 23816.7354 22647.9400 22621.4899 21583.0861 22556.7830 17055.6896 18666.3074 19570.6253 18158.1981 17424.2221 14270.9292 14509.2943 15251.0499 47726.1507 38729.7533 37411.5378 37157.7232 33510.7309 29486.5133 29782.2556 27480.3943 25034.9176 24602.4713 26154.7103 23838.6515 24034.7405 21055.8232 21825.2181 21816.0063 20629.5144 19278.0034 20340.1374 18390.0259 46782.9268 42493.7039 35792.6948 37229.9201 34943.3853 36795.6518 36849.7306 34428.7270 31999.0621 34295.5986 34004.2009 31127.5061 31664.4566 29679.5984 31454.3568 29445.7977 27277.3475 24498.7777 25015.0938 23366.3955 57821.5426 55133.6952 54006.4305 50054.4741 44639.9851 45525.5940 42747.3410 41711.7109 39806.9267 36525.6648 36902.2044 33861.0726 35223.3127 37861.1758 34709.2859 32703.5735 35382.6746 32258.2740 32465.2907 31879.0287
46896.8486 46053.5224 41147.8015 36658.4750 32175.8412 31135.0119 29665.9323 30899.3744 31475.1348 28950.9292 27986.9187 23220.5668 20744.8135 17798.8404 12862.2342 14471.1904 4538.3471 0.0000 4119.3866 6803.2424 43943.6402 42606.1643 38691.6711 35926.8091 34142.0792 34031.7728 29975.1454 28145.4405 27011.6700 27090.9519 26060.3141 27091.5304 21538.2974 23203.3075 24082.3695 22659.9504 21789.5480 18654.1954 18849.7339 17948.3849 52026.3802 43189.3554 41895.8295 41672.8341 38036.3712 34018.3208 34319.9841 32006.3409 29564.5416 29108.5761 30631.2679 28290.8124 28444.5722 25477.3700 26175.2463 26093.8220 24676.2485 22871.0456 23680.2160 21547.0049 51292.6208 47032.0064 40330.8623 41761.1883 39476.0905 41313.2565 41340.1593 38911.7969 36479.8728 38707.1235 38418.3523 35551.3101 36068.7147 34078.7371 35813.0504 33785.7946 31555.4871 28612.7713 28854.5842 26623.9224 62344.3514 59661.3689 58539.4306 54591.9276 49169.2305 50038.5292 47248.4848 46193.7000 44226.7504 40905.2410 41262.7256 38232.9131 39561.1883 42145.2691 38995.7068 37022.1445 39585.5651 36455.5011 36575.0432 35912.3326
50988.9509 50124.9011 44530.4654 40135.3632 36033.1361 34632.9877 33304.9692 35007.8155 35565.7600 33058.1850 31339.6570 27289.6395 24345.8213 21000.5528 16458.0585 17101.4446 7383.7747 4119.3866 0.0000 5895.7770 46897.1892 45461.7316 41600.4764 38630.6179 36846.9811 36513.3883 32833.4417 31101.1905 29902.2709 29704.5741 28650.6822 29313.6409 24135.7578 25411.5586 25869.5400 24406.4097 23055.8919 20044.7422 20122.3860 16951.0935 55006.3103 45791.1226 44405.1079 44020.0642 40312.3237 36243.9186 36320.1187 33831.5718 31447.0610 30805.6434 32158.4952 29738.1337 29739.3879 26849.5164 27322.3896 27059.3582 25197.2612 22734.8374 23192.1383 20903.4244 53654.1946 49052.3444 42328.7896 43595.7975 41340.6256 43013.0426 42865.2007 40411.3620 37982.8357 39917.8915 39640.0279 36826.8694 37273.4296 35282.5440 36878.8544 34816.1489 32448.5919 29189.6452 28949.6657 25962.1874 64594.1441 61868.5000 60682.1422 56511.3842 50952.4861 51669.7894 48810.0505 47653.1639 45435.3187 41998.1670 42295.7094 39319.5120 40540.0430 42964.5876 39842.2230 37966.8846 40230.3150 37113.3420 37049.4367 36246.6937
51317.4192 50669.6225 47482.9893 42906.6313 37791.7499 37385.4463 35735.2737 34439.2929 34737.8060 33343.8864 34405.7284 28102.3197 26952.8729 24399.7558 19208.4942 21267.6523 11336.2472 6803.2424 5895.7770 0.0000 50585.9984 49294.2261 45363.0812 42673.8600 40891.0242 40822.7475 36683.4461 34819.6586 33715.3700 33868.8292 32843.2691 33892.8912 28326.2894 30002.1719 30817.5579 29381.9444 28345.2376 25246.7163 25395.4057 22846.3302 58644.5541 49954.5045 48678.7859 48472.9070 44839.4472 40821.1083 41105.9462 38761.3663 36328.1827 35830.1146 37305.8947 34934.3720 35030.9735 32086.9563 32693.0284 32524.3058 30848.3859 28563.2012 29072.3396 26792.9362 58089.8629 53825.1018 47119.4219 48525.5102 46244.5216 48048.3040 48026.9138 45588.2051 43154.7261 45275.6442 44991.1108 42142.4252 42631.1910 40637.8485 42312.7419 40265.3109 37961.4832 34830.6633 34741.0478 31855.9591 69146.7017 66464.5784 65341.8906 61375.0114 55927.3019 56761.7274 53950.7106 52863.3962 50800.2748 47424.2532 47753.8940 44745.7284 46023.7953 48527.2680 45388.7445 43464.1335 45863.8250 42737.3942 42742.1398 41984.0299
30565.4435 28550.6845 7667.7750 11068.0558 19690.7109 15030.6149 17560.9691 34026.6507 35583.3458 29303.5966 16713.8053 28735.8329 24390.5629 26186.8855 31518.2952 29818.7031 39625.8195 43943.6402 46897.1892 50585.9984 0.0000 2042.7564 5318.4547 8840.5451 10477.6655 11852.7212 14080.5579 15809.2515 16995.1670 17506.2192 18563.9903 19085.1047 22920.5542 22510.1199 23598.6585 24866.8593 27692.8885 29335.0999 29646.7457 39662.0653 8112.1009 5285.7679 6780.1410 8887.5421 10965.8133 13749.5113 15437.4937 18111.2293 19174.4549 20696.9016 21079.4265 22826.4751 23774.5205 24867.2896 25827.1853 26983.0431 30228.2109 34496.2941 36338.3800 37461.5930 11600.9902 13605.0754 13294.3519 15052.7602 14925.8336 16594.5150 18535.5287 18876.0286 19214.8353 21822.4928 21723.1844 21533.1560 22101.8759 22479.8587 23413.6347 24034.6032 25631.6689 28685.0333 32022.1576 37237.3643 21612.1709 19648.0601 19315.2347 18722.0726 17316.3806 19502.0505 19218.9248 20078.9039 22404.0417 23105.6093 23764.9738 23058.5220 24154.1355 26104.3290 25418.6472 24444.9177 27432.4873 27089.5345 28743.9266 29943.7520
31745.2785 29731.4659 8642.0423 11298.1514 19803.9355 14602.2911 17193.8911 34178.7067 35755.9577 29332.6087 15850.6494 28334.8141 23443.6574 24927.3623 30338.8952 28361.6130 38239.4841 42606.1643 45461.7316 49294.2261 2042.7564 0.0000 3963.8241 7055.8567 8767.3644 9948.3324 12639.7831 14475.4948 15596.2097 15895.4100 16958.4010 17283.6992 21386.8414 20802.6699 21764.4731 23061.3456 25841.1788 27575.3798 27868.4002 37804.8445 9711.0622 3669.3093 4911.6610 7025.6924 8926.6497 11750.0406 13403.8288 16096.4852 17217.8553 18724.3954 19064.2278 20845.6587 21780.0156 22939.0988 23865.1461 25011.7110 28263.9603 32548.9012 34374.1895 35533.2886 11267.5971 12288.9733 11363.9314 13207.7463 12962.6021 14718.6087 16653.1841 16902.4728 17188.5263 19843.0360 19736.9670 19499.7610 20074.7372 20438.1170 21384.6286 21992.6948 23592.0839 26664.8924 29996.0405 35233.8975 21832.9994 19680.2621 19185.1952 18023.7130 16049.3074 18208.9206 17693.1171 18451.6772 20620.8101 21184.1942 21851.2607 21067.2748 22190.8292 24202.0162 23438.9164 22431.4393 25458.2694 25067.1196 26721.1255 27913.6227
30486.0656 28497.0872 7899.2091 8817.3585 16827.3145 11063.9498 13676.3682 31115.1542 32711.0374 26143.1896 11959.9834 24702.7200 19504.4474 20981.4001 26379.2539 24512.4778 34347.8819 38691.6711 41600.4764 45363.0812 5318.4547 3963.8241 0.0000 3892.0251 5309.0280 7104.8147 8770.4815 10546.8721 11701.9755 12203.9901 13258.5442 13952.3117 17602.1015 17255.0081 18499.9001 19716.1705 22612.9107 24116.8757 24449.0353 34568.9473 13425.5511 6072.0178 6149.1917 7839.0627 7920.7936 9434.7174 11460.5413 13803.4075 14467.4250 16048.4992 16723.6746 18200.1296 19222.3350 19997.0025 21082.7472 22274.8524 25469.9351 29653.6054 31557.7445 32545.8430 14674.6945 14266.2161 11329.9686 13522.8373 12604.2997 14809.8616 16637.4517 16302.2961 16021.8911 19117.2479 18956.5343 18150.5487 18827.1119 18814.8147 20081.8462 20334.0081 21590.5558 24301.3785 27684.4389 32669.0274 25543.0733 23271.7855 22648.6905 20875.1394 17984.8865 20029.2125 18955.3236 19392.8750 20950.8415 20830.7506 21529.7307 20214.4614 21542.5750 23903.6044 22642.8917 21327.0352 24676.4505 23810.7218 25439.7322 26506.5326
32982.2893 31033.8567 11318.0335 10935.3699 17776.9727 11289.8519 13770.9069 31613.5529 33220.2309 26504.9257 10893.4580 24164.5073 17826.0841 18503.9330 24025.6041 21545.1962 31494.8286 35926.8091 38630.6179 42673.8600 8840.5451 7055.8567 3892.0251 0.0000 1785.8611 3219.3870 6131.8119 8157.4396 9057.2852 8940.0630 10001.3435 10246.7922 14496.2283 13752.5959 14759.1839 16028.6543 18857.6549 20522.1196 20821.0349 30826.6546 16765.2406 7336.3040 6364.8923 7088.1574 5334.5565 5671.0939 7816.0592 9977.2192 10575.7869 12156.5983 12868.8737 14308.2631 15333.3576 16135.1722 17197.3935 18386.4616 21588.5710 25790.6584 27682.3813 28706.1969 15903.2958 13776.9052 9155.9074 11469.4686 10031.9400 12475.7043 14124.3277 13349.2785 12692.9468 15997.6643 15804.2896 14671.1066 15392.4715 15189.3848 16598.9320 16677.8300 17801.1131 20426.2626 23812.7017 28777.0109 27052.3523 24565.5781 23718.7518 21084.5262 17235.5978 19074.8361 17481.7372 17600.1263 18575.4716 17931.1373 18638.2930 16990.5990 18426.6791 20985.6250 19415.6644 17935.8811 21431.8134 20311.2546 21914.5358 22915.4349
32957.4101 31040.7063 12092.7501 10991.7895 17111.1156 10465.1496 12820.3512 30650.2092 32254.8003 25513.3018 9568.7688 22862.2517 16226.4063 16748.5627 22278.5257 19759.8544 29708.9978 34142.0792 36846.9811 40891.0242 10477.6655 8767.3644 5309.0280 1785.8611 0.0000 2477.7310 4427.4520 6475.1449 7310.6253 7164.8701 8227.4683 8646.0002 12713.9840 12043.0276 13191.1996 14417.2313 17303.9054 18857.9712 19174.3939 29261.5337 18475.4099 9096.1740 8029.3142 8516.6504 6112.3695 5145.8057 7397.0885 9137.5588 9372.2420 10976.9298 11905.4426 13117.8622 14186.2974 14746.7929 15896.6884 17104.7848 20259.1051 24395.5119 26323.1813 27259.9919 17592.9613 15105.6438 9924.2896 12223.4095 10531.6419 13049.5156 14554.9096 13490.1881 12519.0651 15960.2206 15741.7725 14305.0737 15066.1216 14636.9788 16205.6484 16067.8509 16962.7647 19345.0279 22736.3530 27543.6032 28752.0949 26236.9182 25353.7192 22541.2230 18436.2006 20183.5047 18399.2277 18370.4303 19023.9605 18042.3079 18747.5937 16850.1946 18363.3535 21052.9489 19247.3448 17626.4091 21231.6256 19867.3141 21431.3425 22348.9871
35422.6450 33510.2052 14407.9958 13469.5014 19370.8149 12672.2046 14905.7749 32639.0374 34238.2021 27488.1817 11289.6279 24464.7050 17271.5427 17119.0369 22659.4285 19562.2922 29536.5301 34031.7728 36513.3883 40822.7475 11852.7212 9948.3324 7104.8147 3219.3870 2477.7310 0.0000 5566.3738 7521.9407 7987.5817 7003.6108 7995.8304 7482.0844 12497.0414 11234.6969 11861.4047 13202.5234 15910.4245 17790.7597 18043.2866 27864.7403 19563.5592 9341.3983 7891.7200 7740.6465 4518.7788 2668.9109 4919.3803 6798.1190 7380.9062 8950.3001 9660.4114 11100.9751 12117.6031 13017.1040 14023.2363 15202.0818 18421.7279 22657.9669 24525.3436 25609.8121 17283.3213 13916.7512 8082.9087 10308.7251 8416.9866 10954.1034 12334.9992 11115.9643 10054.0000 13516.3969 13292.3663 11828.5463 12588.4965 12188.2449 13731.7582 13637.0934 14636.4912 17207.3167 20594.3535 25570.4911 28401.4093 25783.8238 24778.0641 21518.2688 16988.4363 18586.1578 16579.5147 16397.3581 16788.4626 15639.4539 16342.4338 14384.5774 15909.9358 18629.7139 16776.3882 15148.7516 18756.9537 17401.1839 18972.6738 19910.3401
31732.6815 29918.1009 13515.1601 10805.1771 14684.2197 8061.6069 9888.6301 27308.5480 28897.5334 22158.4672 5864.9318 18908.9585 11847.0804 12401.6236 17906.3723 15742.0885 25599.7045 29975.1454 32833.4417 36683.4461 14080.5579 12639.7831 8770.4815 6131.8119 4427.4520 5566.3738 0.0000 2052.8706 2968.9795 3832.4777 4784.6742 6671.4780 8874.5198 9012.8201 10955.5471 11888.2533 14955.6155 15895.8743 16303.7894 26643.4730 22192.3168 13460.8778 12455.4479 12874.2192 10042.5695 7492.7201 9473.6289 9967.1768 9051.0763 10538.3832 12069.3759 12449.8355 13592.2015 13231.6102 14661.9413 15885.2583 18752.7791 22544.6928 24574.8216 25163.8807 22016.7078 19344.4826 13644.8102 15848.2909 13868.6715 16394.1755 17626.3502 16101.4976 14575.7513 18125.4574 17864.6716 15843.2939 16654.5938 15716.1645 17587.8806 16928.3710 17167.5248 18723.0085 22029.9476 26223.2673 33173.4251 30664.1508 29778.0056 26866.8159 22523.5032 24149.5061 22130.0705 21889.9916 22012.6772 20433.8397 21116.0725 18768.5707 20393.1456 23281.4768 21026.4518 19144.4054 22886.3821 20993.5350 22416.0918 23100.2282
31188.2205 29434.4544 14441.1750 11152.8179 13733.5195 7417.9704 8795.3634 25746.3704 27321.9526 20613.7933 4453.3792 17065.7101 9803.5893 10464.0911 15932.7729 14064.0553 23816.7354 28145.4405 31101.1905 34819.6586 15809.2515 14475.4948 10546.8721 8157.4396 6475.1449 7521.9407 2052.8706 0.0000 1336.9633 3492.2577 4101.6512 6791.1054 7455.8628 8226.2120 10581.3815 11296.8251 14377.6832 14930.0646 15386.9344 25757.5179 23910.8158 15469.1020 14498.5110 14924.0708 12029.7157 9213.1196 11033.4194 11097.4218 9777.5791 11120.2535 12841.4949 12836.0455 13970.7618 13165.6924 14694.4809 15892.2290 18552.9427 22110.6075 24172.1107 24573.0534 24055.5008 21369.9793 15561.8247 17727.0903 15684.4851 18190.4503 19330.3973 17674.5011 15988.6196 19521.5341 19249.0187 17047.8755 17863.0358 16749.0635 18702.6609 17849.5850 17809.5068 18959.9044 22174.9470 26022.0444 35208.7286 32708.3180 31828.3750 28908.0235 24508.6572 26098.7897 24014.2405 23710.2934 23659.8557 21885.7684 22553.7623 20067.5605 21714.5201 24650.6535 22247.2462 20288.0622 24040.6942 21958.5642 23306.4681 23885.5070
32157.0803 30433.2487 15778.1194 12444.4018 14547.3938 8462.9348 9580.2067 26036.4205 27594.6908 20937.4607 5157.0126 17042.6795 9322.0508 9447.9932 14969.4853 12830.9468 22647.9400 27011.6700 29902.2709 33715.3700 16995.1670 15596.2097 11701.9755 9057.2852 7310.6253 7987.5817 2968.9795 1336.9633 0.0000 2568.5813 2937.9071 5882.3111 6132.5419 6941.7591 9395.1811 10042.2440 13115.5945 13601.6533 14063.0780 24431.9955 25105.5470 16393.5801 15322.9505 15595.3434 12498.5540 9342.5451 10971.6240 10686.4895 9124.8937 10359.6361 12169.9889 11949.9110 13070.7314 12072.7200 13631.7496 14813.0030 17388.4031 20869.8084 22936.9784 23293.4141 24887.5302 21904.2426 15877.2069 17972.0069 15853.0198 18320.2870 19345.6353 17562.5928 15743.0426 19240.2066 18959.2200 16629.2055 17442.0768 16210.2217 18208.7009 17230.0807 17023.2556 17965.0286 21130.3895 24843.2400 36049.1915 33510.4933 32586.6030 29496.6805 24925.6705 26437.7270 24246.3519 23851.5633 23597.2347 21642.1336 22295.1297 19704.3598 21361.9413 24326.7014 21814.4306 19806.7483 23552.4863 21347.9137 22643.3840 23156.7299
34659.2109 32915.7901 17345.3656 14451.9877 17104.3345 10904.4955 12139.2738 28467.4192 30013.1258 23394.9348 7720.0278 19259.7864 11118.4724 10187.8563 15703.7248 12647.7460 22621.4899 27090.9519 29704.5741 33868.8292 17506.2192 15895.4100 12203.9901 8940.0630 7164.8701 7003.6108 3832.4777 3492.2577 2568.5813 0.0000 1063.4847 3327.8479 5573.1978 5192.6304 7201.6688 8067.4229 11143.2175 12092.4810 12487.2754 22814.7566 25577.7368 16109.2573 14811.6910 14737.9941 11311.9984 7680.0133 8974.6068 8303.4799 6591.7142 7793.1633 9620.6534 9396.1397 10522.5691 9686.6516 11204.9672 12406.1065 15117.5762 18788.7349 20834.1890 21358.2389 24278.8788 20693.3411 14350.2553 16305.6070 14095.7782 16479.9464 17343.3325 15419.5616 13470.1136 16915.5429 16628.0812 14202.5099 15011.0066 13709.0303 15728.1876 14691.2013 14454.7999 15472.8299 18682.7139 22594.4256 35404.5926 32785.6348 31766.3958 28340.3627 23482.6616 24857.0507 22512.3174 21989.4159 21478.9097 19343.3317 19980.5880 17309.5016 18970.9054 21951.6143 19364.8632 17330.5514 21066.8264 18808.4958 20087.7764 20589.9879
35072.8719 33359.1009 18260.2838 15220.1622 17401.8328 11400.8135 12437.5183 28330.2368 29859.0951 23299.2075 8019.3395 18943.3441 10607.1909 9317.4871 14798.9396 11606.4029 21583.0861 26060.3141 28650.6822 32843.2691 18563.9903 16958.4010 13258.5442 10001.3435 8227.4683 7995.8304 4784.6742 4101.6512 2937.9071 1063.4847 0.0000 3174.2880 4528.1216 4240.8244 6481.3208 7224.6695 10308.8666 11111.2356 11522.3236 21872.9390 26638.8268 17153.2510 15835.9289 15712.8935 12232.3883 8490.1698 9615.0278 8648.6583 6708.2196 7739.0005 9649.4641 9151.8951 10251.7529 9136.2685 10701.4178 11878.0246 14463.3976 18017.2769 20075.5889 20520.7340 25279.0630 21577.7458 15157.7240 17053.7468 14815.5174 17151.7767 17927.4142 15922.3941 13881.6674 17264.3257 16971.5519 14447.7545 15246.9339 13838.9040 15887.5359 14728.5420 14306.1995 15060.7341 18202.3353 21926.8241 36392.5393 33761.6972 32725.9587 29228.3874 24293.7036 25617.6294 23215.6500 22634.9800 21979.2939 19708.9307 20329.8826 17582.3276 19243.2788 22234.8943 19561.4248 17491.9240 21203.3500 18832.9952 20052.9620 20483.6894
37977.3860 36225.4474 19977.9745 17475.9830 20428.4480 14208.3268 15461.9178 31492.6777 33016.6254 26470.3050 11039.3193 22028.9866 13548.4249 11547.2483 16777.3335 12720.4010 22556.7830 27091.5304 29313.6409 33892.8912 19085.1047 17283.6992 13952.3117 10246.7922 8646.0002 7482.0844 6671.4780 6791.1054 5882.3111 3327.8479 3174.2880 0.0000 6085.9021 3905.1593 4554.6697 5781.9197 8669.9130 10316.8771 10589.1646 20616.7083 26972.2665 16795.8786 15257.2352 14716.4575 10998.8114 6939.1541 7398.4754 5803.3308 3619.1119 4564.7236 6484.4404 6069.1619 7194.7242 6561.5708 8000.7632 9220.4040 12098.0753 15997.6950 17997.0730 18742.4366 24345.3578 19973.4317 13321.6102 14972.3538 12680.1691 14838.1177 15384.8334 13229.1778 11048.4946 14315.7877 14017.7731 11398.2795 12185.3330 10705.4340 12766.3330 11559.6382 11162.7401 12177.6136 15426.5384 19559.6840 35297.8321 32591.5619 31450.5670 27582.6218 22357.7688 23496.4721 20934.7885 20202.7425 19239.5409 16771.1955 17369.3952 14546.8412 16202.3088 19197.3684 16457.3761 14368.8341 18062.5029 15660.6189 16879.9367 17325.9603
36273.3264 34704.8580 21852.1636 18241.9357 18439.2607 13527.4194 13730.3459 27257.1892 28692.1830 22498.5433 9753.7785 17313.8398 8587.1284 5556.7140 10691.9541 7078.4409 17055.6896 21538.2974 24135.7578 28326.2894 22920.5542 21386.8414 17602.1015 14496.2283 12713.9840 12497.0414 8874.5198 7455.8628 6132.5419 5573.1978 4528.1216 6085.9021 0.0000 3110.8747 5957.3761 5689.3546 8322.7731 7881.4331 8415.5927 18643.2694 31023.5732 21680.5667 20358.4565 20177.4252 16616.5664 12712.7566 13455.8638 11802.0732 9430.5283 9798.0998 11770.2370 10337.5902 11204.4497 8971.1427 10569.0004 11509.1784 13246.0343 15971.3495 18044.2940 18004.8215 29773.4632 25854.0642 19290.2713 21026.0002 18740.7430 20923.6148 21444.4689 19237.7634 16978.5977 20074.3327 19771.4915 17004.5357 17744.5078 16033.1453 18102.2616 16554.8608 15445.2334 15026.1562 17700.7026 20356.4990 40864.7532 38214.0406 37147.5900 33496.3963 28383.3052 29568.0116 27020.4813 26279.0225 25191.0634 22522.4665 23078.2734 20134.2056 21754.3069 24726.1511 21802.0913 19662.4177 23191.3489 20463.1813 21420.3407 21555.0065
38553.6323 36913.4344 22501.0753 19378.2055 20726.2085 15214.8514 15852.5947 30252.4538 31706.6614 25425.4650 11578.6970 20372.5237 11647.4428 8557.0138 13366.3843 8903.5831 18666.3074 23203.3075 25411.5586 30002.1719 22510.1199 20802.6699 17255.0081 13752.5959 12043.0276 11234.6969 9012.8201 8226.2120 6941.7591 5192.6304 4240.8244 3905.1593 3110.8747 0.0000 2956.0858 3152.6557 6189.3473 6905.6949 7294.6516 17633.3109 30513.6721 20576.0771 19088.1123 18611.1879 14902.5600 10843.8485 11166.2134 9140.7088 6688.3983 6821.1079 8759.8793 7229.7363 8095.8322 5984.8561 7606.9482 8630.0478 10734.6515 13966.9384 16041.9825 16351.7640 28243.6607 23835.8240 17152.5100 18702.5147 16405.2894 18439.1973 18793.0670 16504.6290 14176.5710 17142.1023 16838.4313 14027.8152 14747.8637 12989.0900 15049.4505 13461.8288 12338.9099 12094.0811 14932.8177 18087.0328 39202.8308 36494.9349 35347.9176 31422.2773 26113.8739 27159.1931 24510.5753 23665.9825 22367.2900 19576.6182 20111.9330 17134.7644 18738.3318 21695.8544 18739.0942 16596.5691 20097.2129 17353.5569 18312.1442 18464.2730
41352.8345 39683.4809 24423.5084 21652.8866 23557.3045 17830.5333 18644.0045 33188.6484 34634.8815 28377.3131 14299.0894 23270.8025 14543.3971 11129.0907 15469.5588 10408.3226 19570.6253 24082.3695 25869.5400 30817.5579 23598.6585 21764.4731 18499.9001 14759.1839 13191.1996 11861.4047 10955.5471 10581.3815 9395.1811 7201.6688 6481.3208 4554.6697 5957.3761 2956.0858 0.0000 1471.1233 4115.3731 6095.3908 6258.5244 16072.5723 31421.2341 21041.9876 19413.0430 18621.5850 14848.0252 10795.2555 10506.8897 7965.0747 5587.9433 5036.2256 6716.6167 4713.6489 5393.8546 3031.6392 4651.2632 5685.2762 7997.6166 11592.8138 13633.3584 14237.5303 28144.4503 23203.8652 16484.5878 17735.9918 15472.8670 17232.4532 17303.0665 14905.9165 12491.4390 15115.1977 14813.4665 11934.0216 12586.5881 10704.8095 12706.5074 10959.1258 9578.4916 9137.9958 12012.0850 15448.4780 38872.4034 36113.8800 34879.3526 30642.3471 25119.6040 25956.4210 23180.5251 22179.8365 20517.8236 17491.1684 17972.3457 14936.0690 16478.4685 19375.1799 16329.3126 14191.0273 17547.9550 14692.0642 15551.8712 15624.0433
41676.5840 40047.9403 25401.4056 22441.0070 23839.1362 18364.7592 18987.1315 32896.3517 34311.4453 28177.9245 14730.0142 22884.7428 14190.7225 10427.0044 14428.3107 9186.7655 18158.1981 22659.9504 24406.4097 29381.9444 24866.8593 23061.3456 19716.1705 16028.6543 14417.2313 13202.5234 11888.2533 11296.8251 10042.2440 8067.4229 7224.6695 5781.9197 5689.3546 3152.6557 1471.1233 0.0000 3084.2007 4649.2361 4849.1186 14873.4457 32740.7940 22434.6853 20824.1269 20067.1210 16294.4966 12231.7235 11977.7144 9425.2415 7058.3963 6449.4761 8036.7706 5868.4250 6371.1119 3590.2271 5059.6821 5876.9584 7632.4245 10830.7478 12902.0461 13298.2517 29603.7938 24673.7332 17955.0896 19192.9909 16934.2510 18667.0828 18694.1418 16281.7181 13857.6058 16368.9184 16069.2696 13180.3133 13800.9814 11877.5175 13832.0940 12000.6724 10398.3227 9414.2002 12011.3726 14939.6945 40342.5724 37584.6543 36350.4463 32105.0231 26568.9720 27381.9265 24589.9829 23562.8090 21813.5949 18712.9030 19169.9038 16120.3065 17626.2598 20480.0843 17394.7734 15270.6087 18511.6798 15573.8023 16320.1878 16275.5829
44556.3889 42958.0916 28462.1362 25524.3623 26712.0911 21391.4022 21914.4286 35122.3069 36487.2750 30548.5455 17719.6101 25021.5742 16468.8487 12246.2710 15346.1888 9737.3794 17424.2221 21789.5480 23055.8919 28345.2376 27692.8885 25841.1788 22612.9107 18857.6549 17303.9054 15910.4245 14955.6155 14377.6832 13115.5945 11143.2175 10308.8666 8669.9130 8322.7731 6189.3473 4115.3731 3084.2007 0.0000 3157.2420 2949.8527 11969.2723 35471.8986 24984.3255 23310.0484 22379.3400 18618.4163 14642.8975 14033.2119 11248.5104 9143.7225 8093.9510 9171.6712 6716.6158 6691.5284 3809.9057 4402.9541 4560.3681 5057.2725 7783.3358 9861.3473 10216.1572 31768.8483 26485.5559 19838.2249 20810.4909 18631.0028 20080.6402 19825.5249 17368.1467 14946.3110 16932.1136 16646.6002 13799.2348 14289.0190 12296.4917 14031.6794 12022.8911 9929.4633 7832.1787 9804.6172 12040.4418 42288.9257 39503.1654 38205.9698 33727.3182 28050.6557 28656.5166 25773.0164 24597.6495 22456.3311 19115.9619 19480.8664 16445.1375 17799.7263 20469.4855 17320.3921 15288.7906 18128.3673 15043.1832 15492.2660 15181.8589
43901.7174 42394.9422 29332.7318 25992.4672 26139.5382 21405.8917 21550.1703 33376.7106 34674.5690 29019.6944 17634.9506 23246.8718 15018.8790 10426.5610 12683.9658 7026.2960 14270.9292 18654.1954 20044.7422 25246.7163 29335.0999 27575.3798 24116.8757 20522.1196 18857.9712 17790.7597 15895.8743 14930.0646 13601.6533 12092.4810 11111.2356 10316.8771 7881.4331 6905.6949 6095.3908 4649.2361 3157.2420 0.0000 602.7552 10834.1975 37276.7097 27062.4214 25465.3486 24714.4580 20941.3017 16880.8658 16564.8442 13911.7569 11628.0676 10815.0265 12113.9767 9703.6185 9792.8891 6840.3167 7560.0662 7654.2782 7362.2716 8609.3856 10599.9991 10225.9167 34237.4381 29199.5073 22498.7381 23620.8585 21395.6551 22981.4387 22827.0118 20376.6178 17945.3215 20053.5227 19765.3725 16903.5471 17414.5244 15424.7102 17183.4439 15179.2856 13072.1800 10725.1172 12211.1558 13263.4726 44927.2087 42159.1983 40902.2037 36552.2382 30936.2119 31625.0672 28769.0209 27636.1519 25574.6674 22259.1960 22631.3949 19591.7687 20955.4860 23624.7649 20474.9385 18446.0217 21255.2385 18157.0487 18542.0409 18152.7720
44483.1302 42971.1936 29766.7410 26474.2103 26712.5021 21930.7438 22106.7236 33976.2434 35272.1527 29622.3744 18164.7493 23846.7359 15620.7025 11028.5244 13216.9390 7564.9611 14509.2943 18849.7339 20122.3860 25395.4057 29646.7457 27868.4002 24449.0353 20821.0349 19174.3939 18043.2866 16303.7894 15386.9344 14063.0780 12487.2754 11522.3236 10589.1646 8415.5927 7294.6516 6258.5244 4849.1186 2949.8527 602.7552 0.0000 10371.3784 37561.2814 27283.4054 25667.3218 24871.4334 21097.8965 17052.7212 16658.7860 13960.9977 11723.5922 10837.7566 12055.4924 9619.8766 9639.5138 6727.1330 7326.1376 7332.5280 6851.2791 8006.6374 9998.3342 9648.8572 34363.0327 29245.1386 22559.1460 23628.0694 21418.9635 22950.3296 22745.1528 20290.0551 17863.1845 19881.3859 19596.1586 16748.7174 17237.8467 15244.9987 16963.8439 14942.5789 12780.1203 10305.2471 11689.6148 12662.1715 45002.9854 42228.4822 40957.3298 36557.6525 30914.4454 31563.1021 28691.5094 27532.6206 25405.7650 22056.8005 22413.6704 19383.4247 20720.2030 23355.0650 20203.3848 18194.7427 20935.7851 17826.9817 18168.5180 17744.2230
54015.7916 52617.7570 40129.9353 36824.1577 36484.7694 32152.1964 32106.5720 41769.2119 42871.9685 37989.1332 28369.8187 31892.2481 24651.5093 19860.5541 19606.4738 15077.5224 15251.0499 17948.3849 16951.0935 22846.3302 39662.0653 37804.8445 34568.9473 30826.6546 29261.5337 27864.7403 26643.4730 25757.5179 24431.9955 22814.7566 21872.9390 20616.7083 18643.2694 17633.3109 16072.5723 14873.4457 11969.2723 10834.1975 10371.3784 0.0000 47413.8119 36826.1503 35107.2297 34017.0440 30309.1962 26452.6546 25557.6110 22663.3420 20862.5379 19570.5693 20062.9628 17710.2742 17145.9651 15098.5102 14620.0606 13759.2441 10765.8135 6832.1441 6531.2374 4153.9052 43136.0472 37388.8685 30999.6337 31555.8609 29571.9739 30526.2328 29793.3924 27412.0288 25178.5890 26038.0308 25809.8872 23363.0556 23552.4810 21719.6980 22768.7349 20757.8381 18191.3636 14354.3699 12966.7370 9059.5546 53216.0682 50405.8496 49009.7709 44161.8608 38342.4882 38527.1193 35559.1292 34132.7503 31273.0765 27668.2853 27789.8371 25113.4448 25972.5895 27896.2122 24966.8961 23445.5004 24863.5615 21909.3407 21439.1812 20385.6813
32833.4051 30893.1432 12992.5455 17532.8506 25877.1903 22363.7427 24730.1689 39750.7098 41227.7567 35419.4599 24526.2832 35756.6703 32221.0453 34247.7377 39523.7382 37930.7016 47726.1507 52026.3802 55006.3103 58644.5541 8112.1009 9711.0622 13425.5511 16765.2406 18475.4099 19563.5592 22192.3168 23910.8158 25105.5470 25577.7368 26638.8268 26972.2665 31023.5732 30513.6721 31421.2341 32740.7940 35471.8986 37276.7097 37561.2814 47413.8119 0.0000 10896.3523 12727.1579 14406.3355 17606.5128 21078.5245 22409.4503 25257.0559 26658.9516 28095.7496 28182.7440 30164.5430 31019.3728 32433.3228 33246.5366 34348.8428 37616.8479 41952.5466 43706.3948 44992.0339 10534.0798 15925.8366 18686.2365 19745.3095 20444.9516 21363.9230 23225.4010 24275.4426 25235.3807 27165.2426 27140.1447 27626.9854 28053.9075 28831.9630 29369.1537 30368.9212 32290.4672 35664.1721 38899.1496 44336.1840 16715.1512 15619.3586 15945.2509 17700.9847 18897.9225 20972.2452 21828.5764 23145.8357 26230.4945 27876.9089 28449.4169 28488.2243 29260.0929 30617.5069 30654.7749 30118.1499 32558.6991 32845.8045 34476.4035 35799.3377
35392.6898 33379.9130 12281.0931 14546.6621 22831.9858 17123.6291 19734.9285 37159.3040 38751.7514 32207.1109 17710.8287 30696.6917 25003.5142 25839.6890 31361.5961 28756.9854 38729.7533 43189.3554 45791.1226 49954.5045 5285.7679 3669.3093 6072.0178 7336.3040 9096.1740 9341.3983 13460.8778 15469.1020 16393.5801 16109.2573 17153.2510 16795.8786 21680.5667 20576.0771 21041.9876 22434.6853 24984.3255 27062.4214 27283.4054 36826.1503 10896.3523 0.0000 1835.6177 3754.0921 6715.4947 10373.5518 11536.7817 14410.1583 15968.6612 17335.1762 17311.4665 19359.2947 20174.9629 21749.9012 22464.0603 23536.4882 26803.2278 31157.7713 32870.7544 34229.4319 8732.9651 8656.9612 8220.1021 9820.6362 9928.2574 11391.7012 13334.2694 13876.9219 14516.5606 16826.9882 16754.5794 16894.0628 17384.0701 18015.4344 18705.3697 19563.7765 21414.1526 24768.4359 28005.3834 33443.8581 19802.6239 17401.6779 16680.4681 14828.6968 12424.8775 14569.8967 14029.1698 14821.6529 17124.2763 17952.5318 18596.7579 18104.1221 19095.5459 20913.9825 20408.8628 19601.2710 22397.5783 22298.0728 23948.5048 25212.6074
36258.4470 34252.3637 13205.3678 14932.9208 22939.9549 16927.9163 19518.5521 37165.3970 38766.3033 32144.6476 17123.3200 30289.5789 24190.1232 24729.4462 30271.2932 27434.0220 37411.5378 41895.8295 44405.1079 48678.7859 6780.1410 4911.6610 6149.1917 6364.8923 8029.3142 7891.7200 12455.4479 14498.5110 15322.9505 14811.6910 15835.9289 15257.2352 20358.4565 19088.1123 19413.0430 20824.1269 23310.0484 25465.3486 25667.3218 35107.2297 12727.1579 1835.6177 0.0000 2115.4245 4900.8075 8669.7402 9732.6656 12618.3244 14244.9937 15579.2187 15503.6741 17581.7031 18379.3458 20016.2286 20692.7517 21752.5649 25017.0023 29376.6205 31073.9151 32458.0934 9565.3934 8117.0245 6527.0889 8297.3068 8195.6642 9820.1138 11759.2060 12152.4303 12707.9916 15104.3739 15020.5558 15079.7403 15582.3125 16185.5770 16903.2802 17735.1676 19578.5493 22941.0275 26172.4829 31619.8887 20726.5744 18209.8337 17354.3036 14942.0149 11842.4914 13908.4648 13028.1835 13658.0813 15714.2572 16327.2298 16985.1546 16365.9142 17405.9031 19324.4970 18695.6173 17829.1938 20697.4699 20515.4143 22167.8607 23419.3647
38198.6191 36197.4840 15212.2574 16651.7874 24408.5086 18178.1022 20727.0279 38504.8320 40110.0701 33435.1333 17978.5855 31252.2621 24718.7831 24852.3557 30395.6951 27206.6307 37157.7232 41672.8341 44020.0642 48472.9070 8887.5421 7025.6924 7839.0627 7088.1574 8516.6504 7740.6465 12874.2192 14924.0708 15595.3434 14737.9941 15712.8935 14716.4575 20177.4252 18611.1879 18621.5850 20067.1210 22379.3400 24714.4580 24871.4334 34017.0440 14406.3355 3754.0921 2115.4245 0.0000 3773.6828 7844.6077 8464.8453 11369.6441 13238.4816 14448.1628 14145.5052 16352.0099 17066.0978 18929.6739 19470.9556 20475.7069 23719.4237 28088.9077 29716.4174 31201.9454 9635.1836 6713.3816 4466.3504 6182.2134 6178.2014 7707.5757 9648.0643 10123.3989 10844.4086 13073.0444 13002.0482 13233.1973 13690.3902 14427.2825 15010.6617 15962.6755 17926.2563 21417.4227 24580.8829 30109.2309 20687.3328 18049.1275 17038.9403 14026.2728 10291.3976 12258.7660 11126.2956 11653.4544 13610.0049 14231.3334 14884.6749 14352.2567 15345.3958 17218.4052 16654.9787 15865.8850 18645.4742 18571.4539 20219.0725 21497.9208
38157.9250 36191.1371 15817.5725 16153.9397 23079.7201 16514.1187 18918.2178 36758.1604 38363.2559 31623.8457 15615.2461 28874.6951 21790.3153 21496.8217 27015.2041 23590.4593 33510.7309 38036.3712 40312.3237 44839.4472 10965.8133 8926.6497 7920.7936 5334.5565 6112.3695 4518.7788 10042.5695 12029.7157 12498.5540 11311.9984 12232.3883 10998.8114 16616.5664 14902.5600 14848.0252 16294.4966 18618.4163 20941.3017 21097.8965 30309.1962 17606.5128 6715.4947 4900.8075 3773.6828 0.0000 4083.6309 4834.9526 7730.5083 9485.3424 10743.5093 10603.0515 12706.9667 13484.4667 15211.3806 15823.8263 16867.4605 20128.5402 24492.1296 26176.6152 27583.6293 13357.1700 9419.0953 3839.8122 6153.8849 4760.3185 7150.3884 8853.2767 8382.7997 8305.3758 11223.5472 11075.8622 10583.1345 11181.0626 11519.9341 12481.7609 13075.5775 14775.0067 18059.5614 21315.6096 26729.9399 24312.3459 21625.9716 20533.3261 17047.4432 12481.7173 14131.8593 12286.9879 12300.8241 13276.0569 12913.9105 13614.5704 12361.5570 13640.3097 15987.0690 14779.7657 13596.1815 16814.6261 16185.9867 17836.6273 19003.0305
38069.6370 36162.9123 16978.6196 16136.6637 21823.4767 15108.9282 17225.5565 34798.0288 36388.4344 29646.7263 13356.3345 26275.8642 18622.8011 17806.8640 23266.6916 19603.2263 29486.5133 34018.3208 36243.9186 40821.1083 13749.5113 11750.0406 9434.7174 5671.0939 5145.8057 2668.9109 7492.7201 9213.1196 9342.5451 7680.0133 8490.1698 6939.1541 12712.7566 10843.8485 10795.2555 12231.7235 14642.8975 16880.8658 17052.7212 26452.6546 21078.5245 10373.5518 8669.7402 7844.6077 4083.6309 0.0000 2253.2390 4394.9835 5598.9644 7019.3687 7352.8757 9112.3396 10030.2177 11383.1409 12172.3036 13292.0405 16555.7650 20877.7815 22659.4952 23914.1466 17439.6889 13141.8122 6672.3733 8656.1732 6510.4749 8989.2961 10137.6270 8665.0505 7425.2358 10924.6242 10690.4007 9159.6410 9920.7272 9548.9519 11063.8352 11019.2313 12156.7114 14964.4809 18326.3480 23487.8569 28359.0870 25653.1206 24521.5667 20787.1988 15807.9571 17186.0587 14912.1963 14518.2640 14521.9673 13114.6021 13811.8184 11749.1468 13296.6814 16064.8818 14128.5391 12481.0898 16100.3408 14739.4250 16318.0227 17277.1452
40319.4994 38414.5569 19132.1341 18388.7421 23977.1827 17265.2656 19312.7837 36750.8838 38333.4688 31606.6267 15320.7269 28009.8414 20085.3553 18801.5537 24138.7066 20065.8296 29782.2556 34319.9841 36320.1187 41105.9462 15437.4937 13403.8288 11460.5413 7816.0592 7397.0885 4919.3803 9473.6289 11033.4194 10971.6240 8974.6068 9615.0278 7398.4754 13455.8638 11166.2134 10506.8897 11977.7144 14033.2119 16564.8442 16658.7860 25557.6110 22409.4503 11536.7817 9732.6656 8464.8453 4834.9526 2253.2390 0.0000 2907.2733 4937.2517 6001.8249 5775.1781 7891.6646 8649.6991 10486.9994 11011.2037 12038.0719 15296.2139 19661.7530 21341.9137 22759.9844 17735.6597 12736.3675 6016.5121 7574.4164 5285.1391 7539.8663 8386.4851 6644.2439 5201.3642 8728.5076 8484.9003 6912.7128 7669.2115 7376.9742 8824.0657 8879.9505 10217.1954 13299.1567 16603.6118 21939.4297 28367.1734 25606.9940 24378.3494 20272.5498 14963.7014 16113.5040 13620.1120 13023.3120 12636.8722 10977.6789 11666.9876 9512.2131 11076.6410 13883.4757 11881.8095 10229.4053 13848.8317 12514.8051 14106.4355 15100.0065
41549.1004 39691.3619 21198.0456 19916.9462 24645.3210 18021.6357 19797.8241 36722.5609 38278.9238 31622.2064 15544.9534 27553.4987 19244.5985 17322.7657 22443.1400 17981.5993 27480.3943 32006.3409 33831.5718 38761.3663 18111.2293 16096.4852 13803.4075 9977.2192 9137.5588 6798.1190 9967.1768 11097.4218 10686.4895 8303.4799 8648.6583 5803.3308 11802.0732 9140.7088 7965.0747 9425.2415 11248.5104 13911.7569 13960.9977 22663.3420 25257.0559 14410.1583 12618.3244 11369.6441 7730.5083 4394.9835 2907.2733 0.0000 2467.0552 3157.6462 2968.1978 4984.3930 5765.4561 7621.8955 8103.9360 9136.9844 12399.2482 16761.6975 18460.8488 19855.1570 20557.2265 15288.1207 8600.1177 9771.8570 7509.0603 9340.4401 9662.9715 7438.5912 5254.7809 8621.4984 8331.1830 5953.7158 6768.5945 5759.3736 7628.7672 7053.1550 7839.2532 10577.7379 13933.0919 19147.4762 31050.7198 28271.2380 26996.5376 22680.1548 17165.9365 18078.9270 15382.5875 14527.8337 13436.2144 11061.5646 11687.9373 9019.2344 10678.4031 13652.0511 11151.4378 9200.8558 12952.2457 11052.5555 12523.8310 13322.0146
40777.4793 38968.5171 21401.7582 19581.0652 23505.1437 17039.6750 18572.9124 35021.8652 36557.0446 29968.9647 14201.0908 25633.0579 17166.9026 14977.7525 20023.1812 15514.7238 25034.9176 29564.5416 31447.0610 36328.1827 19174.4549 17217.8553 14467.4250 10575.7869 9372.2420 7380.9062 9051.0763 9777.5791 9124.8937 6591.7142 6708.2196 3619.1119 9430.5283 6688.3983 5587.9433 7058.3963 9143.7225 11628.0676 11723.5922 20862.5379 26658.9516 15968.6612 14244.9937 13238.4816 9485.3424 5598.9644 4937.2517 2467.0552 0.0000 1607.3901 3063.9406 3746.8724 4820.1573 5784.2637 6653.6312 7822.6881 11055.0570 15332.2288 17164.5020 18339.0742 22649.6644 17616.1988 10896.6990 12197.5901 9917.6027 11805.8322 12104.6687 9830.9420 7548.0733 10721.2479 10421.4229 7779.1676 8567.0556 7135.9057 9179.4859 8105.1901 8116.6198 10002.3983 13388.4591 18204.1614 33300.7253 30536.3537 29293.9173 25074.0331 19605.0912 20543.5189 17848.8742 16978.7632 15760.5404 13177.5590 13766.0341 10927.9458 12583.1969 15578.2565 12856.0702 10783.9370 14501.2585 12223.0217 13534.8976 14115.0840
42227.7570 40433.8557 23008.7009 21146.1444 24849.0741 18460.2269 19896.4401 36042.8697 37560.8329 31030.9981 15493.6018 26500.1033 17914.0289 15340.6830 20155.7265 15354.1806 24602.4713 29108.5761 30805.6434 35830.1146 20696.9016 18724.3954 16048.4992 12156.5983 10976.9298 8950.3001 10538.3832 11120.2535 10359.6361 7793.1633 7739.0005 4564.7236 9798.0998 6821.1079 5036.2256 6449.4761 8093.9510 10815.0265 10837.7566 19570.5693 28095.7496 17335.1762 15579.2187 14448.1628 10743.5093 7019.3687 6001.8249 3157.6462 1607.3901 0.0000 1990.4396 2151.7054 3212.7680 4485.3769 5153.1274 6287.3627 9542.9500 13858.4292 15651.6296 16902.4089 23709.4000 18411.0106 11745.5532 12806.9691 10582.9989 12223.1277 12269.1458 9883.1677 7483.3842 10322.2646 10018.5475 7212.3908 7946.5076 6276.7011 8353.3333 7012.9465 6689.4760 8397.2029 11781.9594 16620.9178 34197.4074 31414.2014 30127.7862 25737.8541 20146.9939 20932.5488 18145.5824 17148.7130 15601.8291 12755.5530 13294.3551 10336.1891 11958.1422 14935.7378 12062.8610 9939.3057 13576.4819 11101.4411 12317.5452 12797.0965
43801.7643 41981.7071 23997.9738 22453.1294 26568.4248 20087.1501 21636.8004 37976.7749 39501.0112 32947.9220 17262.0900 28473.6326 19900.8776 17302.2755 22043.5016 17120.3825 26154.7103 30631.2679 32158.4952 37305.8947 21079.4265 19064.2278 16723.6746 12868.8737 11905.4426 9660.4114 12069.3759 12841.4949 12169.9889 9620.6534 9649.4641 6484.4404 11770.2370 8759.8793 6716.6167 8036.7706 9171.6712 12113.9767 12055.4924 20062.9628 28182.7440 17311.4665 15503.6741 14145.5052 10603.0515 7352.8757 5775.1781 2968.1978 3063.9406 1990.4396 0.0000 2466.4310 2935.5529 5368.4537 5447.2836 6356.0898 9578.1352 13947.1388 15581.9728 17069.9605 23074.1565 17444.4767 10941.2140 11687.8203 9576.4587 10909.3354 10722.6818 8282.8301 5849.6658 8430.1540 8126.9163 5277.7559 5988.0499 4286.2637 6362.8954 5080.7763 5141.3070 7612.0683 10975.6953 16187.1663 33290.5839 30489.8527 29150.6412 24574.1336 18879.7995 19511.9776 16658.2018 15562.7621 13801.4361 10841.0711 11360.0667 8375.0924 9985.4417 12956.2796 10072.4232 7949.6797 11598.9091 9193.0155 10476.0304 11055.1330
44019.7118 42251.9627 25126.5148 23155.0566 26497.0909 20239.5036 21530.1098 37199.5199 38689.9911 32257.5498 17106.5377 27471.4117 18781.3030 15735.6803 20183.0475 15051.0432 23838.6515 28290.8124 29738.1337 34934.3720 22826.4751 20845.6587 18200.1296 14308.2631 13117.8622 11100.9751 12449.8355 12836.0455 11949.9110 9396.1397 9151.8951 6069.1619 10337.5902 7229.7363 4713.6489 5868.4250 6716.6158 9703.6185 9619.8766 17710.2742 30164.5430 19359.2947 17581.7031 16352.0099 12706.9667 9112.3396 7891.6646 4984.3930 3746.8724 2151.7054 2466.4310 0.0000 1142.9759 2907.7236 3119.5483 4184.3756 7452.3215 11798.7083 13548.8397 14877.5943 25440.8815 19893.6637 13344.9152 14151.0646 12023.2575 13370.8317 13127.0755 10674.2133 8244.7051 10516.6994 10218.9453 7328.6829 7934.0674 6012.3503 7994.9464 6266.1733 5219.8036 6314.9009 9681.8269 14469.6427 35735.3015 32937.0383 31605.5812 27040.4969 21341.4909 21944.7673 19072.3741 17933.8286 15992.8559 12845.8009 13301.9824 10253.9926 11775.3219 14662.1258 11619.0044 9479.0447 12886.9823 10126.7965 11139.1043 11416.1310
45156.7717 43391.3195 26220.6554 24290.1293 27617.7915 21377.4197 22650.2130 38201.7629 39683.3762 33282.2638 18225.7842 28423.7511 19714.4340 16513.4959 20789.9166 15530.8241 24034.7405 28444.5722 29739.3879 35030.9735 23774.5205 21780.0156 19222.3350 15333.3576 14186.2974 12117.6031 13592.2015 13970.7618 13070.7314 10522.5691 10251.7529 7194.7242 11204.4497 8095.8322 5393.8546 6371.1119 6691.5284 9792.8891 9639.5138 17145.9651 31019.3728 20174.9629 18379.3458 17066.0978 13484.4667 10030.2177 8649.6991 5765.4561 4820.1573 3212.7680 2935.5529 1142.9759 0.0000 2986.4380 2571.7122 3420.5513 6653.7062 11022.9872 12695.8024 14139.1705 25999.2082 20293.1686 13854.1726 14493.2410 12442.9376 13602.4655 13195.8118 10737.8294 8342.9271 10263.3596 9973.8937 7111.8492 7629.7285 5647.5652 7508.2529 5630.9630 4245.9829 5193.2723 8572.1741 13472.6539 36140.6957 33335.3824 31975.2134 27304.3851 21554.4976 22047.0453 19137.3609 17924.7102 15782.3094 12506.7122 12915.8646 9861.6731 11309.9535 14124.0616 11026.3210 8908.5598 12165.5926 9300.9811 10216.3121 10412.4462
44185.1649 42486.2775 26463.3172 24033.6122 26439.1012 20534.4201 21498.3360 36216.9700 37659.7862 31408.7795 17110.5515 26282.0863 17557.4049 13986.4395 17980.5967 12621.2200 21055.8232 25477.3700 26849.5164 32086.9563 24867.2896 22939.0988 19997.0025 16135.1722 14746.7929 13017.1040 13231.6102 13165.6924 12072.7200 9686.6516 9136.2685 6561.5708 8971.1427 5984.8561 3031.6392 3590.2271 3809.9057 6840.3167 6727.1330 15098.5102 32433.3228 21749.9012 20016.2286 18929.6739 15211.3806 11383.1409 10486.9994 7621.8955 5784.2637 4485.3769 5368.4537 2907.7236 2986.4380 0.0000 1626.8746 2745.4589 5561.2664 9656.7424 11578.0876 12595.0691 28177.3252 22749.1312 16147.9685 17035.6277 14881.8494 16277.0672 16020.3211 13564.1527 11139.4407 13239.8387 12948.4045 10074.6935 10611.7229 8633.0018 10481.8395 8559.0515 6818.8532 6115.2357 9090.9139 13001.6717 38577.8186 35784.5064 34467.7549 29938.6551 24247.7243 24847.3336 21967.4667 20806.7410 18752.8567 15493.1260 15900.2713 12846.7765 14281.7615 17064.9244 13945.7586 11847.8370 14975.6640 12003.5742 12729.9607 12703.4327
45768.8422 44060.3980 27754.5138 25465.4753 28041.1089 22085.7443 23094.4272 37823.4931 39261.1811 33026.8222 18697.6598 27869.9310 19149.8980 15486.4382 19289.0180 13821.5843 21825.2181 26175.2463 27322.3896 32693.0284 25827.1853 23865.1461 21082.7472 17197.3935 15896.6884 14023.2363 14661.9413 14694.4809 13631.7496 11204.9672 10701.4178 8000.7632 10569.0004 7606.9482 4651.2632 5059.6821 4402.9541 7560.0662 7326.1376 14620.0606 33246.5366 22464.0603 20692.7517 19470.9556 15823.8263 12172.3036 11011.2037 8103.9360 6653.6312 5153.1274 5447.2836 3119.5483 2571.7122 1626.8746 0.0000 1228.0966 4401.4260 8706.1094 10511.2022 11765.8314 28516.2849 22859.2336 16388.4931 17064.0564 15002.7184 16169.2030 15720.2773 13266.3205 10889.9113 12597.8767 12318.4598 9513.4855 9952.5103 7960.5481 9637.8384 7620.6324 5585.0299 4488.9700 7501.5898 11675.3903 38707.4666 35902.9585 34545.6263 29871.8903 24114.8065 24573.8183 21651.0898 20402.7278 18119.6838 14736.0515 15087.6147 12060.2840 13398.1071 16073.4755 12926.9616 10886.5109 13801.5992 10756.7967 11358.4629 11236.7071
46930.5874 45231.2360 28979.3438 26689.6234 29180.0690 23272.6618 24241.9992 38758.1587 40180.7270 34003.1153 19855.9214 28760.6226 20059.1528 16242.8716 19797.9805 14243.3020 21816.0063 26093.8220 27059.3582 32524.3058 26983.0431 25011.7110 22274.8524 18386.4616 17104.7848 15202.0818 15885.2583 15892.2290 14813.0030 12406.1065 11878.0246 9220.4040 11509.1784 8630.0478 5685.2762 5876.9584 4560.3681 7654.2782 7332.5280 13759.2441 34348.8428 23536.4882 21752.5649 20475.7069 16867.4605 13292.0405 12038.0719 9136.9844 7822.6881 6287.3627 6356.0898 4184.3756 3420.5513 2745.4589 1228.0966 0.0000 3268.3136 7624.7338 9367.6094 10726.2922 29409.1082 23636.5028 17256.7437 17811.9757 15812.8057 16838.8294 16266.8378 13831.1926 11509.5811 12915.0214 12648.0049 9932.7852 10287.9750 8322.8908 9820.6416 7756.8277 5463.7461 3538.0461 6349.4727 10453.5518 39474.3886 36665.7984 35285.8396 30529.2340 24740.8845 25105.1465 22160.8796 20854.4950 18406.2029 14939.6902 15240.4218 12261.9931 13499.8992 16053.6024 12902.8488 10941.2163 13605.0303 10502.8427 10934.0941 10666.8234
49288.0257 47641.8027 32024.5446 29538.6796 31459.4702 25827.9885 26583.7015 40179.5793 41543.3285 35594.3520 22274.6833 30077.4155 21519.2430 17285.6283 20042.5104 14383.5726 20629.5144 24676.2485 25197.2612 30848.3859 30228.2109 28263.9603 25469.9351 21588.5710 20259.1051 18421.7279 18752.7791 18552.9427 17388.4031 15117.5762 14463.3976 12098.0753 13246.0343 10734.6515 7997.6166 7632.4245 5057.2725 7362.2716 6851.2791 10765.8135 37616.8479 26803.2278 25017.0023 23719.4237 20128.5402 16555.7650 15296.2139 12399.2482 11055.0570 9542.9500 9578.1352 7452.3215 6653.7062 5561.2664 4401.4260 3268.3136 0.0000 4369.5193 6110.4328 7496.4985 32563.1443 26674.6881 20404.3340 20832.7584 18908.7114 19768.9394 19034.0269 16646.5597 14421.5476 15371.2037 15129.4703 12608.5523 12831.7050 10965.3577 12133.4017 10082.9280 7542.1962 3992.8951 4854.3671 7477.8222 42478.1625 39667.0145 38259.2301 33396.2176 27578.0648 27798.4169 24833.8389 23442.2718 20731.5590 17162.1350 17362.8596 14535.7594 15560.4500 17813.6815 14728.4786 12984.8753 15033.0611 11918.0142 11907.6343 11252.1070
52243.1079 50674.2656 35972.9224 33230.8046 34410.4093 29174.7030 29659.9467 41952.0933 43227.8960 37628.6571 25497.8681 31828.1726 23617.9533 19030.5037 20675.4633 15193.0168 19278.0034 22871.0456 22734.8374 28563.2012 34496.2941 32548.9012 29653.6054 25790.6584 24395.5119 22657.9669 22544.6928 22110.6075 20869.8084 18788.7349 18017.2769 15997.6950 15971.3495 13966.9384 11592.8138 10830.7478 7783.3358 8609.3856 8006.6374 6832.1441 41952.5466 31157.7713 29376.6205 28088.9077 24492.1296 20877.7815 19661.7530 16761.6975 15332.2288 13858.4292 13947.1388 11798.7083 11022.9872 9656.7424 8706.1094 7624.7338 4369.5193 0.0000 2079.8448 3149.4891 36898.4489 30940.0950 24742.6283 25096.6479 23221.4968 23975.4669 23127.9856 20790.3498 18642.1286 19270.4093 19051.1870 16701.2599 16835.0253 15064.8839 15994.2688 14013.8425 11448.1269 7565.1793 6286.3786 4702.8238 46702.5619 43891.5185 42462.8701 37519.4496 31690.1260 31790.2721 28821.5106 27366.3993 24454.7944 20847.3563 20960.4350 18311.5830 19143.2681 21080.6888 18136.0395 16623.5022 18076.6933 15091.5448 14687.5705 13708.3811
54313.2968 52748.6848 37974.6728 35282.2749 36483.5104 31252.1373 31738.4283 43870.2029 45127.2481 39598.2188 27577.4299 33756.4481 25618.8691 20994.1025 22399.3283 17008.4567 20340.1374 23680.2160 23192.1383 29072.3396 36338.3800 34374.1895 31557.7445 27682.3813 26323.1813 24525.3436 24574.8216 24172.1107 22936.9784 20834.1890 20075.5889 17997.0730 18044.2940 16041.9825 13633.3584 12902.0461 9861.3473 10599.9991 9998.3342 6531.2374 43706.3948 32870.7544 31073.9151 29716.4174 26176.6152 22659.4952 21341.9137 18460.8488 17164.5020 15651.6296 15581.9728 13548.8397 12695.8024 11578.0876 10511.2022 9367.6094 6110.4328 2079.8448 0.0000 2377.3848 38353.1915 32271.9610 26224.1049 26441.3830 24652.6205 25247.3809 24279.6944 22006.6624 19958.2903 20276.2365 20077.3312 17898.7324 17951.7845 16286.6710 17008.3461 15111.5735 12581.8128 8679.0326 6608.2525 3055.1436 47950.8998 45143.1647 43688.0438 38655.4339 32827.5718 32806.8020 29844.8130 28339.0185 25281.6679 21675.3603 21725.0565 19232.6176 19917.6603 21625.7081 18808.2518 17470.2423 18528.0485 15677.3293 15062.8045 13941.6033
54126.6126 52619.8920 38657.4824 35725.5209 36360.9863 31438.5297 31730.2344 43014.4861 44219.8155 38905.5985 27703.2807 32952.4712 25087.2868 20359.7916 21204.3653 16038.6771 18390.0259 21547.0049 20903.4244 26792.9362 37461.5930 35533.2886 32545.8430 28706.1969 27259.9919 25609.8121 25163.8807 24573.0534 23293.4141 21358.2389 20520.7340 18742.4366 18004.8215 16351.7640 14237.5303 13298.2517 10216.1572 10225.9167 9648.8572 4153.9052 44992.0339 34229.4319 32458.0934 31201.9454 27583.6293 23914.1466 22759.9844 19855.1570 18339.0742 16902.4089 17069.9605 14877.5943 14139.1705 12595.0691 11765.8314 10726.2922 7496.4985 3149.4891 2377.3848 0.0000 40045.6995 34086.5650 27888.8585 28243.4852 26370.8042 27113.3675 26239.5570 23916.4787 21784.5041 22330.6238 22118.9604 19820.2054 19931.6208 18188.0241 19053.7429 17100.5199 14541.5154 10638.1816 8896.7860 5087.8216 49840.2857 47029.5227 45596.1660 40631.5146 34801.1621 34862.2064 31894.7489 30419.2923 27439.1574 23829.1824 23908.9924 21335.0994 22095.1096 23895.6144 21028.2897 19609.4543 20823.3205 17925.0134 17373.2983 16281.3195
41690.2407 39688.0775 19228.6813 22519.3711 31067.8551 25718.4436 28328.7697 45442.6668 47017.3508 40597.4523 26443.7541 39375.6275 33694.9967 34281.5554 39826.2644 36822.3276 46782.9268 51292.6208 53654.1946 58089.8629 11600.9902 11267.5971 14674.6945 15903.2958 17592.9613 17283.3213 22016.7078 24055.5008 24887.5302 24278.8788 25279.0630 24345.3578 29773.4632 28243.6607 28144.4503 29603.7938 31768.8483 34237.4381 34363.0327 43136.0472 10534.0798 8732.9651 9565.3934 9635.1836 13357.1700 17439.6889 17735.6597 20557.2265 22649.6644 23709.4000 23074.1565 25440.8815 25999.2082 28177.3252 28516.2849 29409.1082 32563.1443 36898.4489 38353.1915 40045.6995 0.0000 6617.6158 12158.8767 12067.7408 13701.1983 13492.9261 15009.9447 16780.8721 18490.7111 19308.6493 19376.9953 20745.7732 20926.1314 22248.2053 22139.4019 23634.9556 25971.7547 29760.4021 32637.2934 38326.7417 11161.7385 8676.6210 7974.0087 7451.9560 8675.9937 10609.1653 11962.5783 13486.0181 16929.9818 19325.7608 19772.7189 20631.5530 20971.7668 21657.5977 22424.8848 22451.0932 24105.8712 25119.5215 26635.8373 28056.2952
44034.1747 42020.2530 20928.1301 23032.9128 31030.9574 24880.4642 27436.8335 45192.9259 46797.0647 40135.4387 24642.5000 37932.1173 31165.0600 30879.6297 36376.6452 32692.8598 42493.7039 47032.0064 49052.3444 53825.1018 13605.0754 12288.9733 14266.2161 13776.9052 15105.6438 13916.7512 19344.4826 21369.9793 21904.2426 20693.3411 21577.7458 19973.4317 25854.0642 23835.8240 23203.8652 24673.7332 26485.5559 29199.5073 29245.1386 37388.8685 15925.8366 8656.9612 8117.0245 6713.3816 9419.0953 13141.8122 12736.3675 15288.1207 17616.1988 18411.0106 17444.4767 19893.6637 20293.1686 22749.1312 22859.2336 23636.5028 26674.6881 30940.0950 32271.9610 34086.5650 6617.6158 0.0000 6723.5577 5843.8382 7870.4580 7073.0656 8440.7977 10374.9506 12314.6890 12755.6085 12842.3075 14440.9318 14535.0824 16010.7772 15696.6898 17314.4294 19744.2635 23607.7436 26332.2503 32041.8180 15848.4129 13045.6345 11720.6420 7650.8821 3768.8082 5920.3614 5942.1426 7222.4434 10455.7454 12709.1001 13163.7979 14065.9456 14357.2322 15099.2086 15810.7339 15903.9139 17490.4959 18545.1977 20041.4429 21468.0286
41778.6942 39798.3796 19114.7863 19854.7545 26917.7631 20351.5255 22742.9759 40573.3271 42177.5274 35433.9075 19344.1923 32547.5986 25197.6932 24470.3029 29908.4255 26035.6450 35792.6948 40330.8623 42328.7896 47119.4219 13294.3519 11363.9314 11329.9686 9155.9074 9924.2896 8082.9087 13644.8102 15561.8247 15877.2069 14350.2553 15157.7240 13321.6102 19290.2713 17152.5100 16484.5878 17955.0896 19838.2249 22498.7381 22559.1460 30999.6337 18686.2365 8220.1021 6527.0889 4466.3504 3839.8122 6672.3733 6016.5121 8600.1177 10896.6990 11745.5532 10941.2140 13344.9152 13854.1726 16147.9685 16388.4931 17256.7437 20404.3340 24742.6283 26224.1049 27888.8585 12158.8767 6723.5577 0.0000 2314.9850 1759.0448 3482.1600 5354.7526 5663.0163 6630.1491 8609.4204 8544.5412 9009.7055 9383.8092 10351.7950 10692.8046 11838.5952 14000.8323 17692.0555 20699.5973 26335.6004 22452.0088 19671.1283 18403.6643 14269.7676 9136.2536 10560.5697 8506.2872 8461.2418 9622.3713 9820.2749 10489.0136 9896.4149 10882.4459 12845.6822 12188.7620 11451.3178 14180.0132 14171.8354 15811.2299 17117.8530
44003.1165 42017.2457 21224.4734 22125.3374 29232.6892 22661.7866 25043.7607 42865.8211 44469.2920 37723.4387 21594.0435 34756.9145 27273.7143 26325.0162 31700.3715 27605.6265 37229.9201 41761.1883 43595.7975 48525.5102 15052.7602 13207.7463 13522.8373 11469.4686 12223.4095 10308.7251 15848.2909 17727.0903 17972.0069 16305.6070 17053.7468 14972.3538 21026.0002 18702.5147 17735.9918 19192.9909 20810.4909 23620.8585 23628.0694 31555.8609 19745.3095 9820.6362 8297.3068 6182.2134 6153.8849 8656.1732 7574.4164 9771.8570 12197.5901 12806.9691 11687.8203 14151.0646 14493.2410 17035.6277 17064.0564 17811.9757 20832.7584 25096.6479 26441.3830 28243.4852 12067.7408 5843.8382 2314.9850 0.0000 2297.3022 1620.9686 3535.9864 4744.5751 6485.2192 7480.2835 7492.5050 8683.4048 8863.4557 10213.7772 10096.3401 11571.9251 13947.9600 17788.3222 20584.5689 26284.3567 21662.7029 18853.8387 17482.2271 12931.4581 7416.0664 8565.8580 6287.1508 6150.0401 7473.5105 8198.3676 8816.6657 8817.0108 9515.0355 11105.4098 10912.7070 10550.7104 12816.9622 13271.5399 14860.6901 16237.6720
42918.2198 40950.9727 20468.3699 20909.1954 27639.4242 20992.6705 23297.5514 41055.9517 42655.1887 35905.1683 19682.4869 32747.0373 25122.3897 24063.0423 29421.0063 25308.4956 34943.3853 39476.0905 41340.6256 46244.5216 14925.8336 12962.6021 12604.2997 10031.9400 10531.6419 8416.9866 13868.6715 15684.4851 15853.0198 14095.7782 14815.5174 12680.1691 18740.7430 16405.2894 15472.8670 16934.2510 18631.0028 21395.6551 21418.9635 29571.9739 20444.9516 9928.2574 8195.6642 6178.2014 4760.3185 6510.4749 5285.1391 7509.0603 9917.6027 10582.9989 9576.4587 12023.2575 12442.9376 14881.8494 15002.7184 15812.8057 18908.7114 23221.4968 24652.6205 26370.8042 13701.1983 7870.4580 1759.0448 2297.3022 0.0000 2537.1168 4097.1027 3956.8731 4902.2775 6908.7246 6827.8428 7269.2006 7627.6491 8647.7448 8934.9532 10115.6136 12328.3292 16069.4793 19023.3599 24680.7791 23714.2297 20914.3334 19586.1571 15171.2743 9711.1967 10832.1278 8418.7832 8026.7424 8544.3194 8284.4279 8971.7493 8176.2486 9229.4055 11344.7501 10501.1103 9701.4804 12508.4040 12418.4995 14060.2624 15361.5470
45241.2092 43264.0702 22593.2958 23282.6472 30147.9276 23514.1729 25830.2872 43593.0522 45192.3055 38442.2851 22215.9121 35256.0778 27554.4937 26325.2888 31615.4099 27313.5685 36795.6518 41313.2565 43013.0426 48048.3040 16594.5150 14718.6087 14809.8616 12475.7043 13049.5156 10954.1034 16394.1755 18190.4503 18320.2870 16479.9464 17151.7767 14838.1177 20923.6148 18439.1973 17232.4532 18667.0828 20080.6402 22981.4387 22950.3296 30526.2328 21363.9230 11391.7012 9820.1138 7707.5757 7150.3884 8989.2961 7539.8663 9340.4401 11805.8322 12223.1277 10909.3354 13370.8317 13602.4655 16277.0672 16169.2030 16838.8294 19768.9394 23975.4669 25247.3809 27113.3675 13492.9261 7073.0656 3482.1600 1620.9686 2537.1168 0.0000 1942.9307 3304.8796 5347.7982 5902.6109 5933.4012 7374.7402 7466.1153 8963.2041 8651.6825 10242.2955 12689.3223 16571.2660 19259.2685 24969.1029 22727.1877 19916.2635 18492.7002 13702.7856 7970.6839 8738.8771 6097.1370 5531.2769 6151.8161 6586.6572 7214.0694 7240.3963 7896.2443 9522.3144 9298.8455 9005.9675 11196.6092 11714.2711 13287.9516 14676.7323
47007.5857 45037.6747 24459.2180 25005.5557 31662.3497 24988.2872 27239.3104 44916.9039 46510.4732 39764.2794 23485.0859 36367.3982 28461.3131 26931.5600 32104.1685 27574.3558 36849.7306 41340.1593 42865.2007 48026.9138 18535.5287 16653.1841 16637.4517 14124.3277 14554.9096 12334.9992 17626.3502 19330.3973 19345.6353 17343.3325 17927.4142 15384.8334 21444.4689 18793.0670 17303.0665 18694.1418 19825.5249 22827.0118 22745.1528 29793.3924 23225.4010 13334.2694 11759.2060 9648.0643 8853.2767 10137.6270 8386.4851 9662.9715 12104.6687 12269.1458 10722.6818 13127.0755 13195.8118 16020.3211 15720.2773 16266.8378 19034.0269 23127.9856 24279.6944 26239.5570 15009.9447 8440.7977 5354.7526 3535.9864 4097.1027 1942.9307 0.0000 2458.8404 4882.3719 4316.1946 4415.1232 6432.2888 6329.3554 8074.7508 7370.9169 9169.2086 11705.7257 15615.6058 18097.6968 23801.2798 23707.1681 20908.2518 19427.2643 14392.1864 8562.2428 8853.5918 5947.5028 4884.5905 4469.5360 4667.6994 5280.6820 5626.1248 6073.6949 7579.7502 7505.8444 7464.4120 9345.4275 10110.6549 11631.4614 13047.4575
46327.6866 44382.4048 24200.2083 24280.4055 30466.8122 23755.6512 25890.0927 43393.8240 44977.1467 38248.3678 21958.3024 34602.7948 26516.5147 24761.1679 29853.9802 25224.2949 34428.7270 38911.7969 40411.3620 45588.2051 18876.0286 16902.4728 16302.2961 13349.2785 13490.1881 11115.9643 16101.4976 17674.5011 17562.5928 15419.5616 15922.3941 13229.1778 19237.7634 16504.6290 14905.9165 16281.7181 17368.1467 20376.6178 20290.0551 27412.0288 24275.4426 13876.9219 12152.4303 10123.3989 8382.7997 8665.0505 6644.2439 7438.5912 9830.9420 9883.1677 8282.8301 10674.2133 10737.8294 13564.1527 13266.3205 13831.1926 16646.5597 20790.3498 22006.6624 23916.4787 16780.8721 10374.9506 5663.0163 4744.5751 3956.8731 3304.8796 2458.8404 0.0000 2433.4973 2952.0257 2882.1339 4108.0627 4161.2846 5729.1098 5359.3423 6950.2824 9428.6340 13327.9314 15960.9262 21671.7413 25944.3459 23136.5142 21685.8839 16749.8970 10933.0885 11309.6614 8405.5570 7282.9848 6060.2724 4581.8600 5289.0402 4234.6060 5297.4949 7641.7841 6544.8130 5856.2164 8556.7981 8587.1300 10205.6105 11551.7541
45475.6408 43559.6168 23878.0269 23489.0787 29160.9324 22453.3976 24454.8249 41729.7513 43300.6059 36601.6722 20368.9475 32725.6807 24486.9622 22523.7604 27541.3513 22836.6611 31999.0621 36479.8728 37982.8357 43154.7261 19214.8353 17188.5263 16021.8911 12692.9468 12519.0651 10054.0000 14575.7513 15988.6196 15743.0426 13470.1136 13881.6674 11048.4946 16978.5977 14176.5710 12491.4390 13857.6058 14946.3110 17945.3215 17863.1845 25178.5890 25235.3807 14516.5606 12707.9916 10844.4086 8305.3758 7425.2358 5201.3642 5254.7809 7548.0733 7483.3842 5849.6658 8244.7051 8342.9271 11139.4407 10889.9113 11509.5811 14421.5476 18642.1286 19958.2903 21784.5041 18490.7111 12314.6890 6630.1491 6485.2192 4902.2775 5347.7982 4882.3719 2433.4973 0.0000 3549.8620 3293.4492 2391.8845 2887.3868 3762.6499 4203.2706 5213.3361 7481.2419 11303.4882 14155.4586 19836.7487 28064.7339 25253.4126 23838.2414 19020.0175 13235.2576 13714.3674 10828.3751 9713.8626 8212.5205 5901.8763 6565.2706 4331.1436 5875.3955 8708.2587 6736.6057 5309.6094 8741.9132 7882.9096 9535.4215 10733.2214
48905.1819 46976.8671 27014.2203 26880.8065 32702.5586 25992.3880 28004.4420 45252.7765 46820.1215 40130.0527 23912.7101 36172.7352 27842.0774 25630.1901 30468.1512 25521.5772 34295.5986 38707.1235 39917.8915 45275.6442 21822.4928 19843.0360 19117.2479 15997.6643 15960.2206 13516.3969 18125.4574 19521.5341 19240.2066 16915.5429 17264.3257 14315.7877 20074.3327 17142.1023 15115.1977 16368.9184 16932.1136 20053.5227 19881.3859 26038.0308 27165.2426 16826.9882 15104.3739 13073.0444 11223.5472 10924.6242 8728.5076 8621.4984 10721.2479 10322.2646 8430.1540 10516.6994 10263.3596 13239.8387 12597.8767 12915.0214 15371.2037 19270.4093 20276.2365 22330.6238 19308.6493 12755.6085 8609.4204 7480.2835 6908.7246 5902.6109 4316.1946 2952.0257 3549.8620 0.0000 303.7332 3188.9441 2645.6393 4638.9292 3277.1948 5289.7530 7849.4577 11705.4045 13938.8359 19614.8386 27889.9281 25104.8408 23596.4636 18432.9733 12631.7173 12534.2071 9569.4476 8096.7413 5524.6573 2456.3298 3066.4389 1337.8564 2432.0902 5159.5994 3596.2631 3148.3751 5618.0260 5820.5036 7385.3714 8777.5099
48692.7296 46767.1066 26850.8658 26674.9235 32453.4908 25744.9212 27746.4915 44976.1406 46542.5224 39855.1031 23644.8955 35883.8920 27546.5050 25327.2483 30164.5166 25220.2026 34004.2009 38418.3523 39640.0279 44991.1108 21723.1844 19736.9670 18956.5343 15804.2896 15741.7725 13292.3663 17864.6716 19249.0187 18959.2200 16628.0812 16971.5519 14017.7731 19771.4915 16838.4313 14813.4665 16069.2696 16646.6002 19765.3725 19596.1586 25809.8872 27140.1447 16754.5794 15020.5558 13002.0482 11075.8622 10690.4007 8484.9003 8331.1830 10421.4229 10018.5475 8126.9163 10218.9453 9973.8937 12948.4045 12318.4598 12648.0049 15129.4703 19051.1870 20077.3312 22118.9604 19376.9953 12842.3075 8544.5412 7492.5050 6827.8428 5933.4012 4415.1232 2882.1339 3293.4492 303.7332 0.0000 2890.3771 2366.9342 4357.9883 3069.1884 5053.9189 7618.6327 11487.6672 13767.5317 19452.6202 28044.2070 25255.4621 23752.9100 18609.6542 12799.6691 12743.2573 9775.9563 8323.0098 5809.9478 2756.4935 3358.3635 1352.6521 2625.6022 5416.8240 3710.8596 3076.6633 5743.0228 5781.8079 7369.8533 8746.4087
47174.9390 45283.2063 25948.8346 25293.5421 30523.8465 23857.7385 25714.0547 42658.7784 44210.2213 37566.5533 21491.3280 33390.9111 24945.3298 22551.9672 27319.3797 22337.5171 31127.5061 35551.3101 36826.8694 42142.4252 21533.1560 19499.7610 18150.5487 14671.1066 14305.0737 11828.5463 15843.2939 17047.8755 16629.2055 14202.5099 14447.7545 11398.2795 17004.5357 14027.8152 11934.0216 13180.3133 13799.2348 16903.5471 16748.7174 23363.0556 27626.9854 16894.0628 15079.7403 13233.1973 10583.1345 9159.6410 6912.7128 5953.7158 7779.1676 7212.3908 5277.7559 7328.6829 7111.8492 10074.6935 9513.4855 9932.7852 12608.5523 16701.2599 17898.7324 19820.2054 20745.7732 14440.9318 9009.7055 8683.4048 7269.2006 7374.7402 6432.2888 4108.0627 2391.8845 3188.9441 2890.3771 0.0000 815.1609 1643.4749 1932.3253 2889.1876 5321.3025 9220.2595 11903.2592 17607.6652 30052.1734 27244.5185 25791.7135 20819.3322 14991.4347 15204.3129 12247.3041 10921.7926 8679.4621 5566.0357 6084.3421 3150.9282 4804.0293 7799.0889 5199.5561 3338.3580 7048.9070 5660.2969 7292.3384 8420.7341
47957.9789 46062.8082 26648.7825 26057.3908 31333.7845 24664.6685 26527.2586 43470.0068 45020.6477 38379.1922 22306.4100 34188.9717 25728.8589 23285.4793 28007.6109 22975.9767 31664.4566 36068.7147 37273.4296 42631.1910 22101.8759 20074.7372 18827.1119 15392.4715 15066.1216 12588.4965 16654.5938 17863.0358 17442.0768 15011.0066 15246.9339 12185.3330 17744.5078 14747.8637 12586.5881 13800.9814 14289.0190 17414.5244 17237.8467 23552.4810 28053.9075 17384.0701 15582.3125 13690.3902 11181.0626 9920.7272 7669.2115 6768.5945 8567.0556 7946.5076 5988.0499 7934.0674 7629.7285 10611.7229 9952.5103 10287.9750 12831.7050 16835.0253 17951.7845 19931.6208 20926.1314 14535.0824 9383.8092 8863.4557 7627.6491 7466.1153 6329.3554 4161.2846 2887.3868 2645.6393 2366.9342 815.1609 0.0000 1993.4925 1321.3023 2840.2492 5390.1344 9296.7918 11810.3913 17521.3750 30027.8111 27225.3914 25752.6403 20707.9254 14878.2198 14974.9204 12007.5292 10615.6223 8169.7031 4911.9255 5388.3648 2389.6980 4024.9360 7017.4418 4384.4284 2560.3766 6243.9073 5006.9281 6655.7787 7846.5288
47293.6688 45427.6919 26507.2202 25563.7258 30380.2347 23775.5286 25505.9897 42157.5667 43692.8773 37100.3838 21201.6903 32729.5912 24181.0485 21545.3730 26162.3680 21062.7379 29679.5984 34078.7371 35282.5440 40637.8485 22479.8587 20438.1170 18814.8147 15189.3848 14636.9788 12188.2449 15716.1645 16749.0635 16210.2217 13709.0303 13838.9040 10705.4340 16033.1453 12989.0900 10704.8095 11877.5175 12296.4917 15424.7102 15244.9987 21719.6980 28831.9630 18015.4344 16185.5770 14427.2825 11519.9341 9548.9519 7376.9742 5759.3736 7135.9057 6276.7011 4286.2637 6012.3503 5647.5652 8633.0018 7960.5481 8322.8908 10965.3577 15064.8839 16286.6710 18188.0241 22248.2053 16010.7772 10351.7950 10213.7772 8647.7448 8963.2041 8074.7508 5729.1098 3762.6499 4638.9292 4357.9883 1643.4749 1993.4925 0.0000 2076.6324 1555.8225 3735.0675 7608.6782 10393.0846 16078.8371 31668.8584 28859.8865 27414.1035 22458.7954 16631.9904 16842.8064 13883.3309 12539.3257 10163.1939 6863.0527 7294.9405 4242.9097 5776.9094 8709.3968 5786.1600 3668.7135 7365.4275 5296.8061 6806.4469 7728.7642
49031.9163 47147.9643 27880.6550 27187.3143 32270.6929 25630.3941 27425.9679 44190.7872 45730.4680 39123.0372 23155.3835 34794.4354 26255.5368 23606.4562 28175.3639 23016.3241 31454.3568 35813.0504 36878.8544 42312.7419 23413.6347 21384.6286 20081.8462 16598.9320 16205.6484 13731.7582 17587.8806 18702.6609 18208.7009 15728.1876 15887.5359 12766.3330 18102.2616 15049.4505 12706.5074 13832.0940 14031.6794 17183.4439 16963.8439 22768.7349 29369.1537 18705.3697 16903.2802 15010.6617 12481.7609 11063.8352 8824.0657 7628.7672 9179.4859 8353.3333 6362.8954 7994.9464 7508.2529 10481.8395 9637.8384 9820.6416 12133.4017 15994.2688 17008.3461 19053.7429 22139.4019 15696.6898 10692.8046 10096.3401 8934.9532 8651.6825 7370.9169 5359.3423 4203.2706 3277.1948 3069.1884 1932.3253 1321.3023 2076.6324 0.0000 2072.1956 4593.5986 8429.0917 10730.9921 16431.1154 31067.9531 28272.8437 26781.8172 21667.8346 15850.1217 15809.4910 12843.2593 11372.1306 8619.0683 5119.3133 5449.8410 2441.5808 3801.7297 6670.4411 3709.5278 1604.4994 5344.1410 3729.0197 5366.2897 6530.7876
48591.7053 46739.7416 27994.4276 26949.4532 31543.4197 24987.3900 26637.0250 43051.2068 44571.8855 38027.6842 22290.3049 33499.2770 24875.9075 21995.0806 26408.0397 21158.4472 29445.7977 33785.7946 34816.1489 40265.3109 24034.6032 21992.6948 20334.0081 16677.8300 16067.8509 13637.0934 16928.3710 17849.5850 17230.0807 14691.2013 14728.5420 11559.6382 16554.8608 13461.8288 10959.1258 12000.6724 12022.8911 15179.2856 14942.5789 20757.8381 30368.9212 19563.7765 17735.1676 15962.6755 13075.5775 11019.2313 8879.9505 7053.1550 8105.1901 7012.9465 5080.7763 6266.1733 5630.9630 8559.0515 7620.6324 7756.8277 10082.9280 14013.8425 15111.5735 17100.5199 23634.9556 17314.4294 11838.5952 11571.9251 10115.6136 10242.2955 9169.2086 6950.2824 5213.3361 5289.7530 5053.9189 2889.1876 2840.2492 1555.8225 2072.1956 0.0000 2567.6852 6462.6635 9019.5702 14727.6459 32862.2867 30058.4974 28589.5767 23546.6814 17717.4515 17778.1686 14809.2793 13376.4437 10689.8661 7185.2032 7488.6859 4511.4362 5777.7992 8505.8835 5395.5423 3289.3480 6636.4881 4117.8811 5488.3061 6285.0567
48892.1639 47085.1279 29036.3544 27592.9127 31535.8626 25139.4670 26579.8197 42418.5706 43907.1439 37476.0626 22170.1601 32666.2912 23959.7746 20705.5696 24796.4939 19386.7521 27277.3475 31555.4871 32448.5919 37961.4832 25631.6689 23592.0839 21590.5558 17801.1131 16962.7647 14636.4912 17167.5248 17809.5068 17023.2556 14454.7999 14306.1995 11162.7401 15445.2334 12338.9099 9578.4916 10398.3227 9929.4633 13072.1800 12780.1203 18191.3636 32290.4672 21414.1526 19578.5493 17926.2563 14775.0067 12156.7114 10217.1954 7839.2532 8116.6198 6689.4760 5141.3070 5219.8036 4245.9829 6818.8532 5585.0299 5463.7461 7542.1962 11448.1269 12581.8128 14541.5154 25971.7547 19744.2635 14000.8323 13947.9600 12328.3292 12689.3223 11705.7257 9428.6340 7481.2419 7849.4577 7618.6327 5321.3025 5390.1344 3735.0675 4593.5986 2567.6852 0.0000 3909.8811 6698.7649 12358.1242 35370.6978 32563.8132 31106.2596 26094.1837 20263.8070 20345.6233 17376.7425 15941.6317 13192.3198 9637.3868 9874.7797 6995.9155 8097.4747 10590.2322 7440.2277 5519.7243 8216.6565 5189.5268 5977.8644 6197.6096
50121.4993 48387.5173 31402.2874 29462.5125 32451.4033 26376.7790 27492.7954 42282.1477 43709.8195 37506.1910 23079.4035 32295.6084 23589.3408 19769.5623 23176.9894 17566.3514 24498.7777 28612.7713 29189.6452 34830.6633 28685.0333 26664.8924 24301.3785 20426.2626 19345.0279 17207.3167 18723.0085 18959.9044 17965.0286 15472.8299 15060.7341 12177.6136 15026.1562 12094.0811 9137.9958 9414.2002 7832.1787 10725.1172 10305.2471 14354.3699 35664.1721 24768.4359 22941.0275 21417.4227 18059.5614 14964.4809 13299.1567 10577.7379 10002.3983 8397.2029 7612.0683 6314.9009 5193.2723 6115.2357 4488.9700 3538.0461 3992.8951 7565.1793 8679.0326 10638.1816 29760.4021 23607.7436 17692.0555 17788.3222 16069.4793 16571.2660 15615.6058 13327.9314 11303.4882 11705.4045 11487.6672 9220.2595 9296.7918 7608.6782 8429.0917 6462.6635 3909.8811 0.0000 3391.5425 8691.8217 39272.2773 36464.3092 35011.3401 30003.4144 24173.1484 24229.4160 21261.0780 19801.2213 16926.9838 13328.7785 13483.1075 10759.0894 11669.5540 13836.0437 10772.8808 9114.3275 11041.0926 7925.1837 7968.6999 7442.7386
53270.0787 51561.4185 34790.0290 32797.8483 35529.2650 29578.1323 30589.1023 44847.1578 46235.6768 40179.0466 26197.5036 34777.1728 26146.0734 22045.6141 24894.3572 19235.6547 25015.0938 28854.5842 28949.6657 34741.0478 32022.1576 29996.0405 27684.4389 23812.7017 22736.3530 20594.3535 22029.9476 22174.9470 21130.3895 18682.7139 18202.3353 15426.5384 17700.7026 14932.8177 12012.0850 12011.3726 9804.6172 12211.1558 11689.6148 12966.7370 38899.1496 28005.3834 26172.4829 24580.8829 21315.6096 18326.3480 16603.6118 13933.0919 13388.4591 11781.9594 10975.6953 9681.8269 8572.1741 9090.9139 7501.5898 6349.4727 4854.3671 6286.3786 6608.2525 8896.7860 32637.2934 26332.2503 20699.5973 20584.5689 19023.3599 19259.2685 18097.6968 15960.9262 14155.4586 13938.8359 13767.5317 11903.2592 11810.3913 10393.0846 10730.9921 9019.5702 6698.7649 3391.5425 0.0000 5711.1470 41798.9309 39003.5688 37512.1779 32371.6717 26567.0932 26406.4352 23461.9561 21912.0042 18752.8097 15160.4202 15171.9621 12812.5762 13376.8612 15017.4677 12223.8483 10998.4221 11927.8281 9076.6176 8478.3737 7433.2013
56590.7231 54979.3053 39428.0922 37014.6414 38746.3041 33261.6717 33921.9784 46633.8615 47918.1874 42270.8990 29664.3296 36506.1910 28227.6984 23689.3629 25352.9356 19893.5225 23366.3955 26623.9224 25962.1874 31855.9591 37237.3643 35233.8975 32669.0274 28777.0109 27543.6032 25570.4911 26223.2673 26022.0444 24843.2400 22594.4256 21926.8241 19559.6840 20356.4990 18087.0328 15448.4780 14939.6945 12040.4418 13263.4726 12662.1715 9059.5546 44336.1840 33443.8581 31619.8887 30109.2309 26729.9399 23487.8569 21939.4297 19147.4762 18204.1614 16620.9178 16187.1663 14469.6427 13472.6539 13001.6717 11675.3903 10453.5518 7477.8222 4702.8238 3055.1436 5087.8216 38326.7417 32041.8180 26335.6004 26284.3567 24680.7791 24969.1029 23801.2798 21671.7413 19836.7487 19614.8386 19452.6202 17607.6652 17521.3750 16078.8371 16431.1154 14727.6459 12358.1242 8691.8217 5711.1470 0.0000 47494.6726 44702.1952 43204.9688 38038.5515 32246.4200 32024.7499 29095.6628 27521.1457 24268.1462 20711.1285 20664.5986 18455.6123 18902.0644 20251.1668 17663.1274 16616.5026 17077.6395 14484.0026 13593.9030 12318.8571
49527.4413 47597.4767 28723.9817 32655.0402 41281.0170 36434.6957 39021.8297 55564.5376 57102.7867 50905.4214 37454.2628 50167.4749 44806.0316 45439.4928 50985.0595 47886.1130 57821.5426 62344.3514 64594.1441 69146.7017 21612.1709 21832.9994 25543.0733 27052.3523 28752.0949 28401.4093 33173.4251 35208.7286 36049.1915 35404.5926 36392.5393 35297.8321 40864.7532 39202.8308 38872.4034 40342.5724 42288.9257 44927.2087 45002.9854 53216.0682 16715.1512 19802.6239 20726.5744 20687.3328 24312.3459 28359.0870 28367.1734 31050.7198 33300.7253 34197.4074 33290.5839 35735.3015 36140.6957 38577.8186 38707.4666 39474.3886 42478.1625 46702.5619 47950.8998 49840.2857 11161.7385 15848.4129 22452.0088 21662.7029 23714.2297 22727.1877 23707.1681 25944.3459 28064.7339 27889.9281 28044.2070 30052.1734 30027.8111 31668.8584 31067.9531 32862.2867 35370.6978 39272.2773 41798.9309 47494.6726 0.0000 2811.3343 4297.7520 9655.8549 15284.5779 15905.7409 18631.6642 20296.1385 23861.0910 27109.3032 27339.1069 29092.7619 28922.1035 28605.8931 30318.0505 30955.3505 31580.3959 33375.1128 34672.3562 36114.4351
48401.2745 46443.0443 26984.8359 30715.3526 39333.5775 34258.6036 36860.3667 53674.2728 55228.9208 48932.6437 35107.5127 47963.0475 42369.6852 42865.4901 48412.1947 45214.8658 55133.6952 59661.3689 61868.5000 66464.5784 19648.0601 19680.2621 23271.7855 24565.5781 26236.9182 25783.8238 30664.1508 32708.3180 33510.4933 32785.6348 33761.6972 32591.5619 38214.0406 36494.9349 36113.8800 37584.6543 39503.1654 42159.1983 42228.4822 50405.8496 15619.3586 17401.6779 18209.8337 18049.1275 21625.9716 25653.1206 25606.9940 28271.2380 30536.3537 31414.2014 30489.8527 32937.0383 33335.3824 35784.5064 35902.9585 36665.7984 39667.0145 43891.5185 45143.1647 47029.5227 8676.6210 13045.6345 19671.1283 18853.8387 20914.3334 19916.2635 20908.2518 23136.5142 25253.4126 25104.8408 25255.4621 27244.5185 27225.3914 28859.8865 28272.8437 30058.4974 32563.8132 36464.3092 39003.5688 44702.1952 2811.3343 0.0000 1600.3165 7013.1384 12522.3498 13250.3476 15911.7906 17584.2376 21170.3446 24369.6962 24616.6821 26316.4721 26177.3292 25943.5502 27581.9506 28180.6516 28882.7520 30621.0361 31937.1775 33380.7788
48568.5621 46595.4928 26788.1574 30351.5088 38943.8502 33689.3003 36298.7312 53309.9646 54875.6266 48509.2532 34380.4986 47348.9316 41544.4264 41890.5449 47434.4921 44115.5066 54006.4305 58539.4306 60682.1422 65341.8906 19315.2347 19185.1952 22648.6905 23718.7518 25353.7192 24778.0641 29778.0056 31828.3750 32586.6030 31766.3958 32725.9587 31450.5670 37147.5900 35347.9176 34879.3526 36350.4463 38205.9698 40902.2037 40957.3298 49009.7709 15945.2509 16680.4681 17354.3036 17038.9403 20533.3261 24521.5667 24378.3494 26996.5376 29293.9173 30127.7862 29150.6412 31605.5812 31975.2134 34467.7549 34545.6263 35285.8396 38259.2301 42462.8701 43688.0438 45596.1660 7974.0087 11720.6420 18403.6643 17482.2271 19586.1571 18492.7002 19427.2643 21685.8839 23838.2414 23596.4636 23752.9100 25791.7135 25752.6403 27414.1035 26781.8172 28589.5767 31106.2596 35011.3401 37512.1779 43204.9688 4297.7520 1600.3165 0.0000 5416.9251 10986.8333 11660.2619 14345.7573 16014.5564 19592.5075 22816.4128 23053.2101 24796.0720 24627.7079 24357.6179 26026.5991 26658.2905 27308.3678 29078.6363 30381.4752 31824.2113
49082.4283 47075.7856 26389.0305 29291.9393 37659.0879 31850.3813 34449.2717 51985.5950 53579.1296 47016.0047 31972.9795 45206.4074 38711.5925 38527.7325 44027.3251 40301.5872 50054.4741 54591.9276 56511.3842 61375.0114 18722.0726 18023.7130 20875.1394 21084.5262 22541.2230 21518.2688 26866.8159 28908.0235 29496.6805 28340.3627 29228.3874 27582.6218 33496.3963 31422.2773 30642.3471 32105.0231 33727.3182 36552.2382 36557.6525 44161.8608 17700.9847 14828.6968 14942.0149 14026.2728 17047.4432 20787.1988 20272.5498 22680.1548 25074.0331 25737.8541 24574.1336 27040.4969 27304.3851 29938.6551 29871.8903 30529.2340 33396.2176 37519.4496 38655.4339 40631.5146 7451.9560 7650.8821 14269.7676 12931.4581 15171.2743 13702.7856 14392.1864 16749.8970 19020.0175 18432.9733 18609.6542 20819.3322 20707.9254 22458.7954 21667.8346 23546.6814 26094.1837 30003.4144 32371.6717 38038.5515 9655.8549 7013.1384 5416.9251 0.0000 5830.4672 6251.0721 9010.0510 10660.2671 14207.8869 17501.3803 17706.1837 19586.3110 19321.2357 18951.9978 20700.4037 21436.9722 21927.8761 23788.2907 25049.9383 26489.1092
47791.9685 45777.6371 24690.6539 26773.7619 34693.0806 28450.7713 30980.5275 48786.6882 50392.5228 43704.8988 28004.9637 41296.9701 34242.1730 33604.3928 39029.4924 35017.4560 44639.9851 49169.2305 50952.4861 55927.3019 17316.3806 16049.3074 17984.8865 17235.5978 18436.2006 16988.4363 22523.5032 24508.6572 24925.6705 23482.6616 24293.7036 22357.7688 28383.3052 26113.8739 25119.6040 26568.9720 28050.6557 30936.2119 30914.4454 38342.4882 18897.9225 12424.8775 11842.4914 10291.3976 12481.7173 15807.9571 14963.7014 17165.9365 19605.0912 20146.9939 18879.7995 21341.4909 21554.4976 24247.7243 24114.8065 24740.8845 27578.0648 31690.1260 32827.5718 34801.1621 8675.9937 3768.8082 9136.2536 7416.0664 9711.1967 7970.6839 8562.2428 10933.0885 13235.2576 12631.7173 12799.6691 14991.4347 14878.2198 16631.9904 15850.1217 17717.4515 20263.8070 24173.1484 26567.0932 32246.4200 15284.5779 12522.3498 10986.8333 5830.4672 0.0000 2194.1009 3531.3284 5199.3006 8817.0540 11860.4819 12138.6118 13813.9646 13660.9631 13646.0281 15074.6786 15674.2038 16453.0743 18098.8695 19428.3371 20873.0645
49954.1976 47940.3669 26846.6407 28836.9194 36659.7022 30340.8396 32844.6679 50678.9427 52285.5421 45578.2318 29736.2996 43006.2592 35758.1847 34889.8929 40252.0773 36044.9138 45525.5940 50038.5292 51669.7894 56761.7274 19502.0505 18208.9206 20029.2125 19074.8361 20183.5047 18586.1578 24149.5061 26098.7897 26437.7270 24857.0507 25617.6294 23496.4721 29568.0116 27159.1931 25956.4210 27381.9265 28656.5166 31625.0672 31563.1021 38527.1193 20972.2452 14569.8967 13908.4648 12258.7660 14131.8593 17186.0587 16113.5040 18078.9270 20543.5189 20932.5488 19511.9776 21944.7673 22047.0453 24847.3336 24573.8183 25105.1465 27798.4169 31790.2721 32806.8020 34862.2064 10609.1653 5920.3614 10560.5697 8565.8580 10832.1278 8738.8771 8853.5918 11309.6614 13714.3674 12534.2071 12743.2573 15204.3129 14974.9204 16842.8064 15809.4910 17778.1686 20345.6233 24229.4160 26406.4352 32024.7499 15905.7409 13250.3476 11660.2619 6251.0721 2194.1009 0.0000 2968.8896 4505.9379 7973.9041 11357.7548 11514.0879 13596.0394 13181.5161 12700.9260 14527.9118 15413.2775 15690.7738 17654.5549 18861.6668 20294.7644
49286.5029 47280.5470 26217.4505 27750.4231 35238.8517 28761.1063 31196.3622 49041.8537 50647.3720 43909.9687 27850.4221 41038.8985 33534.3179 32417.4493 37712.1169 33363.1682 42747.3410 47248.4848 48810.0505 53950.7106 19218.9248 17693.1171 18955.3236 17481.7372 18399.2277 16579.5147 22130.0705 24014.2405 24246.3519 22512.3174 23215.6500 20934.7885 27020.4813 24510.5753 23180.5251 24589.9829 25773.0164 28769.0209 28691.5094 35559.1292 21828.5764 14029.1698 13028.1835 11126.2956 12286.9879 14912.1963 13620.1120 15382.5875 17848.8742 18145.5824 16658.2018 19072.3741 19137.3609 21967.4667 21651.0898 22160.8796 24833.8389 28821.5106 29844.8130 31894.7489 11962.5783 5942.1426 8506.2872 6287.1508 8418.7832 6097.1370 5947.5028 8405.5570 10828.3751 9569.4476 9775.9563 12247.3041 12007.5292 13883.3309 12843.2593 14809.2793 17376.7425 21261.0780 23461.9561 29095.6628 18631.6642 15911.7906 14345.7573 9010.0510 3531.3284 2968.8896 0.0000 1680.5056 5298.4645 8491.4079 8707.7174 10649.4379 10311.9453 10122.9980 11691.8036 12479.1879 12979.1549 14781.3151 16043.6940 17484.5368
49842.7055 47844.0850 26856.1013 28122.0303 35373.5140 28811.7235 31190.1408 49003.2013 50605.7370 43857.9130 27684.6036 40773.7209 33078.4694 31737.5457 36954.5656 32458.5956 41711.7109 46193.7000 47653.1639 52863.3962 20078.9039 18451.6772 19392.8750 17600.1263 18370.4303 16397.3581 21889.9916 23710.2934 23851.5633 21989.4159 22634.9800 20202.7425 26279.0225 23665.9825 22179.8365 23562.8090 24597.6495 27636.1519 27532.6206 34132.7503 23145.8357 14821.6529 13658.0813 11653.4544 12300.8241 14518.2640 13023.3120 14527.8337 16978.7632 17148.7130 15562.7621 17933.8286 17924.7102 20806.7410 20402.7278 20854.4950 23442.2718 27366.3993 28339.0185 30419.2923 13486.0181 7222.4434 8461.2418 6150.0401 8026.7424 5531.2769 4884.5905 7282.9848 9713.8626 8096.7413 8323.0098 10921.7926 10615.6223 12539.3257 11372.1306 13376.4437 15941.6317 19801.2213 21912.0042 27521.1457 20296.1385 17584.2376 16014.5564 10660.2671 5199.3006 4505.9379 1680.5056 0.0000 3619.8063 6858.1016 7046.0488 9110.3495 8681.8186 8447.2569 10044.0710 10914.7439 11301.5815 13155.1252 14390.4476 15828.9906
51393.0253 49415.6742 28694.8146 29425.4346 36129.7058 29451.0963 31685.4644 49319.9648 50909.9921 44168.6852 27877.4006 40639.8565 32576.3321 30735.7025 35733.0729 30920.4903 39806.9267 44226.7504 45435.3187 50800.2748 22404.0417 20620.8101 20950.8415 18575.4716 19023.9605 16788.4626 22012.6772 23659.8557 23597.2347 21478.9097 21979.2939 19239.5409 25191.0634 22367.2900 20517.8236 21813.5949 22456.3311 25574.6674 25405.7650 31273.0765 26230.4945 17124.2763 15714.2572 13610.0049 13276.0569 14521.9673 12636.8722 13436.2144 15760.5404 15601.8291 13801.4361 15992.8559 15782.3094 18752.8567 18119.6838 18406.2029 20731.5590 24454.7944 25281.6679 27439.1574 16929.9818 10455.7454 9622.3713 7473.5105 8544.3194 6151.8161 4469.5360 6060.2724 8212.5205 5524.6573 5809.9478 8679.4621 8169.7031 10163.1939 8619.0683 10689.8661 13192.3198 16926.9838 18752.8097 24268.1462 23861.0910 21170.3446 19592.5075 14207.8869 8817.0540 7973.9041 5298.4645 3619.8063 0.0000 3610.0084 3606.6034 6196.4103 5376.6941 4829.5460 6626.6779 7832.6829 7720.0171 9796.8717 10916.7768 12340.9770
50908.7539 48964.1352 28719.6749 28861.7677 34936.6157 28221.9829 30290.1239 47629.7807 49201.5654 42499.5616 26251.7361 38603.0636 30293.1230 28077.2712 32884.4099 27886.3628 36525.6648 40905.2410 41998.1670 47424.2532 23105.6093 21184.1942 20830.7506 17931.1373 18042.3079 15639.4539 20433.8397 21885.7684 21642.1336 19343.3317 19708.9307 16771.1955 22522.4665 19576.6182 17491.1684 18712.9030 19115.9619 22259.1960 22056.8005 27668.2853 27876.9089 17952.5318 16327.2298 14231.3334 12913.9105 13114.6021 10977.6789 11061.5646 13177.5590 12755.5530 10841.0711 12845.8009 12506.7122 15493.1260 14736.0515 14939.6902 17162.1350 20847.3563 21675.3603 23829.1824 19325.7608 12709.1001 9820.2749 8198.3676 8284.4279 6586.6572 4667.6994 4581.8600 5901.8763 2456.3298 2756.4935 5566.0357 4911.9255 6863.0527 5119.3133 7185.2032 9637.3868 13328.7785 15160.4202 20711.1285 27109.3032 24369.6962 22816.4128 17501.3803 11860.4819 11357.7548 8491.4079 6858.1016 3610.0084 0.0000 707.3181 2679.5426 1823.8762 3073.1585 3214.2113 4223.9222 4783.5376 6297.2573 7568.4227 9012.8630
51616.0678 49671.3845 29416.7164 29569.0653 35632.0384 28917.5329 30977.7024 48294.5650 49864.6633 43166.9427 26927.5238 39238.6092 30903.1999 28629.7297 33394.1978 28352.3684 36902.2044 41262.7256 42295.7094 47753.8940 23764.9738 21851.2607 21529.7307 18638.2930 18747.5937 16342.4338 21116.0725 22553.7623 22295.1297 19980.5880 20329.8826 17369.3952 23078.2734 20111.9330 17972.3457 19169.9038 19480.8664 22631.3949 22413.6704 27789.8371 28449.4169 18596.7579 16985.1546 14884.6749 13614.5704 13811.8184 11666.9876 11687.9373 13766.0341 13294.3551 11360.0667 13301.9824 12915.8646 15900.2713 15087.6147 15240.4218 17362.8596 20960.4350 21725.0565 23908.9924 19772.7189 13163.7979 10489.0136 8816.6657 8971.7493 7214.0694 5280.6820 5289.0402 6565.2706 3066.4389 3358.3635 6084.3421 5388.3648 7294.9405 5449.8410 7488.6859 9874.7797 13483.1075 15171.9621 20664.5986 27339.1069 24616.6821 23053.2101 17706.1837 12138.6118 11514.0879 8707.7174 7046.0488 3606.6034 707.3181 0.0000 3055.1564 1817.2487 2374.9655 3023.8699 4378.1653 4354.3514 6190.2738 7348.3138 8784.3176
49806.6912 47890.6595 28100.8355 27816.7958 33412.4751 26716.6071 28656.9555 45740.7721 47298.0193 40636.2892 24493.0968 36524.8588 28094.7948 25674.6955 30377.2402 25304.9804 33861.0726 38232.9131 39319.5120 44745.7284 23058.5220 21067.2748 20214.4614 16990.5990 16850.1946 14384.5774 18768.5707 20067.5605 19704.3598 17309.5016 17582.3276 14546.8412 20134.2056 17134.7644 14936.0690 16120.3065 16445.1375 19591.7687 19383.4247 25113.4448 28488.2243 18104.1221 16365.9142 14352.2567 12361.5570 11749.1468 9512.2131 9019.2344 10927.9458 10336.1891 8375.0924 10253.9926 9861.6731 12846.7765 12060.2840 12261.9931 14535.7594 18311.5830 19232.6176 21335.0994 20631.5530 14065.9456 9896.4149 8817.0108 8176.2486 7240.3963 5626.1248 4234.6060 4331.1436 1337.8564 1352.6521 3150.9282 2389.6980 4242.9097 2441.5808 4511.4362 6995.9155 10759.0894 12812.5762 18455.6123 29092.7619 26316.4721 24796.0720 19586.3110 13813.9646 13596.0394 10649.4379 9110.3495 6196.4103 2679.5426 3055.1564 0.0000 1661.8556 4653.2260 2430.6503 1866.2110 4462.1337 4489.5320 6047.5560 7442.0596
51316.6967 49392.0054 29440.7010 29300.5020 35019.1193 28316.7838 30281.4946 47398.0730 48956.2853 42291.4357 26134.6076 38186.1094 29749.0953 27287.0858 31939.2129 26812.3498 35223.3127 39561.1883 40540.0430 46023.7953 24154.1355 22190.8292 21542.5750 18426.6791 18363.3535 15909.9358 20393.1456 21714.5201 21361.9413 18970.9054 19243.2788 16202.3088 21754.3069 18738.3318 16478.4685 17626.2598 17799.7263 20955.4860 20720.2030 25972.5895 29260.0929 19095.5459 17405.9031 15345.3958 13640.3097 13296.6814 11076.6410 10678.4031 12583.1969 11958.1422 9985.4417 11775.3219 11309.9535 14281.7615 13398.1071 13499.8992 15560.4500 19143.2681 19917.6603 22095.1096 20971.7668 14357.2322 10882.4459 9515.0355 9229.4055 7896.2443 6073.6949 5297.4949 5875.3955 2432.0902 2625.6022 4804.0293 4024.9360 5776.9094 3801.7297 5777.7992 8097.4747 11669.5540 13376.8612 18902.0644 28922.1035 26177.3292 24627.7079 19321.2357 13660.9631 13181.5161 10311.9453 8681.8186 5376.6941 1823.8762 1817.2487 1661.8556 0.0000 2995.0596 1453.7163 2580.7100 3310.4201 4473.3922 5773.8422 7218.7602
53954.4627 52013.9488 31791.4510 31910.2037 37860.0839 31148.7259 33162.9047 50358.9825 51920.6025 45245.5877 29055.9106 41176.7052 32744.0296 30250.1823 34844.6554 29654.3464 37861.1758 42145.2691 42964.5876 48527.2680 26104.3290 24202.0162 23903.6044 20985.6250 21052.9489 18629.7139 23281.4768 24650.6535 24326.7014 21951.6143 22234.8943 19197.3684 24726.1511 21695.8544 19375.1799 20480.0843 20469.4855 23624.7649 23355.0650 27896.2122 30617.5069 20913.9825 19324.4970 17218.4052 15987.0690 16064.8818 13883.4757 13652.0511 15578.2565 14935.7378 12956.2796 14662.1258 14124.0616 17064.9244 16073.4755 16053.6024 17813.6815 21080.6888 21625.7081 23895.6144 21657.5977 15099.2086 12845.6822 11105.4098 11344.7501 9522.3144 7579.7502 7641.7841 8708.2587 5159.5994 5416.8240 7799.0889 7017.4418 8709.3968 6670.4411 8505.8835 10590.2322 13836.0437 15017.4677 20251.1668 28605.8931 25943.5502 24357.6179 18951.9978 13646.0281 12700.9260 10122.9980 8447.2569 4829.5460 3073.1585 2374.9655 4653.2260 2995.0596 0.0000 3151.8905 5217.5576 3189.4539 5989.2671 6657.7927 7984.3289
52197.2561 50286.5902 30530.7090 30224.4932 35698.2384 29017.6539 30905.2722 47831.5756 49377.8983 42748.5018 26690.8117 38485.8207 29961.8743 27294.3354 31792.1371 26553.2977 34709.2859 38995.7068 39842.2230 45388.7445 25418.6472 23438.9164 22642.8917 19415.6644 19247.3448 16776.3882 21026.4518 22247.2462 21814.4306 19364.8632 19561.4248 16457.3761 21802.0913 18739.0942 16329.3126 17394.7734 17320.3921 20474.9385 20203.3848 24966.8961 30654.7749 20408.8628 18695.6173 16654.9787 14779.7657 14128.5391 11881.8095 11151.4378 12856.0702 12062.8610 10072.4232 11619.0044 11026.3210 13945.7586 12926.9616 12902.8488 14728.4786 18136.0395 18808.2518 21028.2897 22424.8848 15810.7339 12188.7620 10912.7070 10501.1103 9298.8455 7505.8444 6544.8130 6736.6057 3596.2631 3710.8596 5199.5561 4384.4284 5786.1600 3709.5278 5395.5423 7440.2277 10772.8808 12223.8483 17663.1274 30318.0505 27581.9506 26026.5991 20700.4037 15074.6786 14527.9118 11691.8036 10044.0710 6626.6779 3214.2113 3023.8699 2430.6503 1453.7163 3151.8905 0.0000 2143.7256 2035.0064 3179.1488 4355.2271 5799.1317
50512.6894 48619.6857 29170.2673 28617.7520 33828.5998 27175.1397 28996.9815 45794.3760 47334.5179 40725.0585 24739.5976 36395.9572 27848.7790 25151.2683 29656.9952 24439.3811 32703.5735 37022.1445 37966.8846 43464.1335 24444.9177 22431.4393 21327.0352 17935.8811 17626.4091 15148.7516 19144.4054 20288.0622 19806.7483 17330.5514 17491.9240 14368.8341 19662.4177 16596.5691 14191.0273 15270.6087 15288.7906 18446.0217 18194.7427 23445.5004 30118.1499 19601.2710 17829.1938 15865.8850 13596.1815 12481.0898 10229.4053 9200.8558 10783.9370 9939.3057 7949.6797 9479.0447 8908.5598 11847.8370 10886.5109 10941.2163 12984.8753 16623.5022 17470.2423 19609.4543 22451.0932 15903.9139 11451.3178 10550.7104 9701.4804 9005.9675 7464.4120 5856.2164 5309.6094 3148.3751 3076.6633 3338.3580 2560.3766 3668.7135 1604.4994 3289.3480 5519.7243 9114.3275 10998.4221 16616.5026 30955.3505 28180.6516 26658.2905 21436.9722 15674.2038 15413.2775 12479.1879 10914.7439 7832.6829 4223.9222 4378.1653 1866.2110 2580.7100 5217.5576 2143.7256 0.0000 3752.6574 2730.9946 4360.2119 5695.9867
54167.7136 52263.2201 32562.7768 32216.9173 37569.4590 30906.6007 32746.0137 49522.4383 51058.2884 44461.3061 28492.2502 40072.5117 31483.7663 28622.5990 32939.8327 27585.6576 35382.6746 39585.5651 40230.3150 45863.8250 27432.4873 25458.2694 24676.4505 21431.8134 21231.6256 18756.9537 22886.3821 24040.6942 23552.4863 21066.8264 21203.3500 18062.5029 23191.3489 20097.2129 17547.9550 18511.6798 18128.3673 21255.2385 20935.7851 24863.5615 32558.6991 22397.5783 20697.4699 18645.4742 16814.6261 16100.3408 13848.8317 12952.2457 14501.2585 13576.4819 11598.9091 12886.9823 12165.5926 14975.6640 13801.5992 13605.0303 15033.0611 18076.6933 18528.0485 20823.3205 24105.8712 17490.4959 14180.0132 12816.9622 12508.4040 11196.6092 9345.4275 8556.7981 8741.9132 5618.0260 5743.0228 7048.9070 6243.9073 7365.4275 5344.1410 6636.4881 8216.6565 11041.0926 11927.8281 17077.6395 31580.3959 28882.7520 27308.3678 21927.8761 16453.0743 15690.7738 12979.1549 11301.5815 7720.0171 4783.5376 4354.3514 4462.1337 3310.4201 3189.4539 2035.0064 3752.6574 0.0000 3130.3582 3488.5796 4794.8960
52589.8683 50722.0124 31603.2238 30827.2277 35636.4223 29055.0939 30740.4452 47143.2198 48658.3291 42130.8450 26402.7113 37539.3224 28881.1558 25814.2724 29983.8181 24572.3656 32258.2740 36455.5011 37113.3420 42737.3942 27089.5345 25067.1196 23810.7218 20311.2546 19867.3141 17401.1839 20993.5350 21958.5642 21347.9137 18808.4958 18832.9952 15660.6189 20463.1813 17353.5569 14692.0642 15573.8023 15043.1832 18157.0487 17826.9817 21909.3407 32845.8045 22298.0728 20515.4143 18571.4539 16185.9867 14739.4250 12514.8051 11052.5555 12223.0217 11101.4411 9193.0155 10126.7965 9300.9811 12003.5742 10756.7967 10502.8427 11918.0142 15091.5448 15677.3293 17925.0134 25119.5215 18545.1977 14171.8354 13271.5399 12418.4995 11714.2711 10110.6549 8587.1300 7882.9096 5820.5036 5781.8079 5660.2969 5006.9281 5296.8061 3729.0197 4117.8811 5189.5268 7925.1837 9076.6176 14484.0026 33375.1128 30621.0361 29078.6363 23788.2907 18098.8695 17654.5549 14781.3151 13155.1252 9796.8717 6297.2573 6190.2738 4489.5320 4473.3922 5989.2671 3179.1488 2730.9946 3130.3582 0.0000 1654.6198 2966.8987
54072.1929 52214.9705 33216.6527 32369.8825 37017.3547 30474.0877 32100.1265 48302.8428 49804.4053 43322.9239 27735.9699 38610.4830 29916.6468 26673.8179 30647.3716 25151.9424 32465.2907 36575.0432 37049.4367 42742.1398 28743.9266 26721.1255 25439.7322 21914.5358 21431.3425 18972.6738 22416.0918 23306.4681 22643.3840 20087.7764 20052.9620 16879.9367 21420.3407 18312.1442 15551.8712 16320.1878 15492.2660 18542.0409 18168.5180 21439.1812 34476.4035 23948.5048 22167.8607 20219.0725 17836.6273 16318.0227 14106.4355 12523.8310 13534.8976 12317.5452 10476.0304 11139.1043 10216.3121 12729.9607 11358.4629 10934.0941 11907.6343 14687.5705 15062.8045 17373.2983 26635.8373 20041.4429 15811.2299 14860.6901 14060.2624 13287.9516 11631.4614 10205.6105 9535.4215 7385.3714 7369.8533 7292.3384 6655.7787 6806.4469 5366.2897 5488.3061 5977.8644 7968.6999 8478.3737 13593.9030 34672.3562 31937.1775 30381.4752 25049.9383 19428.3371 18861.6668 16043.6940 14390.4476 10916.7768 7568.4227 7348.3138 6047.5560 5773.8422 6657.7927 4355.2271 4360.2119 3488.5796 1654.6198 0.0000 1445.0806
54814.8033 52976.1074 34232.1303 33231.7414 37617.8741 31137.1826 32677.3673 48610.4618 50094.9788 43673.4347 28285.2511 38826.6005 30108.1326 26689.8709 30462.8841 24905.0324 31879.0287 35912.3326 36246.6937 41984.0299 29943.7520 27913.6227 26506.5326 22915.4349 22348.9871 19910.3401 23100.2282 23885.5070 23156.7299 20589.9879 20483.6894 17325.9603 21555.0065 18464.2730 15624.0433 16275.5829 15181.8589 18152.7720 17744.2230 20385.6813 35799.3377 25212.6074 23419.3647 21497.9208 19003.0305 17277.1452 15100.0065 13322.0146 14115.0840 12797.0965 11055.1330 11416.1310 10412.4462 12703.4327 11236.7071 10666.8234 11252.1070 13708.3811 13941.6033 16281.3195 28056.2952 21468.0286 17117.8530 16237.6720 15361.5470 14676.7323 13047.4575 11551.7541 10733.2214 8777.5099 8746.4087 8420.7341 7846.5288 7728.7642 6530.7876 6285.0567 6197.6096 7442.7386 7433.2013 12318.8571 36114.4351 33380.7788 31824.2113 26489.1092 20873.0645 20294.7644 17484.5368 15828.9906 12340.9770 9012.8630 8784.3176 7442.0596 7218.7602 7984.3289 5799.1317 5695.9867 4794.8960 2966.8987 1445.0806 0.0000
Demand Matrix W for 100 nodes
0.1228 0.1925 0.4392 0.4238 0.0400 0.3970 0.5986 0.2236 0.2277 0.6567 0.5568 0.0400 0.2638 0.1344 0.0775 0.2081 0.1603 0.0400 0.0400 0.2103 0.1117 0.1039 0.3006 0.2508 0.4687 0.0726 0.1788 0.7466 0.1073 0.1091 0.1609 0.1150 0.1113 0.0548 0.0828 0.1598 0.0718 0.0941 0.0400 0.0793 0.0400 0.1391 0.1094 0.0648 0.1498 0.0845 0.0926 0.1024 0.1432 0.0837 0.1810 0.0400 0.1283 0.0657 0.0916 0.0612 0.1649 0.0525 0.0495 0.0795 0.0483 0.1224 0.1965 0.1158 0.1339 0.2326 0.3279 0.0836 0.0679 1.2000 0.0400 0.1058 0.0526 0.1371 0.1012 0.0565 0.0910 0.1006 0.0853 0.1670 0.0650 0.0525 0.0898 0.0861 0.1762 0.0632 0.1114 0.1729 0.0569 0.0803 0.0685 0.1558 0.0717 0.1062 0.0449 0.0475 0.1296 0.0606 0.0955 0.0648
0.0849 0.1268 0.2889 0.2688 0.0400 0.2489 0.3801 0.1472 0.1499 0.4183 0.3548 0.0400 0.1736 0.0918 0.0581 0.1370 0.1071 0.0400 0.0400 0.1326 0.0784 0.0737 0.1876 0.1651 0.2948 0.0552 0.1140 0.4884 0.0757 0.0727 0.1034 0.0803 0.0740 0.0447 0.0612 0.1027 0.0548 0.0639 0.0400 0.0551 0.0400 0.0905 0.0770 0.0506 0.0968 0.0623 0.0670 0.0688 0.0929 0.0618 0.1153 0.0400 0.0882 0.0511 0.0624 0.0444 0.1139 0.0433 0.0415 0.0593 0.0408 0.0847 0.1245 0.0848 0.0874 0.1480 0.2135 0.0576 0.0490 0.7881 0.0400 0.0790 0.0434 0.1016 0.0885 0.0420 0.0620 0.0759 0.0587 0.1111 0.0507 0.0433 0.0654 0.0591 0.1124 0.0497 0.0781 0.1105 0.0459 0.0557 0.0528 0.1085 0.0506 0.0710 0.0400 0.0400 0.0890 0.0440 0.0647 0.0475
0.0660 0.0932 0.1890 0.1769 0.0400 0.1665 0.2448 0.1052 0.1068 0.2674 0.2286 0.0400 0.1209 0.0706 0.0484 0.0992 0.0806 0.0400 0.0400 0.0940 0.0617 0.0587 0.1290 0.1158 0.1944 0.0466 0.0817 0.3146 0.0600 0.0546 0.0747 0.0630 0.0555 0.0400 0.0505 0.0743 0.0462 0.0488 0.0400 0.0430 0.0400 0.0663 0.0609 0.0435 0.0704 0.0512 0.0543 0.0520 0.0679 0.0509 0.0826 0.0400 0.0682 0.0439 0.0492 0.0400 0.0885 0.0400 0.0400 0.0493 0.0400 0.0659 0.0886 0.0716 0.0642 0.1027 0.1519 0.0471 0.0425 0.4908 0.0400 0.0656 0.0400 0.0859 0.0821 0.0400 0.0503 0.0635 0.0486 0.0833 0.0436 0.0400 0.0532 0.0457 0.0807 0.0429 0.0616 0.0794 0.0405 0.0462 0.0449 0.0850 0.0426 0.0535 0.0400 0.0400 0.0713 0.0400 0.0493 0.0415
0.2642 0.4479 1.0974 1.0631 0.0400 0.9926 1.5233 0.5298 0.5405 1.6764 1.4134 0.0400 0.6357 0.2949 0.1450 0.4889 0.3631 0.0428 0.0400 0.5011 0.2351 0.2145 0.7387 0.6013 1.1813 0.1322 0.4181 1.8803 0.2235 0.2346 0.3709 0.2510 0.2416 0.0872 0.1589 0.3693 0.1301 0.1960 0.0400 0.1574 0.0400 0.3137 0.2395 0.1115 0.3417 0.1635 0.1848 0.2178 0.3245 0.1615 0.4239 0.0400 0.2787 0.1140 0.1912 0.1150 0.3488 0.0818 0.0749 0.1521 0.0722 0.2658 0.4648 0.2361 0.3004 0.5614 0.7779 0.1710 0.1310 3.1133 0.0400 0.1941 0.0835 0.2543 0.1421 0.1041 0.1907 0.1804 0.1762 0.3808 0.1122 0.0818 0.1775 0.1746 0.4112 0.1075 0.2342 0.4025 0.0940 0.1628 0.1213 0.3373 0.1399 0.2270 0.0643 0.0833 0.2671 0.1135 0.1989 0.1233
0.0400 0.0400 0.0400 0.0400 0.0400 0.0400 0.0400 0.0400 0.0400 0.0400 0.0400 0.0400 0.0400 0.0400 0.0400 0.0400 0.0400 0.0400 0.0400 0.0400 0.0400 0.0400 0.0400 0.0400 0.0400 0.0400 0.0400 0.0600 0.0400 0.0400 0.0400 0.0400 0.0400 0.0400 0.0400 0.0400 0.0400 0.0400 0.0400 0.0400 0.0400 0.0400 0.0400 0.0400 0.0400 0.0400 0.0400 0.0400 0.0400 0.0400 0.0400 0.0400 0.0400 0.0400 0.0400 0.0400 0.0600 0.0400 0.0400 0.0400 0.0400 0.0400 0.0400 0.0600 0.0400 0.0400 0.0600 0.0400 0.0400 0.0400 0.0400 0.0600 0.0400 0.0800 0.0800 0.0400 0.0400 0.0600 0.0400 0.0400 0.0400 0.0400 0.0400 0.0400 0.0400 0.0400 0.0400 0.0400 0.0400 0.0400 0.0400 0.0600 0.0400 0.0400 0.0400 0.0400 0.0600 0.0400 0.0400 0.0400
0.1715 0.2855 0.6884 0.6596 0.0400 0.6158 0.9450 0.3363 0.3429 1.0400 0.8769 0.0400 0.4019 0.1905 0.0979 0.3109 0.2329 0.0400 0.0400 0.3112 0.1534 0.1406 0.4583 0.3806 0.7329 0.0910 0.2594 1.1741 0.1462 0.1494 0.2301 0.1595 0.1537 0.0655 0.1062 0.2329 0.0898 0.1260 0.0400 0.1048 0.0400 0.1946 0.1524 0.0797 0.2144 0.1090 0.1222 0.1389 0.2022 0.1078 0.2659 0.0400 0.1805 0.0811 0.1224 0.0790 0.2256 0.0622 0.0579 0.1009 0.0562 0.1709 0.2900 0.1541 0.1902 0.3521 0.4902 0.1110 0.0886 1.9352 0.0400 0.1342 0.0624 0.1746 0.1146 0.0722 0.1221 0.1267 0.1134 0.2438 0.0801 0.0622 0.1177 0.1146 0.2551 0.0775 0.1529 0.2497 0.0685 0.1063 0.0851 0.2162 0.0940 0.1434 0.0513 0.0593 0.1733 0.0780 0.1280 0.0841
1.1516 2.0027 5.0118 4.9257 0.0400 4.5990 7.0578 2.3820 2.4316 7.7671 6.5486 0.0400 2.8724 1.2934 0.5990 2.1927 1.6099 0.0875 0.0400 2.3218 1.0166 0.9211 3.4226 2.7132 5.4734 0.5447 1.9371 8.6391 0.9627 1.0867 1.7185 1.1281 1.1136 0.3227 0.6636 1.7056 0.5302 0.9038 0.0664 0.7234 0.0400 1.4535 1.0770 0.4440 1.5832 0.6850 0.7882 1.0052 1.5036 0.6902 1.9642 0.0498 1.2260 0.4763 0.8732 0.5030 1.5444 0.2942 0.2576 0.6661 0.2434 1.1936 2.1533 1.0472 1.3890 2.5932 3.5316 0.7759 0.5848 14.3947 0.0413 0.8230 0.3362 1.0829 0.4636 0.4450 0.8659 0.7593 0.7967 1.7215 0.4473 0.2943 0.7497 0.8064 1.9050 0.4253 1.0125 1.8647 0.3915 0.7363 0.4894 1.5311 0.6311 1.0518 0.2014 0.3352 1.2154 0.4949 0.9214 0.5468
0.2152 0.3642 0.9179 0.8763 0.0400 0.8105 1.2695 0.4166 0.4878 1.3562 1.1779 0.0567 0.5331 0.2491 0.1248 0.4108 0.3475 0.0411 0.0483 0.4001 0.1993 0.1821 0.6156 0.5044 0.9845 0.1151 0.3484 1.5704 0.1896 0.1995 0.3091 0.2114 0.2051 0.0799 0.1358 0.2992 0.1200 0.1679 0.0400 0.1541 0.0400 0.2614 0.2019 0.0994 0.2874 0.1396 0.1573 0.1853 0.2715 0.1379 0.3564 0.1300 0.2262 0.1136 0.1629 0.1023 0.3064 0.0749 0.0689 0.1290 0.0666 0.2236 0.3892 0.2024 0.2542 0.4714 0.6516 0.1470 0.1157 2.5971 0.0400 0.1714 0.0751 0.2240 0.1323 0.0928 0.1617 0.1610 0.1504 0.3218 0.0999 0.0749 0.1512 0.1520 0.3427 0.0964 0.1985 0.3354 0.0841 0.1405 0.1068 0.2868 0.1233 0.1922 0.0597 0.0749 0.2294 0.1010 0.1708 0.1095
0.1223 0.1918 0.4373 0.4219 0.0400 0.3952 0.5958 0.2227 0.2268 0.6537 0.5543 0.0400 0.2627 0.1339 0.0772 0.2073 0.1597 0.0400 0.0400 0.2094 0.1113 0.1035 0.2992 0.2497 0.4666 0.0724 0.1780 0.7432 0.1069 0.1087 0.1602 0.1146 0.1109 0.0547 0.0825 0.1592 0.0716 0.0937 0.0400 0.0790 0.0400 0.1386 0.1090 0.0646 0.1492 0.0843 0.0923 0.1020 0.1427 0.0835 0.1802 0.0400 0.1278 0.0655 0.0912 0.0610 0.1643 0.0524 0.0494 0.0793 0.0482 0.1220 0.1957 0.1154 0.1333 0.2316 0.3265 0.0833 0.0677 1.1983 0.0400 0.1055 0.0525 0.1367 0.1011 0.0563 0.0906 0.1003 0.0850 0.1664 0.0649 0.0524 0.0895 0.0858 0.1754 0.0631 0.1110 0.1721 0.0568 0.0801 0.0683 0.1552 0.0715 0.1058 0.0448 0.0473 0.1291 0.0604 0.0952 0.0646
0.2404 0.4062 0.9924 0.9595 0.0400 0.8959 1.3748 0.4801 0.4898 1.5130 1.2756 0.0400 0.5756 0.2681 0.1328 0.4432 0.3297 0.0400 0.0400 0.4523 0.2141 0.1955 0.6667 0.5446 1.0662 0.1212 0.3773 1.6989 0.2036 0.2117 0.3347 0.2237 0.2169 0.0790 0.1454 0.3322 0.1194 0.1760 0.0400 0.1409 0.0400 0.2831 0.2125 0.1026 0.3084 0.1495 0.1687 0.1958 0.2929 0.1477 0.3826 0.0400 0.2535 0.1048 0.1701 0.0980 0.3167 0.0734 0.0663 0.1377 0.0635 0.2395 0.4194 0.2057 0.2706 0.5051 0.7040 0.1511 0.1139 2.8051 0.0400 0.1764 0.0737 0.2270 0.1341 0.0867 0.1687 0.1640 0.1552 0.3456 0.1032 0.0734 0.1621 0.1571 0.3711 0.0989 0.2133 0.3632 0.0839 0.1434 0.1114 0.3003 0.1229 0.2049 0.0553 0.0667 0.2367 0.0964 0.1795 0.1065
0.2813 0.4779 1.1729 1.1376 0.0400 1.0622 1.6301 0.5655 0.5770 1.7939 1.5125 0.0400 0.6788 0.3141 0.1537 0.5218 0.3872 0.0427 0.0400 0.5362 0.2502 0.2281 0.7905 0.6420 1.2642 0.1401 0.4474 2.0107 0.2377 0.2510 0.3969 0.2667 0.2572 0.0899 0.1686 0.3939 0.1378 0.2087 0.0400 0.1671 0.0400 0.3357 0.2542 0.1179 0.3656 0.1736 0.1963 0.2322 0.3473 0.1714 0.4537 0.0400 0.2969 0.1206 0.2017 0.1169 0.3718 0.0833 0.0749 0.1612 0.0722 0.2828 0.4973 0.2466 0.3208 0.5989 0.8310 0.1792 0.1369 3.3290 0.0400 0.2054 0.0851 0.2655 0.1479 0.1045 0.2003 0.1907 0.1850 0.4061 0.1187 0.0833 0.1885 0.1862 0.4400 0.1136 0.2492 0.4307 0.0977 0.1704 0.1284 0.3586 0.1458 0.2429 0.0642 0.0833 0.2809 0.1153 0.2128 0.1284
0.0400 0.0400 0.0433 0.0400 0.0400 0.0400 0.0408 0.0400 0.0400 0.0423 0.0435 0.0400 0.0400 0.0400 0.0400 0.0400 0.0400 0.0400 0.0400 0.0400 0.0400 0.0400 0.0400 0.0400 0.0400 0.0400 0.0400 0.0700 0.0400 0.0400 0.0400 0.0400 0.0400 0.0400 0.0400 0.0400 0.0400 0.0400 0.0400 0.0400 0.0400 0.0400 0.0400 0.0400 0.0400 0.0400 0.0400 0.0400 0.0400 0.0400 0.0400 0.0400 0.0400 0.0400 0.0400 0.0400 0.0600 0.0400 0.0400 0.0400 0.0400 0.0400 0.0400 0.0600 0.0400 0.0400 0.0600 0.0400 0.0400 0.0679 0.0400 0.0600 0.0400 0.0800 0.0800 0.0400 0.0400 0.0600 0.0400 0.0400 0.0400 0.0400 0.0400 0.0400 0.0400 0.0400 0.0400 0.0400 0.0400 0.0400 0.0400 0.0600 0.0400 0.0400 0.0400 0.0400 0.0600 0.0400 0.0400 0.0400
0.1680 0.2793 0.6728 0.6442 0.0400 0.6014 0.9230 0.3289 0.3354 1.0157 0.8564 0.0400 2.5415 1.1457 0.5318 1.9407 1.4255 0.0797 0.0400 2.0524 0.3223 0.2933 0.4476 0.3722 0.7158 0.1777 0.2533 1.1472 0.8534 0.9607 1.5192 0.9973 0.9844 0.2876 0.5889 1.5078 0.3865 0.6493 0.0533 0.5197 0.0400 0.4409 0.3267 0.1486 0.4802 0.2217 0.2516 0.8320 1.3291 0.6088 1.7364 0.0444 1.0822 0.4210 0.7273 0.3614 1.1143 0.2170 0.1907 0.4785 0.0878 0.3642 0.6532 0.3176 0.4213 0.7866 1.0852 0.3342 0.4201 5.3276 0.0400 0.5969 0.2515 0.7836 0.3416 0.3197 0.6221 0.5511 0.5724 1.2368 0.1496 0.1032 0.2413 0.2446 0.5779 0.1429 0.3210 0.5656 0.1534 0.2952 0.2082 0.7453 0.2531 0.4218 0.0927 0.2408 0.8732 0.3556 0.6620 0.3928
0.0523 0.0691 0.1285 0.1172 0.0400 0.1107 0.1592 0.0766 0.0776 0.1732 0.1492 0.0400 0.4174 0.1998 0.1072 0.3227 0.2420 0.0400 0.0400 0.3300 0.0756 0.0712 0.0875 0.0831 0.1280 0.0538 0.0582 0.2100 0.1557 0.1649 0.2491 0.1704 0.1685 0.0704 0.1158 0.2474 0.0853 0.1179 0.0400 0.0984 0.0400 0.0865 0.0743 0.0494 0.0924 0.0604 0.0649 0.1455 0.2205 0.1174 0.2819 0.0400 0.1898 0.0881 0.1297 0.0745 0.2051 0.0597 0.0558 0.0955 0.0402 0.0816 0.1185 0.0823 0.0835 0.1386 0.2007 0.0704 0.0834 0.8489 0.0400 0.1270 0.0599 0.1652 0.1113 0.0682 0.1138 0.1201 0.1063 0.2112 0.0495 0.0425 0.0634 0.0569 0.1071 0.0485 0.0754 0.1053 0.0499 0.0645 0.0584 0.1452 0.0582 0.0836 0.0410 0.0563 0.1617 0.0736 0.1198 0.0793
0.0400 0.0428 0.0622 0.0539 0.0400 0.0496 0.0655 0.0452 0.0455 0.0700 0.0626 0.0400 0.1542 0.0854 0.0552 0.1246 0.0992 0.0400 0.0400 0.1211 0.0449 0.0435 0.0439 0.0474 0.0553 0.0400 0.0400 0.0985 0.0711 0.0673 0.0948 0.0752 0.0685 0.0432 0.0580 0.0943 0.0481 0.0520 0.0400 0.0456 0.0400 0.0418 0.0445 0.0400 0.0468 0.0400 0.0414 0.0610 0.0855 0.0585 0.1055 0.0400 0.0822 0.0490 0.0563 0.0400 0.0939 0.0400 0.0400 0.0514 0.0400 0.0468 0.0547 0.0601 0.0455 0.0641 0.0925 0.0400 0.0439 0.2877 0.0400 0.0684 0.0400 0.0882 0.0835 0.0400 0.0525 0.0662 0.0506 0.0892 0.0400 0.0400 0.0409 0.0400 0.0485 0.0400 0.0448 0.0479 0.0400 0.0400 0.0400 0.0744 0.0400 0.0408 0.0400 0.0400 0.0748 0.0400 0.0526 0.0427
0.1268 0.1995 0.4568 0.4412 0.0400 0.4133 0.6235 0.2320 0.2362 0.6842 0.5800 0.0400 1.6788 0.7661 0.3647 1.2859 0.9490 0.0690 0.0400 1.3621 0.2277 0.2087 0.3127 0.2603 0.4880 0.1331 0.1856 0.7770 0.5749 0.6482 1.0133 0.6721 0.6637 0.2050 0.4020 1.0059 0.2697 0.4446 0.0518 0.3598 0.0400 0.3083 0.2336 0.1141 0.3340 0.1619 0.1815 0.5640 0.8891 0.4181 1.1554 0.0454 0.7263 0.2953 0.4956 0.2563 0.7556 0.1588 0.1416 0.3329 0.0743 0.2567 0.4471 0.2377 0.2955 0.5343 0.7365 0.2386 0.2947 3.5036 0.0400 0.4172 0.1845 0.5493 0.2572 0.2291 0.4268 0.3873 0.3943 0.8287 0.1148 0.0844 0.1747 0.1799 0.3979 0.1104 0.2268 0.3899 0.1186 0.2130 0.1531 0.5173 0.1855 0.2958 0.0776 0.1775 0.6010 0.2525 0.4528 0.2769
0.0686 0.0977 0.2003 0.1881 0.0400 0.1769 0.2608 0.1106 0.1123 0.2851 0.2435 0.0400 0.6880 0.3237 0.1636 0.5312 0.3967 0.0456 0.0400 0.5556 0.1089 0.1013 0.1368 0.1219 0.2068 0.0711 0.0861 0.3341 0.2475 0.2707 0.4164 0.2802 0.2769 0.0998 0.1785 0.4134 0.1256 0.1894 0.0400 0.1556 0.0400 0.1350 0.1067 0.0635 0.1453 0.0826 0.0904 0.2371 0.3668 0.1812 0.4731 0.0400 0.3065 0.1305 0.2098 0.1143 0.3256 0.0814 0.0746 0.1449 0.0477 0.1192 0.1905 0.1131 0.1299 0.2253 0.3180 0.1072 0.1296 1.4102 0.0400 0.1905 0.0856 0.2492 0.1414 0.1034 0.1823 0.1786 0.1694 0.3434 0.0638 0.0517 0.0878 0.0838 0.1708 0.0621 0.1085 0.1676 0.0644 0.0970 0.0791 0.2245 0.0860 0.1300 0.0490 0.0828 0.2579 0.1128 0.1927 0.1225
0.0431 0.0529 0.0877 0.0769 0.0400 0.0732 0.1016 0.0573 0.0579 0.1098 0.0957 0.0400 0.2529 0.1295 0.0752 0.1998 0.1542 0.0400 0.0400 0.2014 0.0567 0.0541 0.0595 0.0611 0.0833 0.0439 0.0449 0.1396 0.1037 0.1049 0.1543 0.1110 0.1070 0.0537 0.0803 0.1532 0.0624 0.0774 0.0400 0.0659 0.0400 0.0590 0.0560 0.0414 0.0624 0.0478 0.0505 0.0935 0.1375 0.0812 0.1734 0.0400 0.1236 0.0640 0.0843 0.0519 0.1367 0.0474 0.0451 0.0684 0.0400 0.0602 0.0777 0.0682 0.0578 0.0912 0.1341 0.0495 0.0571 0.4923 0.0400 0.0910 0.0475 0.1175 0.0942 0.0482 0.0750 0.0869 0.0706 0.1361 0.0415 0.0400 0.0496 0.0422 0.0711 0.0409 0.0566 0.0700 0.0416 0.0480 0.0466 0.1017 0.0440 0.0573 0.0400 0.0431 0.1072 0.0514 0.0785 0.0547
0.0400 0.0400 0.0400 0.0400 0.0400 0.0400 0.0400 0.0400 0.0400 0.0400 0.0400 0.0400 0.0608 0.0413 0.0400 0.0511 0.0442 0.0400 0.0400 0.0455 0.0400 0.0400 0.0400 0.0400 0.0400 0.0400 0.0400 0.0600 0.0400 0.0400 0.0400 0.0400 0.0400 0.0400 0.0400 0.0422 0.0400 0.0400 0.0400 0.0400 0.0400 0.0400 0.0400 0.0400 0.0400 0.0400 0.0400 0.0400 0.0400 0.0400 0.0437 0.0400 0.0407 0.0400 0.0400 0.0400 0.0600 0.0400 0.0400 0.0400 0.0400 0.0400 0.0400 0.0600 0.0400 0.0400 0.0600 0.0400 0.0400 0.1047 0.0400 0.0600 0.0400 0.0800 0.0800 0.0400 0.0400 0.0600 0.0400 0.0421 0.0400 0.0400 0.0400 0.0400 0.0400 0.0400 0.0400 0.0400 0.0400 0.0400 0.0400 0.0600 0.0400 0.0400 0.0400 0.0400 0.0600 0.0400 0.0400 0.0400
0.1381 0.2270 0.5412 0.5143 0.0400 0.4802 0.7369 0.2666 0.2718 0.8109 0.6837 0.0400 2.0331 0.9187 0.4286 1.5534 1.1421 0.0677 0.0400 1.6386 0.2614 0.2382 0.3573 0.3012 0.5715 0.1459 0.2022 0.9199 0.6853 0.7669 1.2128 0.7962 0.7859 0.2337 0.4742 1.2037 0.3126 0.5184 0.0488 0.4149 0.0400 0.3520 0.2632 0.1227 0.3834 0.1810 0.2049 0.6642 1.0612 0.4893 1.3863 0.0433 0.8676 0.3377 0.5806 0.2885 0.8937 0.1773 0.1563 0.3820 0.0741 0.2943 0.5215 0.2549 0.3364 0.6280 0.8704 0.2668 0.3354 4.2533 0.0400 0.4806 0.2008 0.6296 0.2843 0.2552 0.4967 0.4440 0.4570 0.9891 0.1235 0.0864 0.1967 0.1953 0.4613 0.1182 0.2603 0.4516 0.1260 0.2357 0.1703 0.5950 0.2020 0.3367 0.0781 0.1922 0.6971 0.2839 0.5285 0.3136
0.0714 0.1025 0.2126 0.2002 0.0400 0.1882 0.2782 0.1164 0.1182 0.3041 0.2596 0.0400 0.2863 0.1444 0.0820 0.2252 0.1728 0.0400 0.0400 0.2286 0.3830 0.3491 0.1452 0.1285 0.2202 0.2141 0.0909 0.3553 0.1147 0.1176 0.1744 0.1232 0.1200 0.0572 0.0878 0.1732 0.1351 0.2062 0.0400 0.1690 0.0400 0.5348 0.4014 0.1802 0.5807 0.2655 0.3004 0.1500 0.1551 0.0889 0.1965 0.0400 0.1377 0.0691 0.1298 0.1236 0.3538 0.0865 0.0790 0.1572 0.1091 0.4427 0.7826 0.4009 0.5119 0.9384 1.2837 0.2595 0.1405 4.5052 0.0400 0.2054 0.0868 0.2690 0.1484 0.1117 0.1984 0.1923 0.1841 0.3747 0.1813 0.1272 0.2884 0.3056 0.6947 0.1736 0.3815 0.6804 0.1375 0.2334 0.1660 0.4390 0.2029 0.3248 0.0826 0.0890 0.2804 0.1220 0.2098 0.1327
0.0488 0.0630 0.1131 0.1020 0.0400 0.0965 0.1375 0.0693 0.0701 0.1493 0.1290 0.0400 0.1466 0.0820 0.0537 0.1188 0.0950 0.0400 0.0400 0.1149 0.1906 0.1752 0.0770 0.0748 0.1111 0.1138 0.0522 0.1835 0.0685 0.0644 0.0902 0.0724 0.0655 0.0424 0.0563 0.0897 0.0778 0.1047 0.0400 0.0878 0.0400 0.2542 0.1935 0.0983 0.2751 0.1372 0.1530 0.0792 0.0814 0.0568 0.1003 0.0400 0.0790 0.0478 0.0699 0.0671 0.1828 0.0557 0.0523 0.0867 0.0660 0.2123 0.3670 0.1988 0.2438 0.4379 0.6059 0.1290 0.0748 2.0608 0.0400 0.1153 0.0559 0.1496 0.1057 0.0617 0.1012 0.1093 0.0947 0.1867 0.0989 0.0742 0.1476 0.1499 0.3270 0.0953 0.1899 0.3205 0.0735 0.1171 0.0919 0.2161 0.1032 0.1587 0.0539 0.0514 0.1439 0.0664 0.1064 0.0713
0.1784 0.2976 0.7188 0.6896 0.0400 0.6438 0.9881 0.3507 0.3576 1.0874 0.9168 0.0400 0.4193 0.1983 0.1011 0.3242 0.2426 0.0400 0.0400 0.3250 0.1595 0.1461 0.4791 0.3970 0.7662 0.0928 0.2712 1.2267 0.1520 0.1521 0.2406 0.1652 0.1559 0.0629 0.1101 0.2388 0.0914 0.1265 0.0400 0.1013 0.0400 0.2035 0.1574 0.0793 0.2216 0.1131 0.1269 0.1407 0.2105 0.1118 0.2750 0.0400 0.1878 0.0810 0.1238 0.0747 0.2332 0.0598 0.0558 0.1046 0.0543 0.1778 0.3014 0.1550 0.1944 0.3633 0.5116 0.1111 0.0858 2.0210 0.0400 0.1324 0.0600 0.1712 0.1133 0.0683 0.1240 0.1235 0.1148 0.2540 0.0798 0.0598 0.1221 0.1129 0.2667 0.0767 0.1589 0.2610 0.0660 0.1059 0.0857 0.2206 0.0910 0.1472 0.0497 0.0564 0.1728 0.0738 0.1290 0.0807
0.1683 0.2724 0.6403 0.6222 0.0400 0.5823 0.8829 0.3188 0.3249 0.9696 0.8206 0.0400 0.3787 0.1857 0.1008 0.2956 0.2244 0.0400 0.0400 0.3039 0.1519 0.1402 0.4385 0.3593 0.6892 0.0935 0.2568 1.0938 0.1453 0.1529 0.2301 0.1579 0.1562 0.0670 0.1087 0.2285 0.0924 0.1305 0.0400 0.1084 0.0400 0.1977 0.1517 0.0818 0.2136 0.1113 0.1234 0.1429 0.2038 0.1102 0.2601 0.0400 0.1766 0.0833 0.1268 0.0815 0.2262 0.0635 0.0590 0.1039 0.0573 0.1678 0.2833 0.1580 0.1898 0.3370 0.4693 0.1149 0.0915 1.7799 0.0400 0.1382 0.0637 0.1799 0.1165 0.0744 0.1259 0.1304 0.1174 0.2344 0.0822 0.0635 0.1192 0.1186 0.2529 0.0795 0.1513 0.2480 0.0701 0.1100 0.0874 0.2172 0.0972 0.1486 0.0522 0.0610 0.1786 0.0805 0.1326 0.0868
0.1909 0.3194 0.7739 0.7439 0.0400 0.6946 1.0659 0.3767 0.3842 1.1731 0.9890 0.0400 0.4508 0.2123 0.1074 0.3481 0.2601 0.0400 0.0400 0.3507 0.1705 0.1561 0.5169 0.4268 0.8266 0.0985 0.2925 1.3217 0.1624 0.1641 0.2595 0.1774 0.1682 0.0657 0.1172 0.2576 0.0970 0.1365 0.0400 0.1092 0.0400 0.2195 0.1691 0.0840 0.2391 0.1204 0.1353 0.1518 0.2271 0.1190 0.2967 0.0400 0.2010 0.0858 0.1330 0.0794 0.2500 0.0624 0.0580 0.1113 0.0564 0.1902 0.3252 0.1660 0.2098 0.3916 0.5503 0.1193 0.0919 2.1796 0.0400 0.1413 0.0626 0.1820 0.1175 0.0725 0.1332 0.1316 0.1233 0.2725 0.0845 0.0624 0.1302 0.1218 0.2877 0.0812 0.1699 0.2816 0.0696 0.1137 0.0909 0.2373 0.0975 0.1588 0.0514 0.0596 0.1859 0.0784 0.1391 0.0864
0.0639 0.0969 0.2137 0.1911 0.0400 0.1784 0.2738 0.1116 0.1136 0.3014 0.2541 0.0400 0.2227 0.1105 0.0615 0.1744 0.1330 0.0400 0.0400 0.1653 0.2504 0.2283 0.1328 0.1245 0.2124 0.1415 0.0751 0.3544 0.0870 0.0811 0.1221 0.0937 0.0837 0.0465 0.0657 0.1257 0.0937 0.1328 0.0400 0.1103 0.0400 0.3360 0.2572 0.1210 0.3684 0.1737 0.1965 0.0998 0.1077 0.0666 0.1425 0.0400 0.1052 0.0537 0.0865 0.0828 0.2371 0.0642 0.0597 0.1055 0.0779 0.2848 0.4995 0.2559 0.3253 0.6043 0.8318 0.1651 0.0930 2.9644 0.0400 0.1402 0.0644 0.1826 0.1175 0.0755 0.1287 0.1323 0.1194 0.2564 0.1217 0.0888 0.1887 0.1930 0.4404 0.1170 0.2494 0.4311 0.0912 0.1492 0.1124 0.2844 0.1308 0.2046 0.0619 0.0618 0.1825 0.0818 0.1350 0.0882
0.3355 0.5728 1.4118 1.3734 0.0400 1.2823 1.9679 0.6786 0.6924 2.1657 1.8259 0.0400 0.8153 0.3751 0.1814 0.6258 0.4633 0.0412 0.0400 0.6474 0.2979 0.2712 0.9543 0.7709 1.5261 0.1649 0.5401 2.4232 0.2829 0.3030 0.4792 0.3145 0.3105 0.1044 0.1994 0.4756 0.1623 0.2520 0.0400 0.2017 0.0400 0.4053 0.3003 0.1382 0.4414 0.2054 0.2329 0.2803 0.4192 0.2028 0.5477 0.0400 0.3542 0.1414 0.2435 0.1402 0.4447 0.0964 0.0862 0.1887 0.0823 0.3353 0.6004 0.2920 0.3873 0.7230 0.9991 0.2163 0.1630 4.0136 0.0400 0.2439 0.0969 0.3163 0.1661 0.1241 0.2414 0.2261 0.2221 0.4861 0.1391 0.0965 0.2235 0.2248 0.5312 0.1330 0.2967 0.5199 0.1120 0.2053 0.1509 0.4269 0.1760 0.2933 0.0706 0.0934 0.3389 0.1380 0.2569 0.1525
0.9501 1.6422 4.0889 4.0052 0.0600 3.7395 5.7388 1.9506 1.9909 6.3156 5.3248 0.0600 2.3493 1.0655 0.5034 1.7967 1.3228 0.0940 0.0600 1.8905 0.8404 0.7627 2.7830 2.2199 4.4505 0.4589 1.5768 7.0384 0.7965 0.8897 1.3982 0.9261 0.9113 0.2823 0.5551 1.3926 0.4483 0.7433 0.0798 0.5989 0.0600 1.1833 0.8843 0.3793 1.2915 0.5723 0.6538 0.8245 1.2255 0.5760 1.6017 0.0671 1.0096 0.4048 0.7189 0.4226 1.2721 0.2595 0.2302 0.5534 0.2188 0.9796 1.7545 0.8681 1.1349 2.1146 2.8853 0.6410 0.4880 11.7129 0.0600 0.6926 0.2896 0.9106 0.4218 0.3762 0.7130 0.6417 0.6577 1.4113 0.3820 0.2596 0.6240 0.6654 1.5490 0.3644 0.8370 1.5175 0.3334 0.6093 0.4157 1.2582 0.5251 0.8618 0.1852 0.2883 1.0027 0.4161 0.7574 0.4577
0.1282 0.2096 0.4973 0.4710 0.0400 0.4397 0.6749 0.2459 0.2506 0.7427 0.6262 0.0400 0.8306 0.3819 0.1845 0.6375 0.4718 0.0449 0.0400 0.6598 0.1583 0.1451 0.3273 0.2775 0.5233 0.0921 0.1852 0.8442 0.2879 0.3088 0.4884 0.3249 0.3165 0.1060 0.2029 0.4847 0.1438 0.2194 0.0400 0.1756 0.0400 0.2018 0.1545 0.0788 0.2198 0.1123 0.1260 0.2715 0.4273 0.2063 0.5582 0.0400 0.3607 0.1438 0.2370 0.1221 0.3897 0.0866 0.0777 0.1678 0.0510 0.1764 0.2989 0.1482 0.1928 0.3600 0.5075 0.1325 0.1419 2.2405 0.0400 0.2149 0.0903 0.2780 0.1524 0.1080 0.2102 0.1994 0.1934 0.4258 0.0793 0.0581 0.1213 0.1119 0.2645 0.0763 0.1578 0.2589 0.0736 0.1202 0.0966 0.2854 0.1030 0.1717 0.0496 0.0833 0.2950 0.1201 0.2236 0.1327
0.0786 0.1227 0.2785 0.2551 0.0400 0.2382 0.3655 0.1423 0.1449 0.4023 0.3391 0.0400 1.0186 0.4658 0.2227 0.7806 0.5766 0.0437 0.0400 0.8128 0.1397 0.1282 0.1772 0.1595 0.2835 0.0824 0.1003 0.4664 0.3500 0.3804 0.6016 0.3949 0.3898 0.1260 0.2453 0.5971 0.1651 0.2571 0.0400 0.2058 0.0400 0.1746 0.1364 0.0709 0.1902 0.0999 0.1117 0.3295 0.5264 0.2495 0.6876 0.0400 0.4396 0.1725 0.2880 0.1431 0.4534 0.0980 0.0876 0.1921 0.0468 0.1554 0.2587 0.1310 0.1668 0.3115 0.4418 0.1323 0.1664 2.1099 0.0400 0.2485 0.1007 0.3224 0.1683 0.1266 0.2464 0.2303 0.2267 0.4956 0.0713 0.0529 0.1076 0.0969 0.2288 0.0687 0.1392 0.2240 0.0721 0.1169 0.0945 0.2972 0.1002 0.1670 0.0488 0.0954 0.3458 0.1408 0.2621 0.1556
0.1304 0.2135 0.5072 0.4807 0.0400 0.4488 0.6888 0.2505 0.2554 0.7581 0.6391 0.0400 1.9018 0.8601 0.4020 1.4534 1.0689 0.0653 0.0400 1.5318 0.2456 0.2240 0.3340 0.2828 0.5342 0.1377 0.1890 0.8612 0.6420 0.7169 1.1338 0.7443 0.7347 0.2197 0.4446 1.1253 0.2935 0.4846 0.0497 0.3879 0.0400 0.3290 0.2487 0.1160 0.3584 0.1706 0.1929 0.6209 0.9919 0.4599 1.2959 0.0439 0.8130 0.3187 0.5428 0.2697 0.8367 0.1670 0.1474 0.3603 0.0706 0.2771 0.4875 0.2413 0.3144 0.5870 0.8150 0.2495 0.3135 3.9760 0.0400 0.4505 0.1895 0.5899 0.2708 0.2386 0.4643 0.4164 0.4272 0.9275 0.1167 0.0821 0.1852 0.1825 0.4313 0.1118 0.2447 0.4221 0.1196 0.2203 0.1605 0.5589 0.1889 0.3147 0.0743 0.1797 0.6517 0.2654 0.4940 0.2932
0.1288 0.2107 0.5002 0.4739 0.0400 0.4424 0.6790 0.2472 0.2520 0.7472 0.6300 0.0400 1.8749 0.8481 0.3965 1.4329 1.0539 0.0669 0.0400 1.5099 0.2424 0.2211 0.3292 0.2791 0.5265 0.1360 0.1865 0.8492 0.6331 0.7067 1.1176 0.7342 0.7242 0.2169 0.4385 1.1092 0.2896 0.4777 0.0506 0.3823 0.0400 0.3243 0.2465 0.1146 0.3533 0.1684 0.1904 0.6120 0.9778 0.4545 1.2773 0.0446 0.8022 0.3155 0.5350 0.2658 0.8250 0.1649 0.1456 0.3569 0.0720 0.2740 0.4805 0.2406 0.3099 0.5787 0.8036 0.2459 0.3091 3.9192 0.0400 0.4444 0.1888 0.5817 0.2686 0.2352 0.4577 0.4107 0.4211 0.9156 0.1153 0.0815 0.1828 0.1799 0.4251 0.1105 0.2415 0.4161 0.1187 0.2172 0.1585 0.5527 0.1862 0.3102 0.0750 0.1771 0.6423 0.2616 0.4870 0.2890
0.0736 0.1139 0.2565 0.2333 0.0400 0.2178 0.3343 0.1319 0.1342 0.3679 0.3102 0.0400 0.9334 0.4278 0.2054 0.7157 0.5291 0.0435 0.0400 0.7434 0.1295 0.1190 0.1621 0.1476 0.2593 0.0771 0.0917 0.4283 0.3219 0.3480 0.5503 0.3612 0.3566 0.1169 0.2261 0.5461 0.1528 0.2352 0.0400 0.1882 0.0400 0.1597 0.1264 0.0666 0.1739 0.0931 0.1039 0.3014 0.4814 0.2299 0.6290 0.0400 0.4038 0.1595 0.2634 0.1309 0.4164 0.0914 0.0818 0.1773 0.0453 0.1438 0.2366 0.1215 0.1526 0.2849 0.4058 0.1211 0.1522 1.9298 0.0400 0.2289 0.0938 0.2966 0.1590 0.1158 0.2253 0.2124 0.2073 0.4550 0.0669 0.0501 0.1002 0.0886 0.2093 0.0645 0.1290 0.2049 0.0677 0.1069 0.0882 0.2735 0.0917 0.1528 0.0464 0.0872 0.3163 0.1288 0.2398 0.1423
0.0487 0.0628 0.1126 0.1015 0.0400 0.0961 0.1368 0.0691 0.0699 0.1485 0.1283 0.0400 0.3490 0.1724 0.0948 0.2730 0.2078 0.0400 0.0400 0.2797 0.0683 0.0646 0.0766 0.0746 0.1106 0.0500 0.0520 0.1826 0.1354 0.1415 0.2122 0.1462 0.1446 0.0639 0.1020 0.2108 0.0764 0.1022 0.0400 0.0858 0.0400 0.0758 0.0672 0.0463 0.0808 0.0555 0.0593 0.1253 0.1882 0.1033 0.2397 0.0400 0.1641 0.0787 0.1120 0.0657 0.1785 0.0549 0.0516 0.0849 0.0400 0.0732 0.1026 0.0760 0.0733 0.1195 0.1748 0.0623 0.0732 0.6941 0.0400 0.1130 0.0551 0.1466 0.1046 0.0604 0.0987 0.1072 0.0924 0.1820 0.0464 0.0405 0.0580 0.0509 0.0931 0.0456 0.0681 0.0916 0.0467 0.0573 0.0538 0.1283 0.0520 0.0734 0.0400 0.0505 0.1405 0.0650 0.1037 0.0697
0.0481 0.0616 0.1096 0.0986 0.0400 0.0934 0.1326 0.0677 0.0685 0.1439 0.1245 0.0400 0.3376 0.1673 0.0924 0.2643 0.2014 0.0400 0.0400 0.2703 0.0669 0.0633 0.0746 0.0730 0.1073 0.0492 0.0509 0.1775 0.1316 0.1372 0.2053 0.1418 0.1401 0.0626 0.0994 0.2039 0.0747 0.0992 0.0400 0.0834 0.0400 0.0738 0.0658 0.0457 0.0786 0.0546 0.0583 0.1215 0.1821 0.1007 0.2318 0.0400 0.1593 0.0770 0.1087 0.0641 0.1735 0.0540 0.0508 0.0830 0.0400 0.0717 0.0997 0.0751 0.0714 0.1159 0.1699 0.0608 0.0712 0.6714 0.0400 0.1104 0.0542 0.1431 0.1034 0.0590 0.0959 0.1048 0.0898 0.1765 0.0458 0.0401 0.0570 0.0498 0.0905 0.0450 0.0667 0.0890 0.0461 0.0560 0.0530 0.1251 0.0509 0.0714 0.0400 0.0494 0.1365 0.0634 0.1007 0.0679
0.1031 0.1636 0.3816 0.3573 0.0400 0.3332 0.5113 0.1911 0.1947 0.5627 0.4744 0.0400 1.4169 0.6437 0.3035 1.0841 0.7986 0.0595 0.0400 1.1371 0.1875 0.1714 0.2480 0.2151 0.3965 0.1079 0.1452 0.6459 0.4817 0.5322 0.8416 0.5576 0.5454 0.1683 0.3352 0.8353 0.2231 0.3597 0.0464 0.2879 0.0400 0.2442 0.1890 0.0935 0.2677 0.1318 0.1483 0.4609 0.7363 0.3455 0.9620 0.0416 0.6072 0.2411 0.4029 0.2007 0.6262 0.1291 0.1146 0.2724 0.0635 0.2094 0.3627 0.1892 0.2370 0.4401 0.6101 0.1854 0.2344 2.9557 0.0400 0.3396 0.1461 0.4430 0.2154 0.1786 0.3448 0.3142 0.3179 0.6930 0.0940 0.0711 0.1426 0.1408 0.3201 0.0907 0.1868 0.3134 0.0950 0.1681 0.1243 0.4200 0.1450 0.2336 0.0659 0.1389 0.4837 0.1978 0.3667 0.2196
0.0486 0.0626 0.1121 0.1010 0.0400 0.0956 0.1360 0.0688 0.0697 0.1477 0.1277 0.0400 0.1935 0.1030 0.0632 0.1545 0.1211 0.0400 0.0400 0.1531 0.0892 0.0835 0.0763 0.0743 0.1100 0.0609 0.0518 0.1817 0.0840 0.0823 0.1185 0.0894 0.0838 0.0474 0.0669 0.1178 0.1541 0.2398 0.0413 0.1960 0.0400 0.1064 0.0876 0.0552 0.1141 0.0695 0.0754 0.1412 0.1062 0.0676 0.1326 0.0400 0.0987 0.0550 0.1202 0.1424 0.4105 0.0967 0.0878 0.1820 0.0433 0.0970 0.1480 0.0949 0.1026 0.1741 0.2487 0.1099 0.1622 2.2539 0.0400 0.2353 0.0971 0.3085 0.1626 0.1282 0.2306 0.2198 0.2138 0.4387 0.0554 0.0463 0.0734 0.0679 0.1332 0.0541 0.0890 0.1308 0.0853 0.1441 0.1091 0.3190 0.1264 0.1973 0.0606 0.1015 0.3256 0.1404 0.2441 0.1530
0.0513 0.0705 0.1472 0.1274 0.0400 0.1172 0.1799 0.0802 0.0815 0.1979 0.1669 0.0400 0.2735 0.1331 0.0714 0.2131 0.1613 0.0400 0.0400 0.2063 0.1118 0.1030 0.0888 0.0886 0.1395 0.0679 0.0564 0.2424 0.1038 0.0980 0.1527 0.1121 0.1014 0.0498 0.0772 0.1539 0.2124 0.3408 0.0429 0.2727 0.0400 0.1339 0.1092 0.0591 0.1459 0.0813 0.0903 0.1879 0.1336 0.0783 0.1746 0.0400 0.1265 0.0587 0.1553 0.1896 0.5943 0.1234 0.1096 0.2550 0.0452 0.1238 0.1984 0.1091 0.1295 0.2414 0.3435 0.1394 0.2205 3.4024 0.0400 0.3228 0.1240 0.4207 0.2044 0.1678 0.3265 0.2987 0.3004 0.6542 0.0594 0.0486 0.0872 0.0758 0.1755 0.0575 0.1114 0.1718 0.1058 0.1923 0.1426 0.4498 0.1649 0.2748 0.0674 0.1264 0.4582 0.1866 0.3474 0.2062
0.0436 0.0538 0.0900 0.0792 0.0400 0.0753 0.1049 0.0584 0.0590 0.1134 0.0987 0.0400 0.1496 0.0834 0.0543 0.1211 0.0966 0.0400 0.0400 0.1173 0.0733 0.0692 0.0612 0.0624 0.0858 0.0526 0.0455 0.1436 0.0695 0.0655 0.0920 0.0735 0.0667 0.0427 0.0570 0.0915 0.1208 0.1808 0.0400 0.1487 0.0400 0.0832 0.0721 0.0484 0.0888 0.0589 0.0632 0.1086 0.0830 0.0575 0.1023 0.0400 0.0803 0.0483 0.0933 0.1095 0.3110 0.0788 0.0723 0.1385 0.0400 0.0790 0.1136 0.0801 0.0804 0.1327 0.1926 0.0858 0.1240 1.6253 0.0400 0.1828 0.0791 0.2391 0.1377 0.0992 0.1740 0.1715 0.1617 0.3274 0.0486 0.0419 0.0617 0.0551 0.1028 0.0476 0.0731 0.1011 0.0705 0.1108 0.0879 0.2413 0.0978 0.1496 0.0524 0.0796 0.2462 0.1080 0.1839 0.1173
0.0404 0.0483 0.0860 0.0703 0.0400 0.0642 0.0933 0.0518 0.0523 0.1027 0.0906 0.0400 0.1515 0.0787 0.0486 0.1202 0.0933 0.0400 0.0400 0.1089 0.0676 0.0631 0.0516 0.0556 0.0724 0.0474 0.0419 0.1396 0.0635 0.0550 0.0792 0.0678 0.0568 0.0400 0.0507 0.0840 0.1198 0.1768 0.0400 0.1415 0.0400 0.0699 0.0663 0.0442 0.0791 0.0522 0.0565 0.0983 0.0717 0.0511 0.0946 0.0400 0.0753 0.0440 0.0822 0.0984 0.3180 0.0736 0.0665 0.1382 0.0400 0.0739 0.1057 0.0726 0.0713 0.1295 0.1879 0.0746 0.1144 1.7674 0.0400 0.1771 0.0740 0.2279 0.1345 0.0871 0.1694 0.1646 0.1559 0.3470 0.0443 0.0400 0.0549 0.0469 0.0911 0.0435 0.0674 0.0893 0.0645 0.1005 0.0836 0.2375 0.0859 0.1426 0.0472 0.0680 0.2378 0.0968 0.1802 0.1070
0.0400 0.0400 0.0400 0.0400 0.0400 0.0400 0.0400 0.0400 0.0400 0.0400 0.0400 0.0400 0.0400 0.0400 0.0400 0.0400 0.0400 0.0400 0.0400 0.0400 0.0400 0.0400 0.0400 0.0400 0.0400 0.0400 0.0400 0.0600 0.0400 0.0400 0.0400 0.0400 0.0400 0.0400 0.0400 0.0400 0.0400 0.0400 0.0400 0.0400 0.0400 0.0400 0.0400 0.0400 0.0400 0.0400 0.0400 0.0400 0.0400 0.0400 0.0400 0.0400 0.0400 0.0400 0.0400 0.0400 0.0600 0.0400 0.0400 0.0400 0.0400 0.0400 0.0400 0.0600 0.0400 0.0400 0.0600 0.0400 0.0400 0.0575 0.0400 0.0600 0.0400 0.0800 0.0800 0.0400 0.0400 0.0600 0.0400 0.0400 0.0400 0.0400 0.0400 0.0400 0.0400 0.0400 0.0400 0.0400 0.0400 0.0400 0.0400 0.0600 0.0400 0.0400 0.0400 0.0400 0.0600 0.0400 0.0400 0.0400
0.0464 0.0663 0.1366 0.1151 0.0400 0.1074 0.1649 0.0752 0.0763 0.1815 0.1530 0.0400 0.1837 0.0930 0.0532 0.1447 0.1112 0.0400 0.0400 0.1332 0.2454 0.2238 0.0799 0.0829 0.1279 0.1376 0.0501 0.2214 0.0741 0.0636 0.0986 0.0795 0.0661 0.0401 0.0569 0.1000 0.0871 0.1189 0.0400 0.0952 0.0400 0.3287 0.2436 0.1159 0.3581 0.1704 0.1927 0.0830 0.0862 0.0576 0.1127 0.0400 0.0888 0.0450 0.0701 0.0662 0.2204 0.0561 0.0513 0.0995 0.0705 0.2749 0.4870 0.2369 0.3142 0.5865 0.8143 0.1529 0.0769 2.8672 0.0400 0.1256 0.0563 0.1598 0.1101 0.0585 0.1139 0.1173 0.1048 0.2399 0.1167 0.0820 0.1850 0.1824 0.4309 0.1117 0.2445 0.4218 0.0808 0.1363 0.1069 0.2621 0.1168 0.1946 0.0536 0.0472 0.1599 0.0651 0.1212 0.0719
0.0651 0.0991 0.2191 0.1964 0.0400 0.1834 0.2815 0.1142 0.1162 0.3098 0.2612 0.0400 0.2994 0.1447 0.0767 0.2328 0.1757 0.0400 0.0400 0.2274 0.4048 0.3679 0.1365 0.1274 0.2183 0.2207 0.0772 0.3638 0.1123 0.1064 0.1683 0.1216 0.1091 0.0496 0.0830 0.1670 0.1346 0.2030 0.0400 0.1625 0.0400 0.5612 0.4158 0.1837 0.6113 0.2768 0.3148 0.1418 0.1472 0.0842 0.1924 0.0400 0.1374 0.0626 0.1197 0.1130 0.3621 0.0816 0.0734 0.1557 0.1062 0.4608 0.8314 0.4043 0.5363 1.0012 1.3758 0.2611 0.1313 4.8898 0.0400 0.2003 0.0819 0.2587 0.1455 0.0999 0.1945 0.1860 0.1789 0.3955 0.1850 0.1259 0.3017 0.3113 0.7355 0.1765 0.4032 0.7200 0.1285 0.2326 0.1683 0.4459 0.1994 0.3323 0.0773 0.0753 0.2730 0.1111 0.2069 0.1228
0.0400 0.0400 0.0491 0.0439 0.0400 0.0410 0.0464 0.0400 0.0400 0.0491 0.0495 0.0400 0.0609 0.0417 0.0400 0.0512 0.0446 0.0400 0.0400 0.0460 0.0763 0.0709 0.0400 0.0401 0.0406 0.0494 0.0400 0.0839 0.0400 0.0400 0.0400 0.0400 0.0400 0.0400 0.0400 0.0427 0.0408 0.0419 0.0400 0.0400 0.0400 0.0822 0.0748 0.0454 0.0902 0.0576 0.0632 0.0400 0.0400 0.0400 0.0441 0.0400 0.0410 0.0400 0.0400 0.0400 0.0741 0.0400 0.0400 0.0428 0.0400 0.0837 0.1217 0.0783 0.0814 0.1503 0.2185 0.0504 0.0400 0.7316 0.0400 0.0600 0.0400 0.0806 0.0800 0.0400 0.0434 0.0600 0.0423 0.0750 0.0455 0.0400 0.0612 0.0492 0.1077 0.0447 0.0761 0.1054 0.0400 0.0451 0.0439 0.0862 0.0417 0.0512 0.0400 0.0400 0.0637 0.0400 0.0405 0.0400
0.1569 0.2598 0.6238 0.5958 0.0400 0.5563 0.8538 0.3057 0.3117 0.9396 0.7922 0.0400 0.8673 0.3983 0.1920 0.6654 0.4923 0.0480 0.0400 0.6897 1.1871 1.0752 0.4140 0.3458 0.6621 0.6288 0.2364 1.0626 0.3000 0.3228 0.5105 0.3423 0.3310 0.1108 0.2112 0.5067 0.3675 0.6157 0.0584 0.4928 0.0400 1.7021 1.2612 0.5165 1.8540 0.7988 0.9250 0.4300 0.4466 0.2147 0.5835 0.0400 0.3761 0.1502 0.3630 0.3427 1.0576 0.2068 0.1819 0.4595 0.2816 1.3998 2.5217 1.2263 1.6266 3.0367 4.1322 0.7919 0.3984 14.8313 0.0400 0.5670 0.2140 0.7440 0.3346 0.3031 0.5899 0.5236 0.5427 1.1792 0.5204 0.3412 0.8745 0.9443 2.2309 0.4947 1.1822 2.1837 0.3911 0.7055 0.4698 1.3525 0.6048 1.0078 0.1938 0.2294 0.8279 0.3372 0.6277 0.3725
0.0473 0.0603 0.1123 0.0972 0.0400 0.0903 0.1310 0.0661 0.0669 0.1436 0.1263 0.0400 0.1888 0.0953 0.0542 0.1485 0.1141 0.0400 0.0400 0.1374 0.1775 0.1634 0.0723 0.0712 0.1037 0.1070 0.0497 0.1859 0.0758 0.0663 0.1017 0.0814 0.0689 0.0414 0.0581 0.1038 0.0739 0.0978 0.0400 0.0823 0.0400 0.2352 0.1794 0.0928 0.2544 0.1285 0.1430 0.0787 0.0889 0.0588 0.1170 0.0400 0.0909 0.0464 0.0689 0.0633 0.1791 0.0536 0.0505 0.0827 0.0631 0.1968 0.3410 0.1850 0.2256 0.4108 0.5681 0.1201 0.0703 2.0128 0.0400 0.1091 0.0537 0.1415 0.1028 0.0583 0.0957 0.1037 0.0888 0.1933 0.0933 0.0706 0.1380 0.1394 0.3020 0.0900 0.1769 0.2960 0.0698 0.1092 0.0869 0.2010 0.0964 0.1474 0.0520 0.0488 0.1361 0.0626 0.0993 0.0671
0.0464 0.0587 0.1121 0.0960 0.0400 0.0883 0.1302 0.0642 0.0649 0.1433 0.1249 0.0400 0.1492 0.0777 0.0506 0.1184 0.0920 0.0400 0.0400 0.1095 0.1980 0.1809 0.0696 0.0697 0.1010 0.1128 0.0487 0.1847 0.0635 0.0587 0.0811 0.0670 0.0596 0.0408 0.0529 0.0841 0.0730 0.0963 0.0400 0.0790 0.0400 0.2596 0.1982 0.0957 0.2828 0.1388 0.1564 0.0715 0.0735 0.0533 0.0948 0.0400 0.0743 0.0455 0.0635 0.0610 0.1782 0.0524 0.0494 0.0828 0.0613 0.2213 0.3846 0.1929 0.2481 0.4632 0.6472 0.1255 0.0677 2.2690 0.0400 0.1058 0.0525 0.1379 0.1011 0.0563 0.0948 0.1003 0.0880 0.1937 0.0963 0.0690 0.1503 0.1440 0.3403 0.0924 0.1973 0.3331 0.0680 0.1105 0.0886 0.2133 0.0948 0.1537 0.0508 0.0473 0.1336 0.0604 0.0963 0.0646
0.0579 0.0864 0.1873 0.1651 0.0400 0.1541 0.2366 0.0992 0.1008 0.2603 0.2195 0.0400 0.5367 0.2507 0.1249 0.4136 0.3080 0.0400 0.0400 0.4206 0.1154 0.1062 0.1147 0.1103 0.1834 0.0698 0.0659 0.3089 0.1908 0.1968 0.3113 0.2099 0.2017 0.0748 0.1366 0.3090 0.1798 0.2831 0.0400 0.2266 0.0400 0.1391 0.1127 0.0606 0.1515 0.0837 0.0931 0.2273 0.2723 0.1388 0.3558 0.0400 0.2371 0.0989 0.1938 0.1575 0.4971 0.1059 0.0944 0.2119 0.0414 0.1279 0.2061 0.1084 0.1329 0.2482 0.3561 0.1261 0.1832 2.6528 0.0400 0.2715 0.1064 0.3529 0.1792 0.1394 0.2712 0.2515 0.2495 0.5438 0.0609 0.0462 0.0898 0.0772 0.1824 0.0588 0.1150 0.1785 0.0865 0.1491 0.1150 0.3587 0.1278 0.2130 0.0567 0.1050 0.3806 0.1550 0.2886 0.1713
0.1358 0.2229 0.5309 0.5041 0.0400 0.4707 0.7223 0.2617 0.2668 0.7949 0.6702 0.0400 1.9932 0.9009 0.4205 1.5231 1.1199 0.0667 0.0400 1.6062 0.2566 0.2339 0.3503 0.2956 0.5601 0.1434 0.1982 0.9021 0.6722 0.7518 1.1888 0.7804 0.7704 0.2294 0.4652 1.1799 0.3068 0.5081 0.0473 0.4067 0.0400 0.3450 0.2570 0.1206 0.3758 0.1779 0.2013 0.6511 1.0401 0.4787 1.3588 0.0422 0.8499 0.3300 0.5692 0.2828 0.8764 0.1742 0.1536 0.3745 0.0730 0.2880 0.5112 0.2487 0.3297 0.6156 0.8536 0.2616 0.3288 4.1692 0.0400 0.4714 0.1968 0.6176 0.2786 0.2502 0.4869 0.4356 0.4479 0.9684 0.1214 0.0851 0.1932 0.1914 0.4522 0.1162 0.2556 0.4426 0.1230 0.2310 0.1673 0.5832 0.1980 0.3300 0.0769 0.1884 0.6833 0.2782 0.5180 0.3074
0.0884 0.1371 0.3147 0.2918 0.0400 0.2715 0.4167 0.1595 0.1624 0.4586 0.3867 0.0400 1.1585 0.5283 0.2511 0.8872 0.6546 0.0536 0.0400 0.9267 0.1565 0.1434 0.2027 0.1790 0.3232 0.0923 0.1200 0.5308 0.3963 0.4337 0.6859 0.4557 0.4445 0.1408 0.2769 0.6808 0.1855 0.2932 0.0432 0.2346 0.0400 0.1991 0.1556 0.0808 0.2190 0.1111 0.1246 0.3756 0.6001 0.2832 0.7840 0.0400 0.4984 0.1981 0.3284 0.1642 0.5141 0.1090 0.0974 0.2235 0.0568 0.1744 0.2963 0.1571 0.1942 0.3598 0.5009 0.1520 0.1918 2.4100 0.0400 0.2805 0.1206 0.3648 0.1846 0.1463 0.2816 0.2598 0.2597 0.5664 0.0812 0.0629 0.1199 0.1166 0.2609 0.0785 0.1559 0.2554 0.0820 0.1381 0.1050 0.3438 0.1199 0.1904 0.0587 0.1151 0.3948 0.1619 0.2989 0.1798
0.0722 0.1114 0.2502 0.2271 0.0400 0.2120 0.3254 0.1289 0.1312 0.3582 0.3020 0.0400 0.9091 0.4169 0.2005 0.6973 0.5156 0.0453 0.0400 0.7237 0.1266 0.1164 0.1578 0.1442 0.2524 0.0756 0.0912 0.4174 0.3139 0.3387 0.5356 0.3539 0.3471 0.1144 0.2206 0.5316 0.1492 0.2289 0.0400 0.1832 0.0400 0.1555 0.1236 0.0653 0.1693 0.0911 0.1017 0.2934 0.4687 0.2244 0.6122 0.0400 0.3936 0.1558 0.2564 0.1274 0.4059 0.0895 0.0802 0.1745 0.0474 0.1405 0.2303 0.1216 0.1485 0.2783 0.3956 0.1178 0.1481 1.8793 0.0400 0.2234 0.0936 0.2892 0.1564 0.1127 0.2193 0.2073 0.2018 0.4435 0.0657 0.0514 0.0980 0.0862 0.2037 0.0634 0.1261 0.1994 0.0664 0.1053 0.0864 0.2682 0.0902 0.1487 0.0487 0.0861 0.3079 0.1254 0.2334 0.1385
0.0400 0.0428 0.0623 0.0539 0.0400 0.0497 0.0655 0.0452 0.0456 0.0701 0.0629 0.0400 0.1836 0.0930 0.0553 0.1446 0.1112 0.0400 0.0400 0.1351 0.0449 0.0435 0.0439 0.0474 0.0553 0.0400 0.0400 0.1038 0.0741 0.0674 0.0987 0.0795 0.0694 0.0432 0.0581 0.1033 0.0481 0.0520 0.0400 0.0456 0.0400 0.0418 0.0445 0.0400 0.0469 0.0400 0.0414 0.0610 0.0887 0.0586 0.1168 0.0400 0.0887 0.0490 0.0563 0.0400 0.0954 0.0400 0.0400 0.0514 0.0400 0.0469 0.0547 0.0601 0.0456 0.0649 0.0942 0.0400 0.0439 0.3594 0.0400 0.0685 0.0400 0.0882 0.0835 0.0400 0.0525 0.0662 0.0507 0.0979 0.0400 0.0400 0.0409 0.0400 0.0485 0.0400 0.0449 0.0479 0.0400 0.0401 0.0400 0.0744 0.0400 0.0408 0.0400 0.0400 0.0748 0.0400 0.0527 0.0428
0.0527 0.0698 0.1427 0.1256 0.0400 0.1156 0.1735 0.0780 0.0793 0.1909 0.1643 0.0400 0.4939 0.2316 0.1162 0.3810 0.2842 0.0400 0.0400 0.3858 0.0768 0.0720 0.0888 0.0862 0.1345 0.0542 0.0589 0.2369 0.1766 0.1805 0.2855 0.1947 0.1852 0.0711 0.1269 0.2834 0.0889 0.1237 0.0400 0.0999 0.0400 0.0877 0.0752 0.0498 0.0955 0.0610 0.0656 0.1579 0.2498 0.1289 0.3263 0.0400 0.2192 0.0924 0.1401 0.0755 0.2257 0.0603 0.0562 0.1016 0.0404 0.0843 0.1275 0.0831 0.0855 0.1546 0.2202 0.0714 0.0846 1.0081 0.0400 0.1300 0.0605 0.1697 0.1120 0.0691 0.1213 0.1216 0.1123 0.2457 0.0499 0.0428 0.0640 0.0576 0.1094 0.0489 0.0766 0.1092 0.0502 0.0654 0.0589 0.1511 0.0589 0.0848 0.0412 0.0570 0.1702 0.0746 0.1244 0.0804
0.0480 0.0691 0.1436 0.1219 0.0400 0.1138 0.1747 0.0785 0.0797 0.1922 0.1621 0.0400 0.4973 0.2331 0.1169 0.3835 0.2860 0.0400 0.0400 0.3885 0.0772 0.0717 0.0847 0.0867 0.1355 0.0498 0.0519 0.2333 0.1777 0.1818 0.2875 0.1935 0.1863 0.0706 0.1277 0.2854 0.0894 0.1229 0.0400 0.0984 0.0400 0.0834 0.0756 0.0443 0.0909 0.0582 0.0638 0.1575 0.2516 0.1297 0.3286 0.0400 0.2205 0.0929 0.1376 0.0684 0.2271 0.0573 0.0523 0.1022 0.0400 0.0847 0.1236 0.0789 0.0809 0.1511 0.2216 0.0632 0.0795 1.0103 0.0400 0.1292 0.0575 0.1645 0.1118 0.0605 0.1177 0.1205 0.1083 0.2473 0.0445 0.0400 0.0619 0.0474 0.1094 0.0433 0.0770 0.1070 0.0449 0.0586 0.0556 0.1520 0.0500 0.0798 0.0400 0.0481 0.1653 0.0673 0.1253 0.0743
0.0516 0.0684 0.1419 0.1238 0.0400 0.1136 0.1723 0.0777 0.0789 0.1897 0.1620 0.0400 0.4414 0.2081 0.1055 0.3410 0.2549 0.0400 0.0400 0.3430 0.0833 0.0772 0.0869 0.0858 0.1336 0.0530 0.0570 0.2347 0.1593 0.1637 0.2539 0.1750 0.1685 0.0691 0.1151 0.2559 0.1136 0.1657 0.0400 0.1327 0.0400 0.0923 0.0815 0.0488 0.1018 0.0622 0.0685 0.1607 0.2221 0.1168 0.2923 0.0400 0.1971 0.0863 0.1386 0.0922 0.2994 0.0703 0.0636 0.1308 0.0400 0.0916 0.1371 0.0839 0.0915 0.1687 0.2430 0.0778 0.1072 1.4861 0.0400 0.1673 0.0706 0.2149 0.1298 0.0816 0.1588 0.1556 0.1461 0.3266 0.0490 0.0422 0.0663 0.0558 0.1210 0.0480 0.0830 0.1184 0.0571 0.0831 0.0730 0.2087 0.0712 0.1187 0.0406 0.0615 0.2229 0.0908 0.1690 0.1003
0.0566 0.0765 0.1620 0.1441 0.0400 0.1326 0.2008 0.0872 0.0886 0.2210 0.1889 0.0400 0.3030 0.1463 0.0774 0.2356 0.1777 0.0400 0.0400 0.2303 0.1225 0.1127 0.1011 0.0966 0.1557 0.0741 0.0655 0.2698 0.1135 0.1114 0.1705 0.1229 0.1148 0.0548 0.0838 0.1735 0.2348 0.3805 0.0461 0.3045 0.0400 0.1495 0.1196 0.0660 0.1646 0.0884 0.0985 0.2098 0.1496 0.0850 0.1974 0.0400 0.1389 0.0656 0.1734 0.2117 0.6613 0.1354 0.1200 0.2858 0.0490 0.1359 0.2225 0.1211 0.1466 0.2712 0.3812 0.1559 0.2462 3.7990 0.0400 0.3580 0.1361 0.4675 0.2239 0.1873 0.3646 0.3312 0.3354 0.7311 0.0663 0.0533 0.0951 0.0884 0.1960 0.0644 0.1221 0.1918 0.1158 0.2148 0.1569 0.5041 0.1841 0.3068 0.0736 0.1416 0.5117 0.2084 0.3879 0.2302
0.0988 0.1430 0.3083 0.2800 0.0600 0.2601 0.3934 0.1627 0.1653 0.4330 0.3694 0.0600 0.5844 0.2775 0.1449 0.4523 0.3390 0.0600 0.0600 0.4535 0.2308 0.2116 0.1978 0.1801 0.3051 0.1376 0.1215 0.5163 0.2132 0.2168 0.3345 0.2335 0.2221 0.0948 0.1566 0.3371 0.4507 0.7453 0.0759 0.5966 0.0600 0.2938 0.2300 0.1196 0.3228 0.1649 0.1839 0.4122 0.2949 0.1588 0.3861 0.0600 0.2630 0.1189 0.3417 0.4148 1.2862 0.2562 0.2260 0.5558 0.0819 0.2571 0.4370 0.2304 0.2851 0.5283 0.7376 0.3075 0.4823 7.4442 0.0600 0.6922 0.2575 0.9065 0.4162 0.3670 0.7141 0.6397 0.6571 1.4269 0.1203 0.0915 0.1771 0.1714 0.3839 0.1161 0.2300 0.3764 0.2177 0.4219 0.2982 0.9851 0.3615 0.6010 0.1366 0.2792 1.0023 0.4082 0.7599 0.4510
0.0400 0.0400 0.0520 0.0463 0.0400 0.0430 0.0510 0.0404 0.0406 0.0542 0.0522 0.0400 0.0737 0.0495 0.0400 0.0633 0.0544 0.0400 0.0400 0.0567 0.0458 0.0443 0.0400 0.0418 0.0441 0.0400 0.0400 0.0831 0.0445 0.0410 0.0463 0.0459 0.0421 0.0400 0.0400 0.0511 0.0632 0.0788 0.0400 0.0671 0.0400 0.0431 0.0454 0.0400 0.0479 0.0406 0.0421 0.0524 0.0446 0.0401 0.0536 0.0400 0.0484 0.0400 0.0475 0.0527 0.1391 0.0478 0.0455 0.0693 0.0400 0.0479 0.0562 0.0608 0.0465 0.0663 0.0958 0.0455 0.0580 0.6261 0.0400 0.0922 0.0479 0.1192 0.0948 0.0490 0.0763 0.0881 0.0718 0.1388 0.0400 0.0400 0.0416 0.0400 0.0503 0.0400 0.0458 0.0496 0.0448 0.0532 0.0512 0.1119 0.0485 0.0674 0.0400 0.0435 0.1091 0.0522 0.0799 0.0556
0.0400 0.0449 0.0674 0.0578 0.0400 0.0545 0.0730 0.0477 0.0481 0.0783 0.0691 0.0400 0.1046 0.0633 0.0451 0.0868 0.0716 0.0400 0.0400 0.0807 0.0570 0.0544 0.0462 0.0502 0.0611 0.0441 0.0400 0.1065 0.0547 0.0488 0.0649 0.0571 0.0506 0.0400 0.0468 0.0660 0.0866 0.1203 0.0400 0.1003 0.0400 0.0594 0.0563 0.0415 0.0629 0.0480 0.0507 0.0753 0.0593 0.0471 0.0714 0.0400 0.0614 0.0414 0.0657 0.0758 0.2091 0.0604 0.0564 0.0971 0.0400 0.0606 0.0784 0.0684 0.0582 0.0919 0.1353 0.0610 0.0849 1.0231 0.0400 0.1291 0.0606 0.1680 0.1123 0.0694 0.1161 0.1221 0.1084 0.2156 0.0416 0.0400 0.0498 0.0423 0.0717 0.0410 0.0569 0.0706 0.0553 0.0766 0.0661 0.1627 0.0685 0.1009 0.0440 0.0572 0.1649 0.0749 0.1223 0.0807
0.0624 0.0943 0.2070 0.1845 0.0400 0.1723 0.2644 0.1085 0.1103 0.2910 0.2453 0.0400 0.3925 0.1863 0.0956 0.3038 0.2276 0.0400 0.0400 0.3032 0.1550 0.1420 0.1282 0.1209 0.2050 0.0904 0.0725 0.3429 0.1431 0.1419 0.2244 0.1554 0.1454 0.0595 0.1041 0.2228 0.3028 0.5009 0.0457 0.4009 0.0400 0.1968 0.1512 0.0774 0.2144 0.1101 0.1234 0.2762 0.1964 0.1056 0.2565 0.0400 0.1766 0.0769 0.2283 0.2788 0.8642 0.1720 0.1517 0.3691 0.0502 0.1726 0.2916 0.1451 0.1881 0.3512 0.4955 0.2048 0.3241 5.0010 0.0400 0.4650 0.1729 0.6090 0.2727 0.2466 0.4799 0.4297 0.4415 0.9541 0.0779 0.0571 0.1188 0.1092 0.2580 0.0749 0.1544 0.2525 0.1461 0.2827 0.2003 0.6584 0.2424 0.4039 0.0897 0.1857 0.6736 0.2743 0.5107 0.3030
0.0454 0.0570 0.0979 0.0870 0.0400 0.0826 0.1161 0.0621 0.0628 0.1257 0.1091 0.0400 0.1272 0.0726 0.0493 0.1026 0.0831 0.0400 0.0400 0.0976 0.1677 0.1535 0.0666 0.0667 0.0945 0.0985 0.0475 0.1601 0.0615 0.0563 0.0774 0.0647 0.0572 0.0401 0.0515 0.0770 0.0691 0.0893 0.0400 0.0754 0.0400 0.2154 0.1678 0.0859 0.2371 0.1186 0.1332 0.0684 0.0703 0.0519 0.0857 0.0400 0.0701 0.0446 0.0608 0.0585 0.1568 0.0510 0.0482 0.0763 0.0594 0.1870 0.3209 0.1691 0.2101 0.3892 0.5404 0.1091 0.0648 1.8857 0.0400 0.1016 0.0511 0.1315 0.0992 0.0541 0.0864 0.0967 0.0811 0.1641 0.0863 0.0662 0.1281 0.1263 0.2823 0.0834 0.1671 0.2764 0.0654 0.0994 0.0806 0.1856 0.0880 0.1334 0.0496 0.0459 0.1232 0.0579 0.0906 0.0619
0.0683 0.1046 0.2330 0.2102 0.0400 0.1963 0.3012 0.1208 0.1229 0.3315 0.2795 0.0400 0.3189 0.1534 0.0807 0.2477 0.1866 0.0400 0.0400 0.2433 0.4317 0.3923 0.1461 0.1349 0.2336 0.2348 0.0865 0.3878 0.1188 0.1153 0.1801 0.1287 0.1192 0.0547 0.0874 0.1811 0.1426 0.2172 0.0400 0.1738 0.0400 0.6005 0.4450 0.1951 0.6541 0.2947 0.3355 0.1517 0.1575 0.0887 0.2059 0.0400 0.1456 0.0656 0.1280 0.1209 0.3861 0.0859 0.0771 0.1668 0.1123 0.4970 0.8896 0.4326 0.5738 1.0713 1.4707 0.2794 0.1405 5.2349 0.0400 0.2130 0.0863 0.2754 0.1515 0.1069 0.2081 0.1976 0.1915 0.4217 0.1965 0.1333 0.3215 0.3331 0.7870 0.1875 0.4300 0.7704 0.1413 0.2489 0.1787 0.4783 0.2133 0.3555 0.0813 0.0837 0.2921 0.1189 0.2214 0.1315
0.1486 0.2454 0.5874 0.5599 0.0400 0.5227 0.8022 0.2885 0.2941 0.8828 0.7443 0.0400 0.8161 0.3754 0.1816 0.6264 0.4638 0.0469 0.0400 0.6480 1.1166 1.0115 0.3890 0.3261 0.6221 0.5920 0.2227 0.9997 0.2831 0.3033 0.4796 0.3223 0.3116 0.1059 0.1996 0.4767 0.3466 0.5785 0.0567 0.4630 0.0400 1.5993 1.1850 0.4865 1.7421 0.7518 0.8697 0.4040 0.4197 0.2030 0.5482 0.0400 0.3546 0.1418 0.3411 0.3220 0.9950 0.1955 0.1721 0.4323 0.2658 1.3159 2.3694 1.1523 1.5283 2.8533 3.8839 0.7440 0.3743 13.9361 0.0400 0.5340 0.2017 0.7003 0.3168 0.2848 0.5543 0.4932 0.5100 1.1086 0.4902 0.3218 0.8229 0.8873 2.0962 0.4660 1.1120 2.0518 0.3681 0.6629 0.4426 1.2708 0.5682 0.9469 0.1834 0.2162 0.7779 0.3168 0.5897 0.3500
0.0755 0.1045 0.2175 0.1875 0.0600 0.1728 0.2651 0.1187 0.1206 0.2918 0.2468 0.0600 0.2932 0.1475 0.0846 0.2304 0.1767 0.0600 0.0600 0.2153 0.3925 0.3577 0.1308 0.1312 0.2056 0.2190 0.0837 0.3570 0.1170 0.1048 0.1585 0.1257 0.1091 0.0652 0.0896 0.1635 0.1379 0.1912 0.0600 0.1530 0.0600 0.5286 0.3952 0.1842 0.5758 0.2719 0.3077 0.1335 0.1403 0.0905 0.1847 0.0600 0.1406 0.0736 0.1142 0.1089 0.3523 0.0885 0.0820 0.1579 0.1112 0.4431 0.7832 0.3835 0.5051 0.9431 1.3071 0.2476 0.1270 4.6131 0.0600 0.1999 0.0887 0.2555 0.1705 0.0986 0.1852 0.1864 0.1711 0.3837 0.1854 0.1298 0.2954 0.2933 0.6928 0.1774 0.3909 0.6782 0.1302 0.2191 0.1697 0.4242 0.1878 0.3130 0.0851 0.0814 0.2590 0.1075 0.1949 0.1192
0.1220 0.1986 0.4697 0.4438 0.0400 0.4143 0.6359 0.2328 0.2373 0.6998 0.5900 0.0400 0.6511 0.3017 0.1481 0.5007 0.3718 0.0400 0.0400 0.5137 0.8893 0.8059 0.3084 0.2626 0.4931 0.4734 0.1745 0.7965 0.2286 0.2404 0.3802 0.2511 0.2464 0.0870 0.1624 0.3774 0.2788 0.4586 0.0437 0.3670 0.0400 1.2678 0.9393 0.3898 1.3809 0.6000 0.6860 0.3202 0.3327 0.1651 0.4346 0.0400 0.2852 0.1164 0.2703 0.2552 0.7928 0.1591 0.1406 0.3379 0.2149 1.0410 1.8782 0.9134 1.2115 2.2618 3.0828 0.5898 0.2967 11.0459 0.0400 0.4274 0.1600 0.5593 0.2547 0.2258 0.4394 0.3951 0.4042 0.8734 0.3927 0.2593 0.6564 0.7033 1.6616 0.3735 0.8856 1.6264 0.2894 0.5255 0.3550 1.0073 0.4504 0.7506 0.1495 0.1701 0.6166 0.2511 0.4675 0.2774
0.2013 0.3376 0.8197 0.7891 0.0400 0.7368 1.1307 0.3984 0.4063 1.2443 1.0491 0.0400 1.1421 0.5210 0.2478 0.8748 0.6455 0.0543 0.0400 0.9134 1.5657 1.4175 0.5483 0.4515 0.8769 0.8262 0.3114 1.4008 0.3909 0.4275 0.6761 0.4507 0.4381 0.1391 0.2732 0.6710 0.4803 0.8154 0.0682 0.6526 0.0400 2.2542 1.6703 0.6775 2.4554 1.0514 1.2222 0.5695 0.5915 0.2798 0.7727 0.0400 0.4916 0.1960 0.4807 0.4538 1.3966 0.2674 0.2344 0.6061 0.3665 1.8522 3.3396 1.6241 2.1542 4.0217 5.4661 1.0487 0.5276 19.6409 0.0425 0.7444 0.2806 0.9789 0.4310 0.4015 0.7812 0.6870 0.7188 1.5592 0.6827 0.4454 1.1517 1.2506 2.9545 0.6486 1.5592 2.8920 0.5162 0.9343 0.6157 1.7912 0.8009 1.3347 0.2502 0.3024 1.0965 0.4465 0.8313 0.4933
0.2476 0.4113 0.9899 0.9472 0.0600 0.8844 1.3572 0.4842 0.4937 1.4936 1.2593 0.0600 1.3769 0.6313 0.3034 1.0560 0.7808 0.0721 0.0600 1.0964 1.8853 1.7074 0.6581 0.5479 1.0525 0.9977 0.3725 1.6874 0.4752 0.5131 0.8115 0.5395 0.5259 0.1729 0.3339 0.8054 0.5825 0.9787 0.0848 0.7833 0.0600 2.7058 2.0049 0.8192 2.9473 1.2680 1.4669 0.6835 0.7100 0.3404 0.9275 0.0600 0.5960 0.2390 0.5770 0.5447 1.6807 0.3270 0.2873 0.7228 0.4459 2.2219 4.0086 1.9495 2.5856 4.8273 6.5670 1.2588 0.6332 23.5754 0.0614 0.8995 0.3385 1.1810 0.5255 0.4819 0.9377 0.8306 0.8628 1.8676 0.8255 0.5407 1.3884 1.5011 3.5464 0.7845 1.8775 3.4713 0.6177 1.1215 0.7450 2.1500 0.9614 1.6021 0.3064 0.3629 1.3161 0.5360 0.9978 0.5922
0.0868 0.1371 0.3149 0.2909 0.0400 0.2716 0.4169 0.1595 0.1624 0.4588 0.3868 0.0400 0.4625 0.2175 0.1098 0.3571 0.2666 0.0400 0.0400 0.3602 0.5308 0.4818 0.2022 0.1791 0.3233 0.2864 0.1181 0.5291 0.1663 0.1686 0.2666 0.1819 0.1727 0.0670 0.1198 0.2646 0.2354 0.3816 0.0429 0.3055 0.0400 0.7449 0.5581 0.2373 0.8114 0.3608 0.4113 0.2473 0.2333 0.1217 0.3047 0.0400 0.2059 0.0876 0.2075 0.2124 0.6632 0.1358 0.1203 0.2823 0.1366 0.6194 1.1036 0.5436 0.7118 1.3290 1.8197 0.3761 0.2469 7.3486 0.0400 0.3591 0.1365 0.4688 0.2216 0.1879 0.3656 0.3322 0.3364 0.7297 0.2390 0.1609 0.3940 0.4133 0.9764 0.2277 0.5286 0.9557 0.2013 0.3613 0.2503 0.7230 0.3097 0.5161 0.1090 0.1415 0.5132 0.2090 0.3891 0.2309
0.0762 0.1184 0.2678 0.2445 0.0400 0.2283 0.3504 0.1373 0.1397 0.3856 0.3251 0.0400 0.5137 0.2404 0.1202 0.3961 0.2952 0.0400 0.0400 0.4019 0.1989 0.1817 0.1699 0.1537 0.2717 0.1133 0.0962 0.4479 0.1832 0.1881 0.2974 0.1995 0.1927 0.0724 0.1314 0.2952 0.3947 0.6638 0.0541 0.5313 0.0400 0.2609 0.1948 0.0961 0.2841 0.1393 0.1570 0.3660 0.2602 0.1335 0.3400 0.0400 0.2275 0.0954 0.3025 0.3694 1.1387 0.2214 0.1945 0.4892 0.0601 0.2223 0.3865 0.1883 0.2493 0.4654 0.6502 0.2715 0.4295 6.6275 0.0400 0.6098 0.2226 0.8006 0.3483 0.3268 0.6360 0.5630 0.5852 1.2644 0.0967 0.0692 0.1510 0.1447 0.3419 0.0927 0.1981 0.3347 0.1871 0.3747 0.2589 0.8725 0.3212 0.5353 0.1123 0.2462 0.8927 0.3635 0.6767 0.4016
1.6141 2.8131 7.0522 6.9391 0.0400 6.4789 9.9427 3.3475 3.4174 10.9420 9.2254 0.0400 10.5398 4.7165 2.1554 8.0331 5.8836 0.2754 0.0400 8.5629 5.2278 4.7284 4.8216 3.8140 7.7107 2.7543 2.7289 12.1623 3.4969 4.0079 6.3380 4.1657 4.1071 1.1366 2.3937 6.2904 4.4482 7.8444 0.4225 6.2787 0.0400 7.5952 5.6315 2.2353 8.2729 3.4950 4.1022 5.4145 5.5453 2.5483 7.2442 0.1268 4.5155 1.7643 4.5664 4.3660 13.3577 2.4003 2.0826 5.7811 1.1874 6.2431 11.2521 5.4752 7.2579 13.5502 18.3692 4.8773 5.0758 52.0087 0.1585 6.9894 2.6237 9.2451 3.8318 3.8626 7.5160 6.4366 6.9153 14.9414 2.2530 1.4534 3.8329 4.2137 9.9546 2.1380 5.2059 9.7439 3.7107 7.5657 4.8436 15.0727 6.4853 10.8077 1.8844 2.9093 10.5491 4.2959 7.9973 4.7464
0.1947 0.3185 0.7713 0.7453 0.0400 0.6939 1.0622 0.3755 0.3830 1.1690 0.9882 0.0400 1.2840 0.5843 0.2766 0.9828 0.7245 0.0587 0.0400 1.0289 0.8729 0.7911 0.5188 0.4253 0.8238 0.4655 0.3019 1.3218 0.4378 0.4852 0.7615 0.5083 0.4979 0.1589 0.3052 0.7601 0.7662 1.3219 0.0944 1.0581 0.0400 1.2439 0.9297 0.3852 1.3567 0.5891 0.6800 0.7941 0.6667 0.3146 0.8730 0.0413 0.5512 0.2228 0.6619 0.7357 2.2588 0.4211 0.3676 0.9797 0.2172 1.0303 1.8438 0.9095 1.1924 2.2236 3.0252 0.8089 0.8553 20.8204 0.0511 1.1945 0.4392 1.5746 0.6770 0.6509 1.2666 1.1013 1.1653 2.5242 0.3880 0.2598 0.6445 0.6956 1.6303 0.3696 0.8693 1.5958 1.6931 3.6553 2.3504 6.1561 3.1333 5.2215 0.9215 0.4908 1.7777 0.7239 1.3477 0.7998
0.0871 0.1226 0.2479 0.2251 0.0600 0.2115 0.3139 0.1384 0.1404 0.3434 0.2927 0.0600 0.4555 0.2249 0.1241 0.3554 0.2708 0.0600 0.0600 0.3571 0.1900 0.1756 0.1625 0.1522 0.2479 0.1182 0.1006 0.4089 0.1769 0.1778 0.2695 0.1905 0.1817 0.0839 0.1334 0.2676 0.3543 0.5768 0.0686 0.4657 0.0600 0.2388 0.1858 0.1038 0.2583 0.1401 0.1549 0.3270 0.2383 0.1352 0.3052 0.0600 0.2140 0.1032 0.2737 0.3299 0.9957 0.2089 0.1864 0.4306 0.0736 0.2097 0.3441 0.1893 0.2291 0.4104 0.5788 0.2477 0.3802 5.7202 0.0600 0.5447 0.2099 0.7148 0.3386 0.2942 0.5543 0.5054 0.5109 1.0989 0.1043 0.0813 0.1498 0.1414 0.3068 0.1010 0.1894 0.3007 0.1802 0.3343 0.2404 0.7636 0.2894 0.4690 0.1174 0.2265 0.7798 0.3249 0.5876 0.3569
0.0878 0.1388 0.3192 0.2952 0.0400 0.2756 0.4230 0.1615 0.1645 0.4655 0.3925 0.0400 0.7175 0.3314 0.1616 0.5513 0.4088 0.0415 0.0400 0.5678 0.2219 0.2025 0.2051 0.1814 0.3280 0.1253 0.1190 0.5365 0.2505 0.2657 0.4202 0.2792 0.2723 0.0940 0.1774 0.4171 0.4208 0.7099 0.0636 0.5682 0.0400 0.2944 0.2254 0.1059 0.3207 0.1547 0.1747 0.4308 0.3677 0.1803 0.4803 0.0400 0.3131 0.1265 0.3594 0.3951 1.2174 0.2354 0.2067 0.5295 0.0696 0.2501 0.4362 0.2228 0.2825 0.5275 0.7313 0.2961 0.4594 6.9940 0.0410 0.6507 0.2370 0.8549 0.3809 0.3496 0.6802 0.6007 0.6258 1.3592 0.1066 0.0786 0.1678 0.1645 0.3859 0.1021 0.2210 0.3777 0.1973 0.3972 0.2717 0.9302 0.3406 0.5640 0.1212 0.2656 0.9547 0.3888 0.7238 0.4295
0.0978 0.1338 0.2609 0.2281 0.0800 0.2143 0.3181 0.1498 0.1519 0.3481 0.2966 0.0800 0.4701 0.2376 0.1353 0.3700 0.2842 0.0800 0.0800 0.3619 0.2022 0.1876 0.1646 0.1638 0.2512 0.1294 0.1058 0.4241 0.1888 0.1800 0.2731 0.2027 0.1840 0.0946 0.1448 0.2712 0.3689 0.5848 0.0820 0.4721 0.0800 0.2420 0.1979 0.1147 0.2618 0.1515 0.1666 0.3314 0.2414 0.1466 0.3093 0.0800 0.2265 0.1142 0.2774 0.3344 1.0120 0.2214 0.1985 0.4367 0.0857 0.2221 0.3488 0.2018 0.2321 0.4160 0.5963 0.2510 0.3855 5.7295 0.0800 0.5618 0.2224 0.7343 0.3681 0.2981 0.5612 0.5220 0.5179 1.1032 0.1153 0.0919 0.1614 0.1431 0.3109 0.1119 0.2016 0.3048 0.1922 0.3388 0.2533 0.7725 0.2933 0.4755 0.1286 0.2295 0.7896 0.3293 0.5958 0.3618
0.5080 0.8526 2.0811 2.0191 0.0800 1.8837 2.8859 1.0061 1.0262 3.1759 2.6816 0.0800 4.1063 1.8554 0.8671 3.1373 2.3065 0.1526 0.0800 3.3115 1.5132 1.3719 1.4054 1.1412 2.2380 0.8106 0.8041 3.5698 1.3839 1.5539 2.4498 1.6214 1.5929 0.4773 0.9583 2.4367 3.1262 5.4671 0.3277 4.3759 0.0800 2.1486 1.6036 0.6704 2.3434 1.0231 1.1837 3.0149 2.1455 1.0057 2.8040 0.1026 1.7673 0.7045 2.4928 3.0428 9.3221 1.6989 1.4775 4.0353 0.3769 1.7803 3.1855 1.5648 2.0579 3.8384 5.2306 2.2380 3.5375 54.5865 0.1490 4.8973 1.7726 6.4694 2.7138 2.6920 5.2382 4.5120 4.8196 10.4203 0.6753 0.4514 1.1186 1.2000 2.8159 0.6431 1.5070 2.7563 1.4865 3.0865 2.0076 7.1913 2.6455 4.4086 0.8029 2.0298 7.3521 2.9940 5.5737 3.3079
0.0467 0.0593 0.1162 0.0995 0.0400 0.0912 0.1360 0.0655 0.0665 0.1497 0.1295 0.0400 0.2117 0.1056 0.0598 0.1660 0.1268 0.0400 0.0400 0.1569 0.0894 0.0828 0.0705 0.0719 0.1055 0.0578 0.0490 0.1912 0.0833 0.0772 0.1155 0.0897 0.0797 0.0456 0.0632 0.1194 0.1655 0.2577 0.0401 0.2063 0.0400 0.1013 0.0875 0.0526 0.1129 0.0663 0.0732 0.1421 0.1024 0.0640 0.1353 0.0400 0.1005 0.0524 0.1179 0.1434 0.4543 0.0982 0.0878 0.1958 0.0419 0.0985 0.1518 0.0903 0.1011 0.1856 0.2647 0.1066 0.1668 2.5743 0.0400 0.2490 0.0987 0.3231 0.1686 0.1269 0.2469 0.2308 0.2272 0.4976 0.0528 0.0446 0.0708 0.0630 0.1327 0.0516 0.0891 0.1299 0.0849 0.1455 0.1128 0.3433 0.1247 0.2078 0.0575 0.0970 0.3466 0.1411 0.2627 0.1559
0.0593 0.0888 0.1933 0.1710 0.0400 0.1597 0.2450 0.1020 0.1037 0.2697 0.2274 0.0400 0.3653 0.1741 0.0901 0.2830 0.2125 0.0400 0.0400 0.2811 0.1451 0.1331 0.1188 0.1135 0.1900 0.0852 0.0712 0.3193 0.1341 0.1316 0.2080 0.1455 0.1348 0.0568 0.0979 0.2065 0.2821 0.4642 0.0474 0.3716 0.0400 0.1824 0.1416 0.0732 0.1987 0.1035 0.1158 0.2560 0.1820 0.0994 0.2378 0.0400 0.1651 0.0727 0.2116 0.2584 0.8024 0.1609 0.1421 0.3437 0.0505 0.1615 0.2703 0.1390 0.1743 0.3255 0.4608 0.1899 0.3004 4.6353 0.0400 0.4325 0.1617 0.5659 0.2603 0.2286 0.4448 0.3997 0.4093 0.8874 0.0736 0.0552 0.1116 0.1012 0.2391 0.0709 0.1446 0.2340 0.1369 0.2621 0.1871 0.6102 0.2246 0.3744 0.0846 0.1722 0.6243 0.2542 0.4733 0.2809
0.0742 0.0941 0.1763 0.1573 0.0600 0.1458 0.2127 0.1045 0.1058 0.2321 0.2000 0.0600 0.3116 0.1612 0.0951 0.2469 0.1914 0.0600 0.0600 0.2410 0.1384 0.1289 0.1160 0.1135 0.1694 0.0913 0.0814 0.2889 0.1298 0.1258 0.1836 0.1387 0.1293 0.0726 0.1013 0.1855 0.2461 0.3851 0.0647 0.3122 0.0600 0.1635 0.1356 0.0828 0.1765 0.1056 0.1154 0.2213 0.1631 0.1024 0.2082 0.0600 0.1541 0.0825 0.1864 0.2232 0.6653 0.1508 0.1360 0.2937 0.0673 0.1512 0.2326 0.1459 0.1596 0.2793 0.3966 0.1693 0.2562 3.6655 0.0600 0.3744 0.1515 0.4894 0.2562 0.1998 0.3698 0.3487 0.3419 0.7211 0.0830 0.0712 0.1120 0.1023 0.2081 0.0813 0.1380 0.2041 0.1319 0.2261 0.1714 0.5127 0.1967 0.3144 0.0908 0.1554 0.5210 0.2199 0.3922 0.2409
0.0740 0.1071 0.2287 0.2124 0.0400 0.1988 0.2964 0.1218 0.1238 0.3255 0.2794 0.0400 0.4357 0.2056 0.1085 0.3366 0.2517 0.0400 0.0400 0.3424 0.1706 0.1567 0.1531 0.1347 0.2328 0.1031 0.0953 0.3871 0.1578 0.1673 0.2531 0.1735 0.1710 0.0710 0.1172 0.2552 0.3355 0.5589 0.0567 0.4473 0.0400 0.2243 0.1716 0.0896 0.2444 0.1235 0.1373 0.3114 0.2238 0.1189 0.2919 0.0400 0.1947 0.0891 0.2586 0.3116 0.9619 0.1896 0.1669 0.4192 0.0614 0.1903 0.3301 0.1772 0.2162 0.3986 0.5506 0.2329 0.3633 5.5845 0.0400 0.5165 0.1906 0.6773 0.3086 0.2767 0.5356 0.4772 0.4935 1.0724 0.0901 0.0686 0.1326 0.1333 0.2885 0.0870 0.1700 0.2846 0.1609 0.3187 0.2211 0.7411 0.2734 0.4507 0.1023 0.2128 0.7516 0.3069 0.5698 0.3401
0.0836 0.1314 0.3006 0.2768 0.0400 0.2585 0.3967 0.1528 0.1555 0.4366 0.3681 0.0400 0.5789 0.2695 0.1335 0.4458 0.3316 0.0406 0.0400 0.4550 0.2225 0.2031 0.1924 0.1714 0.3076 0.1256 0.1117 0.5044 0.2047 0.2130 0.3367 0.2276 0.2182 0.0793 0.1461 0.3342 0.4442 0.7515 0.0610 0.6015 0.0400 0.2953 0.2245 0.1061 0.3217 0.1551 0.1751 0.4144 0.2946 0.1485 0.3849 0.0400 0.2549 0.1053 0.3425 0.4183 1.2866 0.2480 0.2176 0.5538 0.0665 0.2498 0.4375 0.2180 0.2822 0.5269 0.7335 0.3074 0.4863 7.5034 0.0402 0.6877 0.2494 0.9038 0.3951 0.3700 0.7200 0.6347 0.6625 1.4333 0.1068 0.0757 0.1683 0.1638 0.3871 0.1023 0.2217 0.3789 0.2095 0.4242 0.2905 0.9878 0.3636 0.6060 0.1245 0.2787 1.0106 0.4116 0.7662 0.4547
0.0400 0.0463 0.0711 0.0605 0.0400 0.0578 0.0781 0.0494 0.0498 0.0839 0.0739 0.0400 0.0876 0.0557 0.0417 0.0739 0.0621 0.0400 0.0400 0.0669 0.1094 0.1018 0.0481 0.0522 0.0650 0.0714 0.0406 0.1119 0.0490 0.0445 0.0547 0.0510 0.0459 0.0400 0.0430 0.0578 0.0536 0.0619 0.0400 0.0535 0.0400 0.1358 0.1071 0.0638 0.1461 0.0830 0.0908 0.0492 0.0504 0.0432 0.0610 0.0400 0.0542 0.0400 0.0447 0.0433 0.1106 0.0427 0.0410 0.0580 0.0478 0.1198 0.1915 0.1136 0.1306 0.2265 0.3197 0.0739 0.0481 1.0325 0.0400 0.0772 0.0428 0.0992 0.0876 0.0415 0.0601 0.0742 0.0570 0.1075 0.0640 0.0518 0.0881 0.0842 0.1717 0.0623 0.1090 0.1685 0.0514 0.0680 0.0606 0.1242 0.0611 0.0885 0.0418 0.0400 0.0863 0.0431 0.0627 0.0467
0.0400 0.0451 0.0680 0.0582 0.0400 0.0550 0.0737 0.0480 0.0483 0.0791 0.0698 0.0400 0.0833 0.0538 0.0408 0.0706 0.0597 0.0400 0.0400 0.0634 0.1034 0.0964 0.0464 0.0505 0.0616 0.0683 0.0400 0.1072 0.0476 0.0434 0.0521 0.0494 0.0447 0.0400 0.0420 0.0557 0.0519 0.0587 0.0400 0.0510 0.0400 0.1270 0.1013 0.0612 0.1366 0.0790 0.0862 0.0470 0.0481 0.0422 0.0587 0.0400 0.0524 0.0400 0.0428 0.0421 0.1052 0.0417 0.0402 0.0559 0.0464 0.1130 0.1786 0.1080 0.1223 0.2110 0.2986 0.0698 0.0468 0.9659 0.0400 0.0744 0.0418 0.0955 0.0863 0.0406 0.0573 0.0717 0.0550 0.1016 0.0615 0.0502 0.0837 0.0794 0.1603 0.0599 0.1031 0.1573 0.0498 0.0644 0.0583 0.1179 0.0580 0.0834 0.0409 0.0400 0.0821 0.0421 0.0595 0.0454
0.0563 0.0760 0.1459 0.1343 0.0400 0.1268 0.1839 0.0848 0.0860 0.2003 0.1720 0.0400 0.1926 0.1026 0.0630 0.1539 0.1206 0.0400 0.0400 0.1524 0.2572 0.2345 0.0994 0.0925 0.1471 0.1468 0.0650 0.2404 0.0837 0.0819 0.1180 0.0891 0.0835 0.0473 0.0667 0.1172 0.0967 0.1382 0.0400 0.1146 0.0400 0.3471 0.2649 0.1253 0.3808 0.1795 0.2017 0.1025 0.1057 0.0674 0.1320 0.0400 0.0983 0.0548 0.0897 0.0858 0.2391 0.0659 0.0611 0.1090 0.0802 0.2932 0.5159 0.2654 0.3360 0.6231 0.8559 0.1720 0.0964 3.0235 0.0400 0.1450 0.0661 0.1890 0.1198 0.0782 0.1332 0.1366 0.1242 0.2515 0.1260 0.0916 0.1940 0.2012 0.4534 0.1211 0.2562 0.4448 0.0946 0.1554 0.1163 0.2904 0.1361 0.2134 0.0634 0.0638 0.1889 0.0847 0.1405 0.0915
0.0403 0.0500 0.0956 0.0773 0.0400 0.0697 0.1069 0.0558 0.0565 0.1176 0.1002 0.0400 0.1260 0.0673 0.0430 0.1008 0.0791 0.0400 0.0400 0.0877 0.1661 0.1521 0.0542 0.0608 0.0828 0.0962 0.0418 0.1539 0.0551 0.0467 0.0639 0.0585 0.0493 0.0400 0.0444 0.0711 0.0635 0.0770 0.0400 0.0617 0.0400 0.2130 0.1620 0.0821 0.2320 0.1175 0.1319 0.0540 0.0578 0.0447 0.0771 0.0400 0.0646 0.0400 0.0474 0.0459 0.1499 0.0441 0.0422 0.0715 0.0527 0.1852 0.3156 0.1563 0.2036 0.3801 0.5347 0.1011 0.0534 1.8648 0.0400 0.0884 0.0442 0.1116 0.0925 0.0429 0.0761 0.0830 0.0707 0.1625 0.0826 0.0602 0.1270 0.1182 0.2792 0.0794 0.1655 0.2733 0.0594 0.0883 0.0763 0.1750 0.0757 0.1261 0.0431 0.0406 0.1057 0.0455 0.0785 0.0507
0.1161 0.1884 0.4440 0.4184 0.0400 0.3907 0.5996 0.2207 0.2249 0.6598 0.5563 0.0400 0.6150 0.2856 0.1408 0.4732 0.3517 0.0400 0.0400 0.4843 0.8396 0.7610 0.2907 0.2488 0.4649 0.4475 0.1645 0.7522 0.2167 0.2267 0.3585 0.2384 0.2323 0.0832 0.1542 0.3558 0.2641 0.4323 0.0441 0.3461 0.0400 1.1953 0.8857 0.3686 1.3020 0.5669 0.6483 0.3019 0.3136 0.1568 0.4097 0.0400 0.2700 0.1109 0.2549 0.2406 0.7487 0.1512 0.1337 0.3186 0.2037 0.9816 1.7708 0.8612 1.1422 2.1325 2.9078 0.5561 0.2797 10.4147 0.0400 0.4041 0.1520 0.5284 0.2440 0.2129 0.4142 0.3736 0.3811 0.8248 0.3714 0.2456 0.6201 0.6631 1.5667 0.3533 0.8362 1.5335 0.2729 0.4954 0.3359 0.9498 0.4247 0.7077 0.1421 0.1603 0.5814 0.2368 0.4408 0.2616
0.0400 0.0415 0.0589 0.0515 0.0400 0.0471 0.0609 0.0437 0.0440 0.0650 0.0593 0.0400 0.0706 0.0481 0.0400 0.0609 0.0526 0.0400 0.0400 0.0548 0.0859 0.0806 0.0425 0.0456 0.0517 0.0592 0.0400 0.0936 0.0434 0.0402 0.0445 0.0448 0.0412 0.0400 0.0400 0.0496 0.0466 0.0495 0.0400 0.0436 0.0400 0.1016 0.0843 0.0538 0.1088 0.0673 0.0728 0.0412 0.0436 0.0400 0.0519 0.0400 0.0471 0.0400 0.0400 0.0400 0.0897 0.0400 0.0400 0.0497 0.0425 0.0932 0.1408 0.0918 0.0979 0.1655 0.2371 0.0602 0.0428 0.7363 0.0400 0.0662 0.0400 0.0863 0.0824 0.0400 0.0508 0.0641 0.0490 0.0846 0.0540 0.0454 0.0709 0.0652 0.1269 0.0527 0.0857 0.1246 0.0451 0.0538 0.0515 0.0993 0.0490 0.0683 0.0400 0.0400 0.0721 0.0400 0.0501 0.0417
0.0478 0.0611 0.1084 0.0974 0.0400 0.0922 0.1308 0.0671 0.0679 0.1420 0.1229 0.0400 0.1400 0.0791 0.0523 0.1138 0.0913 0.0400 0.0400 0.1095 0.1815 0.1670 0.0737 0.0723 0.1060 0.1090 0.0504 0.1754 0.0664 0.0619 0.0863 0.0700 0.0630 0.0417 0.0548 0.0858 0.0751 0.0999 0.0400 0.0840 0.0400 0.2410 0.1837 0.0945 0.2607 0.1311 0.1461 0.0758 0.0780 0.0553 0.0958 0.0400 0.0762 0.0468 0.0671 0.0645 0.1747 0.0542 0.0510 0.0835 0.0640 0.2015 0.3474 0.1892 0.2312 0.4143 0.5739 0.1228 0.0717 1.9457 0.0400 0.1110 0.0544 0.1440 0.1037 0.0593 0.0966 0.1054 0.0905 0.1779 0.0950 0.0717 0.1409 0.1426 0.3097 0.0916 0.1809 0.3035 0.0708 0.1116 0.0884 0.2056 0.0985 0.1509 0.0526 0.0496 0.1375 0.0638 0.1015 0.0684
0.0742 0.1150 0.2593 0.2361 0.0400 0.2205 0.3383 0.1332 0.1356 0.3724 0.3139 0.0400 0.3558 0.1699 0.0882 0.2758 0.2072 0.0400 0.0400 0.2733 0.4825 0.4382 0.1641 0.1491 0.2624 0.2612 0.0929 0.4332 0.1310 0.1279 0.2023 0.1421 0.1311 0.0556 0.0958 0.2008 0.1577 0.2440 0.0400 0.1953 0.0400 0.6746 0.4998 0.2167 0.7348 0.3286 0.3744 0.1704 0.1770 0.0972 0.2312 0.0400 0.1611 0.0713 0.1439 0.1358 0.4312 0.0940 0.0842 0.1832 0.1237 0.5539 0.9994 0.4860 0.6446 1.2035 1.6497 0.3138 0.1579 5.8776 0.0400 0.2368 0.0945 0.3069 0.1628 0.1201 0.2338 0.2196 0.2151 0.4713 0.2183 0.1473 0.3587 0.3743 0.8841 0.2081 0.4806 0.8654 0.1540 0.2796 0.1983 0.5360 0.2397 0.3994 0.0889 0.0905 0.3281 0.1336 0.2487 0.1476
0.0416 0.0503 0.0861 0.0716 0.0400 0.0672 0.0946 0.0542 0.0547 0.1035 0.0923 0.0400 0.1168 0.0632 0.0446 0.0937 0.0739 0.0400 0.0400 0.0837 0.1361 0.1250 0.0551 0.0576 0.0761 0.0816 0.0432 0.1409 0.0537 0.0481 0.0633 0.0561 0.0499 0.0400 0.0462 0.0667 0.0640 0.0783 0.0400 0.0631 0.0400 0.1693 0.1336 0.0721 0.1866 0.0975 0.1090 0.0565 0.0579 0.0465 0.0729 0.0400 0.0607 0.0410 0.0508 0.0491 0.1514 0.0458 0.0437 0.0722 0.0522 0.1513 0.2522 0.1356 0.1658 0.3068 0.4291 0.0871 0.0549 1.6799 0.0400 0.0895 0.0459 0.1157 0.0928 0.0457 0.0782 0.0840 0.0726 0.1642 0.0724 0.0572 0.1050 0.1001 0.2219 0.0702 0.1356 0.2172 0.0798 0.1341 0.1055 0.2396 0.1149 0.1916 0.0530 0.0420 0.1087 0.0486 0.0795 0.0518
0.0796 0.1176 0.2658 0.2460 0.0400 0.2275 0.3476 0.1363 0.1388 0.3825 0.3244 0.0400 0.4310 0.2035 0.1042 0.3331 0.2491 0.0400 0.0400 0.3353 0.3025 0.2755 0.1717 0.1526 0.2696 0.1674 0.1049 0.4486 0.1558 0.1607 0.2476 0.1711 0.1653 0.0688 0.1127 0.2505 0.2598 0.4248 0.0494 0.3400 0.0400 0.4121 0.3120 0.1402 0.4489 0.2085 0.2365 0.2563 0.2179 0.1145 0.2862 0.0400 0.1927 0.0859 0.2141 0.2364 0.7360 0.1489 0.1317 0.3199 0.0864 0.3463 0.6105 0.3054 0.3938 0.7355 1.0156 0.2644 0.2749 6.8239 0.0400 0.3974 0.1497 0.5196 0.2453 0.2092 0.4070 0.3675 0.3745 0.8166 0.1411 0.0992 0.2269 0.2286 0.5401 0.1349 0.3014 0.5287 0.5719 1.2242 0.8005 2.0523 1.0494 1.7488 0.3217 0.1609 0.5713 0.2326 0.4331 0.2574
0.0463 0.0585 0.1018 0.0909 0.0400 0.0862 0.1216 0.0640 0.0647 0.1318 0.1142 0.0400 0.1501 0.0836 0.0544 0.1215 0.0969 0.0400 0.0400 0.1178 0.1126 0.1047 0.0693 0.0688 0.0988 0.0731 0.0486 0.1641 0.0697 0.0658 0.0924 0.0737 0.0669 0.0427 0.0571 0.0918 0.1001 0.1442 0.0400 0.1194 0.0400 0.1404 0.1103 0.0651 0.1512 0.0851 0.0933 0.0949 0.0833 0.0576 0.1027 0.0400 0.0805 0.0483 0.0824 0.0891 0.2492 0.0677 0.0626 0.1130 0.0485 0.1234 0.1984 0.1168 0.1351 0.2349 0.3310 0.0973 0.1003 2.0134 0.0400 0.1503 0.0679 0.1960 0.1223 0.0811 0.1389 0.1415 0.1294 0.2596 0.0654 0.0527 0.0905 0.0868 0.1778 0.0636 0.1122 0.1745 0.1896 0.3778 0.2581 0.6298 0.3267 0.5311 0.1182 0.0660 0.1969 0.0880 0.1466 0.0951
0.2102 0.3458 0.8250 0.7845 0.0600 0.7324 1.1240 0.4062 0.4141 1.2370 1.0430 0.0600 1.4367 0.6580 0.3155 1.1015 0.8141 0.0702 0.0600 1.1450 0.8402 0.7625 0.5451 0.4589 0.8717 0.4526 0.3085 1.4027 0.4949 0.5359 0.8475 0.5622 0.5492 0.1793 0.3474 0.8411 0.9354 1.6039 0.1154 1.2838 0.0600 1.1816 0.8759 0.3746 1.2871 0.5706 0.6516 0.9340 0.7415 0.3533 0.9687 0.0600 0.6211 0.2461 0.7762 0.8927 2.7377 0.5167 0.4517 1.1829 0.2116 0.9744 1.7506 0.8513 1.1292 2.1081 2.8848 0.8599 1.0378 21.8151 0.0647 1.4550 0.5266 1.9163 0.8195 0.7898 1.5368 1.3420 1.4140 3.0578 0.3774 0.2530 0.6232 0.6555 1.5487 0.3595 0.8368 1.5159 1.4469 3.1193 2.0187 5.4681 2.6739 4.4560 0.7987 0.5949 2.1570 0.8784 1.6352 0.9705
0.0523 0.0723 0.1517 0.1319 0.0400 0.1214 0.1862 0.0823 0.0836 0.2050 0.1729 0.0400 0.2402 0.1183 0.0647 0.1878 0.1427 0.0400 0.0400 0.1792 0.1714 0.1569 0.0919 0.0911 0.1444 0.0990 0.0582 0.2502 0.0928 0.0867 0.1327 0.1001 0.0896 0.0475 0.0697 0.1353 0.1485 0.2276 0.0400 0.1822 0.0400 0.2208 0.1695 0.0844 0.2405 0.1210 0.1360 0.1373 0.1161 0.0706 0.1533 0.0400 0.1125 0.0551 0.1145 0.1267 0.4037 0.0891 0.0799 0.1738 0.0554 0.1912 0.3271 0.1649 0.2110 0.3940 0.5535 0.1417 0.1473 3.6566 0.0400 0.2223 0.0895 0.2877 0.1559 0.1121 0.2181 0.2062 0.2007 0.4411 0.0849 0.0617 0.1309 0.1225 0.2894 0.0816 0.1708 0.2833 0.3126 0.6561 0.4383 1.0998 0.5624 0.9372 0.1817 0.0863 0.3061 0.1246 0.2321 0.1377
0.0787 0.1229 0.2792 0.2557 0.0400 0.2388 0.3664 0.1426 0.1452 0.4032 0.3400 0.0400 0.4533 0.2134 0.1079 0.3500 0.2615 0.0400 0.0400 0.3527 0.3179 0.2893 0.1777 0.1598 0.2842 0.1754 0.1017 0.4675 0.1632 0.1651 0.2610 0.1777 0.1691 0.0660 0.1178 0.2591 0.2728 0.4478 0.0469 0.3584 0.0400 0.4344 0.3233 0.1467 0.4732 0.2188 0.2482 0.2702 0.2284 0.1196 0.2984 0.0400 0.2021 0.0862 0.2253 0.2492 0.7748 0.1559 0.1378 0.3320 0.0868 0.3615 0.6436 0.3132 0.4151 0.7750 1.0695 0.2787 0.2898 7.1905 0.0400 0.4179 0.1567 0.5466 0.2529 0.2205 0.4291 0.3863 0.3948 0.8565 0.1477 0.1020 0.2381 0.2410 0.5694 0.1411 0.3166 0.5573 0.5995 1.2906 0.8428 2.1636 1.1063 1.8436 0.3380 0.1661 0.6022 0.2452 0.4566 0.2710
0.0491 0.0635 0.1224 0.1067 0.0400 0.0984 0.1448 0.0699 0.0708 0.1594 0.1390 0.0400 0.2183 0.1085 0.0641 0.1711 0.1305 0.0400 0.0400 0.1652 0.1017 0.0938 0.0778 0.0755 0.1128 0.0626 0.0527 0.2029 0.0856 0.0840 0.1219 0.0921 0.0856 0.0478 0.0679 0.1251 0.1652 0.2572 0.0416 0.2059 0.0400 0.1191 0.0994 0.0559 0.1302 0.0745 0.0826 0.1464 0.1087 0.0686 0.1420 0.0400 0.1033 0.0557 0.1230 0.1458 0.4535 0.0986 0.0894 0.1974 0.0437 0.1124 0.1765 0.1006 0.1165 0.2160 0.3078 0.1136 0.1697 2.7633 0.0400 0.2485 0.0990 0.3232 0.1683 0.1313 0.2485 0.2304 0.2294 0.4982 0.0561 0.0468 0.0798 0.0693 0.1561 0.0548 0.1013 0.1528 0.1171 0.2176 0.1587 0.4480 0.1865 0.3109 0.0736 0.1038 0.3479 0.1437 0.2622 0.1592
0.0792 0.1162 0.2469 0.2341 0.0400 0.2199 0.3267 0.1326 0.1348 0.3575 0.3046 0.0400 0.4622 0.2229 0.1177 0.3592 0.2709 0.0402 0.0400 0.3718 0.1866 0.1716 0.1687 0.1470 0.2579 0.1117 0.1042 0.4146 0.1728 0.1846 0.2804 0.1909 0.1887 0.0759 0.1275 0.2784 0.3580 0.6010 0.0598 0.4851 0.0400 0.2483 0.1892 0.0966 0.2687 0.1345 0.1499 0.3404 0.2478 0.1293 0.3176 0.0400 0.2116 0.0960 0.2848 0.3434 1.0229 0.2063 0.1828 0.4482 0.0651 0.2075 0.3583 0.1945 0.2382 0.4274 0.5917 0.2576 0.3960 5.9296 0.0400 0.5562 0.2074 0.7333 0.3318 0.3061 0.5767 0.5153 0.5322 1.1390 0.0971 0.0731 0.1446 0.1467 0.3193 0.0937 0.1859 0.3129 0.1763 0.3480 0.2391 0.7938 0.3011 0.4885 0.1108 0.2355 0.8114 0.3382 0.6124 0.3716
0.1062 0.1576 0.3514 0.3200 0.0600 0.2964 0.4544 0.1821 0.1852 0.5001 0.4229 0.0600 0.6703 0.3158 0.1600 0.5177 0.3869 0.0600 0.0600 0.5211 0.2620 0.2397 0.2229 0.2034 0.3524 0.1510 0.1333 0.5885 0.2416 0.2464 0.3857 0.2638 0.2533 0.1017 0.1745 0.3861 0.5159 0.8608 0.0801 0.6890 0.0600 0.3383 0.2591 0.1296 0.3687 0.1848 0.2077 0.4746 0.3375 0.1772 0.4421 0.0600 0.2990 0.1288 0.3923 0.4791 1.4808 0.2912 0.2563 0.6390 0.0872 0.2923 0.5011 0.2559 0.3258 0.6069 0.8473 0.3521 0.5570 8.5948 0.0600 0.7948 0.2928 1.0423 0.4665 0.4239 0.8248 0.7341 0.7589 1.6453 0.1304 0.0980 0.1998 0.1905 0.4434 0.1257 0.2610 0.4340 0.2467 0.4859 0.3398 1.1344 0.4165 0.6941 0.1497 0.3192 1.1576 0.4714 0.8776 0.5208
0.0893 0.1414 0.3258 0.3017 0.0400 0.2817 0.4323 0.1647 0.1677 0.4758 0.4011 0.0400 0.6291 0.2919 0.1436 0.4840 0.3595 0.0420 0.0400 0.4958 0.2407 0.2195 0.2096 0.1850 0.3352 0.1351 0.1219 0.5480 0.2213 0.2321 0.3670 0.2476 0.2378 0.0847 0.1574 0.3642 0.4823 0.8190 0.0649 0.6555 0.0400 0.3218 0.2444 0.1139 0.3506 0.1673 0.1891 0.4516 0.3211 0.1600 0.4195 0.0400 0.2760 0.1130 0.3732 0.4558 1.4016 0.2685 0.2353 0.6041 0.0711 0.2718 0.4768 0.2380 0.3075 0.5742 0.7976 0.3350 0.5299 8.1771 0.0415 0.7476 0.2707 0.9831 0.4284 0.4033 0.7847 0.6899 0.7220 1.5623 0.1146 0.0807 0.1816 0.1785 0.4218 0.1098 0.2397 0.4129 0.2278 0.4623 0.3147 1.0765 0.3963 0.6604 0.1339 0.3037 1.1014 0.4485 0.8349 0.4955
0.0822 0.1290 0.2944 0.2708 0.0400 0.2528 0.3880 0.1498 0.1526 0.4270 0.3600 0.0400 0.5667 0.2641 0.1310 0.4364 0.3247 0.0400 0.0400 0.4450 0.2180 0.1991 0.1881 0.1680 0.3009 0.1233 0.1075 0.4938 0.2007 0.2082 0.3293 0.2218 0.2134 0.0780 0.1433 0.3269 0.4349 0.7350 0.0582 0.5883 0.0400 0.2888 0.2186 0.1042 0.3146 0.1522 0.1717 0.4052 0.2882 0.1457 0.3765 0.0400 0.2497 0.1035 0.3350 0.4091 1.2588 0.2430 0.2133 0.5417 0.0644 0.2440 0.4279 0.2119 0.2760 0.5153 0.7178 0.3006 0.4756 7.3386 0.0400 0.6730 0.2444 0.8844 0.3847 0.3619 0.7042 0.6212 0.6480 1.4000 0.1049 0.0745 0.1650 0.1602 0.3786 0.1005 0.2172 0.3705 0.2051 0.4149 0.2845 0.9661 0.3556 0.5927 0.1222 0.2726 0.9884 0.4025 0.7493 0.4447
0.0625 0.0946 0.2077 0.1852 0.0400 0.1729 0.2654 0.1088 0.1107 0.2921 0.2463 0.0400 0.3940 0.1870 0.0959 0.3049 0.2285 0.0400 0.0400 0.3044 0.1555 0.1425 0.1287 0.1213 0.2058 0.0907 0.0738 0.3441 0.1436 0.1425 0.2253 0.1560 0.1460 0.0597 0.1044 0.2236 0.3039 0.5028 0.0462 0.4025 0.0400 0.1976 0.1517 0.0776 0.2152 0.1104 0.1238 0.2772 0.1971 0.1060 0.2575 0.0400 0.1772 0.0771 0.2291 0.2798 0.8675 0.1726 0.1522 0.3706 0.0504 0.1732 0.2927 0.1461 0.1888 0.3525 0.4974 0.2056 0.3253 5.0205 0.0400 0.4667 0.1735 0.6113 0.2755 0.2476 0.4818 0.4313 0.4433 0.9578 0.0781 0.0573 0.1192 0.1096 0.2590 0.0751 0.1549 0.2535 0.1466 0.2838 0.2010 0.6610 0.2433 0.4055 0.0899 0.1865 0.6762 0.2754 0.5127 0.3042
Lat Lon Places for 100 nodes
6780.5197 4860.3385 AP_Node_1
7205.0000 6830.2536 AP_Node_2
12753.3638 27186.9744 AP_Node_3
16702.3172 24549.2632 AP_Node_4
20174.0000 16652.0000 AP_Node_5
22035.9053 23103.3501 AP_Node_6
23056.0000 20698.3128 AP_Node_7
24345.3375 2895.5856 AP_Node_8
24497.0000 1296.0684 AP_Node_9
24497.0000 8046.0888 AP_Node_10
25624.6201 24301.0977 AP_Node_11
29537.8809 11594.5272 AP_Node_12
31987.4977 19971.5384 AP_Node_13
35888.0576 22755.1770 AP_Node_14
39801.1353 18824.0000 AP_Node_15
40599.6897 24426.3158 AP_Node_16
48994.0000 19032.6463 AP_Node_17
52342.5998 15969.4007 AP_Node_18
56199.0000 17417.6837 AP_Node_19
57640.0000 11700.7172 AP_Node_20
12663.8035 34854.2263 AP_Node_21
14549.2333 35640.3612 AP_Node_22
17751.3136 33304.0000 AP_Node_23
21491.6242 34380.0745 AP_Node_24
23056.0000 33518.6640 AP_Node_25
24497.0000 35534.2706 AP_Node_26
25938.0000 30157.6511 AP_Node_27
27135.6045 28490.3115 AP_Node_28
28467.7614 28603.5768 AP_Node_29
29706.7635 30853.5731 AP_Node_30
30710.2989 30501.5556 AP_Node_31
31702.0000 33516.9549 AP_Node_32
34584.0000 28156.7050 AP_Node_33
34884.0026 31253.0802 AP_Node_34
36242.2873 33878.6289 AP_Node_35
37466.0000 33062.0930 AP_Node_36
40348.0000 34160.4418 AP_Node_37
41789.0000 31351.2256 AP_Node_38
42155.8450 31829.4919 AP_Node_39
52314.8119 33917.7641 AP_Node_40
5047.9641 37648.0000 AP_Node_41
15851.0000 39070.9930 AP_Node_42
17646.5772 39452.2996 AP_Node_43
19050.5768 41034.6416 AP_Node_44
22544.8588 39609.6242 AP_Node_45
26126.4886 37648.0000 AP_Node_46
27379.0000 39521.0460 AP_Node_47
30261.0000 39138.5355 AP_Node_48
31702.0000 37136.0669 AP_Node_49
33143.0000 37848.2620 AP_Node_50
33145.4354 39838.7001 AP_Node_51
35201.1448 38475.8572 AP_Node_52
36025.0000 39268.1051 AP_Node_53
37466.0000 36652.3201 AP_Node_54
38292.0230 38053.8932 AP_Node_55
39383.1202 38617.5670 AP_Node_56
42651.1201 38662.8460 AP_Node_57
46996.7875 38206.9144 AP_Node_58
48720.3858 39370.9433 AP_Node_59
50039.2750 37392.9419 AP_Node_60
11004.9343 46336.0000 AP_Node_61
17506.8352 47568.1211 AP_Node_62
22813.8913 43440.0000 AP_Node_63
23058.0509 45742.0734 AP_Node_64
24497.0000 43951.2572 AP_Node_65
24497.0000 46488.3740 AP_Node_66
25944.8719 47784.0000 AP_Node_67
27784.8073 46152.8857 AP_Node_68
29385.4007 44319.8527 AP_Node_69
30261.0000 47760.0339 AP_Node_70
30348.7621 47469.2562 AP_Node_71
31702.0000 44915.2345 AP_Node_72
31921.4081 45700.3124 AP_Node_73
33143.0000 44124.9630 AP_Node_74
33143.9282 46201.5953 AP_Node_75
34584.0000 44711.5657 AP_Node_76
36814.7237 43440.0000 AP_Node_77
40446.5918 41992.0000 AP_Node_78
43513.4886 43440.0000 AP_Node_79
49128.8955 42398.6524 AP_Node_80
3137.5520 54253.6197 AP_Node_81
5764.0000 53250.9374 AP_Node_82
7354.7667 53425.5058 AP_Node_83
12769.6009 53576.0000 AP_Node_84
18131.0470 51284.8772 AP_Node_85
19014.2797 53293.3539 AP_Node_86
21615.0000 51861.3764 AP_Node_87
23295.3020 51887.5356 AP_Node_88
26905.6493 52149.0497 AP_Node_89
29941.3920 50195.4818 AP_Node_90
30261.0000 50826.4728 AP_Node_91
31564.0675 48063.1422 AP_Node_92
31702.0000 49719.2638 AP_Node_93
31702.0000 52714.3234 AP_Node_94
33143.0000 49911.1230 AP_Node_95
33409.2839 47784.0000 AP_Node_96
34584.0000 51348.0538 AP_Node_97
36025.0000 48569.0862 AP_Node_98
37466.0000 49382.2808 AP_Node_99
38907.0000 49273.7591 AP_Node_100
