Cost Matrix C for 200 nodes
0.0000 10.0000 17352.5205 1448.0000 17829.2905 33426.4683 5792.0000 18746.4894 10426.1709 10136.0000 33282.9581 16479.7025 13346.8703 31629.5024 15111.5429 36168.0639 15993.0505 32427.3807 18879.0746 20155.7684 21356.2765 22859.0887 24608.8841 30894.1092 21075.5232 29633.8018 21767.7486 32739.2946 27283.7740 23168.0000 25877.6160 31826.6827 24658.1414 26090.2429 29278.0064 40136.8193 26222.8530 29829.5982 28439.7990 27549.7119 27549.7119 27662.5391 27663.5827 28109.3195 28439.7990 29302.8619 33284.1619 29280.8799 30666.4176 31170.1201 31731.3183 33014.1758 31613.2849 30713.7558 34980.8480 31888.5750 31856.0000 31888.5750 32373.2672 33414.8516 34394.7626 36246.6274 34074.4544 33799.1141 33335.1601 34074.4544 35740.0528 37525.5870 44998.7171 36614.1542 34871.2981 34781.8629 35491.0345 36614.1542 38196.2787 42518.2845 39518.2768 37579.0842 36200.0000 36457.2123 36910.0532 38453.0228 38962.6501 44533.3565 43411.7510 41429.2791 38628.0367 37895.3854 37675.5675 37758.1492 38086.6853 38331.2396 38628.0367 38630.2762 39373.4262 39819.1771 40848.8201 42712.5530 44146.9256 39754.3613 39122.5472 39202.0808 40040.6110 40376.2899 40760.1766 41667.0771 42749.3916 46136.7557 41455.6299 40951.6743 40951.6743 41455.6299 42151.0465 42567.7213 45285.8279 46641.1307 47370.0216 42385.7495 42213.9360 42090.7827 42213.9360 42605.6345 42872.8513 43186.5214 44884.0981 45413.0084 48615.1321 43535.4973 43463.8940 43463.5636 43440.0000 43820.7405 44033.4603 44292.0638 44943.6134 45767.6928 47307.0702 47895.9693 44888.0000 45095.6857 45713.0819 45714.9744 48524.9729 47421.2238 46693.1322 46358.4014 46336.0000 46693.1322 46892.8238 46894.3613 47135.7424 47421.2238 53101.8337 48324.1418 47784.0000 47805.7228 47806.0253 47870.8322 48130.3891 48131.5877 48324.1418 48559.9009 48561.6823 48837.0579 49154.9127 49512.6814 49909.5057 49316.2828 49253.0842 49568.2713 49756.4252 50254.7251 54547.7101 51006.7260 50680.0000 51006.7260 51007.8570 51189.5929 51974.5821 52688.8081 55391.8195 54484.7005 52623.5728 52306.9471 52207.6078 52445.7060 52623.5728 52840.1523 53094.9711 53717.0675 56756.6125 56297.4337 55123.3411 54517.2940 53885.1693 53653.4593 53653.4593 53750.1266 54058.3000 59117.2462
10.0000 0.0000 17351.6889 1438.0000 17826.8567 33425.1702 5782.0000 18742.6296 10417.8395 10126.0000 33279.9141 16471.7957 13337.1064 31625.3835 15101.9611 36164.0616 15983.0912 32422.0233 18869.1038 20146.4295 21347.4627 22850.8546 24601.2357 30888.0172 21065.9047 29626.9619 21757.7706 32732.6612 27275.2830 23158.0000 25868.6634 31818.9489 24648.1585 26080.8081 29269.5992 40130.6870 26212.9136 29820.3754 28430.1254 27539.7256 27539.7256 27652.5935 27653.6375 28099.5320 28430.1254 29293.4732 33275.8966 29270.9895 30656.9742 31160.8293 31722.1919 33005.4041 31603.6662 30703.8553 34972.1556 31878.5852 31846.0000 31878.5852 32363.4271 33405.3182 34385.5010 36237.8391 34064.6806 33789.2606 33325.1694 34064.6806 35730.7346 37516.7123 44991.3165 36604.6629 34861.3323 34771.8715 35481.2428 36604.6629 38187.1806 42510.1114 39509.1167 37569.4513 36190.0000 36447.2829 36900.2456 38443.6088 38953.3593 44525.2282 43403.0790 41420.1920 38618.2905 37885.4507 37665.5748 37748.1783 38076.8005 38321.4179 38618.2905 38620.5306 39363.8645 39809.7225 40839.6039 42703.7389 44138.3980 39744.5269 39112.5540 39192.1079 40030.8470 40366.6071 40750.5850 41657.6943 42740.2464 46128.2821 41445.8499 40941.7739 40941.7739 41445.8499 42141.4278 42558.1968 45276.8752 46632.4382 47361.4629 42375.8424 42203.9886 42080.8062 42203.9886 42595.7785 42863.0568 43176.7981 44874.7426 45403.7618 48606.4948 43525.5192 43453.8995 43453.5690 43430.0000 43810.8274 44023.5951 44282.2562 44933.9480 45758.2015 47297.8878 47886.8998 44878.0000 45085.7318 45703.2625 45705.1553 48515.4241 47411.4527 46683.2087 46348.4062 46326.0000 46683.2087 46882.9425 46884.4804 47125.9121 47411.4527 53093.1080 48314.2536 47774.0000 47795.7274 47796.0299 47860.8504 48120.4611 48121.6599 48314.2536 48550.0607 48551.8425 48827.2736 49145.1916 49503.0306 49899.9316 49306.2999 49243.0885 49558.3392 49746.5306 50244.9286 54538.4193 50996.7901 50670.0000 50996.7901 50997.9213 51179.6925 51964.8312 52679.1894 55382.4089 54475.1331 52613.6669 52296.9813 52197.6230 52435.7666 52613.6669 52830.2871 53085.1532 53707.3634 56747.1730 56287.9172 55113.6219 54507.4667 53875.2267 53643.4738 53643.4738 53740.1590 54048.3893 59107.9387
17352.5205 17351.6889 0.0000 17292.0000 2896.0000 50518.0764 17829.2905 5792.0000 24166.0244 19351.8632 49758.3499 13641.8870 18488.8387 47544.7747 25239.6761 52091.4796 21469.1546 47425.7254 23519.7699 30033.7874 32427.3807 34894.8921 37421.7026 45257.5507 22073.4628 43221.4949 25733.4060 46446.4692 21910.3702 27762.7748 36088.0978 23346.5661 29793.9845 34778.3851 40437.7877 54195.6480 28523.5965 26693.7407 27947.8025 30505.5126 32097.6227 32959.4049 32965.5267 34798.1498 35769.1921 37801.3457 44464.9606 34987.4030 38813.9123 39843.4756 40897.9005 43073.9898 30223.0858 31731.3183 45108.0332 34291.4080 34980.8480 35715.1474 38160.5241 40917.6747 42899.5872 46051.0534 33414.8516 33877.7142 36955.7847 40185.9148 43937.8295 47019.7596 57237.1605 33799.1141 36287.8012 36883.7446 41343.1908 44042.5796 46985.2622 53436.6629 34781.8629 35491.0345 38816.4239 40925.6610 42518.2845 46080.6860 47039.5398 55466.5161 36457.2123 36200.0000 37218.1853 38453.0228 40759.8490 41441.8904 42918.7504 43709.7587 44533.3565 44539.1817 46271.2913 47182.2861 49080.5302 52097.4199 54207.0208 38975.8832 40848.8201 42712.5530 45718.1774 46550.8490 47412.7019 49217.7682 51121.6682 56246.7103 40040.6110 40760.1766 45388.0640 46917.7691 48570.4603 49439.1074 54149.7772 56182.3666 57226.0232 42151.0465 42567.7213 45285.8279 45945.8830 47370.0216 48131.0272 48922.6489 52366.7298 53290.4212 58224.8783 44395.6773 44884.0981 44887.6306 45413.0084 47905.1897 48615.1321 49356.9439 50930.5455 52615.0631 55327.4678 56276.3647 46755.1801 48520.5299 50594.5990 50599.7263 44980.4232 45462.5623 46344.6580 47604.4824 48103.4906 50462.9734 51137.4183 51142.2095 51843.1518 52578.9139 62319.8640 47421.2238 49457.4379 49979.4976 49983.2466 50537.2652 51755.2319 51759.6875 52413.0509 53101.8337 53106.7190 53820.3915 54567.5480 55342.1450 56143.0468 49909.5057 51324.8083 53055.5350 53697.4270 55071.9556 49316.2828 50563.6689 52180.4857 54363.3053 54367.5471 54989.9339 57047.1930 58556.0127 50700.4821 50700.4821 51674.0744 52313.0707 52688.8081 55678.0166 56290.0116 56931.9088 57602.7086 59027.0321 52147.9133 52128.0000 52306.9471 52623.5728 53387.4814 54083.0517 55895.6050 56431.6986 57597.1474 53750.1266
1448.0000 1438.0000 17292.0000 0.0000 17532.8286 33269.2841 4344.0000 18236.2422 9254.2583 8688.0000 32870.9317 15360.2287 11937.1261 31060.9313 13730.3078 35613.0801 14551.5250 31675.0821 17435.6490 18810.5662 20091.6138 21682.2586 23519.7699 30033.7874 19686.7131 28662.7145 20323.1510 31797.1224 26065.4273 21720.0000 24589.6967 30720.4574 23212.7703 24728.7189 28071.5234 39265.4177 24784.1357 28499.5944 27041.5259 26103.8039 26103.8039 26222.8530 26223.9539 26693.7407 27041.5259 27947.8025 32097.6227 27849.5686 29302.8619 29829.5982 30415.5405 31751.6038 30223.0858 29280.8799 33729.7326 30442.1245 30408.0000 30442.1245 30949.4775 32037.3849 33058.1522 34980.8480 32660.6301 32373.2672 31888.5750 32660.6301 34394.7626 36246.6274 43937.8295 35242.7468 33428.4660 33335.1601 34074.4544 35242.7468 36883.7446 41343.1908 38196.2787 36186.3106 34752.0000 35019.8491 35491.0345 37093.0784 37621.1324 43364.5172 42162.1658 40117.9918 37218.1853 36457.2123 36228.6693 36314.5415 36656.0186 36910.0532 37218.1853 37220.5096 37991.2461 38453.0228 39518.2768 41441.8904 42918.7504 38331.2396 37675.5675 37758.1492 38628.0367 38975.8832 39373.4262 40311.5369 41429.2791 44916.3101 40040.6110 39518.6148 39518.6148 40040.6110 40760.1766 41190.9235 43994.1757 45388.0640 46136.7557 40951.6743 40773.8184 40646.3019 40773.8184 41179.2176 41455.6299 41779.9414 43532.4033 44077.5362 47370.0216 42090.7827 42016.7174 42016.3757 41992.0000 42385.7495 42605.6345 42872.8513 43545.6410 44395.6773 45981.0108 46586.6756 43440.0000 43654.5751 44292.0638 44294.0169 47144.2536 46007.3919 45256.5602 44911.1236 44888.0000 45256.5602 45462.5623 45464.1482 45713.0819 46007.3919 51843.1518 46892.8238 46336.0000 46358.4014 46358.7133 46425.5406 46693.1322 46694.3677 46892.8238 47135.7424 47137.5777 47421.2238 47748.5045 48116.7316 48524.9729 47870.8322 47805.7228 48130.3891 48324.1418 48837.0579 53205.0759 49568.2713 49232.0000 49568.2713 49569.4351 49756.4252 50563.6689 51297.5431 54031.3584 53101.0038 51189.5929 50864.0416 50761.8786 51006.7260 51189.5929 51412.2137 51674.0744 52313.0707 55391.8195 54921.2313 53717.0675 53094.9711 52445.7060 52207.6078 52207.6078 52306.9471 52623.5728 57771.9309
17829.2905 17826.8567 2896.0000 17532.8286 0.0000 50435.0000 17352.5205 2896.0000 23461.6596 18236.2422 49335.1731 11286.8671 16826.4507 46923.3192 23873.5569 51443.4420 19632.7089 46533.1201 21469.1546 28456.5179 30972.2463 33546.9599 36168.0639 44226.5861 19662.0438 42041.1207 23519.7699 45257.5507 19043.3427 25560.8341 34422.8903 20475.8372 27602.1607 32920.1128 38851.1574 53022.3162 26065.4273 23874.2522 25268.6326 28071.5234 29793.9845 30720.4574 30727.0252 32685.3998 33717.3432 35865.9430 42831.7271 32759.0549 36817.8910 37901.7131 39008.6603 41284.4511 27460.6157 29112.3180 43305.7173 31751.6038 32494.9751 33284.1619 35895.5329 38813.9123 40897.9005 44192.3432 30666.4176 31170.1201 34490.6783 37931.3144 41885.6744 45108.0332 55677.3689 30949.4775 33649.5849 34291.4080 39048.0406 41895.5709 44978.9385 51681.3988 31888.5750 32660.6301 36246.6274 38496.9214 40185.9148 43937.8295 44942.4247 53699.5124 33583.3998 33304.0000 34407.9894 35740.0528 38211.0155 38937.7284 40505.9940 41343.1908 42212.9869 42219.1322 44042.5796 44998.7171 46985.2622 50128.4108 52317.4686 36186.3106 38196.2787 40183.2276 43364.5172 44241.5093 45147.4684 47039.5398 49028.0997 54350.9156 37218.1853 37991.2461 42918.7504 44533.3565 46271.2913 47182.2861 52097.4199 54207.0208 55287.9781 39373.4262 39819.1771 42712.5530 43411.7510 44916.3101 45718.1774 46550.8490 50158.0537 51121.6682 56246.7103 41667.0771 42187.1001 42190.8585 42749.3916 45388.0640 46136.7557 46917.7691 48570.4603 50334.0245 53162.9367 54149.7772 44077.5362 45945.8830 48131.0272 48136.4170 42090.7827 42605.6345 43545.6410 44884.0981 45413.0084 47905.1897 48615.1321 48620.1719 49356.9439 50129.2101 60267.4121 44595.7528 46755.1801 47307.0702 47311.0309 47895.9693 49179.3934 49184.0823 49871.2002 50594.5990 50599.7263 51348.2545 52130.8546 52941.1156 53777.7873 47144.2536 48640.0846 50462.9734 51137.4183 52578.9139 46425.5406 47748.5045 49457.4379 51755.2319 51759.6875 52413.0509 54567.5480 56143.0468 47805.7228 47805.7228 48837.0579 49512.6814 49909.5057 53055.5350 53697.4270 54369.9411 55071.9556 56560.0458 49253.0842 49232.0000 49421.4341 49756.4252 50563.6689 51297.5431 53205.0759 53768.0021 54989.9339 50864.0416
33426.4683 33425.1702 50518.0764 33269.2841 50435.0000 0.0000 33174.6161 50518.0764 27721.4714 33645.2926 5968.5631 44094.3788 37057.8193 9704.1060 30550.4647 10136.0000 36472.4843 14249.7972 37492.9788 29706.0641 27225.8983 24832.6534 22554.0166 16864.8663 42041.1207 19662.0438 38703.7263 19408.2120 51143.2379 38115.6323 28662.7145 57040.8316 37629.3873 31797.1224 26645.2106 20323.1510 42066.1268 50321.5110 46526.5228 41627.0258 39265.4177 38111.4726 38103.5330 35865.9430 34778.3851 32685.3998 27283.7740 37901.7131 33727.2381 32759.0549 31826.6827 30082.5651 49250.9149 45640.2591 30505.5126 44192.3432 43073.9898 41975.3136 38813.9123 35895.5329 34115.9848 31751.6038 49665.3068 48501.9201 42938.3093 38877.5185 35294.0771 33014.1758 29103.0501 54038.3633 47142.8371 46051.0534 39967.8159 37307.5688 34980.8480 31613.2849 58439.8560 53699.5124 45970.2424 42958.0858 41080.2213 37706.6972 36955.7847 32660.6301 64090.5218 60438.7760 53436.6629 50128.4108 45980.1394 44998.7171 43113.4092 42212.9869 41343.1908 41337.2663 39703.4588 38937.7284 37525.5870 35740.0528 34798.0457 53250.9400 49028.0997 46080.6860 42518.2845 41704.6837 40925.6610 39479.4477 38196.2787 35811.3784 55287.9781 53143.1524 45387.7697 43709.7587 42162.1658 41441.8904 38453.0228 37579.0842 37218.1853 54139.8795 53113.7747 48302.1741 47412.7019 45718.1774 44916.3101 44146.9256 41429.2791 40848.8201 38628.0367 53162.9367 52197.2248 52190.5997 51253.8356 47729.5177 46917.7691 46136.7557 44673.3191 43352.3068 41667.0771 41190.9235 52366.7298 49743.4251 47370.0216 47364.8509 63439.8603 60267.4121 57245.8096 54400.1941 53495.6682 50129.2101 49356.9439 49351.6894 48615.1321 47905.1897 42605.6345 59287.3908 54639.6564 53777.7873 53771.8929 52941.1156 51348.2545 51342.9232 50594.5990 49871.2002 49866.2889 49179.3934 48520.5299 47895.9693 47307.0702 57556.3478 54954.0658 52578.9139 51843.1518 50462.9734 70638.0024 60504.3762 56969.1438 53820.3915 53815.3050 53101.8337 51129.5719 49979.4976 70529.6394 68437.7286 62540.1612 60720.7692 59842.3870 55071.9556 54369.9411 53697.4270 53055.5350 51868.1109 71518.5934 70480.3451 67454.4763 65518.1099 62749.8564 61004.8396 57788.5624 57047.1930 55646.8298 74611.6677
5792.0000 5782.0000 17829.2905 4344.0000 17352.5205 33174.6161 0.0000 17352.5205 6450.6211 4344.0000 31998.2365 12416.3267 7792.5300 29715.4842 9704.1060 34262.8048 10237.9186 29728.7520 13111.4265 14891.1064 16479.7025 18385.5374 20520.4100 27747.7212 15585.0600 26016.8911 15993.0505 29219.9280 22573.7342 17376.0000 20852.3418 27592.2680 18879.0746 20714.6396 24608.8841 36869.4966 20475.8372 24589.6967 22883.8464 21767.7486 21767.7486 21910.3702 21911.6878 22471.8067 22883.8464 23947.9847 28682.4631 23567.8712 25268.6326 25877.6160 26550.9168 28071.5234 26090.2429 24992.7146 30082.5651 26103.8039 26064.0000 26103.8039 26693.7407 27947.8025 29112.3180 31278.5128 28439.7990 28109.3195 27549.7119 28439.7990 30415.5405 32494.9751 40897.9005 31170.1201 29103.0501 28995.8287 29842.8153 31170.1201 33014.1758 37931.3144 34291.4080 32037.3849 30408.0000 30713.7558 31249.9358 33058.1522 33649.5849 39967.8159 38496.9214 36246.6274 33008.4543 32147.9870 31888.5750 31986.1010 32373.2672 32660.6301 33008.4543 33011.0750 33877.7142 34394.7626 35581.7220 37706.6972 39324.0877 34074.4544 33335.1601 33428.4660 34407.9894 34798.0457 35242.7468 36287.8012 37525.5870 41343.1908 35811.3784 35226.7682 35226.7682 35811.3784 36614.1542 37093.0784 40183.2276 41704.6837 42518.2845 36656.0186 36457.2123 36314.5415 36457.2123 36910.0532 37218.1853 37579.0842 39518.2768 40117.9918 43709.7587 37758.1492 37675.5675 37675.1863 37648.0000 38086.6853 38331.2396 38628.0367 39373.4262 40311.5369 42051.1259 42712.5530 39096.0000 39334.2795 40040.6110 40042.7715 43028.6420 41779.9414 40951.6743 40569.5997 40544.0000 40951.6743 41179.2176 41180.9684 41455.6299 41779.9414 48131.0272 42605.6345 41992.0000 42016.7174 42017.0616 42090.7827 42385.7495 42387.1105 42605.6345 42872.8513 42874.8691 43186.5214 43545.6410 43949.0958 44395.6773 43535.4973 43463.8940 43820.7405 44033.4603 44595.7528 49213.0351 45256.5602 44888.0000 45256.5602 45257.8349 45462.5623 46344.6580 47144.2536 49979.4976 48972.2278 46892.8238 46537.2241 46425.5406 46693.1322 46892.8238 47135.7424 47421.2238 48116.7316 51324.8083 50816.5713 49512.6814 48837.0579 48130.3891 47870.8322 47870.8322 47979.1516 48324.1418 53768.0021
18746.4894 18742.6296 5792.0000 18236.2422 2896.0000 50518.0764 17352.5205 0.0000 23101.4251 17532.8286 49079.5156 9244.4193 15530.4657 46474.3349 22795.3027 50952.0051 18075.8276 45806.5141 19632.7089 27097.8240 29728.7520 32402.4255 35109.0801 43364.8426 17399.0749 41031.5449 21469.1546 44226.5861 16186.6336 23509.8798 32928.6135 17613.3841 25550.9425 31220.2694 37421.7026 51984.0111 23706.3510 21075.5232 22642.9140 25733.4060 27602.1607 28599.7248 28606.7796 30700.7023 31797.1224 34067.0460 41337.0852 30642.5623 34948.0764 36088.0978 37248.9801 39625.9618 24728.7189 26550.9168 41627.0258 29278.0064 30082.5651 30933.3597 33727.2381 36817.8910 39008.6603 42449.9766 27947.8025 28499.5944 32097.6227 35769.1921 39938.2050 43305.7173 54227.4829 28109.3195 31057.3380 31751.6038 36837.6594 39843.4756 43073.9898 50032.2962 28995.8287 29842.8153 33729.7326 36137.0976 37931.3144 41885.6744 42938.3093 52033.7823 30713.7558 30408.0000 31613.2849 33058.1522 35715.1474 36491.5982 38160.5241 39048.0406 39967.8159 39974.3063 41895.5709 42899.5872 44978.9385 48252.9545 50523.3369 33414.8516 35581.7220 37706.6972 41080.2213 42004.9328 42958.0858 44942.4247 47019.7596 52546.4105 34407.9894 35242.7468 40505.9940 42212.9869 44042.5796 44998.7171 50128.4108 52317.4686 53436.6629 36614.1542 37093.0784 40183.2276 40925.6610 42518.2845 43364.5172 44241.5093 48022.4942 49028.0997 54350.9156 38962.6501 39518.2768 39522.2889 40117.9918 42918.7504 43709.7587 44533.3565 46271.2913 48119.1937 51070.9372 52097.4199 41429.2791 43411.7510 45718.1774 45723.8516 39202.0808 39754.3613 40760.1766 42187.1001 42749.3916 45388.0640 46136.7557 46142.0661 46917.7691 47729.5177 58286.6204 41779.9414 44077.5362 44662.5260 44666.7212 45285.8279 46641.1307 46646.0748 47370.0216 48131.0272 48136.4170 48922.6489 49743.4251 50591.9367 51466.8120 44395.6773 45981.0108 47905.1897 48615.1321 50129.2101 43535.4973 44943.6134 46755.1801 49179.3934 49184.0823 49871.2002 52130.8546 53777.7873 44911.1236 44911.1236 46007.3919 46723.9500 47144.2536 50462.9734 51137.4183 51843.1518 52578.9139 54135.5767 46358.4014 46336.0000 46537.2241 46892.8238 47748.5045 48524.9729 50537.2652 51129.5719 52413.0509 47979.1516
10426.1709 10417.8395 24166.0244 9254.2583 23461.6596 27721.4714 6450.6211 23101.4251 0.0000 5943.0968 25978.3862 16435.4658 9675.9316 23461.6596 5968.5631 27984.9407 10214.1874 23295.6985 12435.8563 10237.9186 11019.3841 12435.8563 14299.8624 21299.3846 16342.6999 19632.7089 14891.1064 22820.1296 24832.6534 15585.0600 15585.0600 30438.1509 16504.2271 16186.6336 18853.3486 30438.1509 19408.2120 25560.8341 22859.0887 20155.7684 19314.0184 19043.3427 19041.8318 18824.0000 18879.0746 19314.0184 22859.0887 20323.1510 20727.8150 21075.5232 21514.3210 22642.9140 26065.4273 23947.9847 24589.6967 24262.4865 23874.2522 23567.8712 23168.0000 23567.8712 24262.4865 25877.6160 27823.4149 27181.6526 24992.7146 24658.1414 25648.7715 27181.6526 34728.2373 31278.5128 27460.6157 27041.5259 26103.8039 26693.7407 27947.8025 32097.6227 34987.4030 31751.6038 28109.3195 27549.7119 27549.7119 28439.7990 28838.5759 34115.9848 39853.3718 37017.0331 32347.0200 30666.4176 29280.8799 29103.0501 28960.0000 28995.8287 29103.0501 29104.0421 29528.0425 29842.8153 30666.4176 32347.0200 33729.7326 33058.1522 31249.9358 30544.2693 30544.2693 30713.7558 30949.4775 31613.2849 32519.8593 35715.1474 34963.5930 33877.7142 31856.0000 31986.1010 32373.2672 32660.6301 34963.5930 36246.6274 36955.7847 35242.7468 34798.0457 33428.4660 33335.1601 33335.1601 33428.4660 33583.3998 34798.0457 35242.7468 38211.0155 35811.3784 35491.0345 35489.0057 35226.7682 34752.0000 34781.8629 34871.2981 35226.7682 35811.3784 37093.0784 37621.1324 36656.0186 36228.6693 36314.5415 36315.3365 42712.5530 40848.8201 39373.4262 38331.2396 38086.6853 37648.0000 37675.5675 37675.9513 37758.1492 37895.3854 42712.5530 41190.9235 39518.6148 39334.2795 39333.1817 39202.0808 39096.0000 39096.0013 39122.5472 39202.0808 39202.8172 39334.2795 39518.6148 39754.3613 40040.6110 41455.6299 40773.8184 40544.0000 40569.5997 40773.8184 49356.9439 43545.6410 42385.7495 41992.0000 41992.0012 42016.7174 42385.7495 42872.8513 49871.2002 48520.5299 45334.6287 44595.7528 44292.0638 43440.0000 43463.8940 43535.4973 43654.5751 44033.4603 51137.4183 50462.9734 48640.0846 47604.4824 46344.6580 45713.0819 44980.4232 44911.1236 44911.1236 53820.3915
10136.0000 10126.0000 19351.8632 8688.0000 18236.2422 33645.2926 4344.0000 17532.8286 5943.0968 0.0000 31702.0000 10494.4931 4085.6750 28965.1379 6128.5125 33426.4683 5968.5631 28320.0855 8806.6921 11286.8671 13312.7350 15610.1347 18075.8276 25992.0056 11660.2827 23873.5569 11673.2830 27097.8240 19428.8735 13032.0000 17399.0749 24832.6534 14551.5250 16864.8663 21469.1546 34852.3630 16186.6336 20852.3418 18810.5662 17435.6490 17435.6490 17613.3841 17615.0231 18307.0771 18810.5662 20091.6138 25550.9425 19314.0184 21356.2765 22073.4628 22859.0887 24608.8841 22038.7681 20727.8150 26645.2106 21767.7486 21720.0000 21767.7486 22471.8067 23947.9847 25297.2995 27762.7748 24262.4865 23874.2522 23212.7703 24262.4865 26550.9168 28909.6781 38111.4726 27181.6526 24784.1357 24658.1414 25648.7715 27181.6526 29278.0064 34728.2373 30505.5126 27947.8025 26064.0000 26420.0762 27041.5259 29112.3180 29782.2127 36771.0748 34987.4030 32494.9751 28838.5759 27849.5686 27549.7119 27662.5391 28109.3195 28439.7990 28838.5759 28841.5755 29829.5982 30415.5405 31751.6038 34115.9848 35895.5329 29842.8153 28995.8287 29103.0501 30223.0858 30666.4176 31170.1201 32347.0200 33729.7326 37931.3144 31613.2849 30949.4775 30949.4775 31613.2849 32519.8593 33058.1522 36491.5982 38160.5241 39048.0406 32373.2672 32147.9870 31986.1010 32147.9870 32660.6301 33008.4543 33414.8516 35581.7220 36246.6274 40185.9148 33428.4660 33335.1601 33334.7293 33304.0000 33799.1141 34074.4544 34407.9894 35242.7468 36287.8012 38211.0155 38937.7284 34752.0000 35019.8491 35811.3784 35813.7940 38962.6501 37579.0842 36656.0186 36228.6693 36200.0000 36656.0186 36910.0532 36912.0065 37218.1853 37579.0842 44533.3565 38331.2396 37648.0000 37675.5675 37675.9513 37758.1492 38086.6853 38088.2000 38331.2396 38628.0367 38630.2762 38975.8832 39373.4262 39819.1771 40311.5369 39202.0808 39122.5472 39518.6148 39754.3613 40376.2899 45285.8279 40951.6743 40544.0000 40951.6743 40953.0831 41179.2176 42151.0465 43028.6420 45981.0108 44884.0981 42605.6345 42213.9360 42090.7827 42385.7495 42605.6345 42872.8513 43186.5214 43949.0958 47307.0702 46755.1801 45334.6287 44595.7528 43820.7405 43535.4973 43535.4973 43654.5751 44033.4603 49821.0876
33282.9581 33279.9141 49758.3499 32870.9317 49335.1731 5968.5631 31998.2365 49079.5156 25978.3862 31702.0000 0.0000 41889.2270 34705.0410 4085.6750 27721.4714 4576.7693 33645.2926 8432.4332 34262.8048 25992.0056 23295.6985 20649.6158 18075.8276 11286.8671 38812.8800 14299.8624 35109.0801 13641.8870 47918.1549 34276.0824 24017.1460 53858.9805 33546.9599 27225.8983 21469.1546 14480.0000 38075.6384 46591.3970 42610.7970 37421.7026 34894.8921 33652.9014 33644.3379 31220.2694 30033.7874 27733.2580 21682.2586 33225.7824 28662.7145 27592.2680 26556.8873 24608.8841 45154.3474 41337.0852 24871.7125 39625.9618 38428.8330 37248.9801 33831.0249 30642.5623 28682.4631 26065.4273 45282.5670 44050.6229 38111.4726 33717.3432 29793.9845 27283.7740 23212.7703 49747.1643 42449.9766 41284.4511 34728.2373 31826.6827 29278.0064 25648.7715 54227.4829 49250.9149 41040.8199 37801.3457 35769.1921 32097.6227 31278.5128 26693.7407 59996.7719 56190.0541 48835.1436 45328.9176 40897.9005 39843.4756 37811.2416 36837.6594 35895.5329 35889.1106 34115.9848 33284.1619 31751.6038 29829.5982 28838.5759 48501.9201 44012.9532 40856.7497 37017.0331 36137.0976 35294.0771 33729.7326 32347.0200 29842.8153 50523.3369 48252.9545 39967.8159 38160.5241 36491.5982 35715.1474 32519.8593 31613.2849 31249.9358 49178.3071 48089.5556 42958.0858 42004.9328 40185.9148 39324.0877 38496.9214 35581.7220 34963.5930 32660.6301 48012.5970 46985.2622 46978.2088 45980.1394 42212.9869 41343.1908 40505.9940 38937.7284 37525.5870 35740.0528 35242.7468 47039.5398 44241.5093 41704.6837 41699.1561 58623.8564 55287.9781 52097.4199 49080.5302 48119.1937 44533.3565 43709.7587 43704.1551 42918.7504 42162.1658 36656.0186 54139.8795 49217.7682 48302.1741 48295.9098 47412.7019 45718.1774 45712.5047 44916.3101 44146.9256 44141.7039 43411.7510 42712.5530 42051.1259 41429.2791 52197.2248 49439.1074 46917.7691 46136.7557 44673.3191 65840.2256 55204.3213 51466.8120 48131.0272 48125.6389 47370.0216 45285.8279 44077.5362 65627.8698 63439.8603 57245.8096 55327.4678 54400.1941 49356.9439 48615.1321 47905.1897 47228.5537 45981.0108 66563.6750 65478.5891 62309.9658 60277.3102 57364.9262 55525.5496 52130.8546 51348.2545 49871.2002 69696.7362
16479.7025 16471.7957 13641.8870 15360.2287 11286.8671 44094.3788 12416.3267 9244.4193 16435.4658 10494.4931 41889.2270 0.0000 7205.0000 38907.0000 14482.5690 43254.2438 9118.1211 37716.9921 10406.7565 18236.2422 20988.9862 23772.3873 26576.8152 35065.6573 8432.4332 32518.2165 12257.0249 35658.5810 11019.3841 14299.8624 23873.5569 15360.2287 16342.6999 22025.3115 28407.1980 43364.8426 14891.1064 14551.5250 14764.0213 16864.8663 18508.5165 19438.7592 19445.4324 21469.1546 22554.0166 24832.6534 32253.1053 21479.0429 25703.9192 26849.7562 28022.8535 30438.1509 17435.6490 18307.0771 32427.3807 20714.6396 21356.2765 22073.4628 24608.8841 27592.2680 29764.4438 33225.7824 20475.8372 20727.8150 23320.5653 26645.2106 30700.7023 34067.0460 45154.3474 21767.7486 22883.8464 23377.5900 27762.7748 30642.5623 33831.0249 40838.8474 23874.2522 23168.0000 25268.6326 27283.7740 28909.6781 32685.3998 33717.3432 42831.7271 27181.6526 25648.7715 24658.1414 25281.8344 27181.6526 27823.4149 29278.0064 30082.5651 30933.3597 30939.4167 32759.0549 33727.2381 35759.2967 39008.6603 41284.4511 26222.8530 27460.6157 29112.3180 32097.6227 32959.4049 33860.6013 35769.1921 37801.3457 43305.7173 27549.7119 27849.5686 31751.6038 33284.1619 34987.4030 35895.5329 40897.9005 43073.9898 44192.3432 29280.8799 29528.0425 31731.3183 32347.0200 33729.7326 34490.6783 35294.0771 38877.5185 39853.3718 45108.0332 31249.9358 31613.2849 31616.0213 32037.3849 34291.4080 34980.8480 35715.1474 37307.5688 39048.0406 41895.5709 42899.5872 33414.8516 34963.5930 36955.7847 36960.8548 33583.3998 33304.0000 33583.3998 34407.9894 34798.0457 36883.7446 37525.5870 37530.1961 38211.0155 38937.7284 49060.7485 34871.2981 36186.3106 36614.1542 36617.3039 37093.0784 38196.2787 38200.4296 38816.4239 39479.4477 39484.1937 40183.2276 40925.6610 41704.6837 42518.2845 36910.0532 37991.2461 39518.2768 40117.9918 41441.8904 38975.8832 37895.3854 38975.8832 40848.8201 40852.7016 41429.2791 43411.7510 44916.3101 40040.6110 39518.6148 39202.0808 39518.6148 39754.3613 42187.1001 42749.3916 43352.3068 43994.1757 45388.0640 41455.6299 41179.2176 40646.3019 40544.0000 40773.8184 41179.2176 42567.7213 43028.6420 44077.5362 43545.6410
13346.8703 13337.1064 18488.8387 11937.1261 16826.4507 37057.8193 7792.5300 15530.4657 9675.9316 4085.6750 34705.0410 7205.0000 0.0000 31702.0000 7349.0631 36054.0889 3234.7020 30571.2031 5968.5631 11631.6307 14203.5990 16876.0619 19607.9717 27984.9407 7792.5300 25544.4829 8806.6921 28724.3970 15350.3511 10537.7616 17617.7920 20813.5129 12364.3595 16342.6999 22025.3115 36472.4843 13032.0000 16864.8663 15111.5429 14551.5250 15111.5429 15585.0600 15588.7612 16864.8663 17647.0385 19438.7592 26016.8911 17481.7965 20540.1106 21479.0429 22471.2124 24589.1536 18307.0771 17435.6490 26625.4700 18879.0746 19043.3427 19314.0184 20714.6396 22859.0887 24608.8841 27592.2680 20727.8150 20475.8372 20727.8150 22642.9140 25733.4060 28599.7248 38851.1574 23377.5900 21720.0000 21767.7486 23947.9847 26065.4273 28682.4631 34948.0764 26550.9168 24262.4865 23346.5661 24262.4865 25268.6326 28071.5234 28909.6781 36977.6774 30933.3597 28523.5965 25281.8344 24658.1414 24992.7146 25281.8344 26090.2429 26602.5379 27181.6526 27185.8952 28523.5965 29278.0064 30933.3597 33727.2381 35759.2967 26420.0762 26103.8039 26693.7407 28499.5944 29112.3180 29782.2127 31278.5128 32959.4049 37801.3457 28109.3195 27662.5391 28838.5759 29829.5982 31057.3380 31751.6038 35895.5329 37811.2416 38813.9123 29103.0501 28995.8287 29528.0425 29842.8153 30666.4176 31170.1201 31731.3183 34490.6783 35294.0771 39853.3718 30408.0000 30442.1245 30442.5995 30544.2693 31613.2849 32037.3849 32519.8593 33649.5849 34980.8480 37307.5688 38160.5241 31986.1010 32660.6301 33877.7142 33881.1183 35242.7468 34074.4544 33428.4660 33335.1601 33428.4660 34407.9894 34798.0457 34800.9457 35242.7468 35740.0528 44042.5796 35019.8491 34871.2981 35019.8491 35021.0850 35226.7682 35811.3784 35813.7940 36186.3106 36614.1542 36617.3039 37093.0784 37621.1324 38196.2787 38816.4239 36200.0000 36457.2123 37218.1853 37579.0842 38453.0228 41429.2791 37758.1492 37758.1492 38628.0367 38630.2762 38975.8832 40311.5369 41429.2791 42187.1001 41190.9235 39334.2795 39122.5472 39096.0000 40040.6110 40376.2899 40760.1766 41190.9235 42187.1001 43532.4033 43028.6420 41779.9414 41179.2176 40646.3019 40544.0000 40951.6743 41179.2176 41779.9414 45981.0108
31629.5024 31625.3835 47544.7747 31060.9313 46923.3192 9704.1060 29715.4842 46474.3349 23461.6596 28965.1379 4085.6750 38907.0000 31702.0000 0.0000 24539.7578 4559.0605 30399.2588 4576.7693 30810.3130 22377.5666 19607.9717 16876.0619 14203.5990 7227.4195 35333.7042 10214.1874 31483.4792 9704.1060 44402.3805 30550.4647 20043.7462 50344.8219 29728.7520 23263.2614 17389.1925 11937.1261 34276.0824 42867.6044 38826.1642 33546.9599 30972.2463 29706.0641 29697.3329 27225.8983 26016.8911 23676.9020 17647.0385 29219.9280 24589.1536 23509.8798 22471.2124 20540.1106 41299.2316 37421.7026 20852.3418 35638.0569 34422.8903 33225.7824 29764.4438 26556.8873 24608.8841 22073.4628 41337.0852 40087.4923 34067.0460 29633.8018 25733.4060 23320.5653 20323.1510 45822.6964 38428.8330 37248.9801 30642.5623 27762.7748 25297.2995 22146.0319 50321.5110 45282.5670 36977.6774 33717.3432 31685.3980 28071.5234 27283.7740 23346.5661 56121.6240 52271.0627 44829.1045 41284.4511 36817.8910 35759.2967 33727.2381 32759.0549 31826.6827 31820.3449 30082.5651 29278.0064 27823.4149 26090.2429 25281.8344 44464.9606 39938.2050 36771.0748 32959.4049 32097.6227 31278.5128 29782.2127 28499.5944 26420.0762 46482.3762 44192.3432 35895.5329 34115.9848 32494.9751 31751.6038 28838.5759 28109.3195 27849.5686 45108.0332 44012.9532 38877.5185 37931.3144 36137.0976 35294.0771 34490.6783 31731.3183 31170.1201 29280.8799 43927.9327 42899.5872 42892.5339 41895.5709 38160.5241 37307.5688 36491.5982 34980.8480 33649.5849 32037.3849 31613.2849 42958.0858 40185.9148 37706.6972 37701.3479 54570.9567 51214.3639 48012.5970 44998.7171 44042.5796 40505.9940 39703.4588 39698.0156 38937.7284 38211.0155 33428.4660 50054.9910 45147.4684 44241.5093 44235.3215 43364.5172 41704.6837 41699.1561 40925.6610 40183.2276 40178.2080 39479.4477 38816.4239 38196.2787 37621.1324 48119.1937 45387.7697 42918.7504 42162.1658 40759.8490 61788.2185 51121.6682 47412.7019 44146.9256 44141.7039 43411.7510 41429.2791 40311.5369 61561.2299 59363.2501 53162.9367 51253.8356 50334.0245 45388.0640 44673.3191 43994.1757 43352.3068 42187.1001 62490.8293 61401.4045 58224.8783 56192.2645 53290.4212 51466.8120 48131.0272 47370.0216 45945.8830 65627.8698
15111.5429 15101.9611 25239.6761 13730.3078 23873.5569 30550.4647 9704.1060 22795.3027 5968.5631 6128.5125 27721.4714 14482.5690 7349.0631 24539.7578 0.0000 28820.0000 5943.0968 23237.1675 7217.6196 5213.0855 7217.6196 9675.9316 12319.2987 20636.3905 11631.6307 18236.2422 9254.2583 21433.8022 20649.6158 9704.1060 11286.8671 26511.1581 10537.7616 11019.3841 15350.3511 29195.0019 13641.8870 20520.4100 17399.0749 14249.7972 13346.8703 13111.4265 13110.3312 13111.4265 13346.8703 14249.7972 19428.8735 14480.0000 15585.0600 16173.5100 16864.8663 18508.5165 20540.1106 18123.3137 20540.1106 18307.0771 17905.6892 17613.3841 17435.6490 18307.0771 19408.2120 21682.2586 22073.4628 21356.2765 19043.3427 19043.3427 20714.6396 22859.0887 32048.7569 25733.4060 21514.3210 21075.5232 20475.8372 21514.3210 23320.5653 28599.7248 29643.6954 26065.4273 22146.0319 21720.0000 21910.3702 23377.5900 23947.9847 30642.5623 34778.3851 31685.3980 26550.9168 24728.7189 23346.5661 23212.7703 23212.7703 23346.5661 23567.8712 23569.7075 24262.4865 24728.7189 25877.6160 28071.5234 29793.9845 27181.6526 25281.8344 24658.1414 24992.7146 25281.8344 25648.7715 26602.5379 27823.4149 31826.6827 29112.3180 27947.8025 26103.8039 26420.0762 27041.5259 27460.6157 30505.5126 32097.6227 32959.4049 29302.8619 28838.5759 27549.7119 27512.0000 27662.5391 27849.5686 28109.3195 29829.5982 30415.5405 34115.9848 29842.8153 29528.0425 29526.0921 29280.8799 28995.8287 29103.0501 29280.8799 29842.8153 30666.4176 32347.0200 33014.1758 30713.7558 30408.0000 30713.7558 30715.1649 36955.7847 34963.5930 33414.8516 32373.2672 32147.9870 31888.5750 31986.1010 31987.0036 32147.9870 32373.2672 38496.9214 35242.7468 33583.3998 33428.4660 33427.6054 33335.1601 33335.1601 33335.5938 33428.4660 33583.3998 33584.6885 33799.1141 34074.4544 34407.9894 34798.0457 35491.0345 34871.2981 34781.8629 34871.2981 35226.7682 43709.7587 37579.0842 36457.2123 36228.6693 36229.0685 36314.5415 36910.0532 37579.0842 44146.9256 42712.5530 39373.4262 38628.0367 38331.2396 37675.5675 37758.1492 37895.3854 38086.6853 38628.0367 45388.0640 44673.3191 42749.3916 41667.0771 40376.2899 39754.3613 39122.5472 39096.0000 39202.0808 48131.0272
36168.0639 36164.0616 52091.4796 35613.0801 51443.4420 10136.0000 34262.8048 50952.0051 27984.9407 33426.4683 4576.7693 43254.2438 36054.0889 4559.0605 28820.0000 0.0000 34614.2999 6450.6211 34855.7512 26299.2430 23461.6596 20636.3905 17829.2905 9675.9316 39335.7587 12901.2421 35333.7042 11277.0083 48340.1402 34262.8048 23295.6985 54271.9171 33282.9581 26511.1581 20043.7462 10237.9186 37841.6395 46533.1201 42400.4025 36957.8960 34276.0824 32947.8549 32938.6707 30322.3130 29027.7947 26484.1870 19428.8735 32253.1053 27225.8983 26016.8911 24832.6534 22554.0166 44721.6022 40711.2066 22471.2124 38703.7263 37421.7026 36151.6553 32427.3807 28870.4782 26625.4700 23519.7699 44523.0736 43221.4949 36869.4966 32048.7569 27592.2680 24608.8841 19043.3427 49055.6034 41337.0852 40087.4923 32920.1128 29633.8018 26645.2106 22038.7681 53592.6342 48379.6579 39625.9618 36088.0978 33831.0249 29643.6954 28682.4631 22883.8464 59457.5041 55501.7608 47781.5524 44050.6229 39265.4177 38111.4726 35865.9430 34778.3851 33717.3432 33710.0785 31685.3980 30720.4574 28909.6781 26550.9168 25268.6326 47264.2419 42449.9766 39008.6603 34728.2373 33727.2381 32759.0549 30933.3597 29278.0064 26090.2429 49250.9149 46830.4041 37801.3457 35769.1921 33860.6013 32959.4049 29112.3180 27947.8025 27460.6157 47651.4931 46482.3762 40897.9005 39843.4756 37811.2416 36837.6594 35895.5329 32494.9751 31751.6038 28838.5759 46222.0967 45108.0332 45100.3667 44012.9532 39853.3718 38877.5185 37931.3144 36137.0976 34490.6783 32347.0200 31731.3183 44978.9385 41895.5709 39048.0406 39041.7678 57237.1605 53699.5124 50284.7828 47019.7596 45970.2424 42004.9328 41080.2213 41073.9080 40185.9148 39324.0877 32660.6301 52317.4686 46985.2622 45980.1394 45973.2453 44998.7171 43113.4092 43107.0595 42212.9869 41343.1908 41337.2663 40505.9940 39703.4588 38937.7284 38211.0155 50054.9910 47039.5398 44241.5093 43364.5172 41704.6837 64444.8795 53143.1524 49080.5302 45387.7697 45381.7382 44533.3565 42162.1658 40759.8490 64097.5138 61788.2185 55184.5359 53113.7747 52107.3174 46550.8490 45718.1774 44916.3101 44146.9256 42712.5530 64958.5760 63813.6854 60455.0557 58286.6204 55156.6122 53162.9367 49439.1074 48570.4603 46917.7691 68134.0921
15993.0505 15983.0912 21469.1546 14551.5250 19632.7089 36472.4843 10237.9186 18075.8276 10214.1874 5968.5631 33645.2926 9118.1211 3234.7020 30399.2588 5943.0968 34614.2999 0.0000 28856.3529 2896.0000 9118.1211 11886.1937 14698.1263 17532.8286 26099.1697 6128.5125 23461.6596 5792.0000 26576.8152 14853.0320 7382.0106 14853.0320 20649.6158 9153.5386 13312.7350 19351.8632 34262.8048 10237.9186 15360.2287 12938.8080 11584.0000 11937.1261 12364.3595 12367.8594 13641.8870 14454.8391 16342.6999 23263.2614 14249.7972 17399.0749 18385.5374 19428.8735 21652.8587 16173.5100 14764.0213 23676.9020 15928.0000 15993.0505 16186.6336 17481.7965 19662.0438 21479.0429 24589.1536 18307.0771 17905.6892 17613.3841 19408.2120 22573.7342 25550.9425 36151.6553 21356.2765 18879.0746 18824.0000 20714.6396 22859.0887 25560.8341 32048.7569 24871.7125 22038.7681 20323.1510 21075.5232 22038.7681 24871.7125 25733.4060 34067.0460 29643.6954 26888.8936 22883.8464 21910.3702 21910.3702 22146.0319 22883.8464 23377.5900 23947.9847 23952.1984 25297.2995 26065.4273 27762.7748 30642.5623 32739.2946 23874.2522 23168.0000 23567.8712 25268.6326 25877.6160 26550.9168 28071.5234 29793.9845 34778.3851 25648.7715 24992.7146 25648.7715 26602.5379 27823.4149 28523.5965 32759.0549 34728.2373 35759.2967 26420.0762 26222.8530 26420.0762 26693.7407 27460.6157 27947.8025 28499.5944 31278.5128 32097.6227 36771.0748 27549.7119 27512.0000 27512.0018 27549.7119 28439.7990 28838.5759 29302.8619 30415.5405 31751.6038 34115.9848 34987.4030 28995.8287 29528.0425 30666.4176 30669.7083 33058.1522 31613.2849 30713.7558 30408.0000 30442.1245 31249.9358 31613.2849 31616.0213 32037.3849 32519.8593 40917.6747 32373.2672 31888.5750 31986.1010 31987.0036 32147.9870 32660.6301 32662.8376 33008.4543 33414.8516 33417.8716 33877.7142 34394.7626 34963.5930 35581.7220 33335.1601 33428.4660 34074.4544 34407.9894 35242.7468 39479.4477 35019.8491 34781.8629 35491.0345 35493.0659 35811.3784 37093.0784 38196.2787 40117.9918 38962.6501 36656.0186 36314.5415 36228.6693 36910.0532 37218.1853 37579.0842 37991.2461 38962.6501 41429.2791 40848.8201 39373.4262 38628.0367 37895.3854 37675.5675 37895.3854 38086.6853 38628.0367 43994.1757
32427.3807 32422.0233 47425.7254 31675.0821 46533.1201 14249.7972 29728.7520 45806.5141 23295.6985 28320.0855 8432.4332 37716.9921 30571.2031 4576.7693 23237.1675 6450.6211 28856.3529 0.0000 28856.3529 20225.8987 17352.5205 14482.5690 11618.5837 3225.3105 33269.2841 6450.6211 29145.5440 5213.0855 42188.4793 27984.9407 16876.0619 48100.9918 26929.4902 20083.3983 13612.9491 8432.4332 31483.4792 40205.6357 36038.7507 30550.4647 27848.1299 26511.1581 26501.9181 23873.5569 22577.1737 20043.7462 13322.6053 25802.4842 20813.5129 19632.7089 18488.8387 16342.6999 38309.7070 34276.0824 16479.7025 32253.1053 30972.2463 29706.0641 26016.8911 22554.0166 20428.3749 17647.0385 38075.6384 36771.7233 30438.1509 25703.9192 21479.0429 18853.3486 16186.6336 42610.7970 34894.8921 33652.9014 26625.4700 23519.7699 20852.3418 17613.3841 47150.5660 41929.0369 33225.7824 29764.4438 27592.2680 23706.3510 22859.0887 18879.0746 53022.3162 49055.6034 41337.0852 37629.3873 32920.1128 31797.1224 29633.8018 28599.7248 27602.1607 27595.3748 25733.4060 24871.7125 23320.5653 21514.3210 20727.8150 40838.8474 36088.0978 32739.2946 28682.4631 27762.7748 26888.8936 25297.2995 23947.9847 21910.3702 42831.7271 40437.7877 31685.3980 29793.9845 28071.5234 27283.7740 24262.4865 23567.8712 23346.5661 41284.4511 40136.8193 34728.2373 33727.2381 31826.6827 30933.3597 30082.5651 27181.6526 26602.5379 24784.1357 39938.2050 38857.7469 38850.3307 37801.3457 33860.6013 32959.4049 32097.6227 30505.5126 29112.3180 27460.6157 27041.5259 38813.9123 35895.5329 33284.1619 33278.5347 50842.9161 47353.8040 44012.9532 40856.7497 39853.3718 36137.0976 35294.0771 35288.3620 34490.6783 33729.7326 28995.8287 46051.0534 40917.6747 39967.8159 39961.3269 39048.0406 37307.5688 37301.7759 36491.5982 35715.1474 35709.9033 34980.8480 34291.4080 33649.5849 33058.1522 43937.8295 41080.2213 38496.9214 37706.6972 36246.6274 58055.5271 46985.2622 43113.4092 39703.4588 39698.0156 38937.7284 36883.7446 35740.0528 57740.9564 55466.5161 49028.0997 47039.5398 46080.6860 40925.6610 40183.2276 39479.4477 38816.4239 37621.1324 58623.8564 57497.2890 54207.0208 52097.4199 49080.5302 47182.2861 43709.7587 42918.7504 41441.8904 61788.2185
18879.0746 18869.1038 23519.7699 17435.6490 21469.1546 37492.9788 13111.4265 19632.7089 12435.8563 8806.6921 34262.8048 10406.7565 5968.5631 30810.3130 7217.6196 34855.7512 2896.0000 28856.3529 0.0000 8646.0000 11528.0000 14410.0000 17292.0000 25938.0000 4559.0605 23101.4251 2896.0000 26099.1697 13677.1816 4576.7693 13677.1816 19607.9717 6469.4040 11631.6307 18236.2422 33645.2926 7382.0106 13312.7350 10426.1709 8688.0000 9153.5386 9704.1060 9708.5649 11286.8671 12257.0249 14435.2391 21965.2366 11660.2827 15350.3511 16460.0564 17617.7920 20043.7462 13641.8870 11937.1261 22025.3115 13032.0000 13111.4265 13346.8703 14891.1064 17399.0749 19428.8735 22820.1296 15585.0600 15111.5429 14764.0213 16864.8663 20428.3749 23676.9020 34852.3630 18853.3486 15993.0505 15928.0000 18123.3137 20540.1106 23509.8798 30438.1509 22573.7342 19408.2120 17435.6490 18307.0771 19408.2120 22573.7342 23519.7699 32427.3807 27592.2680 24608.8841 20155.7684 19043.3427 19043.3427 19314.0184 20155.7684 20714.6396 21356.2765 21361.0015 22859.0887 23706.3510 25560.8341 28662.7145 30894.1092 21075.5232 20272.0000 20727.8150 22642.9140 23320.5653 24065.5136 25733.4060 27602.1607 32920.1128 22883.8464 22146.0319 22883.8464 23947.9847 25297.2995 26065.4273 30642.5623 32739.2946 33831.0249 23567.8712 23346.5661 23567.8712 23874.2522 24728.7189 25268.6326 25877.6160 28909.6781 29793.9845 34778.3851 24658.1414 24616.0000 24616.0020 24658.1414 25648.7715 26090.2429 26602.5379 27823.4149 29278.0064 31826.6827 32759.0549 26103.8039 26693.7407 27947.8025 27951.4133 30415.5405 28838.5759 27849.5686 27512.0000 27549.7119 28439.7990 28838.5759 28841.5755 29302.8619 29829.5982 38813.9123 29528.0425 28995.8287 29103.0501 29104.0421 29280.8799 29842.8153 29845.2312 30223.0858 30666.4176 30669.7083 31170.1201 31731.3183 32347.0200 33014.1758 30442.1245 30544.2693 31249.9358 31613.2849 32519.8593 36955.7847 32147.9870 31888.5750 32660.6301 32662.8376 33008.4543 34394.7626 35581.7220 37525.5870 36287.8012 33799.1141 33428.4660 33335.1601 34074.4544 34407.9894 34798.0457 35242.7468 36287.8012 38816.4239 38196.2787 36614.1542 35811.3784 35019.8491 34781.8629 35019.8491 35226.7682 35811.3784 41441.8904
20155.7684 20146.4295 30033.7874 18810.5662 28456.5179 29706.0641 14891.1064 27097.8240 10237.9186 11286.8671 25992.0056 18236.2422 11631.6307 22377.5666 5213.0855 26299.2430 9118.1211 20225.8987 8646.0000 0.0000 2882.0000 5764.0000 8646.0000 17292.0000 13049.5849 14482.5690 9118.1211 17532.8286 22047.1894 8413.2254 6128.5125 27984.9407 8171.3499 5968.5631 10406.7565 25172.4109 12416.3267 20649.6158 16826.4507 12257.0249 10426.1709 9704.1060 9699.6553 8806.6921 8688.0000 9153.5386 14435.2391 10537.7616 10537.7616 11019.3841 11660.2827 13322.6053 19632.7089 16342.6999 15360.2287 15639.2564 14891.1064 14249.7972 13111.4265 13346.8703 14249.7972 16479.7025 20428.3749 19438.7592 15585.0600 14480.0000 15585.0600 17647.0385 27225.8983 24589.1536 18853.3486 18123.3137 15928.0000 16504.2271 18123.3137 23509.8798 28870.4782 24514.0498 18810.5662 17613.3841 17376.0000 18307.0771 18810.5662 25550.9425 34422.8903 30894.1092 24608.8841 22073.4628 19686.7131 19314.0184 18879.0746 18824.0000 18879.0746 18879.8405 19314.0184 19686.7131 20714.6396 22859.0887 24608.8841 24871.7125 22038.7681 20727.8150 20323.1510 20475.8372 20727.8150 21514.3210 22642.9140 26645.2106 26888.8936 25297.2995 21767.7486 21767.7486 22146.0319 22471.8067 25297.2995 26888.8936 27762.7748 26550.9168 25877.6160 23567.8712 23346.5661 23168.0000 23212.7703 23346.5661 24728.7189 25268.6326 28909.6781 26602.5379 26090.2429 26086.9307 25648.7715 24658.1414 24616.0000 24658.1414 24992.7146 25648.7715 27181.6526 27823.4149 27041.5259 26222.8530 26103.8039 26104.3578 34987.4030 32494.9751 30415.5405 28838.5759 28439.7990 27549.7119 27512.0000 27512.0018 27549.7119 27662.5391 33284.1619 32347.0200 29842.8153 29528.0425 29526.0921 29280.8799 28995.8287 28995.3334 28960.0000 28995.8287 28996.3274 29103.0501 29280.8799 29528.0425 29842.8153 32037.3849 30949.4775 30442.1245 30408.0000 30544.2693 42004.9328 34394.7626 32660.6301 31888.5750 31888.1247 31856.0000 32147.9870 32660.6301 42212.9869 40505.9940 36287.8012 35242.7468 34798.0457 33335.1601 33304.0000 33335.1601 33428.4660 33799.1141 43364.5172 42518.2845 40183.2276 38816.4239 37093.0784 36186.3106 35019.8491 34871.2981 34752.0000 46271.2913
21356.2765 21347.4627 32427.3807 20091.6138 30972.2463 27225.8983 16479.7025 29728.7520 11019.3841 13312.7350 23295.6985 20988.9862 14203.5990 19607.9717 7217.6196 23461.6596 11886.1937 17352.5205 11528.0000 2882.0000 0.0000 2882.0000 5764.0000 14410.0000 15917.0005 11618.5837 11886.1937 14698.1263 24879.1749 10982.6183 4576.7693 30810.3130 10406.7565 5968.5631 8171.3499 22377.5666 14853.0320 23295.6985 19351.8632 14435.2391 12257.0249 11286.8671 11280.4862 9704.1060 9153.5386 8688.0000 12257.0249 11660.2827 10136.0000 10237.9186 10537.7616 11660.2827 22025.3115 18488.8387 13641.8870 17399.0749 16479.7025 15639.2564 13730.3078 13032.0000 13346.8703 14891.1064 22554.0166 21469.1546 16864.8663 14764.0213 14764.0213 16173.5100 24832.6534 26849.7562 20540.1106 19662.0438 16186.6336 15993.0505 16938.8571 21479.0429 31220.2694 26625.4700 20091.6138 18307.0771 17613.3841 17613.3841 17905.6892 23519.7699 36869.4966 33225.7824 26556.8873 23706.3510 20714.6396 20155.7684 19314.0184 19043.3427 18879.0746 18878.3139 18879.0746 19043.3427 19686.7131 21356.2765 22859.0887 26645.2106 23320.5653 21514.3210 20323.1510 20272.0000 20323.1510 20727.8150 21514.3210 24871.7125 28682.4631 26888.8936 22146.0319 21767.7486 21767.7486 21910.3702 23947.9847 25297.2995 26065.4273 28071.5234 27283.7740 24262.4865 23874.2522 23346.5661 23212.7703 23168.0000 23874.2522 24262.4865 27283.7740 27823.4149 27181.6526 27177.4130 26602.5379 24992.7146 24784.1357 24658.1414 24658.1414 24992.7146 26090.2429 26602.5379 27947.8025 26693.7407 26103.8039 26103.2538 36837.6594 34115.9848 31751.6038 29829.5982 29302.8619 27849.5686 27662.5391 27661.4990 27549.7119 27512.0000 31751.6038 33729.7326 30666.4176 30223.0858 30220.2266 29842.8153 29280.8799 29279.4052 29103.0501 28995.8287 28995.3334 28960.0000 28995.8287 29103.0501 29280.8799 33058.1522 31613.2849 30713.7558 30544.2693 30408.0000 43937.8295 35581.7220 33414.8516 32147.9870 32146.6438 31986.1010 31888.5750 32147.9870 44042.5796 42212.9869 37525.5870 36287.8012 35740.0528 33583.3998 33428.4660 33335.1601 33304.0000 33428.4660 45147.4684 44241.5093 41704.6837 40183.2276 38196.2787 37093.0784 35491.0345 35226.7682 34871.2981 48119.1937
22859.0887 22850.8546 34894.8921 21682.2586 33546.9599 24832.6534 18385.5374 32402.4255 12435.8563 15610.1347 20649.6158 23772.3873 16876.0619 16876.0619 9675.9316 20636.3905 14698.1263 14482.5690 14410.0000 5764.0000 2882.0000 0.0000 2882.0000 11528.0000 18788.8795 8766.4143 14698.1263 11886.1937 27721.4714 13677.1816 4576.7693 33645.2926 12901.2421 7227.4195 6469.4040 19607.9717 17426.1815 25992.0056 21965.2366 16826.4507 14435.2391 13312.7350 13305.1596 11286.8671 10426.1709 9153.5386 10426.1709 13322.6053 10537.7616 10237.9186 10136.0000 10537.7616 24523.4027 20813.5129 12364.3595 19428.8735 18385.5374 17399.0749 14891.1064 13346.8703 13032.0000 13730.3078 24832.6534 23676.9020 18508.5165 15585.0600 14480.0000 15111.5429 22554.0166 29219.9280 22471.2124 21479.0429 16938.8571 15993.0505 16186.6336 19662.0438 33652.9014 28870.4782 21682.2586 19408.2120 18307.0771 17376.0000 17435.6490 21682.2586 39375.0687 35638.0569 28662.7145 25560.8341 22073.4628 21356.2765 20155.7684 19686.7131 19314.0184 19311.7825 18879.0746 18824.0000 19043.3427 20155.7684 21356.2765 28599.7248 24871.7125 22642.9140 20727.8150 20475.8372 20323.1510 20323.1510 20727.8150 23320.5653 30642.5623 28682.4631 22883.8464 22146.0319 21767.7486 21720.0000 22883.8464 23947.9847 24589.6967 29793.9845 28909.6781 25268.6326 24728.7189 23874.2522 23567.8712 23346.5661 23346.5661 23567.8712 25877.6160 29278.0064 28523.5965 28518.5458 27823.4149 25648.7715 25281.8344 24992.7146 24658.1414 24658.1414 25281.8344 25648.7715 29112.3180 27460.6157 26420.0762 26418.4418 38813.9123 35895.5329 33284.1619 31057.3380 30415.5405 28439.7990 28109.3195 28107.2706 27849.5686 27662.5391 30415.5405 35294.0771 31731.3183 31170.1201 31166.4230 30666.4176 29842.8153 29840.4026 29528.0425 29280.8799 29279.4052 29103.0501 28995.8287 28960.0000 28995.8287 34291.4080 32519.8593 31249.9358 30949.4775 30544.2693 45970.2424 36955.7847 34394.7626 32660.6301 32658.4256 32373.2672 31888.5750 31888.5750 45980.1394 44042.5796 38937.7284 37525.5870 36883.7446 34074.4544 33799.1141 33583.3998 33428.4660 33304.0000 47039.5398 46080.6860 43364.5172 41704.6837 39479.4477 38196.2787 36186.3106 35811.3784 35226.7682 50064.8885
24608.8841 24601.2357 37421.7026 23519.7699 36168.0639 22554.0166 20520.4100 35109.0801 14299.8624 18075.8276 18075.8276 26576.8152 19607.9717 14203.5990 12319.2987 17829.2905 17532.8286 11618.5837 17292.0000 8646.0000 5764.0000 2882.0000 0.0000 8646.0000 21663.4468 5943.0968 17532.8286 9118.1211 30571.2031 16435.4658 6128.5125 36487.6402 15530.4657 9244.4193 5792.0000 16876.0619 20083.3983 28724.3970 24638.5974 19351.8632 16826.4507 15610.1347 15601.8276 13312.7350 12257.0249 10426.1709 9153.5386 15350.3511 11660.2827 11019.3841 10537.7616 10136.0000 27097.8240 23263.2614 11673.2830 21652.8587 20520.4100 19428.8735 16479.7025 14249.7972 13346.8703 13111.4265 27225.8983 26016.8911 20428.3749 16864.8663 14764.0213 14551.5250 20428.3749 31675.0821 24589.1536 23509.8798 18123.3137 16504.2271 15928.0000 18123.3137 36151.6553 31220.2694 23519.7699 20852.3418 19408.2120 17613.3841 17435.6490 20091.6138 41929.0369 38115.6323 30894.1092 27592.2680 23706.3510 22859.0887 21356.2765 20714.6396 20155.7684 20152.1959 19314.0184 19043.3427 18824.0000 19314.0184 20155.7684 30700.7023 26645.2106 24065.5136 21514.3210 21075.5232 20727.8150 20323.1510 20323.1510 22038.7681 32739.2946 30642.5623 23947.9847 22883.8464 22146.0319 21910.3702 22146.0319 22883.8464 23377.5900 31685.3980 30720.4574 26550.9168 25877.6160 24728.7189 24262.4865 23874.2522 23168.0000 23212.7703 24728.7189 30933.3597 30082.5651 30076.8180 29278.0064 26602.5379 26090.2429 25648.7715 24992.7146 24658.1414 24784.1357 24992.7146 30505.5126 28499.5944 27041.5259 27038.8632 40897.9005 37811.2416 34987.4030 32494.9751 31751.6038 29302.8619 28838.5759 28835.5794 28439.7990 28109.3195 29302.8619 37017.0331 33014.1758 32347.0200 32342.5664 31731.3183 30666.4176 30663.1298 30223.0858 29842.8153 29840.4026 29528.0425 29280.8799 29103.0501 28995.8287 35715.1474 33649.5849 32037.3849 31613.2849 30949.4775 48089.5556 38496.9214 35581.7220 33414.8516 33411.8342 33008.4543 32147.9870 31888.5750 48012.5970 45980.1394 40505.9940 38937.7284 38211.0155 34798.0457 34407.9894 34074.4544 33799.1141 33428.4660 49028.0997 48022.4942 45147.4684 43364.5172 40925.6610 39479.4477 37093.0784 36614.1542 35811.3784 52097.4199
30894.1092 30888.0172 45257.5507 30033.7874 44226.5861 16864.8663 27747.7212 43364.8426 21299.3846 25992.0056 11286.8671 35065.6573 27984.9407 7227.4195 20636.3905 9675.9316 26099.1697 3225.3105 25938.0000 17292.0000 14410.0000 11528.0000 8646.0000 0.0000 30295.6239 3225.3105 26099.1697 2896.0000 39148.7546 24879.1749 13677.1816 45044.9276 23772.3873 16876.0619 10406.7565 9244.4193 28320.0855 37057.8193 32870.9317 27354.3632 24638.5974 23295.6985 23286.4203 20649.6158 19351.8632 16826.4507 10426.1709 22577.1737 17617.7920 16460.0564 15350.3511 13322.6053 35109.0801 31060.9313 13641.8870 29027.7947 27747.7212 26484.1870 22820.1296 19428.8735 17399.0749 14891.1064 34852.3630 33546.9599 27225.8983 22554.0166 18508.5165 16173.5100 15585.0600 39389.1077 31675.0821 30438.1509 23509.8798 20540.1106 18123.3137 15928.0000 43930.4733 38703.7263 30033.7874 26625.4700 24514.0498 20852.3418 20091.6138 17435.6490 49806.2197 45832.9957 38115.6323 34422.8903 29764.4438 28662.7145 26556.8873 25560.8341 24608.8841 24602.4441 22859.0887 22073.4628 20714.6396 19314.0184 18879.0746 37629.3873 32920.1128 29633.8018 25733.4060 24871.7125 24065.5136 22642.9140 21514.3210 20272.0000 39625.9618 37248.9801 28682.4631 26888.8936 25297.2995 24589.6967 22146.0319 21767.7486 21720.0000 38111.4726 36977.6774 31685.3980 30720.4574 28909.6781 28071.5234 27283.7740 24728.7189 24262.4865 23168.0000 36817.8910 35759.2967 35752.0439 34728.2373 30933.3597 30082.5651 29278.0064 27823.4149 26602.5379 25281.8344 24992.7146 35769.1921 32959.4049 30505.5126 30500.3177 47651.4931 44192.3432 40897.9005 37811.2416 36837.6594 33284.1619 32494.9751 32489.6548 31751.6038 31057.3380 27549.7119 42938.3093 37931.3144 37017.0331 37010.8054 36137.0976 34490.6783 34485.2480 33729.7326 33014.1758 33009.3757 32347.0200 31731.3183 31170.1201 30666.4176 40917.6747 38160.5241 35715.1474 34980.8480 33649.5849 54866.2280 43937.8295 40185.9148 36955.7847 36950.7167 36246.6274 34394.7626 33414.8516 54570.9567 52317.4686 45980.1394 44042.5796 43113.4092 38211.0155 37525.5870 36883.7446 36287.8012 35242.7468 55466.5161 54350.9156 51101.8851 49028.0997 46080.6860 44241.5093 40925.6610 40183.2276 38816.4239 58623.8564
21075.5232 21065.9047 22073.4628 19686.7131 19662.0438 42041.1207 15585.0600 17399.0749 16342.6999 11660.2827 38812.8800 8432.4332 7792.5300 35333.7042 11631.6307 39335.7587 6128.5125 33269.2841 4559.0605 13049.5849 15917.0005 18788.8795 21663.4468 30295.6239 0.0000 27379.0000 4559.0605 30295.6239 9118.1211 6450.6211 17532.8286 15050.5294 8413.2254 15050.5294 22047.1894 37716.9921 6469.4040 9254.2583 7382.0106 8432.4332 10214.1874 11277.0083 11284.6770 13612.9491 14853.0320 17426.1815 25544.4829 13312.7350 18075.8276 19351.8632 20649.6158 23295.6985 10537.7616 10237.9186 25185.6632 12364.3595 12938.8080 13641.8870 16342.6999 19632.7089 22025.3115 25802.4842 13111.4265 13032.0000 14891.1064 18385.5374 22820.1296 26484.1870 38309.7070 15585.0600 14764.0213 15111.5429 19438.7592 22554.0166 26016.8911 33546.9599 18853.3486 16504.2271 16938.8571 18853.3486 20540.1106 24589.1536 25703.9192 35478.4158 23519.7699 20852.3418 17613.3841 17435.6490 18810.5662 19408.2120 20852.3418 21682.2586 22573.7342 22580.1190 24514.0498 25550.9425 27733.2580 31220.2694 33652.9014 18879.0746 19314.0184 20714.6396 23706.3510 24608.8841 25560.8341 27592.2680 29764.4438 35638.0569 20475.8372 20272.0000 23320.5653 24871.7125 26645.2106 27602.1607 32920.1128 35235.5841 36423.6476 21720.0000 21767.7486 23377.5900 23947.9847 25297.2995 26065.4273 26888.8936 30642.5623 31675.5037 37248.9801 23346.5661 23567.8712 23569.7075 23874.2522 25877.6160 26550.9168 27283.7740 28909.6781 30720.4574 33717.3432 34778.3851 25281.8344 26602.5379 28523.5965 28528.6497 27460.6157 26420.0762 26064.0000 26420.0762 26693.7407 28499.5944 29112.3180 29116.7742 29782.2127 30505.5126 41040.8199 27549.7119 28109.3195 28439.7990 28442.3341 28838.5759 29829.5982 29833.4642 30415.5405 31057.3380 31061.9791 31751.6038 32494.9751 33284.1619 34115.9848 29103.0501 29842.8153 31170.1201 31731.3183 33014.1758 33649.5849 30408.0000 30949.4775 32519.8593 32523.4055 33058.1522 34980.8480 36491.5982 34394.7626 33414.8516 31888.5750 31888.5750 31986.1010 33877.7142 34394.7626 34963.5930 35581.7220 36955.7847 35740.0528 35242.7468 34074.4544 33583.3998 33304.0000 33428.4660 34407.9894 34798.0457 35740.0528 38196.2787
29633.8018 29626.9619 43221.4949 28662.7145 42041.1207 19662.0438 26016.8911 41031.5449 19632.7089 23873.5569 14299.8624 32518.2165 25544.4829 10214.1874 18236.2422 12901.2421 23461.6596 6450.6211 23101.4251 14482.5690 11618.5837 8766.4143 5943.0968 3225.3105 27379.0000 0.0000 23101.4251 3225.3105 36141.2153 21808.1416 10494.4931 42014.1745 20636.3905 13677.1816 7217.6196 10982.6183 25172.4109 33924.5641 29715.4842 24166.0244 21433.8022 20083.3983 20074.0711 17426.1815 16126.5526 13612.9491 7792.5300 19351.8632 14435.2391 13312.7350 12257.0249 10426.1709 31913.4238 27848.1299 11019.3841 25802.4842 24523.4027 23263.2614 19632.7089 16342.6999 14454.8391 12364.3595 31629.5024 30322.3130 24017.1460 19428.8735 15639.2564 13730.3078 15639.2564 36168.0639 28456.5179 27225.8983 20428.3749 17647.0385 15585.0600 14764.0213 40711.2066 35478.4158 26849.7562 23509.8798 21479.0429 18123.3137 17481.7965 16504.2271 46591.3970 42610.7970 34894.8921 31220.2694 26625.4700 25550.9425 23519.7699 22573.7342 21682.2586 21676.2787 20091.6138 19408.2120 18307.0771 17435.6490 17435.6490 34422.8903 29764.4438 26556.8873 22859.0887 22073.4628 21356.2765 20155.7684 19314.0184 19043.3427 36423.6476 34067.0460 25733.4060 24065.5136 22642.9140 22038.7681 20323.1510 20323.1510 20475.8372 34948.0764 33831.0249 28682.4631 27762.7748 26065.4273 25297.2995 24589.6967 22471.8067 22146.0319 21910.3702 33717.3432 32685.3998 32678.3467 31685.3980 28071.5234 27283.7740 26550.9168 25268.6326 24262.4865 23346.5661 23212.7703 32759.0549 30082.5651 27823.4149 27818.7551 44464.9606 41040.8199 37801.3457 34798.1498 33860.6013 30505.5126 29782.2127 29777.3756 29112.3180 28499.5944 26420.0762 39843.4756 34987.4030 34115.9848 34110.0724 33284.1619 31751.6038 31746.6128 31057.3380 30415.5405 30411.2779 29829.5982 29302.8619 28838.5759 28439.7990 37931.3144 35294.0771 33014.1758 32347.0200 31170.1201 51681.3988 40917.6747 37307.5688 34291.4080 34286.7867 33649.5849 32037.3849 31249.9358 51407.8383 49178.3071 42958.0858 41080.2213 40185.9148 35581.7220 34963.5930 34394.7626 33877.7142 33008.4543 52317.4686 51214.3639 48012.5970 45980.1394 43113.4092 41343.1908 38211.0155 37525.5870 36287.8012 55466.5161
21767.7486 21757.7706 25733.4060 20323.1510 23519.7699 38703.7263 15993.0505 21469.1546 14891.1064 11673.2830 35109.0801 12257.0249 8806.6921 31483.4792 9254.2583 35333.7042 5792.0000 29145.5440 2896.0000 9118.1211 11886.1937 14698.1263 17532.8286 26099.1697 4559.0605 23101.4251 0.0000 25938.0000 13049.5849 2042.8375 13049.5849 18955.5297 4085.6750 10494.4931 17532.8286 33269.2841 4576.7693 11631.6307 8171.3499 5792.0000 6469.4040 7227.4195 7233.4054 9244.4193 10406.7565 12901.2421 20988.9862 9254.2583 13612.9491 14853.0320 16126.5526 18746.4894 11286.8671 9153.5386 20649.6158 10136.0000 10237.9186 10537.7616 12435.8563 15350.3511 17617.7920 21299.3846 12938.8080 12364.3595 11937.1261 14454.8391 18488.8387 22025.3115 33752.1238 16479.7025 13111.4265 13032.0000 15639.2564 18385.5374 21652.8587 29027.7947 20428.3749 16864.8663 14551.5250 15585.0600 16864.8663 20428.3749 21469.1546 30972.2463 25703.9192 22471.2124 17481.7965 16186.6336 16186.6336 16504.2271 17481.7965 18123.3137 18853.3486 18858.7007 20540.1106 21479.0429 23509.8798 26849.7562 29219.9280 18307.0771 17376.0000 17905.6892 20091.6138 20852.3418 21682.2586 23519.7699 25550.9425 31220.2694 20155.7684 19314.0184 20155.7684 21356.2765 22859.0887 23706.3510 28662.7145 30894.1092 32048.7569 20727.8150 20475.8372 20727.8150 21075.5232 22038.7681 22642.9140 23320.5653 26645.2106 27602.1607 32920.1128 21767.7486 21720.0000 21720.0023 21767.7486 22883.8464 23377.5900 23947.9847 25297.2995 26888.8936 29643.6954 30642.5623 23212.7703 23874.2522 25268.6326 25272.6262 27823.4149 26090.2429 24992.7146 24616.0000 24658.1414 25648.7715 26090.2429 26093.5584 26602.5379 27181.6526 36817.8910 26693.7407 26103.8039 26222.8530 26223.9539 26420.0762 27041.5259 27044.1920 27460.6157 27947.8025 27951.4133 28499.5944 29112.3180 29782.2127 30505.5126 27549.7119 27662.5391 28439.7990 28838.5759 29829.5982 34490.6783 29280.8799 28995.8287 29842.8153 29845.2312 30223.0858 31731.3183 33014.1758 34980.8480 33649.5849 30949.4775 30544.2693 30442.1245 31249.9358 31613.2849 32037.3849 32519.8593 33649.5849 36246.6274 35581.7220 33877.7142 33008.4543 32147.9870 31888.5750 32147.9870 32373.2672 33008.4543 38937.7284
32739.2946 32732.6612 46446.4692 31797.1224 45257.5507 19408.2120 29219.9280 44226.5861 22820.1296 27097.8240 13641.8870 35658.5810 28724.3970 9704.1060 21433.8022 11277.0083 26576.8152 5213.0855 26099.1697 17532.8286 14698.1263 11886.1937 9118.1211 2896.0000 30295.6239 3225.3105 25938.0000 0.0000 38933.9358 24539.7578 13049.5849 44764.7747 23237.1675 16113.3801 9118.1211 7765.2328 27721.4714 36487.6402 32226.7601 26576.8152 23772.3873 22377.5666 22367.9076 19607.9717 18236.2422 15530.4657 8171.3499 21433.8022 16126.5526 14853.0320 13612.9491 11277.0083 34262.8048 30101.0589 11286.8671 27848.1299 26511.1581 25185.6632 21299.3846 17617.7920 15350.3511 12435.8563 33752.1238 32402.4255 25802.4842 20813.5129 16342.6999 13641.8870 12938.8080 38309.7070 30322.3130 29027.7947 21652.8587 18385.5374 15639.2564 13032.0000 42867.6044 37492.9788 28456.5179 24832.6534 22554.0166 18508.5165 17647.0385 14551.5250 48785.4254 44721.6022 36771.7233 32928.6135 28022.8535 26849.7562 24589.1536 23509.8798 22471.2124 22464.1596 20540.1106 19662.0438 18123.3137 16504.2271 15993.0505 36151.6553 31220.2694 27733.2580 23519.7699 22573.7342 21682.2586 20091.6138 18810.5662 17376.0000 38115.6323 35638.0569 26556.8873 24608.8841 22859.0887 22073.4628 19314.0184 18879.0746 18824.0000 36423.6476 35235.5841 29633.8018 28599.7248 26645.2106 25733.4060 24871.7125 22038.7681 21514.3210 20272.0000 34948.0764 33831.0249 33823.3586 32739.2946 28682.4631 27762.7748 26888.8936 25297.2995 23947.9847 22471.8067 22146.0319 33717.3432 30720.4574 28071.5234 28065.8779 46040.2227 42449.9766 39008.6603 35759.2967 34728.2373 30933.3597 30082.5651 30076.8180 29278.0064 28523.5965 24658.1414 41040.8199 35769.1921 34798.1498 34791.5250 33860.6013 32097.6227 32091.7875 31278.5128 30505.5126 30500.3177 29782.2127 29112.3180 28499.5944 27947.8025 38813.9123 35895.5329 33284.1619 32494.9751 31057.3380 53237.0157 41885.6744 37931.3144 34490.6783 34485.2480 33729.7326 31731.3183 30666.4176 52853.3761 50523.3369 43927.9327 41895.5709 40917.6747 35715.1474 34980.8480 34291.4080 33649.5849 32519.8593 53699.5124 52546.4105 49178.3071 47019.7596 43937.8295 42004.9328 38496.9214 37706.6972 36246.6274 56881.2180
27283.7740 27275.2830 21910.3702 26065.4273 19043.3427 51143.2379 22573.7342 16186.6336 24832.6534 19428.8735 47918.1549 11019.3841 15350.3511 44402.3805 20649.6158 48340.1402 14853.0320 42188.4793 13677.1816 22047.1894 24879.1749 27721.4714 30571.2031 39148.7546 9118.1211 36141.2153 13049.5849 38933.9358 0.0000 14410.0000 25938.0000 5943.0968 15917.0005 23101.4251 30295.6239 46134.7293 11886.1937 5213.0855 8413.2254 13677.1816 16435.4658 17829.2905 17838.9893 20636.3905 22047.1894 24879.1749 33426.4683 19607.9717 25172.4109 26576.8152 27984.9407 30810.3130 9254.2583 12416.3267 32518.2165 15610.1347 16826.4507 18075.8276 21965.2366 25992.0056 28724.3970 32870.9317 12435.8563 13322.6053 18814.6936 23873.5569 29195.0019 33282.9581 45806.5141 11937.1261 16342.6999 17389.1925 24523.4027 28407.1980 32402.4255 40594.8729 13111.4265 13730.3078 19428.8735 22820.1296 25239.6761 30322.3130 31629.5024 42400.4025 16173.5100 14764.0213 15585.0600 17647.0385 21469.1546 22554.0166 24832.6534 26016.8911 27225.8983 27234.3672 29706.0641 30972.2463 33546.9599 37492.9788 40166.7967 17481.7965 20540.1106 23509.8798 28022.8535 29219.9280 30438.1509 32928.6135 35478.4158 42041.1207 18307.0771 19408.2120 26625.4700 28870.4782 31220.2694 32427.3807 38703.7263 41299.2316 42610.7970 20714.6396 21356.2765 25560.8341 26556.8873 28662.7145 29764.4438 30894.1092 35638.0569 36869.4966 43221.4949 23320.5653 24065.5136 24070.9041 24871.7125 28599.7248 29633.8018 30700.7023 32920.1128 35235.5841 38851.1574 40087.4923 26065.4273 28682.4631 31675.5037 31682.7833 23168.0000 23567.8712 24728.7189 26550.9168 27283.7740 30720.4574 31685.3980 31692.2206 32685.3998 33717.3432 46526.5228 25648.7715 28523.5965 29278.0064 29283.4215 30082.5651 31826.6827 31833.0224 32759.0549 33727.2381 33734.0749 34728.2373 35759.2967 36817.8910 37901.7131 28499.5944 30505.5126 32959.4049 33860.6013 35769.1921 28109.3195 28838.5759 31057.3380 34115.9848 34121.8991 34987.4030 37811.2416 39843.4756 29280.8799 28995.8287 29842.8153 30666.4176 31170.1201 35294.0771 36137.0976 37017.0331 37931.3144 39853.3718 30713.7558 30544.2693 30442.1245 30713.7558 31613.2849 32519.8593 34980.8480 35715.1474 37307.5688 32660.6301
23168.0000 23158.0000 27762.7748 21720.0000 25560.8341 38115.6323 17376.0000 23509.8798 15585.0600 13032.0000 34276.0824 14299.8624 10537.7616 30550.4647 9704.1060 34262.8048 7382.0106 27984.9407 4576.7693 8413.2254 10982.6183 13677.1816 16435.4658 24879.1749 6450.6211 21808.1416 2042.8375 24539.7578 14410.0000 0.0000 11528.0000 20225.8987 2042.8375 8766.4143 15917.0005 31735.0517 4085.6750 12319.2987 8413.2254 4576.7693 4576.7693 5213.0855 5218.6205 7217.6196 8413.2254 10982.6183 19230.0709 7227.4195 11631.6307 12901.2421 14203.5990 16876.0619 11277.0083 8432.4332 18746.4894 8806.6921 8688.0000 8806.6921 10426.1709 13312.7350 15610.1347 19351.8632 12435.8563 11660.2827 10237.9186 12435.8563 16460.0564 20043.7462 31913.4238 16342.6999 11937.1261 11673.2830 13641.8870 16342.6999 19632.7089 27097.8240 20520.4100 16479.7025 13032.0000 13730.3078 14891.1064 18385.5374 19428.8735 29027.7947 26016.8911 22554.0166 16864.8663 15111.5429 14551.5250 14764.0213 15585.0600 16173.5100 16864.8663 16869.9951 18508.5165 19438.7592 21469.1546 24832.6534 27225.8983 17481.7965 15993.0505 16186.6336 18123.3137 18853.3486 19662.0438 21479.0429 23509.8798 29219.9280 19408.2120 18307.0771 18307.0771 19408.2120 20852.3418 21682.2586 26625.4700 28870.4782 30033.7874 19686.7131 19314.0184 19043.3427 19314.0184 20155.7684 20714.6396 21356.2765 24608.8841 25560.8341 30894.1092 20475.8372 20323.1510 20322.4444 20272.0000 21075.5232 21514.3210 22038.7681 23320.5653 24871.7125 27602.1607 28599.7248 21720.0000 22146.0319 23377.5900 23381.2903 27283.7740 25268.6326 23874.2522 23212.7703 23168.0000 23874.2522 24262.4865 24265.4579 24728.7189 25268.6326 34778.3851 25648.7715 24616.0000 24658.1414 24658.7278 24784.1357 25281.8344 25284.1162 25648.7715 26090.2429 26093.5584 26602.5379 27181.6526 27823.4149 28523.5965 26222.8530 26103.8039 26693.7407 27041.5259 27947.8025 34115.9848 28109.3195 27512.0000 28109.3195 28111.3717 28439.7990 29829.5982 31057.3380 34490.6783 33014.1758 29842.8153 29280.8799 29103.0501 29528.0425 29842.8153 30223.0858 30666.4176 31731.3183 35715.1474 34980.8480 33058.1522 32037.3849 30949.4775 30544.2693 30544.2693 30713.7558 31249.9358 38496.9214
25877.6160 25868.6634 36088.0978 24589.6967 34422.8903 28662.7145 20852.3418 32928.6135 15585.0600 17399.0749 24017.1460 23873.5569 17617.7920 20043.7462 11286.8671 23295.6985 14853.0320 16876.0619 13677.1816 6128.5125 4576.7693 4576.7693 6128.5125 13677.1816 17532.8286 10494.4931 13049.5849 13049.5849 25938.0000 11528.0000 0.0000 31735.0517 10190.4010 3225.3105 4559.0605 20225.8987 14698.1263 23461.6596 19230.0709 13677.1816 10982.6183 9675.9316 9666.9971 7217.6196 6128.5125 4576.7693 8413.2254 9244.4193 5968.5631 5792.0000 5968.5631 7227.4195 21433.8022 17426.1815 9254.2583 15610.1347 14435.2391 13312.7350 10426.1709 8806.6921 8806.6921 10426.1709 21299.3846 20043.7462 14299.8624 11019.3841 10237.9186 11660.2827 21299.3846 25802.4842 18488.8387 17389.1925 12364.3595 11584.0000 12364.3595 17389.1925 30322.3130 25239.6761 17399.0749 14891.1064 13730.3078 13111.4265 13346.8703 19428.8735 36168.0639 32253.1053 24832.6534 21469.1546 17647.0385 16864.8663 15585.0600 15111.5429 14764.0213 14762.0725 14480.0000 14551.5250 15111.5429 16864.8663 18508.5165 24589.1536 20540.1106 18123.3137 16186.6336 15993.0505 15928.0000 16186.6336 16938.8571 20540.1106 26625.4700 24514.0498 18307.0771 17613.3841 17376.0000 17435.6490 19408.2120 20852.3418 21682.2586 25560.8341 24608.8841 20714.6396 20155.7684 19314.0184 19043.3427 18879.0746 19314.0184 19686.7131 22859.0887 24871.7125 24065.5136 24060.1260 23320.5653 21075.5232 20727.8150 20475.8372 20272.0000 20475.8372 21514.3210 22038.7681 24589.6967 22883.8464 21910.3702 21909.0571 34778.3851 31685.3980 28909.6781 26550.9168 25877.6160 23874.2522 23567.8712 23566.0390 23346.5661 23212.7703 27283.7740 30933.3597 27181.6526 26602.5379 26598.7478 26090.2429 25281.8344 25279.5564 24992.7146 24784.1357 24782.9748 24658.1414 24616.0000 24658.1414 24784.1357 29782.2127 27947.8025 26693.7407 26420.0762 26103.8039 41975.3136 32494.9751 29829.5982 28109.3195 28107.2706 27849.5686 27512.0000 27662.5391 41885.6744 39853.3718 34490.6783 33014.1758 32347.0200 29528.0425 29280.8799 29103.0501 28995.8287 28995.8287 42899.5872 41895.5709 39048.0406 37307.5688 34980.8480 33649.5849 31613.2849 31249.9358 30713.7558 45970.2424
31826.6827 31818.9489 23346.5661 30720.4574 20475.8372 57040.8316 27592.2680 17613.3841 30438.1509 24832.6534 53858.9805 15360.2287 20813.5129 50344.8219 26511.1581 54271.9171 20649.6158 48100.9918 19607.9717 27984.9407 30810.3130 33645.2926 36487.6402 45044.9276 15050.5294 42014.1745 18955.5297 44764.7747 5943.0968 20225.8987 31735.0517 0.0000 21615.0000 28820.0000 36025.0000 51876.0000 17352.5205 9118.1211 13288.4076 18955.5297 21808.1416 23237.1675 23247.0895 26099.1697 27531.7355 30399.2588 39014.6314 24879.1749 30571.2031 31998.2365 33426.4683 36285.9609 12901.2421 16876.0619 37911.0593 20083.3983 21433.8022 22795.3027 26929.4902 31115.0401 33924.5641 38159.1242 15610.1347 16826.4507 23295.6985 28724.3970 34262.8048 38460.1417 51177.8328 13322.6053 20043.7462 21299.3846 29195.0019 33282.9581 37423.7775 45806.5141 12364.3595 15360.2287 23263.2614 27097.8240 29728.7520 35109.0801 36472.4843 47544.7747 13111.4265 13346.8703 17399.0749 20520.4100 25239.6761 26484.1870 29027.7947 30322.3130 31629.5024 31638.6144 34276.0824 35613.0801 38309.7070 42400.4025 45151.5883 19438.7592 23676.9020 27225.8983 32253.1053 33546.9599 34852.3630 37492.9788 40166.7967 46959.2232 19662.0438 21479.0429 30438.1509 32928.6135 35478.4158 36771.7233 43378.1314 46070.9679 47425.7254 22573.7342 23519.7699 28870.4782 30033.7874 32427.3807 33652.9014 34894.8921 39996.5749 41299.2316 47931.4471 25560.8341 26556.8873 26563.9422 27592.2680 32048.7569 33225.7824 34422.8903 36869.4966 39375.0687 43221.4949 44523.0736 28599.7248 31797.1224 35235.5841 35243.7638 22471.8067 23947.9847 26065.4273 28682.4631 29643.6954 33831.0249 34948.0764 34955.9111 36088.0978 37248.9801 50971.3149 26550.9168 30720.4574 31685.3980 31692.2206 32685.3998 34778.3851 34785.8438 35865.9430 36977.6774 36985.4718 38111.4726 39265.4177 40437.7877 41627.0258 30082.5651 32759.0549 35759.2967 36817.8910 39008.6603 26064.0000 29782.2127 32959.4049 36771.0748 36778.1294 37801.3457 41040.8199 43305.7173 27549.7119 27849.5686 30415.5405 31751.6038 32494.9751 37811.2416 38813.9123 39843.4756 40897.9005 43073.9898 28995.8287 29103.0501 29842.8153 30666.4176 32347.0200 33729.7326 37017.0331 37931.3144 39853.3718 30442.1245
24658.1414 24648.1585 29793.9845 23212.7703 27602.1607 37629.3873 18879.0746 25550.9425 16504.2271 14551.5250 33546.9599 16342.6999 12364.3595 29728.7520 10537.7616 33282.9581 9153.5386 26929.4902 6469.4040 8171.3499 10406.7565 12901.2421 15530.4657 23772.3873 8413.2254 20636.3905 4085.6750 23237.1675 15917.0005 2042.8375 10190.4010 21615.0000 0.0000 7205.0000 14410.0000 30261.0000 4559.0605 13288.4076 9118.1211 4085.6750 2896.0000 3234.7020 3239.1692 5203.3782 6450.6211 9118.1211 17532.8286 5213.0855 9675.9316 10982.6183 12319.2987 15050.5294 11631.6307 8171.3499 16876.0619 7792.5300 7382.0106 7240.0000 8432.4332 11277.0083 13612.9491 17426.1815 12257.0249 11286.8671 8688.0000 10426.1709 14435.2391 18075.8276 30101.0589 16460.0564 11019.3841 10537.7616 11660.2827 14299.8624 17617.7920 25185.6632 20813.5129 16342.6999 11673.2830 11937.1261 12938.8080 16342.6999 17389.1925 27097.8240 26484.1870 22820.1296 16479.7025 14249.7972 13032.0000 13111.4265 13730.3078 14249.7972 14891.1064 14895.9474 16479.7025 17399.0749 19428.8735 22820.1296 25239.6761 16864.8663 14764.0213 14551.5250 16173.5100 16864.8663 17647.0385 19438.7592 21469.1546 27225.8983 18853.3486 17481.7965 16504.2271 17481.7965 18853.3486 19662.0438 24589.1536 26849.7562 28022.8535 18810.5662 18307.0771 17435.6490 17613.3841 18307.0771 18810.5662 19408.2120 22573.7342 23519.7699 28870.4782 19314.0184 19043.3427 19041.8318 18879.0746 19314.0184 19686.7131 20155.7684 21356.2765 22859.0887 25560.8341 26556.8873 20323.1510 20475.8372 21514.3210 21517.6720 26888.8936 24589.6967 22883.8464 21910.3702 21767.7486 22146.0319 22471.8067 22474.3738 22883.8464 23377.5900 32739.2946 24728.7189 23212.7703 23168.0000 23168.0022 23212.7703 23567.8712 23569.7075 23874.2522 24262.4865 24265.4579 24728.7189 25268.6326 25877.6160 26550.9168 24992.7146 24616.0000 24992.7146 25281.8344 26090.2429 33860.6013 27041.5259 26103.8039 26420.0762 26421.7143 26693.7407 27947.8025 29112.3180 34115.9848 32494.9751 28838.5759 28109.3195 27849.5686 27849.5686 28109.3195 28439.7990 28838.5759 29829.5982 35294.0771 34490.6783 32347.0200 31170.1201 29842.8153 29280.8799 28995.8287 29103.0501 29528.0425 38160.5241
26090.2429 26080.8081 34778.3851 24728.7189 32920.1128 31797.1224 20714.6396 31220.2694 16186.6336 16864.8663 27225.8983 22025.3115 16342.6999 23263.2614 11019.3841 26511.1581 13312.7350 20083.3983 11631.6307 5968.5631 5968.5631 7227.4195 9244.4193 16876.0619 15050.5294 13677.1816 10494.4931 16113.3801 23101.4251 8766.4143 3225.3105 28820.0000 7205.0000 0.0000 7205.0000 23056.0000 11618.5837 20380.8020 16113.3801 10494.4931 7765.2328 6450.6211 6441.6870 4085.6750 3234.7020 3234.7020 10494.4931 6128.5125 4576.7693 5213.0855 6128.5125 8413.2254 18236.2422 14203.5990 10406.7565 12416.3267 11277.0083 10214.1874 7792.5300 7382.0106 8432.4332 11277.0083 18075.8276 16826.4507 11286.8671 8806.6921 9704.1060 12257.0249 23295.6985 22577.1737 15350.3511 14299.8624 10237.9186 10537.7616 12435.8563 18814.6936 27097.8240 22025.3115 14454.8391 12364.3595 11673.2830 12364.3595 12938.8080 20813.5129 32947.8549 29027.7947 21652.8587 18385.5374 14891.1064 14249.7972 13346.8703 13111.4265 13032.0000 13032.0038 13346.8703 13730.3078 14891.1064 17399.0749 19428.8735 21469.1546 17647.0385 15585.0600 14480.0000 14551.5250 14764.0213 15585.0600 16864.8663 21469.1546 23509.8798 21479.0429 16186.6336 15928.0000 16186.6336 16504.2271 19662.0438 21479.0429 22471.2124 22573.7342 21682.2586 18307.0771 17905.6892 17435.6490 17376.0000 17435.6490 18810.5662 19408.2120 23519.7699 22073.4628 21356.2765 21351.5551 20714.6396 19043.3427 18879.0746 18824.0000 19043.3427 19686.7131 21356.2765 22073.4628 22038.7681 20727.8150 20272.0000 20272.0025 31675.5037 28682.4631 26065.4273 23947.9847 23377.5900 21910.3702 21767.7486 21767.0889 21720.0000 21767.7486 27762.7748 28071.5234 24728.7189 24262.4865 24259.5187 23874.2522 23346.5661 23345.3338 23212.7703 23168.0000 23168.0022 23212.7703 23346.5661 23567.8712 23874.2522 27181.6526 25648.7715 24784.1357 24658.1414 24658.1414 38857.7469 29782.2127 27460.6157 26222.8530 26221.7559 26103.8039 26222.8530 26693.7407 38813.9123 36837.6594 31751.6038 30415.5405 29829.5982 27662.5391 27549.7119 27512.0000 27549.7119 27849.5686 39853.3718 38877.5185 36137.0976 34490.6783 32347.0200 31170.1201 29528.0425 29280.8799 28995.8287 42899.5872
29278.0064 29269.5992 40437.7877 28071.5234 38851.1574 26645.2106 24608.8841 37421.7026 18853.3486 21469.1546 21469.1546 28407.1980 22025.3115 17389.1925 15350.3511 20043.7462 19351.8632 13612.9491 18236.2422 10406.7565 8171.3499 6469.4040 5792.0000 10406.7565 22047.1894 7217.6196 17532.8286 9118.1211 30295.6239 15917.0005 4559.0605 36025.0000 14410.0000 7205.0000 0.0000 15851.0000 18788.8795 27531.7355 23237.1675 17532.8286 14698.1263 13288.4076 13278.6482 10494.4931 9118.1211 6450.6211 4085.6750 12319.2987 7217.6196 6128.5125 5213.0855 4344.0000 25172.4109 20988.9862 5968.5631 18746.4894 17426.1815 16126.5526 12416.3267 9254.2583 7792.5300 7382.0106 24638.5974 23295.6985 16826.4507 12257.0249 9153.5386 8806.6921 16826.4507 29195.0019 21299.3846 20043.7462 13322.6053 11019.3841 10136.0000 13322.6053 33752.1238 28407.1980 19632.7089 16342.6999 14454.8391 11937.1261 11673.2830 15360.2287 39667.7978 35613.0801 27747.7212 24017.1460 19428.8735 18385.5374 16479.7025 15639.2564 14891.1064 14886.2705 13730.3078 13346.8703 13032.0000 13730.3078 14891.1064 27225.8983 22554.0166 19438.7592 16173.5100 15585.0600 15111.5429 14551.5250 14551.5250 16864.8663 29219.9280 26849.7562 18853.3486 17481.7965 16504.2271 16186.6336 16504.2271 17481.7965 18123.3137 27733.2580 26625.4700 21682.2586 20852.3418 19408.2120 18810.5662 18307.0771 17376.0000 17435.6490 19408.2120 26556.8873 25560.8341 25554.0701 24608.8841 21356.2765 20714.6396 20155.7684 19314.0184 18879.0746 19043.3427 19314.0184 25733.4060 23320.5653 21514.3210 21510.9742 37248.9801 33831.0249 30642.5623 27762.7748 26888.8936 23947.9847 23377.5900 23373.8935 22883.8464 22471.8067 23947.9847 32685.3998 28071.5234 27283.7740 27278.4938 26550.9168 25268.6326 25264.6423 24728.7189 24262.4865 24259.5187 23874.2522 23567.8712 23346.5661 23212.7703 30933.3597 28523.5965 26602.5379 26090.2429 25281.8344 44464.9606 33860.6013 30505.5126 27947.8025 27944.1948 27460.6157 26420.0762 26103.8039 44192.3432 41975.3136 35895.5329 34115.9848 33284.1619 29302.8619 28838.5759 28439.7990 28109.3195 27662.5391 45108.0332 44012.9532 40856.7497 38877.5185 36137.0976 34490.6783 31731.3183 31170.1201 30223.0858 48252.9545
40136.8193 40130.6870 54195.6480 39265.4177 53022.3162 20323.1510 36869.4966 51984.0111 30438.1509 34852.3630 14480.0000 43364.8426 36472.4843 11937.1261 29195.0019 10237.9186 34262.8048 8432.4332 33645.2926 25172.4109 22377.5666 19607.9717 16876.0619 9244.4193 37716.9921 10982.6183 33269.2841 7765.2328 46134.7293 31735.0517 20225.8987 51876.0000 30261.0000 23056.0000 15851.0000 0.0000 34614.2999 43326.8937 39014.6314 33269.2841 30399.2588 28965.1379 28955.1881 26099.1697 24667.5865 21808.1416 13288.4076 27721.4714 22047.1894 20636.3905 19230.0709 16435.4658 40761.6041 36487.6402 15530.4657 33924.5641 32518.2165 31115.0401 26929.4902 22795.3027 20083.3983 16126.5526 39865.2229 38460.1417 31483.4792 25992.0056 20649.6158 16826.4507 8806.6921 44402.3805 36038.7507 34658.2883 26511.1581 22577.1737 18814.6936 12435.8563 48943.6090 43364.8426 33752.1238 29728.7520 27097.8240 22025.3115 20813.5129 12938.8080 54886.5695 50697.5844 42400.4025 38309.7070 32947.8549 31629.5024 29027.7947 27747.7212 26484.1870 26475.4819 24017.1460 22820.1296 20520.4100 17399.0749 15639.2564 41514.1548 36168.0639 32253.1053 27225.8983 26016.8911 24832.6534 22554.0166 20428.3749 16173.5100 43378.1314 40711.2066 30438.1509 28022.8535 25703.9192 24589.1536 19662.0438 18123.3137 17481.7965 41299.2316 39996.5749 33652.9014 32427.3807 30033.7874 28870.4782 27733.2580 23519.7699 22573.7342 18810.5662 39375.0687 38115.6323 38106.9372 36869.4966 32048.7569 30894.1092 29764.4438 27592.2680 25560.8341 22859.0887 22073.4628 37629.3873 34067.0460 30700.7023 30693.1931 50971.3149 47096.4852 43306.5764 39625.9618 38428.8330 33831.0249 32739.2946 32731.8128 31675.5037 30642.5623 22471.8067 45282.5670 39265.4177 38111.4726 38103.5330 36977.6774 34778.3851 34770.9276 33717.3432 32685.3998 32678.3467 31685.3980 30720.4574 29793.9845 28909.6781 42449.9766 39008.6603 35759.2967 34728.2373 32759.0549 58055.5895 45640.2591 41040.8199 36771.0748 36764.0215 35769.1921 32959.4049 31278.5128 57450.8431 54938.1284 47651.4931 45328.9176 44192.3432 37811.2416 36837.6594 35895.5329 34987.4030 33284.1619 58158.1536 56913.0357 53237.0157 50842.9161 47353.8040 45108.0332 40856.7497 39853.3718 37931.3144 61378.7337
26222.8530 26212.9136 28523.5965 24784.1357 26065.4273 42066.1268 20475.8372 23706.3510 19408.2120 16186.6336 38075.6384 14891.1064 13032.0000 34276.0824 13641.8870 37841.6395 10237.9186 31483.4792 7382.0106 12416.3267 14853.0320 17426.1815 20083.3983 28320.0855 6469.4040 25172.4109 4576.7693 27721.4714 11886.1937 4085.6750 14698.1263 17352.5205 4559.0605 11618.5837 18788.8795 34614.2999 0.0000 8766.4143 4559.0605 2042.8375 4559.0605 5943.0968 5952.7960 8766.4143 10190.4010 13049.5849 21663.4468 7765.2328 13288.4076 14698.1263 16113.3801 18955.5297 7217.6196 4576.7693 20636.3905 5968.5631 6469.4040 7227.4195 10406.7565 14203.5990 16876.0619 20988.9862 8432.4332 7792.5300 8432.4332 12416.3267 17426.1815 21433.8022 33924.5641 12257.0249 8688.0000 8806.6921 13312.7350 16826.4507 20649.6158 28724.3970 16460.0564 12435.8563 10537.7616 12435.8563 14299.8624 18814.6936 20043.7462 30550.4647 22025.3115 18488.8387 12938.8080 11673.2830 12364.3595 12938.8080 14454.8391 15360.2287 16342.6999 16349.7553 18488.8387 19632.7089 22025.3115 25802.4842 28407.1980 13730.3078 13111.4265 14249.7972 17399.0749 18385.5374 19428.8735 21652.8587 24017.1460 30322.3130 15585.0600 14764.0213 16864.8663 18508.5165 20428.3749 21469.1546 27225.8983 29706.0641 30972.2463 16186.6336 15993.0505 16938.8571 17481.7965 18853.3486 19662.0438 20540.1106 24589.1536 25703.9192 31675.0821 17376.0000 17435.6490 17436.4783 17613.3841 19408.2120 20091.6138 20852.3418 22573.7342 24514.0498 27733.2580 28870.4782 19043.3427 20155.7684 22073.4628 22078.6870 23320.5653 21514.3210 20475.8372 20323.1510 20475.8372 22038.7681 22642.9140 22647.3706 23320.5653 24065.5136 35235.5841 22146.0319 21910.3702 22146.0319 22147.9861 22471.8067 23377.5900 23381.2903 23947.9847 24589.6967 24594.3864 25297.2995 26065.4273 26888.8936 27762.7748 23168.0000 23567.8712 24728.7189 25268.6326 26550.9168 30082.5651 24784.1357 24784.1357 26090.2429 26093.5584 26602.5379 28523.5965 30082.5651 30505.5126 29112.3180 26420.0762 26103.8039 26064.0000 27460.6157 27947.8025 28499.5944 29112.3180 30505.5126 31751.6038 31057.3380 29302.8619 28439.7990 27662.5391 27512.0000 28109.3195 28439.7990 29302.8619 34490.6783
29829.5982 29820.3754 26693.7407 28499.5944 23874.2522 50321.5110 24589.6967 21075.5232 25560.8341 20852.3418 46591.3970 14551.5250 16864.8663 42867.6044 20520.4100 46533.1201 15360.2287 40205.6357 13312.7350 20649.6158 23295.6985 25992.0056 28724.3970 37057.8193 9254.2583 33924.5641 11631.6307 36487.6402 5213.0855 12319.2987 23461.6596 9118.1211 13288.4076 20380.8020 27531.7355 43326.8937 8766.4143 0.0000 4323.0000 10087.0000 12969.0000 14410.0000 14420.0000 17292.0000 18733.0000 21615.0000 30261.0000 15917.0005 21663.4468 23101.4251 24539.7578 27417.2636 4085.6750 7765.2328 28965.1379 10982.6183 12319.2987 13677.1816 17829.2905 22047.1894 24879.1749 29145.5440 7227.4195 8171.3499 14203.5990 19607.9717 25172.4109 29396.2526 42188.4793 7240.0000 11277.0083 12416.3267 20083.3983 24166.0244 28320.0855 36745.3157 9704.1060 8806.6921 14435.2391 18075.8276 20649.6158 25992.0056 27354.3632 38460.1417 14299.8624 11660.2827 10537.7616 12435.8563 16460.0564 17617.7920 20043.7462 21299.3846 22577.1737 22586.1097 25185.6632 26511.1581 29195.0019 33282.9581 36038.7507 12364.3595 15360.2287 18488.8387 23263.2614 24523.4027 25802.4842 28407.1980 31060.9313 37841.6395 13346.8703 14249.7972 21652.8587 24017.1460 26484.1870 27747.7212 34276.0824 36957.8960 38309.7070 15585.0600 16173.5100 20428.3749 21469.1546 23676.9020 24832.6534 26016.8911 30972.2463 32253.1053 38826.1642 18123.3137 18853.3486 18858.7007 19662.0438 23509.8798 24589.1536 25703.9192 28022.8535 30438.1509 34196.9195 35478.4158 20852.3418 23519.7699 26625.4700 26633.0477 19043.3427 18879.0746 19686.7131 21356.2765 22073.4628 25560.8341 26556.8873 26563.9422 27592.2680 28662.7145 41929.0369 20727.8150 23320.5653 24065.5136 24070.9041 24871.7125 26645.2106 26651.7014 27602.1607 28599.7248 28606.7796 29633.8018 30700.7023 31797.1224 32920.1128 23377.5900 25297.2995 27762.7748 28682.4631 30642.5623 24728.7189 23874.2522 25877.6160 28909.6781 28915.6606 29793.9845 32685.3998 34778.3851 25648.7715 24992.7146 24992.7146 25648.7715 26090.2429 30082.5651 30933.3597 31826.6827 32759.0549 34728.2373 27041.5259 26693.7407 26103.8039 26103.8039 26693.7407 27460.6157 29782.2127 30505.5126 32097.6227 29302.8619
28439.7990 28430.1254 27947.8025 27041.5259 25268.6326 46526.5228 22883.8464 22642.9140 22859.0887 18810.5662 42610.7970 14764.0213 15111.5429 38826.1642 17399.0749 42400.4025 12938.8080 36038.7507 10426.1709 16826.4507 19351.8632 21965.2366 24638.5974 32870.9317 7382.0106 29715.4842 8171.3499 32226.7601 8413.2254 8413.2254 19230.0709 13288.4076 9118.1211 16113.3801 23237.1675 39014.6314 4559.0605 4323.0000 0.0000 5764.0000 8646.0000 10087.0000 10097.0000 12969.0000 14410.0000 17292.0000 25938.0000 11618.5837 17352.5205 18788.8795 20225.8987 23101.4251 3234.7020 4085.6750 24667.5865 7217.6196 8413.2254 9675.9316 13677.1816 17829.2905 20636.3905 24879.1749 5792.0000 5968.5631 10406.7565 15530.4657 20988.9862 25172.4109 37911.0593 8432.4332 8432.4332 9254.2583 16126.5526 20083.3983 24166.0244 32518.2165 12257.0249 9153.5386 11286.8671 14435.2391 16826.4507 21965.2366 23295.6985 34262.8048 17617.7920 14299.8624 10237.9186 10537.7616 13322.6053 14299.8624 16460.0564 17617.7920 18814.6936 18823.1192 21299.3846 22577.1737 25185.6632 29195.0019 31913.4238 11584.0000 12938.8080 15360.2287 19632.7089 20813.5129 22025.3115 24523.4027 27097.8240 33752.1238 13111.4265 13111.4265 18385.5374 20520.4100 22820.1296 24017.1460 30322.3130 32947.8549 34276.0824 14551.5250 14764.0213 17647.0385 18508.5165 20428.3749 21469.1546 22554.0166 27225.8983 28456.5179 34852.3630 16504.2271 16938.8571 16942.2625 17481.7965 20540.1106 21479.0429 22471.2124 24589.1536 26849.7562 30438.1509 31675.0821 18810.5662 20852.3418 23519.7699 23526.5105 20155.7684 19043.3427 18879.0746 19686.7131 20155.7684 22859.0887 23706.3510 23712.4308 24608.8841 25560.8341 38115.6323 20272.0000 21514.3210 22038.7681 22042.6931 22642.9140 24065.5136 24070.9041 24871.7125 25733.4060 25739.5669 26645.2106 27602.1607 28599.7248 29633.8018 22146.0319 23377.5900 25297.2995 26065.4273 27762.7748 26550.9168 23212.7703 24262.4865 26550.9168 26555.8028 27283.7740 29793.9845 31685.3980 27181.6526 26090.2429 24616.0000 24784.1357 24992.7146 27823.4149 28523.5965 29278.0064 30082.5651 31826.6827 28499.5944 27947.8025 26693.7407 26222.8530 26103.8039 26420.0762 27947.8025 28499.5944 29782.2127 31057.3380
27549.7119 27539.7256 30505.5126 26103.8039 28071.5234 41627.0258 21767.7486 25733.4060 20155.7684 17435.6490 37421.7026 16864.8663 14551.5250 33546.9599 14249.7972 36957.8960 11584.0000 30550.4647 8688.0000 12257.0249 14435.2391 16826.4507 19351.8632 27354.3632 8432.4332 24166.0244 5792.0000 26576.8152 13677.1816 4576.7693 13677.1816 18955.5297 4085.6750 10494.4931 17532.8286 33269.2841 2042.8375 10087.0000 5764.0000 0.0000 2882.0000 4323.0000 4333.0000 7205.0000 8646.0000 11528.0000 20174.0000 5943.0968 11618.5837 13049.5849 14482.5690 17352.5205 7765.2328 4085.6750 18955.5297 4344.0000 4576.7693 5213.0855 8413.2254 12319.2987 15050.5294 19230.0709 8171.3499 7227.4195 6469.4040 10406.7565 15530.4657 19607.9717 32226.7601 12416.3267 7382.0106 7240.0000 11277.0083 14853.0320 18746.4894 26929.4902 16826.4507 12257.0249 8806.6921 10426.1709 12257.0249 16826.4507 18075.8276 28724.3970 22577.1737 18814.6936 12435.8563 10537.7616 10537.7616 11019.3841 12435.8563 13322.6053 14299.8624 14306.9181 16460.0564 17617.7920 20043.7462 23873.5569 26511.1581 12938.8080 11584.0000 12364.3595 15360.2287 16342.6999 17389.1925 19632.7089 22025.3115 28407.1980 14891.1064 13730.3078 14891.1064 16479.7025 18385.5374 19428.8735 25239.6761 27747.7212 29027.7947 15111.5429 14764.0213 15111.5429 15585.0600 16864.8663 17647.0385 18508.5165 22554.0166 23676.9020 29706.0641 15993.0505 15928.0000 15928.0031 15993.0505 17481.7965 18123.3137 18853.3486 20540.1106 22471.2124 25703.9192 26849.7562 17435.6490 18307.0771 20091.6138 20096.6362 22859.0887 20714.6396 19314.0184 18824.0000 18879.0746 20155.7684 20714.6396 20718.8154 21356.2765 22073.4628 33225.7824 21075.5232 20323.1510 20475.8372 20477.2471 20727.8150 21514.3210 21517.6720 22038.7681 22642.9140 22647.3706 23320.5653 24065.5136 24871.7125 25733.4060 21767.7486 21910.3702 22883.8464 23377.5900 24589.6967 29793.9845 23567.8712 23212.7703 24262.4865 24265.4579 24728.7189 26550.9168 28071.5234 30082.5651 28523.5965 25281.8344 24784.1357 24658.1414 25648.7715 26090.2429 26602.5379 27181.6526 28523.5965 31278.5128 30505.5126 28499.5944 27460.6157 26420.0762 26103.8039 26420.0762 26693.7407 27460.6157 34115.9848
27549.7119 27539.7256 32097.6227 26103.8039 29793.9845 39265.4177 21767.7486 27602.1607 19314.0184 17435.6490 34894.8921 18508.5165 15111.5429 30972.2463 13346.8703 34276.0824 11937.1261 27848.1299 9153.5386 10426.1709 12257.0249 14435.2391 16826.4507 24638.5974 10214.1874 21433.8022 6469.4040 23772.3873 16435.4658 4576.7693 10982.6183 21808.1416 2896.0000 7765.2328 14698.1263 30399.2588 4559.0605 12969.0000 8646.0000 2882.0000 0.0000 1441.0000 1451.0000 4323.0000 5764.0000 8646.0000 17292.0000 3225.3105 8766.4143 10190.4010 11618.5837 14482.5690 10494.4931 6450.6211 16113.3801 5213.0855 4576.7693 4344.0000 6128.5125 9675.9316 12319.2987 16435.4658 10406.7565 9244.4193 5792.0000 8171.3499 12901.2421 16876.0619 29396.2526 14853.0320 8432.4332 7792.5300 9254.2583 12416.3267 16126.5526 24166.0244 19351.8632 14435.2391 8806.6921 9153.5386 10426.1709 14435.2391 15610.1347 25992.0056 25185.6632 21299.3846 14299.8624 11660.2827 10136.0000 10237.9186 11019.3841 11660.2827 12435.8563 12441.6527 14299.8624 15350.3511 17617.7920 21299.3846 23873.5569 14454.8391 11937.1261 11673.2830 13641.8870 14454.8391 15360.2287 17389.1925 19632.7089 25802.4842 16479.7025 14891.1064 13730.3078 14891.1064 16479.7025 17399.0749 22820.1296 25239.6761 26484.1870 16173.5100 15585.0600 14551.5250 14764.0213 15585.0600 16173.5100 16864.8663 20428.3749 21469.1546 27225.8983 16504.2271 16186.6336 16184.8561 15993.0505 16504.2271 16938.8571 17481.7965 18853.3486 20540.1106 23509.8798 24589.1536 17435.6490 17613.3841 18810.5662 18814.3988 24608.8841 22073.4628 20155.7684 19043.3427 18879.0746 19314.0184 19686.7131 19689.6433 20155.7684 20714.6396 30894.1092 22038.7681 20323.1510 20272.0000 20272.0025 20323.1510 20727.8150 20729.9029 21075.5232 21514.3210 21517.6720 22038.7681 22642.9140 23320.5653 24065.5136 22146.0319 21720.0000 22146.0319 22471.8067 23377.5900 31685.3980 24262.4865 23212.7703 23567.8712 23569.7075 23874.2522 25268.6326 26550.9168 31826.6827 30082.5651 26090.2429 25281.8344 24992.7146 24992.7146 25281.8344 25648.7715 26090.2429 27181.6526 32959.4049 32097.6227 29782.2127 28499.5944 27041.5259 26420.0762 26103.8039 26222.8530 26693.7407 35895.5329
27662.5391 27652.5935 32959.4049 26222.8530 30720.4574 38111.4726 21910.3702 28599.7248 19043.3427 17613.3841 33652.9014 19438.7592 15585.0600 29706.0641 13111.4265 32947.8549 12364.3595 26511.1581 9704.1060 9704.1060 11286.8671 13312.7350 15610.1347 23295.6985 11277.0083 20083.3983 7227.4195 22377.5666 17829.2905 5213.0855 9675.9316 23237.1675 3234.7020 6450.6211 13288.4076 28965.1379 5943.0968 14410.0000 10087.0000 4323.0000 1441.0000 0.0000 10.0000 2882.0000 4323.0000 7205.0000 15851.0000 2042.8375 7349.0631 8766.4143 10190.4010 13049.5849 11886.1937 7765.2328 14698.1263 6128.5125 5213.0855 4576.7693 5213.0855 8413.2254 10982.6183 15050.5294 11631.6307 10406.7565 5968.5631 7227.4195 11631.6307 15530.4657 27984.9407 16126.5526 9254.2583 8432.4332 8432.4332 11277.0083 14853.0320 22795.3027 20649.6158 15610.1347 9153.5386 8806.6921 9704.1060 13312.7350 14435.2391 24638.5974 26511.1581 22577.1737 15350.3511 12435.8563 10237.9186 10136.0000 10537.7616 11019.3841 11660.2827 11665.2292 13322.6053 14299.8624 16460.0564 20043.7462 22577.1737 15360.2287 12364.3595 11584.0000 12938.8080 13641.8870 14454.8391 16342.6999 18488.8387 24523.4027 17399.0749 15639.2564 13346.8703 14249.7972 15639.2564 16479.7025 21652.8587 24017.1460 25239.6761 16864.8663 16173.5100 14480.0000 14551.5250 15111.5429 15585.0600 16173.5100 19438.7592 20428.3749 26016.8911 16938.8571 16504.2271 16501.6106 16186.6336 16186.6336 16504.2271 16938.8571 18123.3137 19662.0438 22471.2124 23509.8798 17613.3841 17435.6490 18307.0771 18310.2281 25560.8341 22859.0887 20714.6396 19314.0184 19043.3427 19043.3427 19314.0184 19316.2591 19686.7131 20155.7684 29764.4438 22642.9140 20475.8372 20323.1510 20322.4444 20272.0000 20475.8372 20477.2471 20727.8150 21075.5232 21078.2604 21514.3210 22038.7681 22642.9140 23320.5653 22471.8067 21767.7486 21910.3702 22146.0319 22883.8464 32685.3998 24728.7189 23346.5661 23346.5661 23347.8026 23567.8712 24728.7189 25877.6160 32759.0549 30933.3597 26602.5379 25648.7715 25281.8344 24784.1357 24992.7146 25281.8344 25648.7715 26602.5379 33860.6013 32959.4049 30505.5126 29112.3180 27460.6157 26693.7407 26064.0000 26103.8039 26420.0762 36837.6594
27663.5827 27653.6375 32965.5267 26223.9539 30727.0252 38103.5330 21911.6878 28606.7796 19041.8318 17615.0231 33644.3379 19445.4324 15588.7612 29697.3329 13110.3312 32938.6707 12367.8594 26501.9181 9708.5649 9699.6553 11280.4862 13305.1596 15601.8276 23286.4203 11284.6770 20074.0711 7233.4054 22367.9076 17838.9893 5218.6205 9666.9971 23247.0895 3239.1692 6441.6870 13278.6482 28955.1881 5952.7960 14420.0000 10097.0000 4333.0000 1451.0000 10.0000 0.0000 2872.0000 4313.0000 7195.0000 15841.0000 2035.7959 7339.2594 8756.5518 10180.5026 13039.6467 11895.8926 7774.5123 14688.3224 6135.5705 5218.6205 4579.9276 5207.5637 8404.6631 10973.4345 15040.9553 11640.3038 10415.0660 5970.9853 7221.4426 11622.9597 15521.1876 27975.1573 16135.4888 9260.4901 8437.5642 8427.3109 11269.3432 14844.3013 22785.8207 20658.6881 15618.4437 9156.6920 8805.0613 9699.6553 13305.1596 14427.2543 24629.2399 26520.3987 22586.1097 15357.8625 12441.6527 10239.3309 10136.0049 10535.0311 11015.4648 11655.3426 11660.2827 13316.1178 14292.8103 16452.1785 20035.1197 22568.2386 15366.7975 12367.8594 11584.0043 12934.3563 13636.6081 14448.8599 16335.6475 18481.0459 24514.5891 17405.7022 15644.7870 13344.7146 14245.7552 15633.7302 16473.5835 21644.8735 24008.7467 25231.1127 16869.9951 16177.9673 14480.0035 14550.5382 15108.6852 15581.3644 16169.0576 19432.0890 20421.3222 26008.5837 16942.2625 16506.8493 16504.2271 16188.4171 16184.8561 16501.6106 16935.4569 18118.5452 19656.1824 22464.1596 23502.5256 17615.0231 17434.8254 18303.9311 18307.0771 25567.6002 22864.7637 20718.8154 19316.2591 19044.8586 19041.8318 19311.7825 19314.0184 19683.7875 20152.1959 29756.6983 22647.3706 20477.2471 20323.8625 20323.1510 20272.0025 20474.4321 20475.8372 20725.7317 21072.7905 21075.5232 21510.9742 22034.8469 22638.4609 23315.6237 22474.3738 21768.4129 21909.0571 22144.0820 22880.6998 32692.4545 24732.2170 23347.8026 23345.3338 23346.5661 23566.0390 24725.2244 25873.1627 32765.6540 30939.4167 26606.3313 25651.5824 25284.1162 24782.9748 24990.9869 25279.5564 25645.9642 26598.7478 33866.9857 32965.5267 30510.7099 29116.7742 27463.7658 26695.9018 26064.0019 26103.2538 26418.4418 36844.3102
28109.3195 28099.5320 34798.1498 26693.7407 32685.3998 35865.9430 22471.8067 30700.7023 18824.0000 18307.0771 31220.2694 21469.1546 16864.8663 27225.8983 13111.4265 30322.3130 13641.8870 23873.5569 11286.8671 8806.6921 9704.1060 11286.8671 13312.7350 20649.6158 13612.9491 17426.1815 9244.4193 19607.9717 20636.3905 7217.6196 7217.6196 26099.1697 5203.3782 4085.6750 10494.4931 26099.1697 8766.4143 17292.0000 12969.0000 7205.0000 4323.0000 2882.0000 2872.0000 0.0000 1441.0000 4323.0000 12969.0000 2042.8375 4559.0605 5943.0968 7349.0631 10190.4010 14698.1263 10494.4931 11886.1937 8413.2254 7217.6196 6128.5125 4344.0000 6128.5125 8413.2254 12319.2987 14203.5990 12901.2421 7227.4195 5968.5631 9244.4193 12901.2421 25172.4109 18746.4894 11277.0083 10214.1874 7382.0106 9254.2583 12416.3267 20083.3983 23295.6985 18075.8276 10426.1709 8806.6921 8806.6921 11286.8671 12257.0249 21965.2366 29195.0019 25185.6632 17617.7920 14299.8624 11019.3841 10537.7616 10136.0000 10237.9186 10537.7616 10540.5009 11660.2827 12435.8563 14299.8624 17617.7920 20043.7462 17389.1925 13641.8870 11937.1261 11937.1261 12364.3595 12938.8080 14454.8391 16342.6999 22025.3115 19428.8735 17399.0749 13032.0000 13346.8703 14249.7972 14891.1064 19428.8735 21652.8587 22820.1296 18508.5165 17647.0385 14764.0213 14551.5250 14551.5250 14764.0213 15111.5429 17647.0385 18508.5165 23676.9020 18123.3137 17481.7965 17477.6774 16938.8571 15928.0000 15993.0505 16186.6336 16938.8571 18123.3137 20540.1106 21479.0429 18307.0771 17435.6490 17613.3841 17615.0231 27592.2680 24608.8841 22073.4628 20155.7684 19686.7131 18824.0000 18879.0746 18879.8405 19043.3427 19314.0184 27592.2680 24065.5136 21075.5232 20727.8150 20725.7317 20475.8372 20272.0000 20272.0025 20323.1510 20475.8372 20477.2471 20727.8150 21075.5232 21514.3210 22038.7681 23377.5900 22146.0319 21720.0000 21767.7486 22146.0319 34778.3851 25877.6160 23874.2522 23168.0000 23168.0022 23212.7703 23874.2522 24728.7189 34728.2373 32759.0549 27823.4149 26602.5379 26090.2429 24616.0000 24658.1414 24784.1357 24992.7146 25648.7715 35769.1921 34798.1498 32097.6227 30505.5126 28499.5944 27460.6157 26222.8530 26103.8039 26103.8039 38813.9123
28439.7990 28430.1254 35769.1921 27041.5259 33717.3432 34778.3851 22883.8464 31797.1224 18879.0746 18810.5662 30033.7874 22554.0166 17647.0385 26016.8911 13346.8703 29027.7947 14454.8391 22577.1737 12257.0249 8688.0000 9153.5386 10426.1709 12257.0249 19351.8632 14853.0320 16126.5526 10406.7565 18236.2422 22047.1894 8413.2254 6128.5125 27531.7355 6450.6211 3234.7020 9118.1211 24667.5865 10190.4010 18733.0000 14410.0000 8646.0000 5764.0000 4323.0000 4313.0000 1441.0000 0.0000 2882.0000 11528.0000 3225.3105 3225.3105 4559.0605 5943.0968 8766.4143 16113.3801 11886.1937 10494.4931 9675.9316 8413.2254 7217.6196 4576.7693 5213.0855 7217.6196 10982.6183 15530.4657 14203.5990 8171.3499 5792.0000 8171.3499 11631.6307 23772.3873 20083.3983 12416.3267 11277.0083 7240.0000 8432.4332 11277.0083 18746.4894 24638.5974 19351.8632 11286.8671 9153.5386 8688.0000 10426.1709 11286.8671 20649.6158 30550.4647 26511.1581 18814.6936 15350.3511 11660.2827 11019.3841 10237.9186 10136.0000 10237.9186 10239.3309 11019.3841 11660.2827 13322.6053 16460.0564 18814.6936 18488.8387 14454.8391 12364.3595 11673.2830 11937.1261 12364.3595 13641.8870 15360.2287 20813.5129 20520.4100 18385.5374 13111.4265 13111.4265 13730.3078 14249.7972 18385.5374 20520.4100 21652.8587 19438.7592 18508.5165 15111.5429 14764.0213 14480.0000 14551.5250 14764.0213 16864.8663 17647.0385 22554.0166 18853.3486 18123.3137 18118.5452 17481.7965 15993.0505 15928.0000 15993.0505 16504.2271 17481.7965 19662.0438 20540.1106 18810.5662 17613.3841 17435.6490 17436.4783 28662.7145 25560.8341 22859.0887 20714.6396 20155.7684 18879.0746 18824.0000 18824.0027 18879.0746 19043.3427 26556.8873 24871.7125 21514.3210 21075.5232 21072.7905 20727.8150 20323.1510 20322.4444 20272.0000 20323.1510 20323.8625 20475.8372 20727.8150 21075.5232 21514.3210 23947.9847 22471.8067 21767.7486 21720.0000 21910.3702 35865.9430 26550.9168 24262.4865 23212.7703 23212.1517 23168.0000 23567.8712 24262.4865 35759.2967 33727.2381 28523.5965 27181.6526 26602.5379 24658.1414 24616.0000 24658.1414 24784.1357 25281.8344 36771.0748 35769.1921 32959.4049 31278.5128 29112.3180 27947.8025 26420.0762 26222.8530 26064.0000 39843.4756
29302.8619 29293.4732 37801.3457 27947.8025 35865.9430 32685.3998 23947.9847 34067.0460 19314.0184 20091.6138 27733.2580 24832.6534 19438.7592 23676.9020 14249.7972 26484.1870 16342.6999 20043.7462 14435.2391 9153.5386 8688.0000 9153.5386 10426.1709 16826.4507 17426.1815 13612.9491 12901.2421 15530.4657 24879.1749 10982.6183 4576.7693 30399.2588 9118.1211 3234.7020 6450.6211 21808.1416 13049.5849 21615.0000 17292.0000 11528.0000 8646.0000 7205.0000 7195.0000 4323.0000 2882.0000 0.0000 8646.0000 5943.0968 1448.0000 2042.8375 3225.3105 5943.0968 18955.5297 14698.1263 7765.2328 12319.2987 10982.6183 9675.9316 6128.5125 4344.0000 5213.0855 8413.2254 18236.2422 16876.0619 10406.7565 6469.4040 6469.4040 9244.4193 20988.9862 22795.3027 14853.0320 13612.9491 7792.5300 7382.0106 9254.2583 16126.5526 27354.3632 21965.2366 13312.7350 10426.1709 9153.5386 9153.5386 9704.1060 18075.8276 33282.9581 29195.0019 21299.3846 17617.7920 13322.6053 12435.8563 11019.3841 10537.7616 10237.9186 10236.5159 10237.9186 10537.7616 11660.2827 14299.8624 16460.0564 20813.5129 16342.6999 13641.8870 11673.2830 11584.0000 11673.2830 12364.3595 13641.8870 18488.8387 22820.1296 20520.4100 13730.3078 13111.4265 13111.4265 13346.8703 16479.7025 18385.5374 19428.8735 21469.1546 20428.3749 16173.5100 15585.0600 14764.0213 14551.5250 14480.0000 15585.0600 16173.5100 20428.3749 20540.1106 19662.0438 19656.1824 18853.3486 16504.2271 16186.6336 15993.0505 15993.0505 16504.2271 18123.3137 18853.3486 20091.6138 18307.0771 17435.6490 17434.8254 30894.1092 27592.2680 24608.8841 22073.4628 21356.2765 19314.0184 19043.3427 19041.8318 18879.0746 18824.0000 24608.8841 26645.2106 22642.9140 22038.7681 22034.8469 21514.3210 20727.8150 20725.7317 20475.8372 20323.1510 20322.4444 20272.0000 20323.1510 20475.8372 20727.8150 25297.2995 23377.5900 22146.0319 21910.3702 21720.0000 38111.4726 28071.5234 25268.6326 23567.8712 23566.0390 23346.5661 23212.7703 23567.8712 37901.7131 35759.2967 30082.5651 28523.5965 27823.4149 24992.7146 24784.1357 24658.1414 24616.0000 24784.1357 38857.7469 37801.3457 34798.1498 32959.4049 30505.5126 29112.3180 27041.5259 26693.7407 26222.8530 41975.3136
33284.1619 33275.8966 44464.9606 32097.6227 42831.7271 27283.7740 28682.4631 41337.0852 22859.0887 25550.9425 21682.2586 32253.1053 26016.8911 17647.0385 19428.8735 19428.8735 23263.2614 13322.6053 21965.2366 14435.2391 12257.0249 10426.1709 9153.5386 10426.1709 25544.4829 7792.5300 20988.9862 8171.3499 33426.4683 19230.0709 8413.2254 39014.6314 17532.8286 10494.4931 4085.6750 13288.4076 21663.4468 30261.0000 25938.0000 20174.0000 17292.0000 15851.0000 15841.0000 12969.0000 11528.0000 8646.0000 0.0000 14482.5690 8766.4143 7349.0631 5943.0968 3225.3105 27531.7355 23237.1675 3234.7020 20636.3905 19230.0709 17829.2905 13677.1816 9675.9316 7217.6196 4576.7693 26576.8152 25172.4109 18236.2422 12901.2421 8171.3499 5968.5631 12901.2421 31115.0401 22795.3027 21433.8022 13612.9491 10214.1874 7792.5300 9254.2583 35658.5810 30101.0589 20649.6158 16826.4507 14435.2391 10426.1709 9704.1060 11286.8671 41601.6779 37423.7775 29195.0019 25185.6632 20043.7462 18814.6936 16460.0564 15350.3511 14299.8624 14292.8103 12435.8563 11660.2827 10537.7616 10237.9186 11019.3841 28407.1980 23263.2614 19632.7089 15360.2287 14454.8391 13641.8870 12364.3595 11673.2830 12938.8080 30322.3130 27747.7212 18385.5374 16479.7025 14891.1064 14249.7972 13111.4265 13730.3078 14249.7972 28456.5179 27225.8983 21469.1546 20428.3749 18508.5165 17647.0385 16864.8663 14764.0213 14551.5250 15585.0600 26849.7562 25703.9192 25696.0713 24589.1536 20540.1106 19662.0438 18853.3486 17481.7965 16504.2271 15928.0000 15993.0505 25550.9425 22573.7342 20091.6138 20086.5952 38115.6323 34422.8903 30894.1092 27592.2680 26556.8873 22859.0887 22073.4628 22068.2419 21356.2765 20714.6396 20155.7684 32920.1128 27602.1607 26645.2106 26638.7220 25733.4060 24065.5136 24060.1260 23320.5653 22642.9140 22638.4609 22038.7681 21514.3210 21075.5232 20727.8150 30642.5623 27762.7748 25297.2995 24589.6967 23377.5900 45282.5670 33717.3432 29793.9845 26550.9168 26546.0337 25877.6160 24262.4865 23567.8712 44829.1045 42449.9766 35759.2967 33727.2381 32759.0549 27823.4149 27181.6526 26602.5379 26090.2429 25281.8344 45640.2591 44464.9606 41040.8199 38857.7469 35769.1921 33860.6013 30505.5126 29782.2127 28499.5944 48835.1436
29280.8799 29270.9895 34987.4030 27849.5686 32759.0549 37901.7131 23567.8712 30642.5623 20323.1510 19314.0184 33225.7824 21479.0429 17481.7965 29219.9280 14480.0000 32253.1053 14249.7972 25802.4842 11660.2827 10537.7616 11660.2827 13322.6053 15350.3511 22577.1737 13312.7350 19351.8632 9254.2583 21433.8022 19607.9717 7227.4195 9244.4193 24879.1749 5213.0855 6128.5125 12319.2987 27721.4714 7765.2328 15917.0005 11618.5837 5943.0968 3225.3105 2042.8375 2035.7959 2042.8375 3225.3105 5943.0968 14482.5690 0.0000 5764.0000 7205.0000 8646.0000 11528.0000 13049.5849 8766.4143 13049.5849 6450.6211 5203.3782 4085.6750 3234.7020 6450.6211 9118.1211 13288.4076 12319.2987 10982.6183 5213.0855 5213.0855 9675.9316 13677.1816 26299.2430 16876.0619 9244.4193 8171.3499 6469.4040 9244.4193 12901.2421 20988.9862 21433.8022 16126.5526 8432.4332 7240.0000 7792.5300 11277.0083 12416.3267 22795.3027 27354.3632 23295.6985 15610.1347 12257.0249 9153.5386 8806.6921 8806.6921 9153.5386 9704.1060 9708.5649 11286.8671 12257.0249 14435.2391 18075.8276 20649.6158 15350.3511 11660.2827 10237.9186 11019.3841 11660.2827 12435.8563 14299.8624 16460.0564 22577.1737 17389.1925 15360.2287 11673.2830 12364.3595 13641.8870 14454.8391 19632.7089 22025.3115 23263.2614 16479.7025 15639.2564 13111.4265 13032.0000 13346.8703 13730.3078 14249.7972 17399.0749 18385.5374 24017.1460 16173.5100 15585.0600 15581.3644 15111.5429 14551.5250 14764.0213 15111.5429 16173.5100 17647.0385 20428.3749 21469.1546 16504.2271 15928.0000 16504.2271 16506.8493 25550.9425 22573.7342 20091.6138 18307.0771 17905.6892 17435.6490 17613.3841 17615.0231 17905.6892 18307.0771 27733.2580 22073.4628 19314.0184 19043.3427 19041.8318 18879.0746 18879.0746 18879.8405 19043.3427 19314.0184 19316.2591 19686.7131 20155.7684 20714.6396 21356.2765 21514.3210 20475.8372 20323.1510 20475.8372 21075.5232 32739.2946 23947.9847 22146.0319 21767.7486 21768.4129 21910.3702 22883.8464 23947.9847 32685.3998 30720.4574 25877.6160 24728.7189 24262.4865 23212.7703 23346.5661 23567.8712 23874.2522 24728.7189 33727.2381 32759.0549 30082.5651 28523.5965 26602.5379 25648.7715 24658.1414 24616.0000 24784.1357 36771.0748
30666.4176 30656.9742 38813.9123 29302.8619 36817.8910 33727.2381 25268.6326 34948.0764 20727.8150 21356.2765 28662.7145 25703.9192 20540.1106 24589.1536 15585.0600 27225.8983 17399.0749 20813.5129 15350.3511 10537.7616 10136.0000 10537.7616 11660.2827 17617.7920 18075.8276 14435.2391 13612.9491 16126.5526 25172.4109 11631.6307 5968.5631 30571.2031 9675.9316 4576.7693 7217.6196 22047.1894 13288.4076 21663.4468 17352.5205 11618.5837 8766.4143 7349.0631 7339.2594 4559.0605 3225.3105 1448.0000 8766.4143 5764.0000 0.0000 1441.0000 2882.0000 5764.0000 18788.8795 14482.5690 7349.0631 11886.1937 10494.4931 9118.1211 5203.3782 2896.0000 4085.6750 7765.2328 17829.2905 16435.4658 9675.9316 5213.0855 5213.0855 8413.2254 20636.3905 22377.5666 14203.5990 12901.2421 6469.4040 5968.5631 8171.3499 15530.4657 26929.4902 21433.8022 12416.3267 9254.2583 7792.5300 7792.5300 8432.4332 17426.1815 32870.9317 28724.3970 20649.6158 16826.4507 12257.0249 11286.8671 9704.1060 9153.5386 8806.6921 8805.0613 8806.6921 9153.5386 10426.1709 13312.7350 15610.1347 20043.7462 15350.3511 12435.8563 10237.9186 10136.0000 10237.9186 11019.3841 12435.8563 17617.7920 22025.3115 19632.7089 12364.3595 11673.2830 11673.2830 11937.1261 15360.2287 17389.1925 18488.8387 20520.4100 19428.8735 14891.1064 14249.7972 13346.8703 13111.4265 13032.0000 14249.7972 14891.1064 19428.8735 19438.7592 18508.5165 18502.2897 17647.0385 15111.5429 14764.0213 14551.5250 14551.5250 15111.5429 16864.8663 17647.0385 18853.3486 16938.8571 15993.0505 15992.1526 30033.7874 26625.4700 23519.7699 20852.3418 20091.6138 17905.6892 17613.3841 17611.7506 17435.6490 17376.0000 23519.7699 25560.8341 21356.2765 20714.6396 20710.4677 20155.7684 19314.0184 19311.7825 19043.3427 18879.0746 18878.3139 18824.0000 18879.0746 19043.3427 19314.0184 24065.5136 22038.7681 20727.8150 20475.8372 20272.0000 37248.9801 26888.8936 23947.9847 22146.0319 22144.0820 21910.3702 21767.7486 22146.0319 36977.6774 34778.3851 28909.6781 27283.7740 26550.9168 23567.8712 23346.5661 23212.7703 23168.0000 23346.5661 37901.7131 36817.8910 33727.2381 31826.6827 29278.0064 27823.4149 25648.7715 25281.8344 24784.1357 41040.8199
31170.1201 31160.8293 39843.4756 29829.5982 37901.7131 32759.0549 25877.6160 36088.0978 21075.5232 22073.4628 27592.2680 26849.7562 21479.0429 23509.8798 16173.5100 26016.8911 18385.5374 19632.7089 16460.0564 11019.3841 10237.9186 10237.9186 11019.3841 16460.0564 19351.8632 13312.7350 14853.0320 14853.0320 26576.8152 12901.2421 5792.0000 31998.2365 10982.6183 5213.0855 6128.5125 20636.3905 14698.1263 23101.4251 18788.8795 13049.5849 10190.4010 8766.4143 8756.5518 5943.0968 4559.0605 2042.8375 7349.0631 7205.0000 1441.0000 0.0000 1441.0000 4323.0000 20225.8987 15917.0005 5943.0968 13288.4076 11886.1937 10494.4931 6450.6211 3234.7020 3234.7020 6450.6211 19230.0709 17829.2905 10982.6183 6128.5125 4576.7693 7217.6196 19230.0709 23772.3873 15530.4657 14203.5990 7227.4195 5792.0000 7227.4195 14203.5990 28320.0855 22795.3027 13612.9491 10214.1874 8432.4332 7382.0106 7792.5300 16126.5526 34262.8048 30101.0589 21965.2366 18075.8276 13312.7350 12257.0249 10426.1709 9704.1060 9153.5386 9150.3950 8688.0000 8806.6921 9704.1060 12257.0249 14435.2391 21299.3846 16460.0564 13322.6053 10537.7616 10237.9186 10136.0000 10537.7616 11660.2827 16460.0564 23263.2614 20813.5129 12938.8080 11937.1261 11584.0000 11673.2830 14454.8391 16342.6999 17389.1925 21652.8587 20520.4100 15639.2564 14891.1064 13730.3078 13346.8703 13111.4265 13730.3078 14249.7972 18385.5374 20428.3749 19438.7592 19432.0890 18508.5165 15585.0600 15111.5429 14764.0213 14480.0000 14764.0213 16173.5100 16864.8663 19662.0438 17481.7965 16186.6336 16184.8561 31220.2694 27733.2580 24514.0498 21682.2586 20852.3418 18307.0771 17905.6892 17903.2775 17613.3841 17435.6490 22573.7342 26556.8873 22073.4628 21356.2765 21351.5551 20714.6396 19686.7131 19683.7875 19314.0184 19043.3427 19041.8318 18879.0746 18824.0000 18879.0746 19043.3427 24871.7125 22642.9140 21075.5232 20727.8150 20323.1510 38428.8330 27762.7748 24589.6967 22471.8067 22469.2438 22146.0319 21720.0000 21910.3702 38111.4726 35865.9430 29793.9845 28071.5234 27283.7740 23874.2522 23567.8712 23346.5661 23212.7703 23212.7703 39008.6603 37901.7131 34728.2373 32759.0549 30082.5651 28523.5965 26090.2429 25648.7715 24992.7146 42163.8535
31731.3183 31722.1919 40897.9005 30415.5405 39008.6603 31826.6827 26550.9168 37248.9801 21514.3210 22859.0887 26556.8873 28022.8535 22471.2124 22471.2124 16864.8663 24832.6534 19428.8735 18488.8387 17617.7920 11660.2827 10537.7616 10136.0000 10537.7616 15350.3511 20649.6158 12257.0249 16126.5526 13612.9491 27984.9407 14203.5990 5968.5631 33426.4683 12319.2987 6128.5125 5213.0855 19230.0709 16113.3801 24539.7578 20225.8987 14482.5690 11618.5837 10190.4010 10180.5026 7349.0631 5943.0968 3225.3105 5943.0968 8646.0000 2882.0000 1441.0000 0.0000 2882.0000 21663.4468 17352.5205 4559.0605 14698.1263 13288.4076 11886.1937 7765.2328 4085.6750 2896.0000 5203.3782 20636.3905 19230.0709 12319.2987 7217.6196 4344.0000 6128.5125 17829.2905 25172.4109 16876.0619 15530.4657 8171.3499 5968.5631 6469.4040 12901.2421 29715.4842 24166.0244 14853.0320 11277.0083 9254.2583 7240.0000 7382.0106 14853.0320 35658.5810 31483.4792 23295.6985 19351.8632 14435.2391 13312.7350 11286.8671 10426.1709 9704.1060 9699.6553 8806.6921 8688.0000 9153.5386 11286.8671 13312.7350 22577.1737 17617.7920 14299.8624 11019.3841 10537.7616 10237.9186 10237.9186 11019.3841 15350.3511 24523.4027 22025.3115 13641.8870 12364.3595 11673.2830 11584.0000 13641.8870 15360.2287 16342.6999 22820.1296 21652.8587 16479.7025 15639.2564 14249.7972 13730.3078 13346.8703 13346.8703 13730.3078 17399.0749 21469.1546 20428.3749 20421.3222 19438.7592 16173.5100 15585.0600 15111.5429 14551.5250 14551.5250 15585.0600 16173.5100 20540.1106 18123.3137 16504.2271 16501.6106 32427.3807 28870.4782 25550.9425 22573.7342 21682.2586 18810.5662 18307.0771 18303.9311 17905.6892 17613.3841 21682.2586 27592.2680 22859.0887 22073.4628 22068.2419 21356.2765 20155.7684 20152.1959 19686.7131 19314.0184 19311.7825 19043.3427 18879.0746 18824.0000 18879.0746 25733.4060 23320.5653 21514.3210 21075.5232 20475.8372 39625.9618 28682.4631 25297.2995 22883.8464 22880.6998 22471.8067 21767.7486 21767.7486 39265.4177 36977.6774 30720.4574 28909.6781 28071.5234 24262.4865 23874.2522 23567.8712 23346.5661 23168.0000 40136.8193 39008.6603 35759.2967 33727.2381 30933.3597 29278.0064 26602.5379 26090.2429 25281.8344 43305.7173
33014.1758 33005.4041 43073.9898 31751.6038 41284.4511 30082.5651 28071.5234 39625.9618 22642.9140 24608.8841 24608.8841 30438.1509 24589.1536 20540.1106 18508.5165 22554.0166 21652.8587 16342.6999 20043.7462 13322.6053 11660.2827 10537.7616 10136.0000 13322.6053 23295.6985 10426.1709 18746.4894 11277.0083 30810.3130 16876.0619 7227.4195 36285.9609 15050.5294 8413.2254 4344.0000 16435.4658 18955.5297 27417.2636 23101.4251 17352.5205 14482.5690 13049.5849 13039.6467 10190.4010 8766.4143 5943.0968 3225.3105 11528.0000 5764.0000 4323.0000 2882.0000 0.0000 24539.7578 20225.8987 2042.8375 17532.8286 16113.3801 14698.1263 10494.4931 6450.6211 4085.6750 3234.7020 23461.6596 22047.1894 15050.5294 9675.9316 5213.0855 4576.7693 15050.5294 27984.9407 19607.9717 18236.2422 10406.7565 7227.4195 5792.0000 10406.7565 32518.2165 26929.4902 17426.1815 13612.9491 11277.0083 7792.5300 7382.0106 12416.3267 38460.1417 34262.8048 25992.0056 21965.2366 16826.4507 15610.1347 13312.7350 12257.0249 11286.8671 11280.4862 9704.1060 9153.5386 8688.0000 9704.1060 11286.8671 25185.6632 20043.7462 16460.0564 12435.8563 11660.2827 11019.3841 10237.9186 10237.9186 13322.6053 27097.8240 24523.4027 15360.2287 13641.8870 12364.3595 11937.1261 12364.3595 13641.8870 14454.8391 25239.6761 24017.1460 18385.5374 17399.0749 15639.2564 14891.1064 14249.7972 13032.0000 13111.4265 15639.2564 23676.9020 22554.0166 22546.3506 21469.1546 17647.0385 16864.8663 16173.5100 15111.5429 14551.5250 14764.0213 15111.5429 22471.2124 19662.0438 17481.7965 17477.6774 34894.8921 31220.2694 27733.2580 24514.0498 23519.7699 20091.6138 19408.2120 19403.7592 18810.5662 18307.0771 20091.6138 29764.4438 24608.8841 23706.3510 23700.2738 22859.0887 21356.2765 21351.5551 20714.6396 20155.7684 20152.1959 19686.7131 19314.0184 19043.3427 18879.0746 27602.1607 24871.7125 22642.9140 22038.7681 21075.5232 42066.1268 30642.5623 26888.8936 23947.9847 23943.7743 23377.5900 22146.0319 21767.7486 41627.0258 39265.4177 32685.3998 30720.4574 29793.9845 25268.6326 24728.7189 24262.4865 23874.2522 23346.5661 42449.9766 41284.4511 37901.7131 35759.2967 32759.0549 30933.3597 27823.4149 27181.6526 26090.2429 45640.2591
31613.2849 31603.6662 30223.0858 30223.0858 27460.6157 49250.9149 26090.2429 24728.7189 26065.4273 22038.7681 45154.3474 17435.6490 18307.0771 41299.2316 20540.1106 44721.6022 16173.5100 38309.7070 13641.8870 19632.7089 22025.3115 24523.4027 27097.8240 35109.0801 10537.7616 31913.4238 11286.8671 34262.8048 9254.2583 11277.0083 21433.8022 12901.2421 11631.6307 18236.2422 25172.4109 40761.6041 7217.6196 4085.6750 3234.7020 7765.2328 10494.4931 11886.1937 11895.8926 14698.1263 16113.3801 18955.5297 27531.7355 13049.5849 18788.8795 20225.8987 21663.4468 24539.7578 0.0000 4323.0000 25938.0000 7349.0631 8766.4143 10190.4010 14482.5690 18788.8795 21663.4468 25978.3862 3234.7020 4085.6750 10494.4931 16113.3801 21808.1416 26099.1697 39014.6314 5213.0855 7217.6196 8413.2254 16435.4658 20636.3905 24879.1749 33426.4683 9244.4193 5968.5631 10406.7565 14203.5990 16876.0619 22377.5666 23772.3873 35065.6573 14853.0320 11277.0083 7240.0000 8432.4332 12416.3267 13612.9491 16126.5526 17426.1815 18746.4894 18755.7139 21433.8022 22795.3027 25544.4829 29715.4842 32518.2165 8806.6921 11286.8671 14435.2391 19351.8632 20649.6158 21965.2366 24638.5974 27354.3632 34262.8048 10136.0000 10537.7616 17617.7920 20043.7462 22577.1737 23873.5569 30550.4647 33282.9581 34658.2883 11937.1261 12364.3595 16342.6999 17389.1925 19632.7089 20813.5129 22025.3115 27097.8240 28407.1980 35109.0801 14249.7972 14891.1064 14895.9474 15639.2564 19428.8735 20520.4100 21652.8587 24017.1460 26484.1870 30322.3130 31629.5024 16864.8663 19438.7592 22554.0166 22561.6844 16938.8571 15993.0505 16186.6336 17481.7965 18123.3137 21479.0429 22471.2124 22478.2674 23509.8798 24589.1536 38075.6384 17435.6490 19408.2120 20091.6138 20096.6362 20852.3418 22573.7342 22580.1190 23519.7699 24514.0498 24521.1048 25550.9425 26625.4700 27733.2580 28870.4782 19686.7131 21356.2765 23706.3510 24608.8841 26556.8873 23320.5653 20475.8372 22038.7681 24871.7125 24877.5076 25733.4060 28599.7248 30700.7023 23947.9847 22883.8464 21767.7486 22146.0319 22471.8067 26065.4273 26888.8936 27762.7748 28682.4631 30642.5623 25268.6326 24728.7189 23567.8712 23212.7703 23346.5661 23874.2522 25877.6160 26550.9168 28071.5234 27823.4149
30713.7558 30703.8553 31731.3183 29280.8799 29112.3180 45640.2591 24992.7146 26550.9168 23947.9847 20727.8150 41337.0852 18307.0771 17435.6490 37421.7026 18123.3137 40711.2066 14764.0213 34276.0824 11937.1261 16342.6999 18488.8387 20813.5129 23263.2614 31060.9313 10237.9186 27848.1299 9153.5386 30101.0589 12416.3267 8432.4332 17426.1815 16876.0619 8171.3499 14203.5990 20988.9862 36487.6402 4576.7693 7765.2328 4085.6750 4085.6750 6450.6211 7765.2328 7774.5123 10494.4931 11886.1937 14698.1263 23237.1675 8766.4143 14482.5690 15917.0005 17352.5205 20225.8987 4323.0000 0.0000 21615.0000 3225.3105 4559.0605 5943.0968 10190.4010 14482.5690 17352.5205 21663.4468 4085.6750 3234.7020 6450.6211 11886.1937 17532.8286 21808.1416 34705.0410 8413.2254 4576.7693 5213.0855 12319.2987 16435.4658 20636.3905 29145.5440 12901.2421 8171.3499 7227.4195 10406.7565 12901.2421 18236.2422 19607.9717 30810.3130 18746.4894 14853.0320 8432.4332 7240.0000 9254.2583 10214.1874 12416.3267 13612.9491 14853.0320 14861.7644 17426.1815 18746.4894 21433.8022 25544.4829 28320.0855 9153.5386 9153.5386 11286.8671 15610.1347 16826.4507 18075.8276 20649.6158 23295.6985 30101.0589 11019.3841 10237.9186 14299.8624 16460.0564 18814.6936 20043.7462 26511.1581 29195.0019 30550.4647 11673.2830 11584.0000 13641.8870 14454.8391 16342.6999 17389.1925 18488.8387 23263.2614 24523.4027 31060.9313 13111.4265 13346.8703 13349.0332 13730.3078 16479.7025 17399.0749 18385.5374 20520.4100 22820.1296 26484.1870 27747.7212 15111.5429 16864.8663 19438.7592 19445.4324 18853.3486 16938.8571 15993.0505 16186.6336 16504.2271 18853.3486 19662.0438 19667.9086 20540.1106 21479.0429 34196.9195 17613.3841 17905.6892 18307.0771 18310.2281 18810.5662 20091.6138 20096.6362 20852.3418 21682.2586 21688.2414 22573.7342 23519.7699 24514.0498 25550.9425 18879.0746 19686.7131 21356.2765 22073.4628 23706.3510 25733.4060 20323.1510 20727.8150 22642.9140 22647.3706 23320.5653 25733.4060 27602.1607 26065.4273 24589.6967 21910.3702 21720.0000 21767.7486 23947.9847 24589.6967 25297.2995 26065.4273 27762.7748 27283.7740 26550.9168 24728.7189 23874.2522 23212.7703 23212.7703 24262.4865 24728.7189 25877.6160 30082.5651
34980.8480 34972.1556 45108.0332 33729.7326 43305.7173 30505.5126 30082.5651 41627.0258 24589.6967 26645.2106 24871.7125 32427.3807 26625.4700 20852.3418 20540.1106 22471.2124 23676.9020 16479.7025 22025.3115 15360.2287 13641.8870 12364.3595 11673.2830 13641.8870 25185.6632 11019.3841 20649.6158 11286.8671 32518.2165 18746.4894 9254.2583 37911.0593 16876.0619 10406.7565 5968.5631 15530.4657 20636.3905 28965.1379 24667.5865 18955.5297 16113.3801 14698.1263 14688.3224 11886.1937 10494.4931 7765.2328 3234.7020 13049.5849 7349.0631 5943.0968 4559.0605 2042.8375 25938.0000 21615.0000 0.0000 18788.8795 17352.5205 15917.0005 11618.5837 7349.0631 4559.0605 1448.0000 24667.5865 23237.1675 16113.3801 10494.4931 5203.3782 2896.0000 13288.4076 29145.5440 20636.3905 19230.0709 10982.6183 7217.6196 4576.7693 8413.2254 33645.2926 27984.9407 18236.2422 14203.5990 11631.6307 7227.4195 6469.4040 10406.7565 39574.8942 35333.7042 26929.4902 22795.3027 17426.1815 16126.5526 13612.9491 12416.3267 11277.0083 11269.3432 9254.2583 8432.4332 7382.0106 7792.5300 9254.2583 25992.0056 20649.6158 16826.4507 12257.0249 11286.8671 10426.1709 9153.5386 8688.0000 11286.8671 27848.1299 25185.6632 15350.3511 13322.6053 11660.2827 11019.3841 10537.7616 11660.2827 12435.8563 25802.4842 24523.4027 18488.8387 17389.1925 15360.2287 14454.8391 13641.8870 11673.2830 11584.0000 13641.8870 24017.1460 22820.1296 22811.9213 21652.8587 17399.0749 16479.7025 15639.2564 14249.7972 13346.8703 13111.4265 13346.8703 22554.0166 19438.7592 16864.8663 16859.7419 35478.4158 31675.0821 28022.8535 24589.1536 23509.8798 19662.0438 18853.3486 18848.0002 18123.3137 17481.7965 18123.3137 30033.7874 24514.0498 23519.7699 23513.0316 22573.7342 20852.3418 20846.8151 20091.6138 19408.2120 19403.7592 18810.5662 18307.0771 17905.6892 17613.3841 27592.2680 24608.8841 22073.4628 21356.2765 20155.7684 42598.7692 30700.7023 26645.2106 23320.5653 23315.6237 22642.9140 21075.5232 20475.8372 42066.1268 39625.9618 32739.2946 30642.5623 29643.6954 24589.6967 23947.9847 23377.5900 22883.8464 22146.0319 42831.7271 41627.0258 38111.4726 35865.9430 32685.3998 30720.4574 27283.7740 26550.9168 25268.6326 46040.2227
31888.5750 31878.5852 34291.4080 30442.1245 31751.6038 44192.3432 26103.8039 29278.0064 24262.4865 21767.7486 39625.9618 20714.6396 18879.0746 35638.0569 18307.0771 38703.7263 15928.0000 32253.1053 13032.0000 15639.2564 17399.0749 19428.8735 21652.8587 29027.7947 12364.3595 25802.4842 10136.0000 27848.1299 15610.1347 8806.6921 15610.1347 20083.3983 7792.5300 12416.3267 18746.4894 33924.5641 5968.5631 10982.6183 7217.6196 4344.0000 5213.0855 6128.5125 6135.5705 8413.2254 9675.9316 12319.2987 20636.3905 6450.6211 11886.1937 13288.4076 14698.1263 17532.8286 7349.0631 3225.3105 18788.8795 0.0000 1441.0000 2882.0000 7205.0000 11528.0000 14410.0000 18733.0000 5943.0968 4559.0605 3225.3105 8766.4143 14482.5690 18788.8795 31735.0517 10494.4931 3234.7020 2896.0000 9118.1211 13288.4076 17532.8286 26099.1697 15050.5294 9675.9316 4576.7693 7217.6196 9675.9316 15050.5294 16435.4658 27721.4714 20988.9862 16876.0619 9244.4193 6469.4040 6469.4040 7227.4195 9244.4193 10406.7565 11631.6307 11640.3038 14203.5990 15530.4657 18236.2422 22377.5666 25172.4109 9254.2583 7240.0000 8432.4332 12416.3267 13612.9491 14853.0320 17426.1815 20083.3983 26929.4902 11286.8671 9704.1060 11286.8671 13312.7350 15610.1347 16826.4507 23295.6985 25992.0056 27354.3632 11019.3841 10537.7616 11019.3841 11660.2827 13322.6053 14299.8624 15350.3511 20043.7462 21299.3846 27848.1299 11673.2830 11584.0000 11584.0043 11673.2830 13641.8870 14454.8391 15360.2287 17389.1925 19632.7089 23263.2614 24523.4027 13111.4265 14249.7972 16479.7025 16485.8252 19438.7592 16864.8663 15111.5429 14480.0000 14551.5250 16173.5100 16864.8663 16869.9951 17647.0385 18508.5165 30972.2463 16938.8571 15993.0505 16186.6336 16188.4171 16504.2271 17481.7965 17485.9203 18123.3137 18853.3486 18858.7007 19662.0438 20540.1106 21479.0429 22471.2124 17435.6490 17613.3841 18810.5662 19408.2120 20852.3418 26556.8873 19314.0184 18879.0746 20155.7684 20159.3453 20714.6396 22859.0887 24608.8841 26645.2106 24871.7125 21075.5232 20475.8372 20323.1510 21514.3210 22038.7681 22642.9140 23320.5653 24871.7125 27762.7748 26888.8936 24589.6967 23377.5900 22146.0319 21767.7486 22146.0319 22471.8067 23377.5900 30720.4574
31856.0000 31846.0000 34980.8480 30408.0000 32494.9751 43073.9898 26064.0000 30082.5651 23874.2522 21720.0000 38428.8330 21356.2765 19043.3427 34422.8903 17905.6892 37421.7026 15993.0505 30972.2463 13111.4265 14891.1064 16479.7025 18385.5374 20520.4100 27747.7212 12938.8080 24523.4027 10237.9186 26511.1581 16826.4507 8688.0000 14435.2391 21433.8022 7382.0106 11277.0083 17426.1815 32518.2165 6469.4040 12319.2987 8413.2254 4576.7693 4576.7693 5213.0855 5218.6205 7217.6196 8413.2254 10982.6183 19230.0709 5203.3782 10494.4931 11886.1937 13288.4076 16113.3801 8766.4143 4559.0605 17352.5205 1441.0000 0.0000 1441.0000 5764.0000 10087.0000 12969.0000 17292.0000 7349.0631 5943.0968 2042.8375 7349.0631 13049.5849 17352.5205 30295.6239 11886.1937 4085.6750 3234.7020 7765.2328 11886.1937 16113.3801 24667.5865 16435.4658 10982.6183 4344.0000 6128.5125 8413.2254 13677.1816 15050.5294 26299.2430 22377.5666 18236.2422 10406.7565 7227.4195 5968.5631 6469.4040 8171.3499 9244.4193 10406.7565 10415.0660 12901.2421 14203.5990 16876.0619 20988.9862 23772.3873 10214.1874 7382.0106 7792.5300 11277.0083 12416.3267 13612.9491 16126.5526 18746.4894 25544.4829 12257.0249 10426.1709 10426.1709 12257.0249 14435.2391 15610.1347 21965.2366 24638.5974 25992.0056 11660.2827 11019.3841 10537.7616 11019.3841 12435.8563 13322.6053 14299.8624 18814.6936 20043.7462 26511.1581 11937.1261 11673.2830 11672.0528 11584.0000 12938.8080 13641.8870 14454.8391 16342.6999 18488.8387 22025.3115 23263.2614 13032.0000 13730.3078 15639.2564 15644.7870 20428.3749 17647.0385 15585.0600 14551.5250 14480.0000 15585.0600 16173.5100 16177.9673 16864.8663 17647.0385 29706.0641 17481.7965 15928.0000 15993.0505 15993.9546 16186.6336 16938.8571 16942.2625 17481.7965 18123.3137 18128.0865 18853.3486 19662.0438 20540.1106 21479.0429 17613.3841 17435.6490 18307.0771 18810.5662 20091.6138 27592.2680 19686.7131 18824.0000 19686.7131 19689.6433 20155.7684 22073.4628 23706.3510 27602.1607 25733.4060 21514.3210 20727.8150 20475.8372 21075.5232 21514.3210 22038.7681 22642.9140 24065.5136 28682.4631 27762.7748 25297.2995 23947.9847 22471.8067 21910.3702 21910.3702 22146.0319 22883.8464 31685.3980
31888.5750 31878.5852 35715.1474 30442.1245 33284.1619 41975.3136 26103.8039 30933.3597 23567.8712 21767.7486 37248.9801 22073.4628 19314.0184 33225.7824 17613.3841 36151.6553 16186.6336 29706.0641 13346.8703 14249.7972 15639.2564 17399.0749 19428.8735 26484.1870 13641.8870 23263.2614 10537.7616 25185.6632 18075.8276 8806.6921 13312.7350 22795.3027 7240.0000 10214.1874 16126.5526 31115.0401 7227.4195 13677.1816 9675.9316 5213.0855 4344.0000 4576.7693 4579.9276 6128.5125 7217.6196 9675.9316 17829.2905 4085.6750 9118.1211 10494.4931 11886.1937 14698.1263 10190.4010 5943.0968 15917.0005 2882.0000 1441.0000 0.0000 4323.0000 8646.0000 11528.0000 15851.0000 8766.4143 7349.0631 1448.0000 5943.0968 11618.5837 15917.0005 28856.3529 13288.4076 5203.3782 4085.6750 6450.6211 10494.4931 14698.1263 23237.1675 17829.2905 12319.2987 4576.7693 5213.0855 7217.6196 12319.2987 13677.1816 24879.1749 23772.3873 19607.9717 11631.6307 8171.3499 5792.0000 5968.5631 7227.4195 8171.3499 9244.4193 9252.2154 11631.6307 12901.2421 15530.4657 19607.9717 22377.5666 11277.0083 7792.5300 7382.0106 10214.1874 11277.0083 12416.3267 14853.0320 17426.1815 24166.0244 13312.7350 11286.8671 9704.1060 11286.8671 13312.7350 14435.2391 20649.6158 23295.6985 24638.5974 12435.8563 11660.2827 10237.9186 10537.7616 11660.2827 12435.8563 13322.6053 17617.7920 18814.6936 25185.6632 12364.3595 11937.1261 11934.7157 11673.2830 12364.3595 12938.8080 13641.8870 15360.2287 17389.1925 20813.5129 22025.3115 13111.4265 13346.8703 14891.1064 14895.9474 21469.1546 18508.5165 16173.5100 14764.0213 14551.5250 15111.5429 15585.0600 15588.7612 16173.5100 16864.8663 28456.5179 18123.3137 15993.0505 15928.0000 15928.0031 15993.0505 16504.2271 16506.8493 16938.8571 17481.7965 17485.9203 18123.3137 18853.3486 19662.0438 20540.1106 17905.6892 17376.0000 17905.6892 18307.0771 19408.2120 28662.7145 20155.7684 18879.0746 19314.0184 19316.2591 19686.7131 21356.2765 22859.0887 28599.7248 26645.2106 22038.7681 21075.5232 20727.8150 20727.8150 21075.5232 21514.3210 22038.7681 23320.5653 29643.6954 28682.4631 26065.4273 24589.6967 22883.8464 22146.0319 21767.7486 21910.3702 22471.8067 32685.3998
32373.2672 32363.4271 38160.5241 30949.4775 35895.5329 38813.9123 26693.7407 33727.2381 23168.0000 22471.8067 33831.0249 24608.8841 20714.6396 29764.4438 17435.6490 32427.3807 17481.7965 26016.8911 14891.1064 13111.4265 13730.3078 14891.1064 16479.7025 22820.1296 16342.6999 19632.7089 12435.8563 21299.3846 21965.2366 10426.1709 10426.1709 26929.4902 8432.4332 7792.5300 12416.3267 26929.4902 10406.7565 17829.2905 13677.1816 8413.2254 6128.5125 5213.0855 5207.5637 4344.0000 4576.7693 6128.5125 13677.1816 3234.7020 5203.3782 6450.6211 7765.2328 10494.4931 14482.5690 10190.4010 11618.5837 7205.0000 5764.0000 4323.0000 0.0000 4323.0000 7205.0000 11528.0000 13049.5849 11618.5837 4559.0605 2042.8375 7349.0631 11618.5837 24539.7578 17532.8286 9118.1211 7765.2328 3234.7020 6450.6211 10494.4931 18955.5297 22047.1894 16435.4658 7217.6196 4576.7693 4576.7693 8413.2254 9675.9316 20636.3905 27984.9407 23772.3873 15530.4657 11631.6307 7227.4195 6469.4040 5792.0000 5968.5631 6469.4040 6473.8650 8171.3499 9244.4193 11631.6307 15530.4657 18236.2422 14853.0320 10214.1874 7792.5300 7792.5300 8432.4332 9254.2583 11277.0083 13612.9491 20083.3983 16826.4507 14435.2391 8688.0000 9153.5386 10426.1709 11286.8671 16826.4507 19351.8632 20649.6158 15350.3511 14299.8624 10537.7616 10237.9186 10237.9186 10537.7616 11019.3841 14299.8624 15350.3511 21299.3846 14454.8391 13641.8870 13636.6081 12938.8080 11584.0000 11673.2830 11937.1261 12938.8080 14454.8391 17389.1925 18488.8387 14249.7972 13111.4265 13346.8703 13349.0332 24832.6534 21469.1546 18508.5165 16173.5100 15585.0600 14480.0000 14551.5250 14552.5187 14764.0213 15111.5429 24832.6534 20540.1106 16938.8571 16504.2271 16501.6106 16186.6336 15928.0000 15928.0031 15993.0505 16186.6336 16188.4171 16504.2271 16938.8571 17481.7965 18123.3137 19408.2120 17905.6892 17376.0000 17435.6490 17905.6892 32048.7569 22073.4628 19686.7131 18824.0000 18824.0027 18879.0746 19686.7131 20714.6396 31797.1224 29633.8018 24065.5136 22642.9140 22038.7681 20272.0000 20323.1510 20475.8372 20727.8150 21514.3210 32739.2946 31675.5037 28682.4631 26888.8936 24589.6967 23377.5900 21910.3702 21767.7486 21767.7486 35865.9430
33414.8516 33405.3182 40917.6747 32037.3849 38813.9123 35895.5329 27947.8025 36817.8910 23567.8712 23947.9847 30642.5623 27592.2680 22859.0887 26556.8873 18307.0771 28870.4782 19662.0438 22554.0166 17399.0749 13346.8703 13032.0000 13346.8703 14249.7972 19428.8735 19632.7089 16342.6999 15350.3511 17617.7920 25992.0056 13312.7350 8806.6921 31115.0401 11277.0083 7382.0106 9254.2583 22795.3027 14203.5990 22047.1894 17829.2905 12319.2987 9675.9316 8413.2254 8404.6631 6128.5125 5213.0855 4344.0000 9675.9316 6450.6211 2896.0000 3234.7020 4085.6750 6450.6211 18788.8795 14482.5690 7349.0631 11528.0000 10087.0000 8646.0000 4323.0000 0.0000 2882.0000 7205.0000 17352.5205 15917.0005 8766.4143 3225.3105 3225.3105 7349.0631 20225.8987 21808.1416 13288.4076 11886.1937 4085.6750 3234.7020 6450.6211 14698.1263 26299.2430 20636.3905 10982.6183 7217.6196 5213.0855 5213.0855 6128.5125 16435.4658 32226.7601 27984.9407 19607.9717 15530.4657 10406.7565 9244.4193 7227.4195 6469.4040 5968.5631 5966.1566 5968.5631 6469.4040 8171.3499 11631.6307 14203.5990 18746.4894 13612.9491 10214.1874 7382.0106 7240.0000 7382.0106 8432.4332 10214.1874 16126.5526 20649.6158 18075.8276 9704.1060 8806.6921 8806.6921 9153.5386 13312.7350 15610.1347 16826.4507 18814.6936 17617.7920 12435.8563 11660.2827 10537.7616 10237.9186 10136.0000 11660.2827 12435.8563 17617.7920 17389.1925 16342.6999 16335.6475 15360.2287 12364.3595 11937.1261 11673.2830 11673.2830 12364.3595 14454.8391 15360.2287 16479.7025 14249.7972 13111.4265 13110.3312 28456.5179 24832.6534 21469.1546 18508.5165 17647.0385 15111.5429 14764.0213 14762.0725 14551.5250 14480.0000 21469.1546 23509.8798 18853.3486 18123.3137 18118.5452 17481.7965 16504.2271 16501.6106 16186.6336 15993.0505 15992.1526 15928.0000 15993.0505 16186.6336 16504.2271 21682.2586 19408.2120 17905.6892 17613.3841 17376.0000 35638.0569 24608.8841 21356.2765 19314.0184 19311.7825 19043.3427 18879.0746 19314.0184 35235.5841 32920.1128 26645.2106 24871.7125 24065.5136 20727.8150 20475.8372 20323.1510 20272.0000 20475.8372 36088.0978 34948.0764 31675.5037 29643.6954 26888.8936 25297.2995 22883.8464 22471.8067 21910.3702 39265.4177
34394.7626 34385.5010 42899.5872 33058.1522 40897.9005 34115.9848 29112.3180 39008.6603 24262.4865 25297.2995 28682.4631 29764.4438 24608.8841 24608.8841 19408.2120 26625.4700 21479.0429 20428.3749 19428.8735 14249.7972 13346.8703 13032.0000 13346.8703 17399.0749 22025.3115 14454.8391 17617.7920 15350.3511 28724.3970 15610.1347 8806.6921 33924.5641 13612.9491 8432.4332 7792.5300 20083.3983 16876.0619 24879.1749 20636.3905 15050.5294 12319.2987 10982.6183 10973.4345 8413.2254 7217.6196 5213.0855 7217.6196 9118.1211 4085.6750 3234.7020 2896.0000 4085.6750 21663.4468 17352.5205 4559.0605 14410.0000 12969.0000 11528.0000 7205.0000 2882.0000 0.0000 4323.0000 20225.8987 18788.8795 11618.5837 5943.0968 1448.0000 4559.0605 17352.5205 24667.5865 16113.3801 14698.1263 6450.6211 3234.7020 4085.6750 11886.1937 29145.5440 23461.6596 13677.1816 9675.9316 7217.6196 4344.0000 4576.7693 13677.1816 35065.6573 30810.3130 22377.5666 18236.2422 12901.2421 11631.6307 9244.4193 8171.3499 7227.4195 7221.4426 5968.5631 5792.0000 6469.4040 9244.4193 11631.6307 21433.8022 16126.5526 12416.3267 8432.4332 7792.5300 7382.0106 7382.0106 8432.4332 13612.9491 23295.6985 20649.6158 11286.8671 9704.1060 8806.6921 8688.0000 11286.8671 13312.7350 14435.2391 21299.3846 20043.7462 14299.8624 13322.6053 11660.2827 11019.3841 10537.7616 10537.7616 11019.3841 15350.3511 19632.7089 18488.8387 18481.0459 17389.1925 13641.8870 12938.8080 12364.3595 11673.2830 11673.2830 12938.8080 13641.8870 18385.5374 15639.2564 13730.3078 13727.1626 30972.2463 27225.8983 23676.9020 20428.3749 19438.7592 16173.5100 15585.0600 15581.3644 15111.5429 14764.0213 19438.7592 25703.9192 20540.1106 19662.0438 19656.1824 18853.3486 17481.7965 17477.6774 16938.8571 16504.2271 16501.6106 16186.6336 15993.0505 15928.0000 15993.0505 23519.7699 20852.3418 18810.5662 18307.0771 17613.3841 38115.6323 26556.8873 22859.0887 20155.7684 20152.1959 19686.7131 18879.0746 18879.0746 37629.3873 35235.5841 28599.7248 26645.2106 25733.4060 21514.3210 21075.5232 20727.8150 20475.8372 20272.0000 38428.8330 37248.9801 33831.0249 31675.5037 28682.4631 26888.8936 23947.9847 23377.5900 22471.8067 41627.0258
36246.6274 36237.8391 46051.0534 34980.8480 44192.3432 31751.6038 31278.5128 42449.9766 25877.6160 27762.7748 26065.4273 33225.7824 27592.2680 22073.4628 21682.2586 23519.7699 24589.1536 17647.0385 22820.1296 16479.7025 14891.1064 13730.3078 13111.4265 14891.1064 25802.4842 12364.3595 21299.3846 12435.8563 32870.9317 19351.8632 10426.1709 38159.1242 17426.1815 11277.0083 7382.0106 16126.5526 20988.9862 29145.5440 24879.1749 19230.0709 16435.4658 15050.5294 15040.9553 12319.2987 10982.6183 8413.2254 4576.7693 13288.4076 7765.2328 6450.6211 5203.3782 3234.7020 25978.3862 21663.4468 1448.0000 18733.0000 17292.0000 15851.0000 11528.0000 7205.0000 4323.0000 0.0000 24539.7578 23101.4251 15917.0005 10190.4010 4559.0605 1448.0000 13049.5849 28965.1379 20380.8020 18955.5297 10494.4931 6450.6211 3234.7020 7765.2328 33426.4683 27721.4714 17829.2905 13677.1816 10982.6183 6128.5125 5213.0855 9675.9316 39335.7587 35065.6573 26576.8152 22377.5666 16876.0619 15530.4657 12901.2421 11631.6307 10406.7565 10398.4499 8171.3499 7227.4195 5968.5631 6469.4040 8171.3499 25544.4829 20083.3983 16126.5526 11277.0083 10214.1874 9254.2583 7792.5300 7240.0000 10214.1874 27354.3632 24638.5974 14435.2391 12257.0249 10426.1709 9704.1060 9153.5386 10426.1709 11286.8671 25185.6632 23873.5569 17617.7920 16460.0564 14299.8624 13322.6053 12435.8563 10237.9186 10136.0000 12435.8563 23263.2614 22025.3115 22016.8069 20813.5129 16342.6999 15360.2287 14454.8391 12938.8080 11937.1261 11673.2830 11937.1261 21652.8587 18385.5374 15639.2564 15633.7302 34852.3630 30972.2463 27225.8983 23676.9020 22554.0166 18508.5165 17647.0385 17641.3245 16864.8663 16173.5100 16864.8663 29219.9280 23509.8798 22471.2124 22464.1596 21479.0429 19662.0438 19656.1824 18853.3486 18123.3137 18118.5452 17481.7965 16938.8571 16504.2271 16186.6336 26625.4700 23519.7699 20852.3418 20091.6138 18810.5662 41929.0369 29764.4438 25560.8341 22073.4628 22068.2419 21356.2765 19686.7131 19043.3427 41337.0852 38851.1574 31797.1224 29633.8018 28599.7248 23320.5653 22642.9140 22038.7681 21514.3210 20727.8150 42066.1268 40838.8474 37248.9801 34948.0764 31675.5037 29643.6954 26065.4273 25297.2995 23947.9847 45282.5670
34074.4544 34064.6806 33414.8516 32660.6301 30666.4176 49665.3068 28439.7990 27947.8025 27823.4149 24262.4865 45282.5670 20475.8372 20727.8150 41337.0852 22073.4628 44523.0736 18307.0771 38075.6384 15585.0600 20428.3749 22554.0166 24832.6534 27225.8983 34852.3630 13111.4265 31629.5024 12938.8080 33752.1238 12435.8563 12435.8563 21299.3846 15610.1347 12257.0249 18075.8276 24638.5974 39865.2229 8432.4332 7227.4195 5792.0000 8171.3499 10406.7565 11631.6307 11640.3038 14203.5990 15530.4657 18236.2422 26576.8152 12319.2987 17829.2905 19230.0709 20636.3905 23461.6596 3234.7020 4085.6750 24667.5865 5943.0968 7349.0631 8766.4143 13049.5849 17352.5205 20225.8987 24539.7578 0.0000 1441.0000 8646.0000 14410.0000 20174.0000 24497.0000 37466.0000 4559.0605 4559.0605 5943.0968 14482.5690 18788.8795 23101.4251 31735.0517 9118.1211 4085.6750 7765.2328 11886.1937 14698.1263 20380.8020 21808.1416 33269.2841 15050.5294 10982.6183 4576.7693 5213.0855 9675.9316 10982.6183 13677.1816 15050.5294 16435.4658 16445.1104 19230.0709 20636.3905 23461.6596 27721.4714 30571.2031 5792.0000 8171.3499 11631.6307 16876.0619 18236.2422 19607.9717 22377.5666 25172.4109 32226.7601 7382.0106 7382.0106 14853.0320 17426.1815 20083.3983 21433.8022 28320.0855 31115.0401 32518.2165 8806.6921 9153.5386 13312.7350 14435.2391 16826.4507 18075.8276 19351.8632 24638.5974 25992.0056 32870.9317 11019.3841 11660.2827 11665.2292 12435.8563 16460.0564 17617.7920 18814.6936 21299.3846 23873.5569 27848.1299 29195.0019 13641.8870 16342.6999 19632.7089 19640.7835 14891.1064 13346.8703 13111.4265 14249.7972 14891.1064 18385.5374 19428.8735 19436.2914 20520.4100 21652.8587 35613.0801 14480.0000 16173.5100 16864.8663 16869.9951 17647.0385 19438.7592 19445.4324 20428.3749 21469.1546 21476.5389 22554.0166 23676.9020 24832.6534 26016.8911 16504.2271 18123.3137 20540.1106 21479.0429 23509.8798 21682.2586 17435.6490 18810.5662 21682.2586 21688.2414 22573.7342 25550.9425 27733.2580 22073.4628 20714.6396 18824.0000 19043.3427 19314.0184 22859.0887 23706.3510 24608.8841 25560.8341 27592.2680 23320.5653 22642.9140 21075.5232 20475.8372 20323.1510 20727.8150 22642.9140 23320.5653 24871.7125 26065.4273
33799.1141 33789.2606 33877.7142 32373.2672 31170.1201 48501.9201 28109.3195 28499.5944 27181.6526 23874.2522 44050.6229 20727.8150 20475.8372 40087.4923 21356.2765 43221.4949 17905.6892 36771.7233 15111.5429 19438.7592 21469.1546 23676.9020 26016.8911 33546.9599 13032.0000 30322.3130 12364.3595 32402.4255 13322.6053 11660.2827 20043.7462 16826.4507 11286.8671 16826.4507 23295.6985 38460.1417 7792.5300 8171.3499 5968.5631 7227.4195 9244.4193 10406.7565 10415.0660 12901.2421 14203.5990 16876.0619 25172.4109 10982.6183 16435.4658 17829.2905 19230.0709 22047.1894 4085.6750 3234.7020 23237.1675 4559.0605 5943.0968 7349.0631 11618.5837 15917.0005 18788.8795 23101.4251 1441.0000 0.0000 7205.0000 12969.0000 18733.0000 23056.0000 36025.0000 5943.0968 3225.3105 4559.0605 13049.5849 17352.5205 21663.4468 30295.6239 10494.4931 5203.3782 6450.6211 10494.4931 13288.4076 18955.5297 20380.8020 31834.0010 16435.4658 12319.2987 5213.0855 4576.7693 8413.2254 9675.9316 12319.2987 13677.1816 15050.5294 15060.1041 17829.2905 19230.0709 22047.1894 26299.2430 29145.5440 5968.5631 7227.4195 10406.7565 15530.4657 16876.0619 18236.2422 20988.9862 23772.3873 30810.3130 7792.5300 7240.0000 13612.9491 16126.5526 18746.4894 20083.3983 26929.4902 29715.4842 31115.0401 8688.0000 8806.6921 12257.0249 13312.7350 15610.1347 16826.4507 18075.8276 23295.6985 24638.5974 31483.4792 10537.7616 11019.3841 11023.3110 11660.2827 15350.3511 16460.0564 17617.7920 20043.7462 22577.1737 26511.1581 27848.1299 12938.8080 15360.2287 18488.8387 18496.6336 15639.2564 13730.3078 13032.0000 13730.3078 14249.7972 17399.0749 18385.5374 18392.5927 19428.8735 20520.4100 34276.0824 14551.5250 15585.0600 16173.5100 16177.9673 16864.8663 18508.5165 18514.7467 19438.7592 20428.3749 20435.4300 21469.1546 22554.0166 23676.9020 24832.6534 16186.6336 17481.7965 19662.0438 20540.1106 22471.2124 22573.7342 17376.0000 18307.0771 20852.3418 20857.8719 21682.2586 24514.0498 26625.4700 22859.0887 21356.2765 18879.0746 18879.0746 19043.3427 22073.4628 22859.0887 23706.3510 24608.8841 26556.8873 24065.5136 23320.5653 21514.3210 20727.8150 20272.0000 20475.8372 22038.7681 22642.9140 24065.5136 26888.8936
33335.1601 33325.1694 36955.7847 31888.5750 34490.6783 42938.3093 27549.7119 32097.6227 24992.7146 23212.7703 38111.4726 23320.5653 20727.8150 34067.0460 19043.3427 36869.4966 17613.3841 30438.1509 14764.0213 15585.0600 16864.8663 18508.5165 20428.3749 27225.8983 14891.1064 24017.1460 11937.1261 25802.4842 18814.6936 10237.9186 14299.8624 23295.6985 8688.0000 11286.8671 16826.4507 31483.4792 8432.4332 14203.5990 10406.7565 6469.4040 5792.0000 5968.5631 5970.9853 7227.4195 8171.3499 10406.7565 18236.2422 5213.0855 9675.9316 10982.6183 12319.2987 15050.5294 10494.4931 6450.6211 16113.3801 3225.3105 2042.8375 1448.0000 4559.0605 8766.4143 11618.5837 15917.0005 8646.0000 7205.0000 0.0000 5764.0000 11528.0000 15851.0000 28820.0000 13049.5849 4559.0605 3225.3105 5943.0968 10190.4010 14482.5690 23101.4251 17532.8286 11886.1937 3234.7020 4085.6750 6450.6211 11886.1937 13288.4076 24667.5865 23461.6596 19230.0709 10982.6183 7217.6196 4344.0000 4576.7693 6128.5125 7217.6196 8413.2254 8421.7908 10982.6183 12319.2987 15050.5294 19230.0709 22047.1894 10406.7565 6469.4040 5968.5631 9244.4193 10406.7565 11631.6307 14203.5990 16876.0619 23772.3873 12416.3267 10214.1874 8432.4332 10214.1874 12416.3267 13612.9491 20083.3983 22795.3027 24166.0244 11286.8671 10426.1709 8806.6921 9153.5386 10426.1709 11286.8671 12257.0249 16826.4507 18075.8276 24638.5974 11019.3841 10537.7616 10535.0311 10237.9186 11019.3841 11660.2827 12435.8563 14299.8624 16460.0564 20043.7462 21299.3846 11673.2830 11937.1261 13641.8870 13647.1712 20520.4100 17399.0749 14891.1064 13346.8703 13111.4265 13730.3078 14249.7972 14253.8451 14891.1064 15639.2564 27747.7212 16864.8663 14551.5250 14480.0000 14480.0035 14551.5250 15111.5429 15114.4067 15585.0600 16173.5100 16177.9673 16864.8663 17647.0385 18508.5165 19438.7592 16504.2271 15928.0000 16504.2271 16938.8571 18123.3137 27733.2580 18810.5662 17435.6490 17905.6892 17908.1061 18307.0771 20091.6138 21682.2586 27592.2680 25560.8341 20714.6396 19686.7131 19314.0184 19314.0184 19686.7131 20155.7684 20714.6396 22073.4628 28599.7248 27602.1607 24871.7125 23320.5653 21514.3210 20727.8150 20323.1510 20475.8372 21075.5232 31675.5037
34074.4544 34064.6806 40185.9148 32660.6301 37931.3144 38877.5185 28439.7990 35769.1921 24658.1414 24262.4865 33717.3432 26645.2106 22642.9140 29633.8018 19043.3427 32048.7569 19408.2120 25703.9192 16864.8663 14480.0000 14764.0213 15585.0600 16864.8663 22554.0166 18385.5374 19428.8735 14454.8391 20813.5129 23873.5569 12435.8563 11019.3841 28724.3970 10426.1709 8806.6921 12257.0249 25992.0056 12416.3267 19607.9717 15530.4657 10406.7565 8171.3499 7227.4195 7221.4426 5968.5631 5792.0000 6469.4040 12901.2421 5213.0855 5213.0855 6128.5125 7217.6196 9675.9316 16113.3801 11886.1937 10494.4931 8766.4143 7349.0631 5943.0968 2042.8375 3225.3105 5943.0968 10190.4010 14410.0000 12969.0000 5764.0000 0.0000 5764.0000 10087.0000 23056.0000 18788.8795 10190.4010 8766.4143 1448.0000 4559.0605 8766.4143 17352.5205 23237.1675 17532.8286 7765.2328 4085.6750 2896.0000 6450.6211 7765.2328 18955.5297 29145.5440 24879.1749 16435.4658 12319.2987 7217.6196 6128.5125 4576.7693 4344.0000 4576.7693 4579.9276 6128.5125 7217.6196 9675.9316 13677.1816 16435.4658 15530.4657 10406.7565 7227.4195 5968.5631 6469.4040 7227.4195 9244.4193 11631.6307 18236.2422 17426.1815 14853.0320 7382.0106 7382.0106 8432.4332 9254.2583 14853.0320 17426.1815 18746.4894 15610.1347 14435.2391 9704.1060 9153.5386 8688.0000 8806.6921 9153.5386 12257.0249 13312.7350 19351.8632 14299.8624 13322.6053 13316.1178 12435.8563 10237.9186 10136.0000 10237.9186 11019.3841 12435.8563 15350.3511 16460.0564 13641.8870 11937.1261 11673.2830 11674.5217 25239.6761 21652.8587 18385.5374 15639.2564 14891.1064 13111.4265 13032.0000 13032.0038 13111.4265 13346.8703 22820.1296 20428.3749 16173.5100 15585.0600 15581.3644 15111.5429 14551.5250 14550.5382 14480.0000 14551.5250 14552.5187 14764.0213 15111.5429 15585.0600 16173.5100 18853.3486 16938.8571 15993.0505 15928.0000 16186.6336 32427.3807 21682.2586 18810.5662 17435.6490 17434.8254 17376.0000 17905.6892 18810.5662 32048.7569 29764.4438 23706.3510 22073.4628 21356.2765 18879.0746 18824.0000 18879.0746 19043.3427 19686.7131 32920.1128 31797.1224 28599.7248 26645.2106 24065.5136 22642.9140 20727.8150 20475.8372 20272.0000 36088.0978
35740.0528 35730.7346 43937.8295 34394.7626 41885.6744 35294.0771 30415.5405 39938.2050 25648.7715 26550.9168 29793.9845 30700.7023 25733.4060 25733.4060 20714.6396 27592.2680 22573.7342 21479.0429 20428.3749 15585.0600 14764.0213 14480.0000 14764.0213 18508.5165 22820.1296 15639.2564 18488.8387 16342.6999 29195.0019 16460.0564 10237.9186 34262.8048 14435.2391 9704.1060 9153.5386 20649.6158 17426.1815 25172.4109 20988.9862 15530.4657 12901.2421 11631.6307 11622.9597 9244.4193 8171.3499 6469.4040 8171.3499 9675.9316 5213.0855 4576.7693 4344.0000 5213.0855 21808.1416 17532.8286 5203.3782 14482.5690 13049.5849 11618.5837 7349.0631 3225.3105 1448.0000 4559.0605 20174.0000 18733.0000 11528.0000 5764.0000 0.0000 4323.0000 17292.0000 24539.7578 15917.0005 14482.5690 5943.0968 2042.8375 3225.3105 11618.5837 28965.1379 23237.1675 13288.4076 9118.1211 6450.6211 2896.0000 3234.7020 13288.4076 34855.7512 30571.2031 22047.1894 17829.2905 12319.2987 10982.6183 8413.2254 7217.6196 6128.5125 6121.4627 4576.7693 4344.0000 5213.0855 8413.2254 10982.6183 20988.9862 15530.4657 11631.6307 7227.4195 6469.4040 5968.5631 5968.5631 7227.4195 12901.2421 22795.3027 20083.3983 10214.1874 8432.4332 7382.0106 7240.0000 10214.1874 12416.3267 13612.9491 20649.6158 19351.8632 13312.7350 12257.0249 10426.1709 9704.1060 9153.5386 9153.5386 9704.1060 14435.2391 18814.6936 17617.7920 17609.6137 16460.0564 12435.8563 11660.2827 11019.3841 10237.9186 10237.9186 11660.2827 12435.8563 17389.1925 14454.8391 12364.3595 12360.8667 30322.3130 26484.1870 22820.1296 19428.8735 18385.5374 14891.1064 14249.7972 14245.7552 13730.3078 13346.8703 18385.5374 24832.6534 19438.7592 18508.5165 18502.2897 17647.0385 16173.5100 16169.0576 15585.0600 15111.5429 15108.6852 14764.0213 14551.5250 14480.0000 14551.5250 22471.2124 19662.0438 17481.7965 16938.8571 16186.6336 37421.7026 25550.9425 21682.2586 18810.5662 18806.7382 18307.0771 17435.6490 17435.6490 36869.4966 34422.8903 27592.2680 25560.8341 24608.8841 20155.7684 19686.7131 19314.0184 19043.3427 18824.0000 37629.3873 36423.6476 32920.1128 30700.7023 27602.1607 25733.4060 22642.9140 22038.7681 21075.5232 40838.8474
37525.5870 37516.7123 47019.7596 36246.6274 45108.0332 33014.1758 32494.9751 43305.7173 27181.6526 28909.6781 27283.7740 34067.0460 28599.7248 23320.5653 22859.0887 24608.8841 25550.9425 18853.3486 23676.9020 17647.0385 16173.5100 15111.5429 14551.5250 16173.5100 26484.1870 13730.3078 22025.3115 13641.8870 33282.9581 20043.7462 11660.2827 38460.1417 18075.8276 12257.0249 8806.6921 16826.4507 21433.8022 29396.2526 25172.4109 19607.9717 16876.0619 15530.4657 15521.1876 12901.2421 11631.6307 9244.4193 5968.5631 13677.1816 8413.2254 7217.6196 6128.5125 4576.7693 26099.1697 21808.1416 2896.0000 18788.8795 17352.5205 15917.0005 11618.5837 7349.0631 4559.0605 1448.0000 24497.0000 23056.0000 15851.0000 10087.0000 4323.0000 0.0000 12969.0000 28856.3529 20225.8987 18788.8795 10190.4010 5943.0968 2042.8375 7349.0631 33269.2841 27531.7355 17532.8286 13288.4076 10494.4931 5203.3782 4085.6750 9118.1211 39148.7546 34855.7512 26299.2430 22047.1894 16435.4658 15050.5294 12319.2987 10982.6183 9675.9316 9666.9971 7217.6196 6128.5125 4576.7693 5213.0855 7217.6196 25172.4109 19607.9717 15530.4657 10406.7565 9244.4193 8171.3499 6469.4040 5792.0000 9244.4193 26929.4902 24166.0244 13612.9491 11277.0083 9254.2583 8432.4332 7792.5300 9254.2583 10214.1874 24638.5974 23295.6985 16826.4507 15610.1347 13312.7350 12257.0249 11286.8671 8806.6921 8688.0000 11286.8671 22577.1737 21299.3846 21290.5901 20043.7462 15350.3511 14299.8624 13322.6053 11660.2827 10537.7616 10237.9186 10537.7616 20813.5129 17389.1925 14454.8391 14448.8599 34276.0824 30322.3130 26484.1870 22820.1296 21652.8587 17399.0749 16479.7025 16473.5835 15639.2564 14891.1064 15639.2564 28456.5179 22554.0166 21469.1546 21461.7726 20428.3749 18508.5165 18502.2897 17647.0385 16864.8663 16859.7419 16173.5100 15585.0600 15111.5429 14764.0213 25703.9192 22471.2124 19662.0438 18853.3486 17481.7965 41299.2316 28870.4782 24514.0498 20852.3418 20846.8151 20091.6138 18307.0771 17613.3841 40646.5694 38115.6323 30894.1092 28662.7145 27592.2680 22073.4628 21356.2765 20714.6396 20155.7684 19314.0184 41337.0852 40087.4923 36423.6476 34067.0460 30700.7023 28599.7248 24871.7125 24065.5136 22642.9140 44559.0961
44998.7171 44991.3165 57237.1605 43937.8295 55677.3689 29103.0501 40897.9005 54227.4829 34728.2373 38111.4726 23212.7703 45154.3474 38851.1574 20323.1510 32048.7569 19043.3427 36151.6553 16186.6336 34852.3630 27225.8983 24832.6534 22554.0166 20428.3749 15585.0600 38309.7070 15639.2564 33752.1238 12938.8080 45806.5141 31913.4238 21299.3846 51177.8328 30101.0589 23295.6985 16826.4507 8806.6921 33924.5641 42188.4793 37911.0593 32226.7601 29396.2526 27984.9407 27975.1573 25172.4109 23772.3873 20988.9862 12901.2421 26299.2430 20636.3905 19230.0709 17829.2905 15050.5294 39014.6314 34705.0410 13288.4076 31735.0517 30295.6239 28856.3529 24539.7578 20225.8987 17352.5205 13049.5849 37466.0000 36025.0000 28820.0000 23056.0000 17292.0000 12969.0000 0.0000 41814.0793 33174.6161 31735.0517 23101.4251 18788.8795 14482.5690 5943.0968 46202.8501 40451.7975 30399.2588 26099.1697 23237.1675 17532.8286 16113.3801 5203.3782 52057.5615 47751.0015 39148.7546 34855.7512 29145.5440 27721.4714 24879.1749 23461.6596 22047.1894 22037.3855 19230.0709 17829.2905 15050.5294 10982.6183 8413.2254 37911.0593 32226.7601 27984.9407 22377.5666 20988.9862 19607.9717 16876.0619 14203.5990 8171.3499 39574.8942 36745.3157 25544.4829 22795.3027 20083.3983 18746.4894 12416.3267 10214.1874 9254.2583 37057.8193 35658.5810 28724.3970 27354.3632 24638.5974 23295.6985 21965.2366 16826.4507 15610.1347 10426.1709 34658.2883 33282.9581 33273.4332 31913.4238 26511.1581 25185.6632 23873.5569 21299.3846 18814.6936 15350.3511 14299.8624 32402.4255 28407.1980 24523.4027 24514.5891 46533.1201 42400.4025 38309.7070 34276.0824 32947.8549 27747.7212 26484.1870 26475.4819 25239.6761 24017.1460 13730.3078 40166.7967 33546.9599 32253.1053 32244.1700 30972.2463 28456.5179 28447.9097 27225.8983 26016.8911 26008.5837 24832.6534 23676.9020 22554.0166 21469.1546 36771.7233 32928.6135 29219.9280 28022.8535 25703.9192 53344.3024 39996.5749 34894.8921 30033.7874 30025.6315 28870.4782 25550.9425 23519.7699 52485.7601 49806.2197 41929.0369 39375.0687 38115.6323 30894.1092 29764.4438 28662.7145 27592.2680 25560.8341 53022.3162 51693.7307 47747.1139 45154.3474 41337.0852 38851.1574 34067.0460 32920.1128 30700.7023 56239.4681
36614.1542 36604.6629 33799.1141 35242.7468 30949.4775 54038.3633 31170.1201 28109.3195 31278.5128 27181.6526 49747.1643 21767.7486 23377.5900 45822.6964 25733.4060 49055.6034 21356.2765 42610.7970 18853.3486 24589.1536 26849.7562 29219.9280 31675.0821 39389.1077 15585.0600 36168.0639 16479.7025 38309.7070 11937.1261 16342.6999 25802.4842 13322.6053 16460.0564 22577.1737 29195.0019 44402.3805 12257.0249 7240.0000 8432.4332 12416.3267 14853.0320 16126.5526 16135.4888 18746.4894 20083.3983 22795.3027 31115.0401 16876.0619 22377.5666 23772.3873 25172.4109 27984.9407 5213.0855 8413.2254 29145.5440 10494.4931 11886.1937 13288.4076 17532.8286 21808.1416 24667.5865 28965.1379 4559.0605 5943.0968 13049.5849 18788.8795 24539.7578 28856.3529 41814.0793 0.0000 8646.0000 10087.0000 18733.0000 23056.0000 27379.0000 36025.0000 4559.0605 2042.8375 11618.5837 15917.0005 18788.8795 24539.7578 25978.3862 37493.9710 10494.4931 6450.6211 4085.6750 7765.2328 13288.4076 14698.1263 17532.8286 18955.5297 20380.8020 20390.7006 23237.1675 24667.5865 27531.7355 31834.0010 34705.0410 6128.5125 10982.6183 15050.5294 20636.3905 22047.1894 23461.6596 26299.2430 29145.5440 36285.9609 6469.4040 8171.3499 18236.2422 20988.9862 23772.3873 25172.4109 32226.7601 35065.6573 36487.6402 9254.2583 10214.1874 16126.5526 17426.1815 20083.3983 21433.8022 22795.3027 28320.0855 29715.4842 36745.3157 12257.0249 13312.7350 13320.3135 14435.2391 19351.8632 20649.6158 21965.2366 24638.5974 27354.3632 31483.4792 32870.9317 15350.3511 18814.6936 22577.1737 22586.1097 11937.1261 11673.2830 12938.8080 15360.2287 16342.6999 20813.5129 22025.3115 22033.8173 23263.2614 24523.4027 39215.9433 13730.3078 17399.0749 18385.5374 18392.5927 19428.8735 21652.8587 21660.8455 22820.1296 24017.1460 24025.5464 25239.6761 26484.1870 27747.7212 29027.7947 16864.8663 19438.7592 22554.0166 23676.9020 26016.8911 18123.3137 16938.8571 19662.0438 23509.8798 23517.2360 24589.1536 28022.8535 30438.1509 18810.5662 17905.6892 17905.6892 18810.5662 19408.2120 24514.0498 25550.9425 26625.4700 27733.2580 30033.7874 20155.7684 19686.7131 18879.0746 18879.0746 19686.7131 20714.6396 23706.3510 24608.8841 26556.8873 22642.9140
34871.2981 34861.3323 36287.8012 33428.4660 33649.5849 47142.8371 29103.0501 31057.3380 27460.6157 24784.1357 42449.9766 22883.8464 21720.0000 38428.8330 21514.3210 41337.0852 18879.0746 34894.8921 15993.0505 18853.3486 20540.1106 22471.2124 24589.1536 31675.0821 14764.0213 28456.5179 13111.4265 30322.3130 16342.6999 11937.1261 18488.8387 20043.7462 11019.3841 15350.3511 21299.3846 36038.7507 8688.0000 11277.0083 8432.4332 7382.0106 8432.4332 9254.2583 9260.4901 11277.0083 12416.3267 14853.0320 22795.3027 9244.4193 14203.5990 15530.4657 16876.0619 19607.9717 7217.6196 4576.7693 20636.3905 3234.7020 4085.6750 5203.3782 9118.1211 13288.4076 16113.3801 20380.8020 4559.0605 3225.3105 4559.0605 10190.4010 15917.0005 20225.8987 33174.6161 8646.0000 0.0000 1441.0000 10087.0000 14410.0000 18733.0000 27379.0000 13049.5849 7349.0631 3225.3105 7349.0631 10190.4010 15917.0005 17352.5205 28856.3529 18955.5297 14698.1263 6450.6211 3234.7020 5203.3782 6450.6211 9118.1211 10494.4931 11886.1937 11895.8926 14698.1263 16113.3801 18955.5297 23237.1675 26099.1697 6128.5125 4576.7693 7217.6196 12319.2987 13677.1816 15050.5294 17829.2905 20636.3905 27721.4714 8171.3499 6469.4040 10406.7565 12901.2421 15530.4657 16876.0619 23772.3873 26576.8152 27984.9407 7792.5300 7382.0106 9254.2583 10214.1874 12416.3267 13612.9491 14853.0320 20083.3983 21433.8022 28320.0855 8688.0000 8806.6921 8808.3338 9153.5386 12257.0249 13312.7350 14435.2391 16826.4507 19351.8632 23295.6985 24638.5974 10537.7616 12435.8563 15350.3511 15357.8625 16342.6999 13641.8870 11937.1261 11673.2830 11937.1261 14454.8391 15360.2287 15366.7975 16342.6999 17389.1925 31060.9313 13730.3078 13346.8703 13730.3078 13733.4596 14249.7972 15639.2564 15644.7870 16479.7025 17399.0749 17405.7022 18385.5374 19428.8735 20520.4100 21652.8587 14480.0000 15111.5429 16864.8663 17647.0385 19438.7592 23509.8798 16186.6336 16186.6336 18123.3137 18128.0865 18853.3486 21479.0429 23509.8798 23519.7699 21682.2586 17905.6892 17435.6490 17376.0000 19408.2120 20091.6138 20852.3418 21682.2586 23519.7699 24608.8841 23706.3510 21356.2765 20155.7684 19043.3427 18824.0000 19686.7131 20155.7684 21356.2765 27602.1607
34781.8629 34771.8715 36883.7446 33335.1601 34291.4080 46051.0534 28995.8287 31751.6038 27041.5259 24658.1414 41284.4511 23377.5900 21767.7486 37248.9801 21075.5232 40087.4923 18824.0000 33652.9014 15928.0000 18123.3137 19662.0438 21479.0429 23509.8798 30438.1509 15111.5429 27225.8983 13032.0000 29027.7947 17389.1925 11673.2830 17389.1925 21299.3846 10537.7616 14299.8624 20043.7462 34658.2883 8806.6921 12416.3267 9254.2583 7240.0000 7792.5300 8432.4332 8437.5642 10214.1874 11277.0083 13612.9491 21433.8022 8171.3499 12901.2421 14203.5990 15530.4657 18236.2422 8413.2254 5213.0855 19230.0709 2896.0000 3234.7020 4085.6750 7765.2328 11886.1937 14698.1263 18955.5297 5943.0968 4559.0605 3225.3105 8766.4143 14482.5690 18788.8795 31735.0517 10087.0000 1441.0000 0.0000 8646.0000 12969.0000 17292.0000 25938.0000 14482.5690 8766.4143 2042.8375 5943.0968 8766.4143 14482.5690 15917.0005 27417.2636 20380.8020 16113.3801 7765.2328 4085.6750 4085.6750 5203.3782 7765.2328 9118.1211 10494.4931 10504.1051 13288.4076 14698.1263 17532.8286 21808.1416 24667.5865 7217.6196 4344.0000 6128.5125 10982.6183 12319.2987 13677.1816 16435.4658 19230.0709 26299.2430 9244.4193 7227.4195 9244.4193 11631.6307 14203.5990 15530.4657 22377.5666 25172.4109 26576.8152 8432.4332 7792.5300 8432.4332 9254.2583 11277.0083 12416.3267 13612.9491 18746.4894 20083.3983 26929.4902 8806.6921 8688.0000 8688.0058 8806.6921 11286.8671 12257.0249 13312.7350 15610.1347 18075.8276 21965.2366 23295.6985 10237.9186 11660.2827 14299.8624 14306.9181 17389.1925 14454.8391 12364.3595 11584.0000 11673.2830 13641.8870 14454.8391 14460.8227 15360.2287 16342.6999 29728.7520 14249.7972 13111.4265 13346.8703 13349.0332 13730.3078 14891.1064 14895.9474 15639.2564 16479.7025 16485.8252 17399.0749 18385.5374 19428.8735 20520.4100 14551.5250 14764.0213 16173.5100 16864.8663 18508.5165 24589.1536 16504.2271 15993.0505 17481.7965 17485.9203 18123.3137 20540.1106 22471.2124 24514.0498 22573.7342 18307.0771 17613.3841 17435.6490 18810.5662 19408.2120 20091.6138 20852.3418 22573.7342 25560.8341 24608.8841 22073.4628 20714.6396 19314.0184 18879.0746 19314.0184 19686.7131 20714.6396 28599.7248
35491.0345 35481.2428 41343.1908 34074.4544 39048.0406 39967.8159 29842.8153 36837.6594 26103.8039 25648.7715 34728.2373 27762.7748 23947.9847 30642.5623 20475.8372 32920.1128 20714.6396 26625.4700 18123.3137 15928.0000 16186.6336 16938.8571 18123.3137 23509.8798 19438.7592 20428.3749 15639.2564 21652.8587 24523.4027 13641.8870 12364.3595 29195.0019 11660.2827 10237.9186 13322.6053 26511.1581 13312.7350 20083.3983 16126.5526 11277.0083 9254.2583 8432.4332 8427.3109 7382.0106 7240.0000 7792.5300 13612.9491 6469.4040 6469.4040 7227.4195 8171.3499 10406.7565 16435.4658 12319.2987 10982.6183 9118.1211 7765.2328 6450.6211 3234.7020 4085.6750 6450.6211 10494.4931 14482.5690 13049.5849 5943.0968 1448.0000 5943.0968 10190.4010 23101.4251 18733.0000 10087.0000 8646.0000 0.0000 4323.0000 8646.0000 17292.0000 23101.4251 17352.5205 7349.0631 3225.3105 1448.0000 5943.0968 7349.0631 18788.8795 28965.1379 24667.5865 16113.3801 11886.1937 6450.6211 5203.3782 3234.7020 2896.0000 3234.7020 3239.1692 5203.3782 6450.6211 9118.1211 13288.4076 16113.3801 15050.5294 9675.9316 6128.5125 4576.7693 5213.0855 6128.5125 8413.2254 10982.6183 17829.2905 16876.0619 14203.5990 5968.5631 5968.5631 7227.4195 8171.3499 14203.5990 16876.0619 18236.2422 14853.0320 13612.9491 8432.4332 7792.5300 7240.0000 7382.0106 7792.5300 11277.0083 12416.3267 18746.4894 13312.7350 12257.0249 12249.9731 11286.8671 8806.6921 8688.0000 8806.6921 9704.1060 11286.8671 14435.2391 15610.1347 12435.8563 10537.7616 10237.9186 10239.3309 24523.4027 20813.5129 17389.1925 14454.8391 13641.8870 11673.2830 11584.0000 11584.0043 11673.2830 11937.1261 22025.3115 19428.8735 14891.1064 14249.7972 14245.7552 13730.3078 13111.4265 13110.3312 13032.0000 13111.4265 13112.5293 13346.8703 13730.3078 14249.7972 14891.1064 17647.0385 15585.0600 14551.5250 14480.0000 14764.0213 31675.0821 20540.1106 17481.7965 15993.0505 15992.1526 15928.0000 16504.2271 17481.7965 31220.2694 28870.4782 22573.7342 20852.3418 20091.6138 17435.6490 17376.0000 17435.6490 17613.3841 18307.0771 32048.7569 30894.1092 27592.2680 25560.8341 22859.0887 21356.2765 19314.0184 19043.3427 18824.0000 35235.5841
36614.1542 36604.6629 44042.5796 35242.7468 41895.5709 37307.5688 31170.1201 39843.4756 26693.7407 27181.6526 31826.6827 30642.5623 26065.4273 27762.7748 21514.3210 29633.8018 22859.0887 23519.7699 20540.1106 16504.2271 15993.0505 15993.0505 16504.2271 20540.1106 22554.0166 17647.0385 18385.5374 18385.5374 28407.1980 16342.6999 11584.0000 33282.9581 14299.8624 10537.7616 11019.3841 22577.1737 16826.4507 24166.0244 20083.3983 14853.0320 12416.3267 11277.0083 11269.3432 9254.2583 8432.4332 7382.0106 10214.1874 9244.4193 5968.5631 5792.0000 5968.5631 7227.4195 20636.3905 16435.4658 7217.6196 13288.4076 11886.1937 10494.4931 6450.6211 3234.7020 3234.7020 6450.6211 18788.8795 17352.5205 10190.4010 4559.0605 2042.8375 5943.0968 18788.8795 23056.0000 14410.0000 12969.0000 4323.0000 0.0000 4323.0000 12969.0000 27417.2636 21663.4468 11618.5837 7349.0631 4559.0605 2042.8375 3225.3105 14482.5690 33269.2841 28965.1379 20380.8020 16113.3801 10494.4931 9118.1211 6450.6211 5203.3782 4085.6750 4078.6272 2896.0000 3234.7020 5203.3782 9118.1211 11886.1937 19230.0709 13677.1816 9675.9316 5213.0855 4576.7693 4344.0000 5213.0855 7217.6196 13677.1816 20988.9862 18236.2422 8171.3499 6469.4040 5792.0000 5968.5631 10406.7565 12901.2421 14203.5990 18746.4894 17426.1815 11277.0083 10214.1874 8432.4332 7792.5300 7382.0106 8432.4332 9254.2583 14853.0320 16826.4507 15610.1347 15601.8276 14435.2391 10426.1709 9704.1060 9153.5386 8688.0000 9153.5386 11286.8671 12257.0249 15350.3511 12435.8563 10537.7616 10535.0311 28407.1980 24523.4027 20813.5129 17389.1925 16342.6999 12938.8080 12364.3595 12360.8667 11937.1261 11673.2830 18488.8387 22820.1296 17399.0749 16479.7025 16473.5835 15639.2564 14249.7972 14245.7552 13730.3078 13346.8703 13344.7146 13111.4265 13032.0000 13111.4265 13346.8703 20428.3749 17647.0385 15585.0600 15111.5429 14551.5250 35478.4158 23509.8798 19662.0438 16938.8571 16935.4569 16504.2271 15928.0000 16186.6336 34894.8921 32427.3807 25550.9425 23519.7699 22573.7342 18307.0771 17905.6892 17613.3841 17435.6490 17435.6490 35638.0569 34422.8903 30894.1092 28662.7145 25560.8341 23706.3510 20714.6396 20155.7684 19314.0184 38851.1574
38196.2787 38187.1806 46985.2622 36883.7446 44978.9385 34980.8480 33014.1758 43073.9898 27947.8025 29278.0064 29278.0064 33831.0249 28682.4631 25297.2995 23320.5653 26645.2106 25560.8341 20852.3418 23509.8798 18123.3137 16938.8571 16186.6336 15928.0000 18123.3137 26016.8911 15585.0600 21652.8587 15639.2564 32402.4255 19632.7089 12364.3595 37423.7775 17617.7920 12435.8563 10136.0000 18814.6936 20649.6158 28320.0855 24166.0244 18746.4894 16126.5526 14853.0320 14844.3013 12416.3267 11277.0083 9254.2583 7792.5300 12901.2421 8171.3499 7227.4195 6469.4040 5792.0000 24879.1749 20636.3905 4576.7693 17532.8286 16113.3801 14698.1263 10494.4931 6450.6211 4085.6750 3234.7020 23101.4251 21663.4468 14482.5690 8766.4143 3225.3105 2042.8375 14482.5690 27379.0000 18733.0000 17292.0000 8646.0000 4323.0000 0.0000 8646.0000 31735.0517 25978.3862 15917.0005 11618.5837 8766.4143 3225.3105 2042.8375 10190.4010 37577.7590 33269.2841 24667.5865 20380.8020 14698.1263 13288.4076 10494.4931 9118.1211 7765.2328 7755.9552 5203.3782 4085.6750 2896.0000 5203.3782 7765.2328 23461.6596 17829.2905 13677.1816 8413.2254 7217.6196 6128.5125 4576.7693 4576.7693 9675.9316 25172.4109 22377.5666 11631.6307 9244.4193 7227.4195 6469.4040 7227.4195 9244.4193 10406.7565 22795.3027 21433.8022 14853.0320 13612.9491 11277.0083 10214.1874 9254.2583 7240.0000 7382.0106 11277.0083 20649.6158 19351.8632 19342.9281 18075.8276 13312.7350 12257.0249 11286.8671 9704.1060 8806.6921 9153.5386 9704.1060 18814.6936 15350.3511 12435.8563 12430.0652 32402.4255 28407.1980 24523.4027 20813.5129 19632.7089 15360.2287 14454.8391 14448.8599 13641.8870 12938.8080 15360.2287 26484.1870 20520.4100 19428.8735 19421.4578 18385.5374 16479.7025 16473.5835 15639.2564 14891.1064 14886.2705 14249.7972 13730.3078 13346.8703 13111.4265 23676.9020 20428.3749 17647.0385 16864.8663 15585.0600 39389.1077 26849.7562 22471.2124 18853.3486 18848.0002 18123.3137 16504.2271 15993.0505 38703.7263 36151.6553 28870.4782 26625.4700 25550.9425 20091.6138 19408.2120 18810.5662 18307.0771 17613.3841 39375.0687 38115.6323 34422.8903 32048.7569 28662.7145 26556.8873 22859.0887 22073.4628 20714.6396 42598.7692
42518.2845 42510.1114 53436.6629 41343.1908 51681.3988 31613.2849 37931.3144 50032.2962 32097.6227 34728.2373 25648.7715 40838.8474 34948.0764 22146.0319 28599.7248 22038.7681 32048.7569 17613.3841 30438.1509 23509.8798 21479.0429 19662.0438 18123.3137 15928.0000 33546.9599 14764.0213 29027.7947 13032.0000 40594.8729 27097.8240 17389.1925 45806.5141 25185.6632 18814.6936 13322.6053 12435.8563 28724.3970 36745.3157 32518.2165 26929.4902 24166.0244 22795.3027 22785.8207 20083.3983 18746.4894 16126.5526 9254.2583 20988.9862 15530.4657 14203.5990 12901.2421 10406.7565 33426.4683 29145.5440 8413.2254 26099.1697 24667.5865 23237.1675 18955.5297 14698.1263 11886.1937 7765.2328 31735.0517 30295.6239 23101.4251 17352.5205 11618.5837 7349.0631 5943.0968 36025.0000 27379.0000 25938.0000 17292.0000 12969.0000 8646.0000 0.0000 40373.9744 34614.2999 24539.7578 20225.8987 17352.5205 11618.5837 10190.4010 2042.8375 46202.8501 41889.2270 33269.2841 28965.1379 23237.1675 21808.1416 18955.5297 17532.8286 16113.3801 16103.5430 13288.4076 11886.1937 9118.1211 5203.3782 3234.7020 31998.2365 26299.2430 22047.1894 16435.4658 15050.5294 13677.1816 10982.6183 8413.2254 4344.0000 33645.2926 30810.3130 19607.9717 16876.0619 14203.5990 12901.2421 7227.4195 5968.5631 5792.0000 31115.0401 29715.4842 22795.3027 21433.8022 18746.4894 17426.1815 16126.5526 11277.0083 10214.1874 7240.0000 28724.3970 27354.3632 27344.8812 25992.0056 20649.6158 19351.8632 18075.8276 15610.1347 13312.7350 10426.1709 9704.1060 26511.1581 22577.1737 18814.6936 18806.2696 40594.8729 36472.4843 32402.4255 28407.1980 27097.8240 22025.3115 20813.5129 20805.2056 19632.7089 18488.8387 11673.2830 34276.0824 27747.7212 26484.1870 26475.4819 25239.6761 22820.1296 22811.9213 21652.8587 20520.4100 20512.6864 19428.8735 18385.5374 17399.0749 16479.7025 30972.2463 27225.8983 23676.9020 22554.0166 20428.3749 47425.7254 34196.9195 29219.9280 24589.1536 24581.5360 23509.8798 20540.1106 18853.3486 46591.3970 43930.4733 36151.6553 33652.9014 32427.3807 25550.9425 24514.0498 23519.7699 22573.7342 20852.3418 47150.5660 45832.9957 41929.0369 39375.0687 35638.0569 33225.7824 28662.7145 27592.2680 25560.8341 50371.3264
39518.2768 39509.1167 34781.8629 38196.2787 31888.5750 58439.8560 34291.4080 28995.8287 34987.4030 30505.5126 54227.4829 23874.2522 26550.9168 50321.5110 29643.6954 53592.6342 24871.7125 47150.5660 22573.7342 28870.4782 31220.2694 33652.9014 36151.6553 43930.4733 18853.3486 40711.2066 20428.3749 42867.6044 13111.4265 20520.4100 30322.3130 12364.3595 20813.5129 27097.8240 33752.1238 48943.6090 16460.0564 9704.1060 12257.0249 16826.4507 19351.8632 20649.6158 20658.6881 23295.6985 24638.5974 27354.3632 35658.5810 21433.8022 26929.4902 28320.0855 29715.4842 32518.2165 9244.4193 12901.2421 33645.2926 15050.5294 16435.4658 17829.2905 22047.1894 26299.2430 29145.5440 33426.4683 9118.1211 10494.4931 17532.8286 23237.1675 28965.1379 33269.2841 46202.8501 4559.0605 13049.5849 14482.5690 23101.4251 27417.2636 31735.0517 40373.9744 0.0000 5764.0000 15851.0000 20174.0000 23056.0000 28820.0000 30261.0000 41789.0000 5943.0968 2042.8375 7349.0631 11618.5837 17352.5205 18788.8795 21663.4468 23101.4251 24539.7578 24549.7404 27417.2636 28856.3529 31735.0517 36054.0889 38933.9358 9118.1211 14698.1263 18955.5297 24667.5865 26099.1697 27531.7355 30399.2588 33269.2841 40451.7975 8413.2254 10982.6183 22047.1894 24879.1749 27721.4714 29145.5440 36285.9609 39148.7546 40581.1710 11631.6307 12901.2421 19607.9717 20988.9862 23772.3873 25172.4109 26576.8152 32226.7601 33645.2926 40761.6041 14853.0320 16126.5526 16135.4888 17426.1815 22795.3027 24166.0244 25544.4829 28320.0855 31115.0401 35333.7042 36745.3157 18075.8276 21965.2366 25992.0056 26001.4306 10237.9186 11660.2827 14299.8624 17617.7920 18814.6936 23873.5569 25185.6632 25194.8180 26511.1581 27848.1299 43000.6862 14454.8391 19632.7089 20813.5129 20821.8217 22025.3115 24523.4027 24532.2172 25802.4842 27097.8240 27106.8645 28407.1980 29728.7520 31060.9313 32402.4255 18385.5374 21652.8587 25239.6761 26484.1870 29027.7947 15111.5429 17647.0385 21469.1546 26016.8911 26025.1998 27225.8983 30972.2463 33546.9599 16186.6336 15928.0000 18123.3137 19662.0438 20540.1106 26849.7562 28022.8535 29219.9280 30438.1509 32928.6135 17613.3841 17435.6490 17613.3841 18307.0771 20091.6138 21682.2586 25550.9425 26625.4700 28870.4782 19686.7131
37579.0842 37569.4513 35491.0345 36186.3106 32660.6301 53699.5124 32037.3849 29842.8153 31751.6038 27947.8025 49250.9149 23168.0000 24262.4865 45282.5670 26065.4273 48379.6579 22038.7681 41929.0369 19408.2120 24514.0498 26625.4700 28870.4782 31220.2694 38703.7263 16504.2271 35478.4158 16864.8663 37492.9788 13730.3078 16479.7025 25239.6761 15360.2287 16342.6999 22025.3115 28407.1980 43364.8426 12435.8563 8806.6921 9153.5386 12257.0249 14435.2391 15610.1347 15618.4437 18075.8276 19351.8632 21965.2366 30101.0589 16126.5526 21433.8022 22795.3027 24166.0244 26929.4902 5968.5631 8171.3499 27984.9407 9675.9316 10982.6183 12319.2987 16435.4658 20636.3905 23461.6596 27721.4714 4085.6750 5203.3782 11886.1937 17532.8286 23237.1675 27531.7355 40451.7975 2042.8375 7349.0631 8766.4143 17352.5205 21663.4468 25978.3862 34614.2999 5764.0000 0.0000 10087.0000 14410.0000 17292.0000 23056.0000 24497.0000 36025.0000 11618.5837 7349.0631 2042.8375 5943.0968 11618.5837 13049.5849 15917.0005 17352.5205 18788.8795 18798.8498 21663.4468 23101.4251 25978.3862 30295.6239 33174.6161 4085.6750 9118.1211 13288.4076 18955.5297 20380.8020 21808.1416 24667.5865 27531.7355 34705.0410 4576.7693 6128.5125 16435.4658 19230.0709 22047.1894 23461.6596 30571.2031 33426.4683 34855.7512 7227.4195 8171.3499 14203.5990 15530.4657 18236.2422 19607.9717 20988.9862 26576.8152 27984.9407 35065.6573 10214.1874 11277.0083 11284.6770 12416.3267 17426.1815 18746.4894 20083.3983 22795.3027 25544.4829 29715.4842 31115.0401 13312.7350 16826.4507 20649.6158 20658.6881 11019.3841 10136.0000 11019.3841 13322.6053 14299.8624 18814.6936 20043.7462 20052.3739 21299.3846 22577.1737 37423.7775 11937.1261 15360.2287 16342.6999 16349.7553 17389.1925 19632.7089 19640.7835 20813.5129 22025.3115 22033.8173 23263.2614 24523.4027 25802.4842 27097.8240 14891.1064 17399.0749 20520.4100 21652.8587 24017.1460 17647.0385 15111.5429 17647.0385 21469.1546 21476.5389 22554.0166 26016.8911 28456.5179 18123.3137 16938.8571 16186.6336 16938.8571 17481.7965 22471.2124 23509.8798 24589.1536 25703.9192 28022.8535 19408.2120 18810.5662 17613.3841 17376.0000 17905.6892 18810.5662 21682.2586 22573.7342 24514.0498 22073.4628
36200.0000 36190.0000 38816.4239 34752.0000 36246.6274 45970.2424 30408.0000 33729.7326 28109.3195 26064.0000 41040.8199 25268.6326 23346.5661 36977.6774 22146.0319 39625.9618 20323.1510 33225.7824 17435.6490 18810.5662 20091.6138 21682.2586 23519.7699 30033.7874 16938.8571 26849.7562 14551.5250 28456.5179 19428.8735 13032.0000 17399.0749 23263.2614 11673.2830 14454.8391 19632.7089 33752.1238 10537.7616 14435.2391 11286.8671 8806.6921 8806.6921 9153.5386 9156.6920 10426.1709 11286.8671 13312.7350 20649.6158 8432.4332 12416.3267 13612.9491 14853.0320 17426.1815 10406.7565 7227.4195 18236.2422 4576.7693 4344.0000 4576.7693 7217.6196 10982.6183 13677.1816 17829.2905 7765.2328 6450.6211 3234.7020 7765.2328 13288.4076 17532.8286 30399.2588 11618.5837 3225.3105 2042.8375 7349.0631 11618.5837 15917.0005 24539.7578 15851.0000 10087.0000 0.0000 4323.0000 7205.0000 12969.0000 14410.0000 25938.0000 21663.4468 17352.5205 8766.4143 4559.0605 2042.8375 3225.3105 5943.0968 7349.0631 8766.4143 8776.2771 11618.5837 13049.5849 15917.0005 20225.8987 23101.4251 7765.2328 3234.7020 4085.6750 9118.1211 10494.4931 11886.1937 14698.1263 17532.8286 24667.5865 9675.9316 7217.6196 7217.6196 9675.9316 12319.2987 13677.1816 20636.3905 23461.6596 24879.1749 8171.3499 7227.4195 6469.4040 7227.4195 9244.4193 10406.7565 11631.6307 16876.0619 18236.2422 25172.4109 7792.5300 7382.0106 7380.0651 7240.0000 9254.2583 10214.1874 11277.0083 13612.9491 16126.5526 20083.3983 21433.8022 8688.0000 9704.1060 12257.0249 12264.0809 17617.7920 14299.8624 11660.2827 10237.9186 10136.0000 11660.2827 12435.8563 12441.6527 13322.6053 14299.8624 27848.1299 13641.8870 11584.0000 11673.2830 11674.5217 11937.1261 12938.8080 12943.2659 13641.8870 14454.8391 14460.8227 15360.2287 16342.6999 17389.1925 18488.8387 13346.8703 13111.4265 14249.7972 14891.1064 16479.7025 24832.6534 15585.0600 14480.0000 15585.0600 15588.7612 16173.5100 18508.5165 20428.3749 24589.1536 22471.2124 17481.7965 16504.2271 16186.6336 16938.8571 17481.7965 18123.3137 18853.3486 20540.1106 25550.9425 24514.0498 21682.2586 20091.6138 18307.0771 17613.3841 17613.3841 17905.6892 18810.5662 28662.7145
36457.2123 36447.2829 40925.6610 35019.8491 38496.9214 42958.0858 30713.7558 36137.0976 27549.7119 26420.0762 37801.3457 27283.7740 24262.4865 33717.3432 21720.0000 36088.0978 21075.5232 29764.4438 18307.0771 17613.3841 18307.0771 19408.2120 20852.3418 26625.4700 18853.3486 23509.8798 15585.0600 24832.6534 22820.1296 13730.3078 14891.1064 27097.8240 11937.1261 12364.3595 16342.6999 29728.7520 12435.8563 18075.8276 14435.2391 10426.1709 9153.5386 8806.6921 8805.0613 8806.6921 9153.5386 10426.1709 16826.4507 7240.0000 9254.2583 10214.1874 11277.0083 13612.9491 14203.5990 10406.7565 14203.5990 7217.6196 6128.5125 5213.0855 4576.7693 7217.6196 9675.9316 13677.1816 11886.1937 10494.4931 4085.6750 4085.6750 9118.1211 13288.4076 26099.1697 15917.0005 7349.0631 5943.0968 3225.3105 7349.0631 11618.5837 20225.8987 20174.0000 14410.0000 4323.0000 0.0000 2882.0000 8646.0000 10087.0000 21615.0000 25978.3862 21663.4468 13049.5849 8766.4143 3225.3105 2042.8375 2042.8375 3225.3105 4559.0605 4568.5439 7349.0631 8766.4143 11618.5837 15917.0005 18788.8795 11886.1937 6450.6211 3234.7020 5203.3782 6450.6211 7765.2328 10494.4931 13288.4076 20380.8020 13677.1816 10982.6183 4576.7693 6128.5125 8413.2254 9675.9316 16435.4658 19230.0709 20636.3905 11631.6307 10406.7565 5968.5631 5792.0000 6469.4040 7227.4195 8171.3499 12901.2421 14203.5990 20988.9862 10214.1874 9254.2583 9248.0331 8432.4332 7382.0106 7792.5300 8432.4332 10214.1874 12416.3267 16126.5526 17426.1815 9704.1060 8688.0000 9704.1060 9708.5649 21299.3846 17617.7920 14299.8624 11660.2827 11019.3841 10237.9186 10537.7616 10540.5009 11019.3841 11660.2827 23873.5569 16342.6999 12364.3595 11937.1261 11934.7157 11673.2830 11673.2830 11674.5217 11937.1261 12364.3595 12367.8594 12938.8080 13641.8870 14454.8391 15360.2287 14891.1064 13346.8703 13111.4265 13346.8703 14249.7972 28456.5179 17647.0385 15111.5429 14551.5250 14552.5187 14764.0213 16173.5100 17647.0385 28022.8535 25703.9192 19662.0438 18123.3137 17481.7965 15993.0505 16186.6336 16504.2271 16938.8571 18123.3137 28870.4782 27733.2580 24514.0498 22573.7342 20091.6138 18810.5662 17435.6490 17376.0000 17613.3841 32048.7569
36910.0532 36900.2456 42518.2845 35491.0345 40185.9148 41080.2213 31249.9358 37931.3144 27549.7119 27041.5259 35769.1921 28909.6781 25268.6326 31685.3980 21910.3702 33831.0249 22038.7681 27592.2680 19408.2120 17376.0000 17613.3841 18307.0771 19408.2120 24514.0498 20540.1106 21479.0429 16864.8663 22554.0166 25239.6761 14891.1064 13730.3078 29728.7520 12938.8080 11673.2830 14454.8391 27097.8240 14299.8624 20649.6158 16826.4507 12257.0249 10426.1709 9704.1060 9699.6553 8806.6921 8688.0000 9153.5386 14435.2391 7792.5300 7792.5300 8432.4332 9254.2583 11277.0083 16876.0619 12901.2421 11631.6307 9675.9316 8413.2254 7217.6196 4576.7693 5213.0855 7217.6196 10982.6183 14698.1263 13288.4076 6450.6211 2896.0000 6450.6211 10494.4931 23237.1675 18788.8795 10190.4010 8766.4143 1448.0000 4559.0605 8766.4143 17352.5205 23056.0000 17292.0000 7205.0000 2882.0000 0.0000 5764.0000 7205.0000 18733.0000 28856.3529 24539.7578 15917.0005 11618.5837 5943.0968 4559.0605 2042.8375 1448.0000 2042.8375 2049.9037 4559.0605 5943.0968 8766.4143 13049.5849 15917.0005 14698.1263 9118.1211 5203.3782 3234.7020 4085.6750 5203.3782 7765.2328 10494.4931 17532.8286 16435.4658 13677.1816 4576.7693 4576.7693 6128.5125 7217.6196 13677.1816 16435.4658 17829.2905 14203.5990 12901.2421 7227.4195 6469.4040 5792.0000 5968.5631 6469.4040 10406.7565 11631.6307 18236.2422 12416.3267 11277.0083 11269.3432 10214.1874 7382.0106 7240.0000 7382.0106 8432.4332 10214.1874 13612.9491 14853.0320 11286.8671 9153.5386 8806.6921 8808.3338 23873.5569 20043.7462 16460.0564 13322.6053 12435.8563 10237.9186 10136.0000 10136.0049 10237.9186 10537.7616 21299.3846 18488.8387 13641.8870 12938.8080 12934.3563 12364.3595 11673.2830 11672.0528 11584.0000 11673.2830 11674.5217 11937.1261 12364.3595 12938.8080 13641.8870 16479.7025 14249.7972 13111.4265 13032.0000 13346.8703 30972.2463 19438.7592 16173.5100 14551.5250 14550.5382 14480.0000 15111.5429 16173.5100 30438.1509 28022.8535 21479.0429 19662.0438 18853.3486 15993.0505 15928.0000 15993.0505 16186.6336 16938.8571 31220.2694 30033.7874 26625.4700 24514.0498 21682.2586 20091.6138 17905.6892 17613.3841 17376.0000 34422.8903
38453.0228 38443.6088 46080.6860 37093.0784 43937.8295 37706.6972 33058.1522 41885.6744 28439.7990 29112.3180 32097.6227 32685.3998 28071.5234 28071.5234 23377.5900 29643.6954 24871.7125 23706.3510 22573.7342 18307.0771 17613.3841 17376.0000 17613.3841 20852.3418 24589.1536 18123.3137 20428.3749 18508.5165 30322.3130 18385.5374 13111.4265 35109.0801 16342.6999 12364.3595 11937.1261 22025.3115 18814.6936 25992.0056 21965.2366 16826.4507 14435.2391 13312.7350 13305.1596 11286.8671 10426.1709 9153.5386 10426.1709 11277.0083 7792.5300 7382.0106 7240.0000 7792.5300 22377.5666 18236.2422 7227.4195 15050.5294 13677.1816 12319.2987 8413.2254 5213.0855 4344.0000 6128.5125 20380.8020 18955.5297 11886.1937 6450.6211 2896.0000 5203.3782 17532.8286 24539.7578 15917.0005 14482.5690 5943.0968 2042.8375 3225.3105 11618.5837 28820.0000 23056.0000 12969.0000 8646.0000 5764.0000 0.0000 1441.0000 12969.0000 34614.2999 30295.6239 21663.4468 17352.5205 11618.5837 10190.4010 7349.0631 5943.0968 4559.0605 4549.5794 2042.8375 1448.0000 3225.3105 7349.0631 10190.4010 20380.8020 14698.1263 10494.4931 5203.3782 4085.6750 3234.7020 3234.7020 5203.3782 11886.1937 22047.1894 19230.0709 8413.2254 6128.5125 4576.7693 4344.0000 8413.2254 10982.6183 12319.2987 19607.9717 18236.2422 11631.6307 10406.7565 8171.3499 7227.4195 6469.4040 6469.4040 7227.4195 12901.2421 17426.1815 16126.5526 16117.6177 14853.0320 10214.1874 9254.2583 8432.4332 7382.0106 7382.0106 9254.2583 10214.1874 15610.1347 12257.0249 9704.1060 9699.6553 29195.0019 25185.6632 21299.3846 17617.7920 16460.0564 12435.8563 11660.2827 11655.3426 11019.3841 10537.7616 16460.0564 23263.2614 17389.1925 16342.6999 16335.6475 15360.2287 13641.8870 13636.6081 12938.8080 12364.3595 12360.8667 11937.1261 11673.2830 11584.0000 11673.2830 20520.4100 17399.0749 14891.1064 14249.7972 13346.8703 36168.0639 23676.9020 19438.7592 16173.5100 16169.0576 15585.0600 14551.5250 14551.5250 35478.4158 32928.6135 25703.9192 23509.8798 22471.2124 17481.7965 16938.8571 16504.2271 16186.6336 15928.0000 36151.6553 34894.8921 31220.2694 28870.4782 25550.9425 23519.7699 20091.6138 19408.2120 18307.0771 39375.0687
38962.6501 38953.3593 47039.5398 37621.1324 44942.4247 36955.7847 33649.5849 42938.3093 28838.5759 29782.2127 31278.5128 33717.3432 28909.6781 27283.7740 23947.9847 28682.4631 25733.4060 22859.0887 23519.7699 18810.5662 17905.6892 17435.6490 17435.6490 20091.6138 25703.9192 17481.7965 21469.1546 17647.0385 31629.5024 19428.8735 13346.8703 36472.4843 17389.1925 12938.8080 11673.2830 20813.5129 20043.7462 27354.3632 23295.6985 18075.8276 15610.1347 14435.2391 14427.2543 12257.0249 11286.8671 9704.1060 9704.1060 12416.3267 8432.4332 7792.5300 7382.0106 7382.0106 23772.3873 19607.9717 6469.4040 16435.4658 15050.5294 13677.1816 9675.9316 6128.5125 4576.7693 5213.0855 21808.1416 20380.8020 13288.4076 7765.2328 3234.7020 4085.6750 16113.3801 25978.3862 17352.5205 15917.0005 7349.0631 3225.3105 2042.8375 10190.4010 30261.0000 24497.0000 14410.0000 10087.0000 7205.0000 1441.0000 0.0000 11528.0000 36054.0889 31735.0517 23101.4251 18788.8795 13049.5849 11618.5837 8766.4143 7349.0631 5943.0968 5933.3987 3225.3105 2042.8375 2042.8375 5943.0968 8766.4143 21808.1416 16113.3801 11886.1937 6450.6211 5203.3782 4085.6750 2896.0000 4085.6750 10494.4931 23461.6596 20636.3905 9675.9316 7217.6196 5213.0855 4576.7693 7217.6196 9675.9316 10982.6183 20988.9862 19607.9717 12901.2421 11631.6307 9244.4193 8171.3499 7227.4195 5968.5631 6469.4040 11631.6307 18746.4894 17426.1815 17417.0859 16126.5526 11277.0083 10214.1874 9254.2583 7792.5300 7240.0000 8432.4332 9254.2583 16826.4507 13312.7350 10426.1709 10420.6459 30550.4647 26511.1581 22577.1737 18814.6936 17617.7920 13322.6053 12435.8563 12430.0652 11660.2827 11019.3841 15350.3511 24523.4027 18488.8387 17389.1925 17381.7357 16342.6999 14454.8391 14448.8599 13641.8870 12938.8080 12934.3563 12364.3595 11937.1261 11673.2830 11584.0000 21652.8587 18385.5374 15639.2564 14891.1064 13730.3078 37492.9788 24832.6534 20428.3749 16864.8663 16859.7419 16173.5100 14764.0213 14480.0000 36771.7233 34196.9195 26849.7562 24589.1536 23509.8798 18123.3137 17481.7965 16938.8571 16504.2271 15993.0505 37421.7026 36151.6553 32427.3807 30033.7874 26625.4700 24514.0498 20852.3418 20091.6138 18810.5662 40646.5694
44533.3565 44525.2282 55466.5161 43364.5172 53699.5124 32660.6301 39967.8159 52033.7823 34115.9848 36771.0748 26693.7407 42831.7271 36977.6774 23346.5661 30642.5623 22883.8464 34067.0460 18879.0746 32427.3807 25550.9425 23519.7699 21682.2586 20091.6138 17435.6490 35478.4158 16504.2271 30972.2463 14551.5250 42400.4025 29027.7947 19428.8735 47544.7747 27097.8240 20813.5129 15360.2287 12938.8080 30550.4647 38460.1417 34262.8048 28724.3970 25992.0056 24638.5974 24629.2399 21965.2366 20649.6158 18075.8276 11286.8671 22795.3027 17426.1815 16126.5526 14853.0320 12416.3267 35065.6573 30810.3130 10406.7565 27721.4714 26299.2430 24879.1749 20636.3905 16435.4658 13677.1816 9675.9316 33269.2841 31834.0010 24667.5865 18955.5297 13288.4076 9118.1211 5203.3782 37493.9710 28856.3529 27417.2636 18788.8795 14482.5690 10190.4010 2042.8375 41789.0000 36025.0000 25938.0000 21615.0000 18733.0000 12969.0000 11528.0000 0.0000 47575.0409 43254.2438 34614.2999 30295.6239 24539.7578 23101.4251 20225.8987 18788.8795 17352.5205 17342.5554 14482.5690 13049.5849 10190.4010 5943.0968 3225.3105 33269.2841 27531.7355 23237.1675 17532.8286 16113.3801 14698.1263 11886.1937 9118.1211 3234.7020 34855.7512 31998.2365 20636.3905 17829.2905 15050.5294 13677.1816 7217.6196 5213.0855 4576.7693 32226.7601 30810.3130 23772.3873 22377.5666 19607.9717 18236.2422 16876.0619 11631.6307 10406.7565 5968.5631 29715.4842 28320.0855 28310.4179 26929.4902 21433.8022 20083.3983 18746.4894 16126.5526 13612.9491 10214.1874 9254.2583 27354.3632 23295.6985 19351.8632 19342.9281 41601.6779 37423.7775 33282.9581 29195.0019 27848.1299 22577.1737 21299.3846 21290.5901 20043.7462 18814.6936 10136.0000 35109.0801 28407.1980 27097.8240 27088.7841 25802.4842 23263.2614 23254.5899 22025.3115 20813.5129 20805.2056 19632.7089 18488.8387 17389.1925 16342.6999 31629.5024 27747.7212 24017.1460 22820.1296 20520.4100 48332.0488 34852.3630 29706.0641 24832.6534 24824.5301 23676.9020 20428.3749 18508.5165 47425.7254 44721.6022 36771.7233 34196.9195 32928.6135 25703.9192 24589.1536 23509.8798 22471.2124 20540.1106 47931.4471 46591.3970 42610.7970 39996.5749 36151.6553 33652.9014 28870.4782 27733.2580 25550.9425 51143.2379
43411.7510 43403.0790 36457.2123 42162.1658 33583.3998 64090.5218 38496.9214 30713.7558 39853.3718 34987.4030 59996.7719 27181.6526 30933.3597 56121.6240 34778.3851 59457.5041 29643.6954 53022.3162 27592.2680 34422.8903 36869.4966 39375.0687 41929.0369 49806.2197 23519.7699 46591.3970 25703.9192 48785.4254 16173.5100 26016.8911 36168.0639 13111.4265 26484.1870 32947.8549 39667.7978 54886.5695 22025.3115 14299.8624 17617.7920 22577.1737 25185.6632 26511.1581 26520.3987 29195.0019 30550.4647 33282.9581 41601.6779 27354.3632 32870.9317 34262.8048 35658.5810 38460.1417 14853.0320 18746.4894 39574.8942 20988.9862 22377.5666 23772.3873 27984.9407 32226.7601 35065.6573 39335.7587 15050.5294 16435.4658 23461.6596 29145.5440 34855.7512 39148.7546 52057.5615 10494.4931 18955.5297 20380.8020 28965.1379 33269.2841 37577.7590 46202.8501 5943.0968 11618.5837 21663.4468 25978.3862 28856.3529 34614.2999 36054.0889 47575.0409 0.0000 4323.0000 12969.0000 17292.0000 23056.0000 24497.0000 27379.0000 28820.0000 30261.0000 30271.0000 33143.0000 34584.0000 37466.0000 41789.0000 44671.0000 14482.5690 20225.8987 24539.7578 30295.6239 31735.0517 33174.6161 36054.0889 38933.9358 46134.7293 13288.4076 16113.3801 27531.7355 30399.2588 33269.2841 34705.0410 41889.2270 44764.7747 46202.8501 16435.4658 17829.2905 24879.1749 26299.2430 29145.5440 30571.2031 31998.2365 37716.9921 39148.7546 46316.1622 19607.9717 20988.9862 20998.5980 22377.5666 27984.9407 29396.2526 30810.3130 33645.2926 36487.6402 40761.6041 42188.4793 22795.3027 26929.4902 31115.0401 31124.7657 11286.8671 14435.2391 18075.8276 21965.2366 23295.6985 28724.3970 30101.0589 30110.6334 31483.4792 32870.9317 48340.1402 17617.7920 23873.5569 25185.6632 25194.8180 26511.1581 29195.0019 29204.3801 30550.4647 31913.4238 31922.9061 33282.9581 34658.2883 36038.7507 37423.7775 22025.3115 25802.4842 29728.7520 31060.9313 33752.1238 13111.4265 20520.4100 25239.6761 30322.3130 30331.3426 31629.5024 35613.0801 38309.7070 14764.0213 15585.0600 20428.3749 22554.0166 23676.9020 30972.2463 32253.1053 33546.9599 34852.3630 37492.9788 16186.6336 16504.2271 18123.3137 19662.0438 22471.2124 24589.1536 29219.9280 30438.1509 32928.6135 17376.0000
41429.2791 41420.1920 36200.0000 40117.9918 33304.0000 60438.7760 36246.6274 30408.0000 37017.0331 32494.9751 56190.0541 25648.7715 28523.5965 52271.0627 31685.3980 55501.7608 26888.8936 49055.6034 24608.8841 30894.1092 33225.7824 35638.0569 38115.6323 45832.9957 20852.3418 42610.7970 22471.2124 44721.6022 14764.0213 22554.0166 32253.1053 13346.8703 22820.1296 29027.7947 35613.0801 50697.5844 18488.8387 11660.2827 14299.8624 18814.6936 21299.3846 22577.1737 22586.1097 25185.6632 26511.1581 29195.0019 37423.7775 23295.6985 28724.3970 30101.0589 31483.4792 34262.8048 11277.0083 14853.0320 35333.7042 16876.0619 18236.2422 19607.9717 23772.3873 27984.9407 30810.3130 35065.6573 10982.6183 12319.2987 19230.0709 24879.1749 30571.2031 34855.7512 47751.0015 6450.6211 14698.1263 16113.3801 24667.5865 28965.1379 33269.2841 41889.2270 2042.8375 7349.0631 17352.5205 21663.4468 24539.7578 30295.6239 31735.0517 43254.2438 4323.0000 0.0000 8646.0000 12969.0000 18733.0000 20174.0000 23056.0000 24497.0000 25938.0000 25948.0000 28820.0000 30261.0000 33143.0000 37466.0000 40348.0000 10190.4010 15917.0005 20225.8987 25978.3862 27417.2636 28856.3529 31735.0517 34614.2999 41814.0793 9118.1211 11886.1937 23237.1675 26099.1697 28965.1379 30399.2588 37577.7590 40451.7975 41889.2270 12319.2987 13677.1816 20636.3905 22047.1894 24879.1749 26299.2430 27721.4714 33426.4683 34855.7512 42014.1745 15530.4657 16876.0619 16885.4548 18236.2422 23772.3873 25172.4109 26576.8152 29396.2526 32226.7601 36487.6402 37911.0593 18746.4894 22795.3027 26929.4902 26939.1222 9153.5386 11286.8671 14435.2391 18075.8276 19351.8632 24638.5974 25992.0056 26001.4306 27354.3632 28724.3970 44094.3788 14299.8624 20043.7462 21299.3846 21308.1802 22577.1737 25185.6632 25194.8180 26511.1581 27848.1299 27857.4442 29195.0019 30550.4647 31913.4238 33282.9581 18488.8387 22025.3115 25802.4842 27097.8240 29728.7520 13346.8703 17399.0749 21652.8587 26484.1870 26492.8930 27747.7212 31629.5024 34276.0824 14551.5250 14551.5250 17647.0385 19438.7592 20428.3749 27225.8983 28456.5179 29706.0641 30972.2463 33546.9599 15993.0505 15928.0000 16504.2271 17481.7965 19662.0438 21479.0429 25703.9192 26849.7562 29219.9280 17905.6892
38628.0367 38618.2905 37218.1853 37218.1853 34407.9894 53436.6629 33008.4543 31613.2849 32347.0200 28838.5759 48835.1436 24658.1414 25281.8344 44829.1045 26550.9168 47781.5524 22883.8464 41337.0852 20155.7684 24608.8841 26556.8873 28662.7145 30894.1092 38115.6323 17613.3841 34894.8921 17481.7965 36771.7233 15585.0600 16864.8663 24832.6534 17399.0749 16479.7025 21652.8587 27747.7212 42400.4025 12938.8080 10537.7616 10237.9186 12435.8563 14299.8624 15350.3511 15357.8625 17617.7920 18814.6936 21299.3846 29195.0019 15610.1347 20649.6158 21965.2366 23295.6985 25992.0056 7240.0000 8432.4332 26929.4902 9244.4193 10406.7565 11631.6307 15530.4657 19607.9717 22377.5666 26576.8152 4576.7693 5213.0855 10982.6183 16435.4658 22047.1894 26299.2430 39148.7546 4085.6750 6450.6211 7765.2328 16113.3801 20380.8020 24667.5865 33269.2841 7349.0631 2042.8375 8766.4143 13049.5849 15917.0005 21663.4468 23101.4251 34614.2999 12969.0000 8646.0000 0.0000 4323.0000 10087.0000 11528.0000 14410.0000 15851.0000 17292.0000 17302.0000 20174.0000 21615.0000 24497.0000 28820.0000 31702.0000 2042.8375 7349.0631 11618.5837 17352.5205 18788.8795 20225.8987 23101.4251 25978.3862 33174.6161 2896.0000 4085.6750 14698.1263 17532.8286 20380.8020 21808.1416 28965.1379 31834.0010 33269.2841 5213.0855 6128.5125 12319.2987 13677.1816 16435.4658 17829.2905 19230.0709 24879.1749 26299.2430 33426.4683 8171.3499 9244.4193 9252.2154 10406.7565 15530.4657 16876.0619 18236.2422 20988.9862 23772.3873 27984.9407 29396.2526 11277.0083 14853.0320 18746.4894 18755.7139 10426.1709 8806.6921 9153.5386 11286.8671 12257.0249 16826.4507 18075.8276 18084.5975 19351.8632 20649.6158 35658.5810 10237.9186 13322.6053 14299.8624 14306.9181 15350.3511 17617.7920 17625.9722 18814.6936 20043.7462 20052.3739 21299.3846 22577.1737 23873.5569 25185.6632 12938.8080 15360.2287 18488.8387 19632.7089 22025.3115 17399.0749 13346.8703 15639.2564 19428.8735 19436.2914 20520.4100 24017.1460 26484.1870 17647.0385 16173.5100 14551.5250 15111.5429 15585.0600 20428.3749 21469.1546 22554.0166 23676.9020 26016.8911 18853.3486 18123.3137 16504.2271 15993.0505 16186.6336 16938.8571 19662.0438 20540.1106 22471.2124 21682.2586
37895.3854 37885.4507 38453.0228 36457.2123 35740.0528 50128.4108 32147.9870 33058.1522 30666.4176 27849.5686 45328.9176 25281.8344 24658.1414 41284.4511 24728.7189 44050.6229 21910.3702 37629.3873 19043.3427 22073.4628 23706.3510 25560.8341 27592.2680 34422.8903 17435.6490 31220.2694 16186.6336 32928.6135 17647.0385 15111.5429 21469.1546 20520.4100 14249.7972 18385.5374 24017.1460 38309.7070 11673.2830 12435.8563 10537.7616 10537.7616 11660.2827 12435.8563 12441.6527 14299.8624 15350.3511 17617.7920 25185.6632 12257.0249 16826.4507 18075.8276 19351.8632 21965.2366 8432.4332 7240.0000 22795.3027 6469.4040 7227.4195 8171.3499 11631.6307 15530.4657 18236.2422 22377.5666 5213.0855 4576.7693 7217.6196 12319.2987 17829.2905 22047.1894 34855.7512 7765.2328 3234.7020 4085.6750 11886.1937 16113.3801 20380.8020 28965.1379 11618.5837 5943.0968 4559.0605 8766.4143 11618.5837 17352.5205 18788.8795 30295.6239 17292.0000 12969.0000 4323.0000 0.0000 5764.0000 7205.0000 10087.0000 11528.0000 12969.0000 12979.0000 15851.0000 17292.0000 20174.0000 24497.0000 27379.0000 3225.3105 3225.3105 7349.0631 13049.5849 14482.5690 15917.0005 18788.8795 21663.4468 28856.3529 5203.3782 3234.7020 10494.4931 13288.4076 16113.3801 17532.8286 24667.5865 27531.7355 28965.1379 4576.7693 4344.0000 8413.2254 9675.9316 12319.2987 13677.1816 15050.5294 20636.3905 22047.1894 29145.5440 5968.5631 6469.4040 6473.8650 7227.4195 11631.6307 12901.2421 14203.5990 16876.0619 19607.9717 23772.3873 25172.4109 8432.4332 11277.0083 14853.0320 14861.7644 13312.7350 10426.1709 8806.6921 9153.5386 9704.1060 13312.7350 14435.2391 14443.2264 15610.1347 16826.4507 31483.4792 10537.7616 11019.3841 11660.2827 11665.2292 12435.8563 14299.8624 14306.9181 15350.3511 16460.0564 16467.9366 17617.7920 18814.6936 20043.7462 21299.3846 11673.2830 12938.8080 15360.2287 16342.6999 18488.8387 20520.4100 13111.4265 13730.3078 16479.7025 16485.8252 17399.0749 20520.4100 22820.1296 20428.3749 18508.5165 14764.0213 14480.0000 14551.5250 17647.0385 18508.5165 19438.7592 20428.3749 22554.0166 21479.0429 20540.1106 18123.3137 16938.8571 15993.0505 15993.0505 17481.7965 18123.3137 19662.0438 24514.0498
37675.5675 37665.5748 40759.8490 36228.6693 38211.0155 45980.1394 31888.5750 35715.1474 29280.8799 27549.7119 40897.9005 27181.6526 24992.7146 36817.8910 23346.5661 39265.4177 21910.3702 32920.1128 19043.3427 19686.7131 20714.6396 22073.4628 23706.3510 29764.4438 18810.5662 26625.4700 16186.6336 28022.8535 21469.1546 14551.5250 17647.0385 25239.6761 13032.0000 14891.1064 19428.8735 32947.8549 12364.3595 16460.0564 13322.6053 10537.7616 10136.0000 10237.9186 10239.3309 11019.3841 11660.2827 13322.6053 20043.7462 9153.5386 12257.0249 13312.7350 14435.2391 16826.4507 12416.3267 9254.2583 17426.1815 6469.4040 5968.5631 5792.0000 7227.4195 10406.7565 12901.2421 16876.0619 9675.9316 8413.2254 4344.0000 7217.6196 12319.2987 16435.4658 29145.5440 13288.4076 5203.3782 4085.6750 6450.6211 10494.4931 14698.1263 23237.1675 17352.5205 11618.5837 2042.8375 3225.3105 5943.0968 11618.5837 13049.5849 24539.7578 23056.0000 18733.0000 10087.0000 5764.0000 0.0000 1441.0000 4323.0000 5764.0000 7205.0000 7215.0000 10087.0000 11528.0000 14410.0000 18733.0000 21615.0000 8766.4143 3225.3105 2042.8375 7349.0631 8766.4143 10190.4010 13049.5849 15917.0005 23101.4251 10494.4931 7765.2328 5203.3782 7765.2328 10494.4931 11886.1937 18955.5297 21808.1416 23237.1675 8413.2254 7217.6196 4576.7693 5213.0855 7217.6196 8413.2254 9675.9316 15050.5294 16435.4658 23461.6596 7227.4195 6469.4040 6464.9554 5968.5631 7227.4195 8171.3499 9244.4193 11631.6307 14203.5990 18236.2422 19607.9717 7382.0106 7792.5300 10214.1874 10221.2438 18075.8276 14435.2391 11286.8671 9153.5386 8806.6921 9704.1060 10426.1709 10431.7026 11286.8671 12257.0249 25992.0056 13322.6053 10237.9186 10136.0000 10136.0049 10237.9186 11019.3841 11023.3110 11660.2827 12435.8563 12441.6527 13322.6053 14299.8624 15350.3511 16460.0564 12364.3595 11584.0000 12364.3595 12938.8080 14454.8391 25239.6761 14891.1064 13111.4265 13730.3078 13733.4596 14249.7972 16479.7025 18385.5374 24832.6534 22554.0166 16864.8663 15585.0600 15111.5429 15111.5429 15585.0600 16173.5100 16864.8663 18508.5165 25703.9192 24589.1536 21479.0429 19662.0438 17481.7965 16504.2271 15993.0505 16186.6336 16938.8571 28870.4782
37758.1492 37748.1783 41441.8904 36314.5415 38937.7284 44998.7171 31986.1010 36491.5982 29103.0501 27662.5391 39843.4756 27823.4149 25281.8344 35759.2967 23212.7703 38111.4726 22146.0319 31797.1224 19314.0184 19314.0184 20155.7684 21356.2765 22859.0887 28662.7145 19408.2120 25550.9425 16504.2271 26849.7562 22554.0166 14764.0213 16864.8663 26484.1870 13111.4265 14249.7972 18385.5374 31629.5024 12938.8080 17617.7920 14299.8624 11019.3841 10237.9186 10136.0000 10136.0049 10537.7616 11019.3841 12435.8563 18814.6936 8806.6921 11286.8671 12257.0249 13312.7350 15610.1347 13612.9491 10214.1874 16126.5526 7227.4195 6469.4040 5968.5631 6469.4040 9244.4193 11631.6307 15530.4657 10982.6183 9675.9316 4576.7693 6128.5125 10982.6183 15050.5294 27721.4714 14698.1263 6450.6211 5203.3782 5203.3782 9118.1211 13288.4076 21808.1416 18788.8795 13049.5849 3225.3105 2042.8375 4559.0605 10190.4010 11618.5837 23101.4251 24497.0000 20174.0000 11528.0000 7205.0000 1441.0000 0.0000 2882.0000 4323.0000 5764.0000 5774.0000 8646.0000 10087.0000 12969.0000 17292.0000 20174.0000 10190.4010 4559.0605 1448.0000 5943.0968 7349.0631 8766.4143 11618.5837 14482.5690 21663.4468 11886.1937 9118.1211 4085.6750 6450.6211 9118.1211 10494.4931 17532.8286 20380.8020 21808.1416 9675.9316 8413.2254 4344.0000 4576.7693 6128.5125 7217.6196 8413.2254 13677.1816 15050.5294 22047.1894 8171.3499 7227.4195 7221.4426 6469.4040 6469.4040 7227.4195 8171.3499 10406.7565 12901.2421 16876.0619 18236.2422 7792.5300 7382.0106 9254.2583 9260.4901 19351.8632 15610.1347 12257.0249 9704.1060 9153.5386 9153.5386 9704.1060 9708.5649 10426.1709 11286.8671 24638.5974 14299.8624 10537.7616 10237.9186 10236.5159 10136.0000 10537.7616 10540.5009 11019.3841 11660.2827 11665.2292 12435.8563 13322.6053 14299.8624 15350.3511 12938.8080 11673.2830 11937.1261 12364.3595 13641.8870 26484.1870 15639.2564 13346.8703 13346.8703 13349.0332 13730.3078 15639.2564 17399.0749 26016.8911 23676.9020 17647.0385 16173.5100 15585.0600 14764.0213 15111.5429 15585.0600 16173.5100 17647.0385 26849.7562 25703.9192 22471.2124 20540.1106 18123.3137 16938.8571 15928.0000 15993.0505 16504.2271 30033.7874
38086.6853 38076.8005 42918.7504 36656.0186 40505.9940 43113.4092 32373.2672 38160.5241 28960.0000 28109.3195 37811.2416 29278.0064 26090.2429 33727.2381 23212.7703 35865.9430 22883.8464 29633.8018 20155.7684 18879.0746 19314.0184 20155.7684 21356.2765 26556.8873 20852.3418 23519.7699 17481.7965 24589.1536 24832.6534 15585.0600 15585.0600 29027.7947 13730.3078 13346.8703 16479.7025 29027.7947 14454.8391 20043.7462 16460.0564 12435.8563 11019.3841 10537.7616 10535.0311 10136.0000 10237.9186 11019.3841 16460.0564 8806.6921 9704.1060 10426.1709 11286.8671 13312.7350 16126.5526 12416.3267 13612.9491 9244.4193 8171.3499 7227.4195 5792.0000 7227.4195 9244.4193 12901.2421 13677.1816 12319.2987 6128.5125 4576.7693 8413.2254 12319.2987 24879.1749 17532.8286 9118.1211 7765.2328 3234.7020 6450.6211 10494.4931 18955.5297 21663.4468 15917.0005 5943.0968 2042.8375 2042.8375 7349.0631 8766.4143 20225.8987 27379.0000 23056.0000 14410.0000 10087.0000 4323.0000 2882.0000 0.0000 1441.0000 2882.0000 2892.0000 5764.0000 7205.0000 10087.0000 14410.0000 17292.0000 13049.5849 7349.0631 3225.3105 3225.3105 4559.0605 5943.0968 8766.4143 11618.5837 18788.8795 14698.1263 11886.1937 2896.0000 4085.6750 6450.6211 7765.2328 14698.1263 17532.8286 18955.5297 12319.2987 10982.6183 5213.0855 4576.7693 4576.7693 5213.0855 6128.5125 10982.6183 12319.2987 19230.0709 10406.7565 9244.4193 9236.6276 8171.3499 5792.0000 5968.5631 6469.4040 8171.3499 10406.7565 14203.5990 15530.4657 9254.2583 7382.0106 7792.5300 7796.2340 21965.2366 18075.8276 14435.2391 11286.8671 10426.1709 8688.0000 8806.6921 8808.3338 9153.5386 9704.1060 21965.2366 16460.0564 11660.2827 11019.3841 11015.4648 10537.7616 10136.0000 10136.0049 10237.9186 10537.7616 10540.5009 11019.3841 11660.2827 12435.8563 13322.6053 14454.8391 12364.3595 11584.0000 11673.2830 12364.3595 29027.7947 17399.0749 14249.7972 13032.0000 13032.0038 13111.4265 14249.7972 15639.2564 28456.5179 26016.8911 19438.7592 17647.0385 16864.8663 14480.0000 14551.5250 14764.0213 15111.5429 16173.5100 29219.9280 28022.8535 24589.1536 22471.2124 19662.0438 18123.3137 16186.6336 15993.0505 15993.0505 32427.3807
38331.2396 38321.4179 43709.7587 36910.0532 41343.1908 42212.9869 32660.6301 39048.0406 28995.8287 28439.7990 36837.6594 30082.5651 26602.5379 32759.0549 23346.5661 34778.3851 23377.5900 28599.7248 20714.6396 18824.0000 19043.3427 19686.7131 20714.6396 25560.8341 21682.2586 22573.7342 18123.3137 23509.8798 26016.8911 16173.5100 15111.5429 30322.3130 14249.7972 13111.4265 15639.2564 27747.7212 15360.2287 21299.3846 17617.7920 13322.6053 11660.2827 11019.3841 11015.4648 10237.9186 10136.0000 10537.7616 15350.3511 9153.5386 9153.5386 9704.1060 10426.1709 12257.0249 17426.1815 13612.9491 12416.3267 10406.7565 9244.4193 8171.3499 5968.5631 6469.4040 8171.3499 11631.6307 15050.5294 13677.1816 7217.6196 4344.0000 7217.6196 10982.6183 23461.6596 18955.5297 10494.4931 9118.1211 2896.0000 5203.3782 9118.1211 17532.8286 23101.4251 17352.5205 7349.0631 3225.3105 1448.0000 5943.0968 7349.0631 18788.8795 28820.0000 24497.0000 15851.0000 11528.0000 5764.0000 4323.0000 1441.0000 0.0000 1441.0000 1451.0000 4323.0000 5764.0000 8646.0000 12969.0000 15851.0000 14482.5690 8766.4143 4559.0605 2042.8375 3225.3105 4559.0605 7349.0631 10190.4010 17352.5205 16113.3801 13288.4076 3234.7020 3234.7020 5203.3782 6450.6211 13288.4076 16113.3801 17532.8286 13677.1816 12319.2987 6128.5125 5213.0855 4344.0000 4576.7693 5213.0855 9675.9316 10982.6183 17829.2905 11631.6307 10406.7565 10398.4499 9244.4193 5968.5631 5792.0000 5968.5631 7227.4195 9244.4193 12901.2421 14203.5990 10214.1874 7792.5300 7382.0106 7383.9692 23295.6985 19351.8632 15610.1347 12257.0249 11286.8671 8806.6921 8688.0000 8688.0058 8806.6921 9153.5386 20649.6158 17617.7920 12435.8563 11660.2827 11655.3426 11019.3841 10237.9186 10236.5159 10136.0000 10237.9186 10239.3309 10537.7616 11019.3841 11660.2827 12435.8563 15360.2287 12938.8080 11673.2830 11584.0000 11937.1261 30322.3130 18385.5374 14891.1064 13111.4265 13110.3312 13032.0000 13730.3078 14891.1064 29706.0641 27225.8983 20428.3749 18508.5165 17647.0385 14551.5250 14480.0000 14551.5250 14764.0213 15585.0600 30438.1509 29219.9280 25703.9192 23509.8798 20540.1106 18853.3486 16504.2271 16186.6336 15928.0000 33652.9014
38628.0367 38618.2905 44533.3565 37218.1853 42212.9869 41343.1908 33008.4543 39967.8159 29103.0501 28838.5759 35895.5329 30933.3597 27181.6526 31826.6827 23567.8712 33717.3432 23947.9847 27602.1607 21356.2765 18879.0746 18879.0746 19314.0184 20155.7684 24608.8841 22573.7342 21682.2586 18853.3486 22471.2124 27225.8983 16864.8663 14764.0213 31629.5024 14891.1064 13032.0000 14891.1064 26484.1870 16342.6999 22577.1737 18814.6936 14299.8624 12435.8563 11660.2827 11655.3426 10537.7616 10237.9186 10237.9186 14299.8624 9704.1060 8806.6921 9153.5386 9704.1060 11286.8671 18746.4894 14853.0320 11277.0083 11631.6307 10406.7565 9244.4193 6469.4040 5968.5631 7227.4195 10406.7565 16435.4658 15050.5294 8413.2254 4576.7693 6128.5125 9675.9316 22047.1894 20380.8020 11886.1937 10494.4931 3234.7020 4085.6750 7765.2328 16113.3801 24539.7578 18788.8795 8766.4143 4559.0605 2042.8375 4559.0605 5943.0968 17352.5205 30261.0000 25938.0000 17292.0000 12969.0000 7205.0000 5764.0000 2882.0000 1441.0000 0.0000 10.0000 2882.0000 4323.0000 7205.0000 11528.0000 14410.0000 15917.0005 10190.4010 5943.0968 1448.0000 2042.8375 3225.3105 5943.0968 8766.4143 15917.0005 17532.8286 14698.1263 4085.6750 2896.0000 4085.6750 5203.3782 11886.1937 14698.1263 16113.3801 15050.5294 13677.1816 7217.6196 6128.5125 4576.7693 4344.0000 4576.7693 8413.2254 9675.9316 16435.4658 12901.2421 11631.6307 11622.9597 10406.7565 6469.4040 5968.5631 5792.0000 6469.4040 8171.3499 11631.6307 12901.2421 11277.0083 8432.4332 7240.0000 7240.0069 24638.5974 20649.6158 16826.4507 13312.7350 12257.0249 9153.5386 8806.6921 8805.0613 8688.0000 8806.6921 19351.8632 18814.6936 13322.6053 12435.8563 12430.0652 11660.2827 10537.7616 10535.0311 10237.9186 10136.0000 10136.0049 10237.9186 10537.7616 11019.3841 11660.2827 16342.6999 13641.8870 11937.1261 11673.2830 11673.2830 31629.5024 19428.8735 15639.2564 13346.8703 13344.7146 13111.4265 13346.8703 14249.7972 30972.2463 28456.5179 21469.1546 19438.7592 18508.5165 14764.0213 14551.5250 14480.0000 14551.5250 15111.5429 31675.0821 30438.1509 26849.7562 24589.1536 21479.0429 19662.0438 16938.8571 16504.2271 15993.0505 34894.8921
38630.2762 38620.5306 44539.1817 37220.5096 42219.1322 41337.2663 33011.0750 39974.3063 29104.0421 28841.5755 35889.1106 30939.4167 27185.8952 31820.3449 23569.7075 33710.0785 23952.1984 27595.3748 21361.0015 18879.8405 18878.3139 19311.7825 20152.1959 24602.4441 22580.1190 21676.2787 18858.7007 22464.1596 27234.3672 16869.9951 14762.0725 31638.6144 14895.9474 13032.0038 14886.2705 26475.4819 16349.7553 22586.1097 18823.1192 14306.9181 12441.6527 11665.2292 11660.2827 10540.5009 10239.3309 10236.5159 14292.8103 9708.5649 8805.0613 9150.3950 9699.6553 11280.4862 18755.7139 14861.7644 11269.3432 11640.3038 10415.0660 9252.2154 6473.8650 5966.1566 7221.4426 10398.4499 16445.1104 15060.1041 8421.7908 4579.9276 6121.4627 9666.9971 22037.3855 20390.7006 11895.8926 10504.1051 3239.1692 4078.6272 7755.9552 16103.5430 24549.7404 18798.8498 8776.2771 4568.5439 2049.9037 4549.5794 5933.3987 17342.5554 30271.0000 25948.0000 17302.0000 12979.0000 7215.0000 5774.0000 2892.0000 1451.0000 10.0000 0.0000 2872.0000 4313.0000 7195.0000 11518.0000 14400.0000 15926.9591 10200.2997 5952.7960 1448.0345 2035.7959 3216.3781 5933.3987 8756.5518 15907.0420 17542.6914 14707.9304 4092.7350 2896.0173 4078.6272 5195.0731 11876.4953 14688.3224 16103.5430 15060.1041 13686.6642 7225.6081 6135.5705 4579.9276 4344.0115 4573.6306 8404.6631 9666.9971 16425.8217 12910.1785 11640.3038 11631.6307 10415.0660 6473.8650 5970.9853 5792.0086 6464.9554 8164.2991 11622.9597 12892.3073 11284.6770 8437.5642 7240.0069 7240.0000 24647.9553 20658.6881 16835.0154 13320.3135 12264.0809 9156.6920 8808.3338 8806.6921 8688.0058 8805.0613 19342.9281 18823.1192 13329.0972 12441.6527 12435.8563 11665.2292 10540.5009 10537.7616 10239.3309 10136.0049 10136.0000 10236.5159 10535.0311 11015.4648 11655.3426 16349.7553 13647.1712 11939.5444 11674.5217 11672.0528 31638.6144 19436.2914 15644.7870 13349.0332 13346.8703 13112.5293 13344.7146 14245.7552 30981.0865 28465.1269 21476.5389 19445.4324 18514.7467 14765.9766 14552.5187 14480.0035 14550.5382 15108.6852 31683.7262 30446.6729 26857.8072 24596.7728 21485.7530 19667.9086 16942.2625 16506.8493 15993.9546 34903.5645
39373.4262 39363.8645 46271.2913 37991.2461 44042.5796 39703.4588 33877.7142 41895.5709 29528.0425 29829.5982 34115.9848 32759.0549 28523.5965 30082.5651 24262.4865 31685.3980 25297.2995 25733.4060 22859.0887 19314.0184 18879.0746 18879.0746 19314.0184 22859.0887 24514.0498 20091.6138 20540.1106 20540.1106 29706.0641 18508.5165 14480.0000 34276.0824 16479.7025 13346.8703 13730.3078 24017.1460 18488.8387 25185.6632 21299.3846 16460.0564 14299.8624 13322.6053 13316.1178 11660.2827 11019.3841 10237.9186 12435.8563 11286.8671 8806.6921 8688.0000 8806.6921 9704.1060 21433.8022 17426.1815 9254.2583 14203.5990 12901.2421 11631.6307 8171.3499 5968.5631 5968.5631 8171.3499 19230.0709 17829.2905 10982.6183 6128.5125 4576.7693 7217.6196 19230.0709 23237.1675 14698.1263 13288.4076 5203.3782 2896.0000 5203.3782 13288.4076 27417.2636 21663.4468 11618.5837 7349.0631 4559.0605 2042.8375 3225.3105 14482.5690 33143.0000 28820.0000 20174.0000 15851.0000 10087.0000 8646.0000 5764.0000 4323.0000 2882.0000 2872.0000 0.0000 1441.0000 4323.0000 8646.0000 11528.0000 18788.8795 13049.5849 8766.4143 3225.3105 2042.8375 1448.0000 3225.3105 5943.0968 13049.5849 20380.8020 17532.8286 6450.6211 4085.6750 2896.0000 3234.7020 9118.1211 11886.1937 13288.4076 17829.2905 16435.4658 9675.9316 8413.2254 6128.5125 5213.0855 4576.7693 6128.5125 7217.6196 13677.1816 15530.4657 14203.5990 14194.4688 12901.2421 8171.3499 7227.4195 6469.4040 5792.0000 6469.4040 9244.4193 10406.7565 13612.9491 10214.1874 7792.5300 7788.8371 27354.3632 23295.6985 19351.8632 15610.1347 14435.2391 10426.1709 9704.1060 9699.6553 9153.5386 8806.6921 16826.4507 21299.3846 15350.3511 14299.8624 14292.8103 13322.6053 11660.2827 11655.3426 11019.3841 10537.7616 10535.0311 10237.9186 10136.0000 10237.9186 10537.7616 18488.8387 15360.2287 12938.8080 12364.3595 11673.2830 34276.0824 21652.8587 17399.0749 14249.7972 14245.7552 13730.3078 13032.0000 13346.8703 33546.9599 30972.2463 23676.9020 21469.1546 20428.3749 15585.0600 15111.5429 14764.0213 14551.5250 14551.5250 34196.9195 32928.6135 29219.9280 26849.7562 23509.8798 21479.0429 18123.3137 17481.7965 16504.2271 37421.7026
39819.1771 39809.7225 47182.2861 38453.0228 44998.7171 38937.7284 34394.7626 42899.5872 29842.8153 30415.5405 33284.1619 33727.2381 29278.0064 29278.0064 24728.7189 30720.4574 26065.4273 24871.7125 23706.3510 19686.7131 19043.3427 18824.0000 19043.3427 22073.4628 25550.9425 19408.2120 21479.0429 19662.0438 30972.2463 19438.7592 14551.5250 35613.0801 17399.0749 13730.3078 13346.8703 22820.1296 19632.7089 26511.1581 22577.1737 17617.7920 15350.3511 14299.8624 14292.8103 12435.8563 11660.2827 10537.7616 11660.2827 12257.0249 9153.5386 8806.6921 8688.0000 9153.5386 22795.3027 18746.4894 8432.4332 15530.4657 14203.5990 12901.2421 9244.4193 6469.4040 5792.0000 7227.4195 20636.3905 19230.0709 12319.2987 7217.6196 4344.0000 6128.5125 17829.2905 24667.5865 16113.3801 14698.1263 6450.6211 3234.7020 4085.6750 11886.1937 28856.3529 23101.4251 13049.5849 8766.4143 5943.0968 1448.0000 2042.8375 13049.5849 34584.0000 30261.0000 21615.0000 17292.0000 11528.0000 10087.0000 7205.0000 5764.0000 4323.0000 4313.0000 1441.0000 0.0000 2882.0000 7205.0000 10087.0000 20225.8987 14482.5690 10190.4010 4559.0605 3225.3105 2042.8375 2042.8375 4559.0605 11618.5837 21808.1416 18955.5297 7765.2328 5203.3782 3234.7020 2896.0000 7765.2328 10494.4931 11886.1937 19230.0709 17829.2905 10982.6183 9675.9316 7217.6196 6128.5125 5213.0855 5213.0855 6128.5125 12319.2987 16876.0619 15530.4657 15521.1876 14203.5990 9244.4193 8171.3499 7227.4195 5968.5631 5968.5631 8171.3499 9244.4193 14853.0320 11277.0083 8432.4332 8427.3109 28724.3970 24638.5974 20649.6158 16826.4507 15610.1347 11286.8671 10426.1709 10420.6459 9704.1060 9153.5386 15610.1347 22577.1737 16460.0564 15350.3511 15342.8426 14299.8624 12435.8563 12430.0652 11660.2827 11019.3841 11015.4648 10537.7616 10237.9186 10136.0000 10237.9186 19632.7089 16342.6999 13641.8870 12938.8080 11937.1261 35613.0801 22820.1296 18385.5374 14891.1064 14886.2705 14249.7972 13111.4265 13111.4265 34852.3630 32253.1053 24832.6534 22554.0166 21469.1546 16173.5100 15585.0600 15111.5429 14764.0213 14480.0000 35478.4158 34196.9195 30438.1509 28022.8535 24589.1536 22471.2124 18853.3486 18123.3137 16938.8571 38703.7263
40848.8201 40839.6039 49080.5302 39518.2768 46985.2622 37525.5870 35581.7220 44978.9385 30666.4176 31751.6038 31751.6038 35759.2967 30933.3597 27823.4149 25877.6160 28909.6781 27762.7748 23320.5653 25560.8341 20714.6396 19686.7131 19043.3427 18824.0000 20714.6396 27733.2580 18307.0771 23509.8798 18123.3137 33546.9599 21469.1546 15111.5429 38309.7070 19428.8735 14891.1064 13032.0000 20520.4100 22025.3115 29195.0019 25185.6632 20043.7462 17617.7920 16460.0564 16452.1785 14299.8624 13322.6053 11660.2827 10537.7616 14435.2391 10426.1709 9704.1060 9153.5386 8688.0000 25544.4829 21433.8022 7382.0106 18236.2422 16876.0619 15530.4657 11631.6307 8171.3499 6469.4040 5968.5631 23461.6596 22047.1894 15050.5294 9675.9316 5213.0855 4576.7693 15050.5294 27531.7355 18955.5297 17532.8286 9118.1211 5203.3782 2896.0000 9118.1211 31735.0517 25978.3862 15917.0005 11618.5837 8766.4143 3225.3105 2042.8375 10190.4010 37466.0000 33143.0000 24497.0000 20174.0000 14410.0000 12969.0000 10087.0000 8646.0000 7205.0000 7195.0000 4323.0000 2882.0000 0.0000 4323.0000 7205.0000 23101.4251 17352.5205 13049.5849 7349.0631 5943.0968 4559.0605 2042.8375 2042.8375 8766.4143 24667.5865 21808.1416 10494.4931 7765.2328 5203.3782 4085.6750 5203.3782 7765.2328 9118.1211 22047.1894 20636.3905 13677.1816 12319.2987 9675.9316 8413.2254 7217.6196 4344.0000 4576.7693 9675.9316 19607.9717 18236.2422 18226.7602 16876.0619 11631.6307 10406.7565 9244.4193 7227.4195 5968.5631 6469.4040 7227.4195 17426.1815 13612.9491 10214.1874 10207.1360 31483.4792 27354.3632 23295.6985 19351.8632 18075.8276 13312.7350 12257.0249 12249.9731 11286.8671 10426.1709 13312.7350 25185.6632 18814.6936 17617.7920 17609.6137 16460.0564 14299.8624 14292.8103 13322.6053 12435.8563 12430.0652 11660.2827 11019.3841 10537.7616 10237.9186 22025.3115 18488.8387 15360.2287 14454.8391 12938.8080 38309.7070 25239.6761 20520.4100 16479.7025 16473.5835 15639.2564 13730.3078 13111.4265 37492.9788 34852.3630 27225.8983 24832.6534 23676.9020 17647.0385 16864.8663 16173.5100 15585.0600 14764.0213 38075.6384 36771.7233 32928.6135 30438.1509 26849.7562 24589.1536 20540.1106 19662.0438 18123.3137 41299.2316
42712.5530 42703.7389 52097.4199 41441.8904 50128.4108 35740.0528 37706.6972 48252.9545 32347.0200 34115.9848 29829.5982 39008.6603 33727.2381 26090.2429 28071.5234 26550.9168 30642.5623 21514.3210 28662.7145 22859.0887 21356.2765 20155.7684 19314.0184 19314.0184 31220.2694 17435.6490 26849.7562 16504.2271 37492.9788 24832.6534 16864.8663 42400.4025 22820.1296 17399.0749 13730.3078 17399.0749 25802.4842 33282.9581 29195.0019 23873.5569 21299.3846 20043.7462 20035.1197 17617.7920 16460.0564 14299.8624 10237.9186 18075.8276 13312.7350 12257.0249 11286.8671 9704.1060 29715.4842 25544.4829 7792.5300 22377.5666 20988.9862 19607.9717 15530.4657 11631.6307 9244.4193 6469.4040 27721.4714 26299.2430 19230.0709 13677.1816 8413.2254 5213.0855 10982.6183 31834.0010 23237.1675 21808.1416 13288.4076 9118.1211 5203.3782 5203.3782 36054.0889 30295.6239 20225.8987 15917.0005 13049.5849 7349.0631 5943.0968 5943.0968 41789.0000 37466.0000 28820.0000 24497.0000 18733.0000 17292.0000 14410.0000 12969.0000 11528.0000 11518.0000 8646.0000 7205.0000 4323.0000 0.0000 2882.0000 27417.2636 21663.4468 17352.5205 11618.5837 10190.4010 8766.4143 5943.0968 3225.3105 4559.0605 28965.1379 26099.1697 14698.1263 11886.1937 9118.1211 7765.2328 2896.0000 4085.6750 5203.3782 26299.2430 24879.1749 17829.2905 16435.4658 13677.1816 12319.2987 10982.6183 6128.5125 5213.0855 6128.5125 23772.3873 22377.5666 22367.9076 20988.9862 15530.4657 14203.5990 12901.2421 10406.7565 8171.3499 5968.5631 5792.0000 21433.8022 17426.1815 13612.9491 13604.4818 35658.5810 31483.4792 27354.3632 23295.6985 21965.2366 16826.4507 15610.1347 15601.8276 14435.2391 13312.7350 10426.1709 29195.0019 22577.1737 21299.3846 21290.5901 20043.7462 17617.7920 17609.6137 16460.0564 15350.3511 15342.8426 14299.8624 13322.6053 12435.8563 11660.2827 25802.4842 22025.3115 18488.8387 17389.1925 15360.2287 42400.4025 29027.7947 24017.1460 19428.8735 19421.4578 18385.5374 15639.2564 14249.7972 41514.1548 38826.1642 30972.2463 28456.5179 27225.8983 20428.3749 19438.7592 18508.5165 17647.0385 16173.5100 42041.1207 40711.2066 36771.7233 34196.9195 30438.1509 28022.8535 23509.8798 22471.2124 20540.1106 45257.5507
44146.9256 44138.3980 54207.0208 42918.7504 52317.4686 34798.0457 39324.0877 50523.3369 33729.7326 35895.5329 28838.5759 41284.4511 35759.2967 25281.8344 29793.9845 25268.6326 32739.2946 20727.8150 30894.1092 24608.8841 22859.0887 21356.2765 20155.7684 18879.0746 33652.9014 17435.6490 29219.9280 15993.0505 40166.7967 27225.8983 18508.5165 45151.5883 25239.6761 19428.8735 14891.1064 15639.2564 28407.1980 36038.7507 31913.4238 26511.1581 23873.5569 22577.1737 22568.2386 20043.7462 18814.6936 16460.0564 11019.3841 20649.6158 15610.1347 14435.2391 13312.7350 11286.8671 32518.2165 28320.0855 9254.2583 25172.4109 23772.3873 22377.5666 18236.2422 14203.5990 11631.6307 8171.3499 30571.2031 29145.5440 22047.1894 16435.4658 10982.6183 7217.6196 8413.2254 34705.0410 26099.1697 24667.5865 16113.3801 11886.1937 7765.2328 3234.7020 38933.9358 33174.6161 23101.4251 18788.8795 15917.0005 10190.4010 8766.4143 3225.3105 44671.0000 40348.0000 31702.0000 27379.0000 21615.0000 20174.0000 17292.0000 15851.0000 14410.0000 14400.0000 11528.0000 10087.0000 7205.0000 2882.0000 0.0000 30295.6239 24539.7578 20225.8987 14482.5690 13049.5849 11618.5837 8766.4143 5943.0968 2042.8375 31834.0010 28965.1379 17532.8286 14698.1263 11886.1937 10494.4931 4085.6750 2896.0000 3234.7020 29145.5440 27721.4714 20636.3905 19230.0709 16435.4658 15050.5294 13677.1816 8413.2254 7217.6196 4576.7693 26576.8152 25172.4109 25162.6794 23772.3873 18236.2422 16876.0619 15530.4657 12901.2421 10406.7565 7227.4195 6469.4040 24166.0244 20083.3983 16126.5526 16117.6177 38460.1417 34262.8048 30101.0589 25992.0056 24638.5974 19351.8632 18075.8276 18067.0591 16826.4507 15610.1347 9153.5386 31913.4238 25185.6632 23873.5569 23864.5034 22577.1737 20043.7462 20035.1197 18814.6936 17617.7920 17609.6137 16460.0564 15350.3511 14299.8624 13322.6053 28407.1980 24523.4027 20813.5129 19632.7089 17389.1925 45151.5883 31629.5024 26484.1870 21652.8587 21644.8735 20520.4100 17399.0749 15639.2564 44226.5861 41514.1548 33546.9599 30972.2463 29706.0641 22554.0166 21469.1546 20428.3749 19438.7592 17647.0385 44721.6022 43378.1314 39389.1077 36771.7233 32928.6135 30438.1509 25703.9192 24589.1536 22471.2124 47931.4471
39754.3613 39744.5269 38975.8832 38331.2396 36186.3106 53250.9400 34074.4544 33414.8516 33058.1522 29842.8153 48501.9201 26222.8530 26420.0762 44464.9606 27181.6526 47264.2419 23874.2522 40838.8474 21075.5232 24871.7125 26645.2106 28599.7248 30700.7023 37629.3873 18879.0746 34422.8903 18307.0771 36151.6553 17481.7965 17481.7965 24589.1536 19438.7592 16864.8663 21469.1546 27225.8983 41514.1548 13730.3078 12364.3595 11584.0000 12938.8080 14454.8391 15360.2287 15366.7975 17389.1925 18488.8387 20813.5129 28407.1980 15350.3511 20043.7462 21299.3846 22577.1737 25185.6632 8806.6921 9153.5386 25992.0056 9254.2583 10214.1874 11277.0083 14853.0320 18746.4894 21433.8022 25544.4829 5792.0000 5968.5631 10406.7565 15530.4657 20988.9862 25172.4109 37911.0593 6128.5125 6128.5125 7217.6196 15050.5294 19230.0709 23461.6596 31998.2365 9118.1211 4085.6750 7765.2328 11886.1937 14698.1263 20380.8020 21808.1416 33269.2841 14482.5690 10190.4010 2042.8375 3225.3105 8766.4143 10190.4010 13049.5849 14482.5690 15917.0005 15926.9591 18788.8795 20225.8987 23101.4251 27417.2636 30295.6239 0.0000 5764.0000 10087.0000 15851.0000 17292.0000 18733.0000 21615.0000 24497.0000 31702.0000 2042.8375 2042.8375 13049.5849 15917.0005 18788.8795 20225.8987 27417.2636 30295.6239 31735.0517 3234.7020 4085.6750 10494.4931 11886.1937 14698.1263 16113.3801 17532.8286 23237.1675 24667.5865 31834.0010 6128.5125 7217.6196 7225.6081 8413.2254 13677.1816 15050.5294 16435.4658 19230.0709 22047.1894 26299.2430 27721.4714 9244.4193 12901.2421 16876.0619 16885.4548 10214.1874 7792.5300 7382.0106 9254.2583 10214.1874 14853.0320 16126.5526 16135.4888 17426.1815 18746.4894 33924.5641 8688.0000 11286.8671 12257.0249 12264.0809 13312.7350 15610.1347 15618.4437 16826.4507 18075.8276 18084.5975 19351.8632 20649.6158 21965.2366 23295.6985 11019.3841 13322.6053 16460.0564 17617.7920 20043.7462 17389.1925 11673.2830 13641.8870 17389.1925 17396.6519 18488.8387 22025.3115 24523.4027 17399.0749 15639.2564 13032.0000 13346.8703 13730.3078 18385.5374 19428.8735 20520.4100 21652.8587 24017.1460 18508.5165 17647.0385 15585.0600 14764.0213 14551.5250 15111.5429 17647.0385 18508.5165 20428.3749 21479.0429
39122.5472 39112.5540 40848.8201 37675.5675 38196.2787 49028.0997 33335.1601 35581.7220 31249.9358 28995.8287 44012.9532 27460.6157 26103.8039 39938.2050 25281.8344 42449.9766 23168.0000 36088.0978 20272.0000 22038.7681 23320.5653 24871.7125 26645.2106 32920.1128 19314.0184 29764.4438 17376.0000 31220.2694 20540.1106 15993.0505 20540.1106 23676.9020 14764.0213 17647.0385 22554.0166 36168.0639 13111.4265 15360.2287 12938.8080 11584.0000 11937.1261 12364.3595 12367.8594 13641.8870 14454.8391 16342.6999 23263.2614 11660.2827 15350.3511 16460.0564 17617.7920 20043.7462 11286.8671 9153.5386 20649.6158 7240.0000 7382.0106 7792.5300 10214.1874 13612.9491 16126.5526 20083.3983 8171.3499 7227.4195 6469.4040 10406.7565 15530.4657 19607.9717 32226.7601 10982.6183 4576.7693 4344.0000 9675.9316 13677.1816 17829.2905 26299.2430 14698.1263 9118.1211 3234.7020 6450.6211 9118.1211 14698.1263 16113.3801 27531.7355 20225.8987 15917.0005 7349.0631 3225.3105 3225.3105 4559.0605 7349.0631 8766.4143 10190.4010 10200.2997 13049.5849 14482.5690 17352.5205 21663.4468 24539.7578 5764.0000 0.0000 4323.0000 10087.0000 11528.0000 12969.0000 15851.0000 18733.0000 25938.0000 7349.0631 4559.0605 7349.0631 10190.4010 13049.5849 14482.5690 21663.4468 24539.7578 25978.3862 5203.3782 4085.6750 5203.3782 6450.6211 9118.1211 10494.4931 11886.1937 17532.8286 18955.5297 26099.1697 4576.7693 4344.0000 4344.0115 4576.7693 8413.2254 9675.9316 10982.6183 13677.1816 16435.4658 20636.3905 22047.1894 5968.5631 8171.3499 11631.6307 11640.3038 14853.0320 11277.0083 8432.4332 7240.0000 7382.0106 10214.1874 11277.0083 11284.6770 12416.3267 13612.9491 28320.0855 10426.1709 8806.6921 9153.5386 9156.6920 9704.1060 11286.8671 11293.2533 12257.0249 13312.7350 13320.3135 14435.2391 15610.1347 16826.4507 18075.8276 10237.9186 10537.7616 12435.8563 13322.6053 15350.3511 22025.3115 12364.3595 11673.2830 13641.8870 13647.1712 14454.8391 17389.1925 19632.7089 21652.8587 19428.8735 14249.7972 13346.8703 13111.4265 14891.1064 15639.2564 16479.7025 17399.0749 19428.8735 22554.0166 21469.1546 18508.5165 16864.8663 15111.5429 14551.5250 15111.5429 15585.0600 16864.8663 25703.9192
39202.0808 39192.1079 42712.5530 37758.1492 40183.2276 46080.6860 33428.4660 37706.6972 30544.2693 29103.0501 40856.7497 29112.3180 26693.7407 36771.0748 24658.1414 39008.6603 23567.8712 32739.2946 20727.8150 20727.8150 21514.3210 22642.9140 24065.5136 29633.8018 20714.6396 26556.8873 17905.6892 27733.2580 23509.8798 16186.6336 18123.3137 27225.8983 14551.5250 15585.0600 19438.7592 32253.1053 14249.7972 18488.8387 15360.2287 12364.3595 11673.2830 11584.0000 11584.0043 11937.1261 12364.3595 13641.8870 19632.7089 10237.9186 12435.8563 13322.6053 14299.8624 16460.0564 14435.2391 11286.8671 16826.4507 8432.4332 7792.5300 7382.0106 7792.5300 10214.1874 12416.3267 16126.5526 11631.6307 10406.7565 5968.5631 7227.4195 11631.6307 15530.4657 27984.9407 15050.5294 7217.6196 6128.5125 6128.5125 9675.9316 13677.1816 22047.1894 18955.5297 13288.4076 4085.6750 3234.7020 5203.3782 10494.4931 11886.1937 23237.1675 24539.7578 20225.8987 11618.5837 7349.0631 2042.8375 1448.0000 3225.3105 4559.0605 5943.0968 5952.7960 8766.4143 10190.4010 13049.5849 17352.5205 20225.8987 10087.0000 4323.0000 0.0000 5764.0000 7205.0000 8646.0000 11528.0000 14410.0000 21615.0000 11618.5837 8766.4143 3225.3105 5943.0968 8766.4143 10190.4010 17352.5205 20225.8987 21663.4468 9118.1211 7765.2328 2896.0000 3234.7020 5203.3782 6450.6211 7765.2328 13288.4076 14698.1263 21808.1416 7217.6196 6128.5125 6121.4627 5213.0855 5213.0855 6128.5125 7217.6196 9675.9316 12319.2987 16435.4658 17829.2905 6469.4040 5968.5631 8171.3499 8178.4069 18746.4894 14853.0320 11277.0083 8432.4332 7792.5300 7792.5300 8432.4332 8437.5642 9254.2583 10214.1874 24166.0244 13312.7350 9153.5386 8806.6921 8805.0613 8688.0000 9153.5386 9156.6920 9704.1060 10426.1709 10431.7026 11286.8671 12257.0249 13312.7350 14435.2391 11660.2827 10237.9186 10537.7616 11019.3841 12435.8563 25802.4842 14454.8391 11937.1261 11937.1261 11939.5444 12364.3595 14454.8391 16342.6999 25239.6761 22820.1296 16479.7025 14891.1064 14249.7972 13346.8703 13730.3078 14249.7972 14891.1064 16479.7025 26016.8911 24832.6534 21469.1546 19438.7592 16864.8663 15585.0600 14480.0000 14551.5250 15111.5429 29219.9280
40040.6110 40030.8470 45718.1774 38628.0367 43364.5172 42518.2845 34407.9894 41080.2213 30544.2693 30223.0858 37017.0331 32097.6227 28499.5944 32959.4049 24992.7146 34728.2373 25268.6326 28682.4631 22642.9140 20323.1510 20323.1510 20727.8150 21514.3210 25733.4060 23706.3510 22859.0887 20091.6138 23519.7699 28022.8535 18123.3137 16186.6336 32253.1053 16173.5100 14480.0000 16173.5100 27225.8983 17399.0749 23263.2614 19632.7089 15360.2287 13641.8870 12938.8080 12934.3563 11937.1261 11673.2830 11673.2830 15360.2287 11019.3841 10237.9186 10537.7616 11019.3841 12435.8563 19351.8632 15610.1347 12257.0249 12416.3267 11277.0083 10214.1874 7792.5300 7382.0106 8432.4332 11277.0083 16876.0619 15530.4657 9244.4193 5968.5631 7227.4195 10406.7565 22377.5666 20636.3905 12319.2987 10982.6183 4576.7693 5213.0855 8413.2254 16435.4658 24667.5865 18955.5297 9118.1211 5203.3782 3234.7020 5203.3782 6450.6211 17532.8286 30295.6239 25978.3862 17352.5205 13049.5849 7349.0631 5943.0968 3225.3105 2042.8375 1448.0000 1448.0345 3225.3105 4559.0605 7349.0631 11618.5837 14482.5690 15851.0000 10087.0000 5764.0000 0.0000 1441.0000 2882.0000 5764.0000 8646.0000 15851.0000 17352.5205 14482.5690 3225.3105 1448.0000 3225.3105 4559.0605 11618.5837 14482.5690 15917.0005 14698.1263 13288.4076 6450.6211 5203.3782 3234.7020 2896.0000 3234.7020 7765.2328 9118.1211 16113.3801 12319.2987 10982.6183 10973.4345 9675.9316 5213.0855 4576.7693 4344.0000 5213.0855 7217.6196 10982.6183 12319.2987 10406.7565 7227.4195 5792.0000 5792.0086 24166.0244 20083.3983 16126.5526 12416.3267 11277.0083 7792.5300 7382.0106 7380.0651 7240.0000 7382.0106 18746.4894 18075.8276 12257.0249 11286.8671 11280.4862 10426.1709 9153.5386 9150.3950 8806.6921 8688.0000 8688.0058 8806.6921 9153.5386 9704.1060 10426.1709 15350.3511 12435.8563 10537.7616 10237.9186 10237.9186 31060.9313 18488.8387 14454.8391 11937.1261 11934.7157 11673.2830 11937.1261 12938.8080 30322.3130 27747.7212 20520.4100 18385.5374 17399.0749 13346.8703 13111.4265 13032.0000 13111.4265 13730.3078 30972.2463 29706.0641 26016.8911 23676.9020 20428.3749 18508.5165 15585.0600 15111.5429 14551.5250 34196.9195
40376.2899 40366.6071 46550.8490 38975.8832 44241.5093 41704.6837 34798.0457 42004.9328 30713.7558 30666.4176 36137.0976 32959.4049 29112.3180 32097.6227 25281.8344 33727.2381 25877.6160 27762.7748 23320.5653 20475.8372 20272.0000 20475.8372 21075.5232 24871.7125 24608.8841 22073.4628 20852.3418 22573.7342 29219.9280 18853.3486 15993.0505 33546.9599 16864.8663 14551.5250 15585.0600 26016.8911 18385.5374 24523.4027 20813.5129 16342.6999 14454.8391 13641.8870 13636.6081 12364.3595 11937.1261 11584.0000 14454.8391 11660.2827 10136.0000 10237.9186 10537.7616 11660.2827 20649.6158 16826.4507 11286.8671 13612.9491 12416.3267 11277.0083 8432.4332 7240.0000 7792.5300 10214.1874 18236.2422 16876.0619 10406.7565 6469.4040 6469.4040 9244.4193 20988.9862 22047.1894 13677.1816 12319.2987 5213.0855 4576.7693 7217.6196 15050.5294 26099.1697 20380.8020 10494.4931 6450.6211 4085.6750 4085.6750 5203.3782 16113.3801 31735.0517 27417.2636 18788.8795 14482.5690 8766.4143 7349.0631 4559.0605 3225.3105 2042.8375 2035.7959 2042.8375 3225.3105 5943.0968 10190.4010 13049.5849 17292.0000 11528.0000 7205.0000 1441.0000 0.0000 1441.0000 4323.0000 7205.0000 14410.0000 18788.8795 15917.0005 4559.0605 2042.8375 2042.8375 3225.3105 10190.4010 13049.5849 14482.5690 16113.3801 14698.1263 7765.2328 6450.6211 4085.6750 3234.7020 2896.0000 6450.6211 7765.2328 14698.1263 13677.1816 12319.2987 12309.9415 10982.6183 6128.5125 5213.0855 4576.7693 4576.7693 6128.5125 9675.9316 10982.6183 11631.6307 8171.3499 5968.5631 5966.1566 25544.4829 21433.8022 17426.1815 13612.9491 12416.3267 8432.4332 7792.5300 7788.8371 7382.0106 7240.0000 17426.1815 19351.8632 13312.7350 12257.0249 12249.9731 11286.8671 9704.1060 9699.6553 9153.5386 8806.6921 8805.0613 8688.0000 8806.6921 9153.5386 9704.1060 16460.0564 13322.6053 11019.3841 10537.7616 10136.0000 32402.4255 19632.7089 15360.2287 12364.3595 12360.8667 11937.1261 11673.2830 12364.3595 31629.5024 29027.7947 21652.8587 19428.8735 18385.5374 13730.3078 13346.8703 13111.4265 13032.0000 13346.8703 32253.1053 30972.2463 27225.8983 24832.6534 21469.1546 19438.7592 16173.5100 15585.0600 14764.0213 35478.4158
40760.1766 40750.5850 47412.7019 39373.4262 45147.4684 40925.6610 35242.7468 42958.0858 30949.4775 31170.1201 35294.0771 33860.6013 29782.2127 31278.5128 25648.7715 32759.0549 26550.9168 26888.8936 24065.5136 20727.8150 20323.1510 20323.1510 20727.8150 24065.5136 25560.8341 21356.2765 21682.2586 21682.2586 30438.1509 19662.0438 15928.0000 34852.3630 17647.0385 14764.0213 15111.5429 24832.6534 19428.8735 25802.4842 22025.3115 17389.1925 15360.2287 14454.8391 14448.8599 12938.8080 12364.3595 11673.2830 13641.8870 12435.8563 10237.9186 10136.0000 10237.9186 11019.3841 21965.2366 18075.8276 10426.1709 14853.0320 13612.9491 12416.3267 9254.2583 7382.0106 7382.0106 9254.2583 19607.9717 18236.2422 11631.6307 7227.4195 5968.5631 8171.3499 19607.9717 23461.6596 15050.5294 13677.1816 6128.5125 4344.0000 6128.5125 13677.1816 27531.7355 21808.1416 11886.1937 7765.2328 5203.3782 3234.7020 4085.6750 14698.1263 33174.6161 28856.3529 20225.8987 15917.0005 10190.4010 8766.4143 5943.0968 4559.0605 3225.3105 3216.3781 1448.0000 2042.8375 4559.0605 8766.4143 11618.5837 18733.0000 12969.0000 8646.0000 2882.0000 1441.0000 0.0000 2882.0000 5764.0000 12969.0000 20225.8987 17352.5205 5943.0968 3225.3105 1448.0000 2042.8375 8766.4143 11618.5837 13049.5849 17532.8286 16113.3801 9118.1211 7765.2328 5203.3782 4085.6750 3234.7020 5203.3782 6450.6211 13288.4076 15050.5294 13677.1816 13667.6998 12319.2987 7217.6196 6128.5125 5213.0855 4344.0000 5213.0855 8413.2254 9675.9316 12901.2421 9244.4193 6469.4040 6464.9554 26929.4902 22795.3027 18746.4894 14853.0320 13612.9491 9254.2583 8432.4332 8427.3109 7792.5300 7382.0106 16126.5526 20649.6158 14435.2391 13312.7350 13305.1596 12257.0249 10426.1709 10420.6459 9704.1060 9153.5386 9150.3950 8806.6921 8688.0000 8806.6921 9153.5386 17617.7920 14299.8624 11660.2827 11019.3841 10237.9186 33752.1238 20813.5129 16342.6999 12938.8080 12934.3563 12364.3595 11584.0000 11937.1261 32947.8549 30322.3130 22820.1296 20520.4100 19428.8735 14249.7972 13730.3078 13346.8703 13111.4265 13111.4265 33546.9599 32253.1053 28456.5179 26016.8911 22554.0166 20428.3749 16864.8663 16173.5100 15111.5429 36771.7233
41667.0771 41657.6943 49217.7682 40311.5369 47039.5398 39479.4477 36287.8012 44942.4247 31613.2849 32347.0200 33729.7326 35769.1921 31278.5128 29782.2127 26602.5379 30933.3597 28071.5234 25297.2995 25733.4060 21514.3210 20727.8150 20323.1510 20323.1510 22642.9140 27592.2680 20155.7684 23519.7699 20091.6138 32928.6135 21479.0429 16186.6336 37492.9788 19438.7592 15585.0600 14551.5250 22554.0166 21652.8587 28407.1980 24523.4027 19632.7089 17389.1925 16342.6999 16335.6475 14454.8391 13641.8870 12364.3595 12364.3595 14299.8624 11019.3841 10537.7616 10237.9186 10237.9186 24638.5974 20649.6158 9153.5386 17426.1815 16126.5526 14853.0320 11277.0083 8432.4332 7382.0106 7792.5300 22377.5666 20988.9862 14203.5990 9244.4193 5968.5631 6469.4040 16876.0619 26299.2430 17829.2905 16435.4658 8413.2254 5213.0855 4576.7693 10982.6183 30399.2588 24667.5865 14698.1263 10494.4931 7765.2328 3234.7020 2896.0000 11886.1937 36054.0889 31735.0517 23101.4251 18788.8795 13049.5849 11618.5837 8766.4143 7349.0631 5943.0968 5933.3987 3225.3105 2042.8375 2042.8375 5943.0968 8766.4143 21615.0000 15851.0000 11528.0000 5764.0000 4323.0000 2882.0000 0.0000 2882.0000 10087.0000 23101.4251 20225.8987 8766.4143 5943.0968 3225.3105 2042.8375 5943.0968 8766.4143 10190.4010 20380.8020 18955.5297 11886.1937 10494.4931 7765.2328 6450.6211 5203.3782 3234.7020 4085.6750 10494.4931 17829.2905 16435.4658 16425.8217 15050.5294 9675.9316 8413.2254 7217.6196 5213.0855 4344.0000 6128.5125 7217.6196 15530.4657 11631.6307 8171.3499 8164.2991 29715.4842 25544.4829 21433.8022 17426.1815 16126.5526 11277.0083 10214.1874 10207.1360 9254.2583 8432.4332 13612.9491 23295.6985 16826.4507 15610.1347 15601.8276 14435.2391 12257.0249 12249.9731 11286.8671 10426.1709 10420.6459 9704.1060 9153.5386 8806.6921 8688.0000 20043.7462 16460.0564 13322.6053 12435.8563 11019.3841 36472.4843 23263.2614 18488.8387 14454.8391 14448.8599 13641.8870 11937.1261 11584.0000 35613.0801 32947.8549 25239.6761 22820.1296 21652.8587 15639.2564 14891.1064 14249.7972 13730.3078 13111.4265 36168.0639 34852.3630 30972.2463 28456.5179 24832.6534 22554.0166 18508.5165 17647.0385 16173.5100 39389.1077
42749.3916 42740.2464 51121.6682 41429.2791 49028.0997 38196.2787 37525.5870 47019.7596 32519.8593 33729.7326 32347.0200 37801.3457 32959.4049 28499.5944 27823.4149 29278.0064 29793.9845 23947.9847 27602.1607 22642.9140 21514.3210 20727.8150 20323.1510 21514.3210 29764.4438 19314.0184 25550.9425 18810.5662 35478.4158 23509.8798 16938.8571 40166.7967 21469.1546 16864.8663 14551.5250 20428.3749 24017.1460 31060.9313 27097.8240 22025.3115 19632.7089 18488.8387 18481.0459 16342.6999 15360.2287 13641.8870 11673.2830 16460.0564 12435.8563 11660.2827 11019.3841 10237.9186 27354.3632 23295.6985 8688.0000 20083.3983 18746.4894 17426.1815 13612.9491 10214.1874 8432.4332 7240.0000 25172.4109 23772.3873 16876.0619 11631.6307 7227.4195 5792.0000 14203.5990 29145.5440 20636.3905 19230.0709 10982.6183 7217.6196 4576.7693 8413.2254 33269.2841 27531.7355 17532.8286 13288.4076 10494.4931 5203.3782 4085.6750 9118.1211 38933.9358 34614.2999 25978.3862 21663.4468 15917.0005 14482.5690 11618.5837 10190.4010 8766.4143 8756.5518 5943.0968 4559.0605 2042.8375 3225.3105 5943.0968 24497.0000 18733.0000 14410.0000 8646.0000 7205.0000 5764.0000 2882.0000 0.0000 7205.0000 25978.3862 23101.4251 11618.5837 8766.4143 5943.0968 4559.0605 3225.3105 5943.0968 7349.0631 23237.1675 21808.1416 14698.1263 13288.4076 10494.4931 9118.1211 7765.2328 3234.7020 2896.0000 7765.2328 20636.3905 19230.0709 19220.3295 17829.2905 12319.2987 10982.6183 9675.9316 7217.6196 5213.0855 4576.7693 5213.0855 18236.2422 14203.5990 10406.7565 10398.4499 32518.2165 28320.0855 24166.0244 20083.3983 18746.4894 13612.9491 12416.3267 12408.2041 11277.0083 10214.1874 11277.0083 25992.0056 19351.8632 18075.8276 18067.0591 16826.4507 14435.2391 14427.2543 13312.7350 12257.0249 12249.9731 11286.8671 10426.1709 9704.1060 9153.5386 22577.1737 18814.6936 15350.3511 14299.8624 12435.8563 39215.9433 25802.4842 20813.5129 16342.6999 16335.6475 15360.2287 12938.8080 11937.1261 38309.7070 35613.0801 27747.7212 25239.6761 24017.1460 17399.0749 16479.7025 15639.2564 14891.1064 13730.3078 38826.1642 37492.9788 33546.9599 30972.2463 27225.8983 24832.6534 20428.3749 19438.7592 17647.0385 42041.1207
46136.7557 46128.2821 56246.7103 44916.3101 54350.9156 35811.3784 41343.1908 52546.4105 35715.1474 37931.3144 29842.8153 43305.7173 37801.3457 26420.0762 31826.6827 26090.2429 34778.3851 21910.3702 32920.1128 26645.2106 24871.7125 23320.5653 22038.7681 20272.0000 35638.0569 19043.3427 31220.2694 17376.0000 42041.1207 29219.9280 20540.1106 46959.2232 27225.8983 21469.1546 16864.8663 16173.5100 30322.3130 37841.6395 33752.1238 28407.1980 25802.4842 24523.4027 24514.5891 22025.3115 20813.5129 18488.8387 12938.8080 22577.1737 17617.7920 16460.0564 15350.3511 13322.6053 34262.8048 30101.0589 11286.8671 26929.4902 25544.4829 24166.0244 20083.3983 16126.5526 13612.9491 10214.1874 32226.7601 30810.3130 23772.3873 18236.2422 12901.2421 9244.4193 8171.3499 36285.9609 27721.4714 26299.2430 17829.2905 13677.1816 9675.9316 4344.0000 40451.7975 34705.0410 24667.5865 20380.8020 17532.8286 11886.1937 10494.4931 3234.7020 46134.7293 41814.0793 33174.6161 28856.3529 23101.4251 21663.4468 18788.8795 17352.5205 15917.0005 15907.0420 13049.5849 11618.5837 8766.4143 4559.0605 2042.8375 31702.0000 25938.0000 21615.0000 15851.0000 14410.0000 12969.0000 10087.0000 7205.0000 0.0000 33174.6161 30295.6239 18788.8795 15917.0005 13049.5849 11618.5837 4559.0605 2042.8375 1448.0000 30399.2588 28965.1379 21808.1416 20380.8020 17532.8286 16113.3801 14698.1263 9118.1211 7765.2328 2896.0000 27721.4714 26299.2430 26289.3804 24879.1749 19230.0709 17829.2905 16435.4658 13677.1816 10982.6183 7217.6196 6128.5125 25172.4109 20988.9862 16876.0619 16866.6696 39574.8942 35333.7042 31115.0401 26929.4902 25544.4829 20083.3983 18746.4894 18737.2656 17426.1815 16126.5526 7382.0106 32870.9317 25992.0056 24638.5974 24629.2399 23295.6985 20649.6158 20640.5444 19351.8632 18075.8276 18067.0591 16826.4507 15610.1347 14435.2391 13312.7350 29195.0019 25185.6632 21299.3846 20043.7462 17617.7920 46148.5352 32402.4255 27097.8240 22025.3115 22016.8069 20813.5129 17389.1925 15360.2287 45151.5883 42400.4025 34276.0824 31629.5024 30322.3130 22820.1296 21652.8587 20520.4100 19428.8735 17399.0749 45590.6054 44226.5861 40166.7967 37492.9788 33546.9599 30972.2463 26016.8911 24832.6534 22554.0166 48785.4254
41455.6299 41445.8499 40040.6110 40040.6110 37218.1853 55287.9781 35811.3784 34407.9894 34963.5930 31613.2849 50523.3369 27549.7119 28109.3195 46482.3762 29112.3180 49250.9149 25648.7715 42831.7271 22883.8464 26888.8936 28682.4631 30642.5623 32739.2946 39625.9618 20475.8372 36423.6476 20155.7684 38115.6323 18307.0771 19408.2120 26625.4700 19662.0438 18853.3486 23509.8798 29219.9280 43378.1314 15585.0600 13346.8703 13111.4265 14891.1064 16479.7025 17399.0749 17405.7022 19428.8735 20520.4100 22820.1296 30322.3130 17389.1925 22025.3115 23263.2614 24523.4027 27097.8240 10136.0000 11019.3841 27848.1299 11286.8671 12257.0249 13312.7350 16826.4507 20649.6158 23295.6985 27354.3632 7382.0106 7792.5300 12416.3267 17426.1815 22795.3027 26929.4902 39574.8942 6469.4040 8171.3499 9244.4193 16876.0619 20988.9862 25172.4109 33645.2926 8413.2254 4576.7693 9675.9316 13677.1816 16435.4658 22047.1894 23461.6596 34855.7512 13288.4076 9118.1211 2896.0000 5203.3782 10494.4931 11886.1937 14698.1263 16113.3801 17532.8286 17542.6914 20380.8020 21808.1416 24667.5865 28965.1379 31834.0010 2042.8375 7349.0631 11618.5837 17352.5205 18788.8795 20225.8987 23101.4251 25978.3862 33174.6161 0.0000 2882.0000 14410.0000 17292.0000 20174.0000 21615.0000 28820.0000 31702.0000 33143.0000 3225.3105 4559.0605 11618.5837 13049.5849 15917.0005 17352.5205 18788.8795 24539.7578 25978.3862 33174.6161 6450.6211 7765.2328 7774.5123 9118.1211 14698.1263 16113.3801 17532.8286 20380.8020 23237.1675 27531.7355 28965.1379 9675.9316 13677.1816 17829.2905 17838.9893 8171.3499 5968.5631 6469.4040 9244.4193 10406.7565 15530.4657 16876.0619 16885.4548 18236.2422 19607.9717 35065.6573 7382.0106 11277.0083 12416.3267 12424.4521 13612.9491 16126.5526 16135.4888 17426.1815 18746.4894 18755.7139 20083.3983 21433.8022 22795.3027 24166.0244 10426.1709 13312.7350 16826.4507 18075.8276 20649.6158 15350.3511 10537.7616 13322.6053 17617.7920 17625.9722 18814.6936 22577.1737 25185.6632 15360.2287 13641.8870 11673.2830 12364.3595 12938.8080 18488.8387 19632.7089 20813.5129 22025.3115 24523.4027 16479.7025 15639.2564 13730.3078 13111.4265 13346.8703 14249.7972 17399.0749 18385.5374 20520.4100 19438.7592
40951.6743 40941.7739 40760.1766 39518.6148 37991.2461 53143.1524 35226.7682 35242.7468 33877.7142 30949.4775 48252.9545 27849.5686 27662.5391 44192.3432 27947.8025 46830.4041 24992.7146 40437.7877 22146.0319 25297.2995 26888.8936 28682.4631 30642.5623 37248.9801 20272.0000 34067.0460 19314.0184 35638.0569 19408.2120 18307.0771 24514.0498 21479.0429 17481.7965 21479.0429 26849.7562 40711.2066 14764.0213 14249.7972 13111.4265 13730.3078 14891.1064 15639.2564 15644.7870 17399.0749 18385.5374 20520.4100 27747.7212 15360.2287 19632.7089 20813.5129 22025.3115 24523.4027 10537.7616 10237.9186 25185.6632 9704.1060 10426.1709 11286.8671 14435.2391 18075.8276 20649.6158 24638.5974 7382.0106 7240.0000 10214.1874 14853.0320 20083.3983 24166.0244 36745.3157 8171.3499 6469.4040 7227.4195 14203.5990 18236.2422 22377.5666 30810.3130 10982.6183 6128.5125 7217.6196 10982.6183 13677.1816 19230.0709 20636.3905 31998.2365 16113.3801 11886.1937 4085.6750 3234.7020 7765.2328 9118.1211 11886.1937 13288.4076 14698.1263 14707.9304 17532.8286 18955.5297 21808.1416 26099.1697 28965.1379 2042.8375 4559.0605 8766.4143 14482.5690 15917.0005 17352.5205 20225.8987 23101.4251 30295.6239 2882.0000 0.0000 11528.0000 14410.0000 17292.0000 18733.0000 25938.0000 28820.0000 30261.0000 1448.0000 2042.8375 8766.4143 10190.4010 13049.5849 14482.5690 15917.0005 21663.4468 23101.4251 30295.6239 4085.6750 5203.3782 5211.6893 6450.6211 11886.1937 13288.4076 14698.1263 17532.8286 20380.8020 24667.5865 26099.1697 7217.6196 10982.6183 15050.5294 15060.1041 10406.7565 7227.4195 5792.0000 7227.4195 8171.3499 12901.2421 14203.5990 14212.7304 15530.4657 16876.0619 32226.7601 7382.0106 9254.2583 10214.1874 10221.2438 11277.0083 13612.9491 13621.4186 14853.0320 16126.5526 16135.4888 17426.1815 18746.4894 20083.3983 21433.8022 9153.5386 11286.8671 14435.2391 15610.1347 18075.8276 17617.7920 10136.0000 11660.2827 15350.3511 15357.8625 16460.0564 20043.7462 22577.1737 17389.1925 15360.2287 11673.2830 11673.2830 11937.1261 16342.6999 17389.1925 18488.8387 19632.7089 22025.3115 18385.5374 17399.0749 14891.1064 13730.3078 13032.0000 13346.8703 15639.2564 16479.7025 18385.5374 21469.1546
40951.6743 40941.7739 45388.0640 39518.6148 42918.7504 45387.7697 35226.7682 40505.9940 31856.0000 30949.4775 39967.8159 31751.6038 28838.5759 35895.5329 26103.8039 37801.3457 25648.7715 31685.3980 22883.8464 21767.7486 22146.0319 22883.8464 23947.9847 28682.4631 23320.5653 25733.4060 20155.7684 26556.8873 26625.4700 18307.0771 18307.0771 30438.1509 16504.2271 16186.6336 18853.3486 30438.1509 16864.8663 21652.8587 18385.5374 14891.1064 13730.3078 13346.8703 13344.7146 13032.0000 13111.4265 13730.3078 18385.5374 11673.2830 12364.3595 12938.8080 13641.8870 15360.2287 17617.7920 14299.8624 15350.3511 11286.8671 10426.1709 9704.1060 8688.0000 9704.1060 11286.8671 14435.2391 14853.0320 13612.9491 8432.4332 7382.0106 10214.1874 13612.9491 25544.4829 18236.2422 10406.7565 9244.4193 5968.5631 8171.3499 11631.6307 19607.9717 22047.1894 16435.4658 7217.6196 4576.7693 4576.7693 8413.2254 9675.9316 20636.3905 27531.7355 23237.1675 14698.1263 10494.4931 5203.3782 4085.6750 2896.0000 3234.7020 4085.6750 4092.7350 6450.6211 7765.2328 10494.4931 14698.1263 17532.8286 13049.5849 7349.0631 3225.3105 3225.3105 4559.0605 5943.0968 8766.4143 11618.5837 18788.8795 14410.0000 11528.0000 0.0000 2882.0000 5764.0000 7205.0000 14410.0000 17292.0000 18733.0000 11618.5837 10190.4010 3225.3105 2042.8375 2042.8375 3225.3105 4559.0605 10190.4010 11618.5837 18788.8795 9118.1211 7765.2328 7755.9552 6450.6211 2896.0000 3234.7020 4085.6750 6450.6211 9118.1211 13288.4076 14698.1263 7217.6196 4576.7693 5213.0855 5218.6205 20988.9862 16876.0619 12901.2421 9244.4193 8171.3499 5792.0000 5968.5631 5970.9853 6469.4040 7227.4195 20988.9862 14853.0320 9254.2583 8432.4332 8427.3109 7792.5300 7240.0000 7240.0069 7382.0106 7792.5300 7796.2340 8432.4332 9254.2583 10214.1874 11277.0083 12257.0249 9704.1060 8688.0000 8806.6921 9704.1060 27848.1299 15350.3511 11660.2827 10136.0000 10136.0049 10237.9186 11660.2827 13322.6053 27097.8240 24523.4027 17389.1925 15360.2287 14454.8391 11584.0000 11673.2830 11937.1261 12364.3595 13641.8870 27747.7212 26484.1870 22820.1296 20520.4100 17399.0749 15639.2564 13346.8703 13111.4265 13111.4265 30972.2463
41455.6299 41445.8499 46917.7691 40040.6110 44533.3565 43709.7587 35811.3784 42212.9869 31986.1010 31613.2849 38160.5241 33284.1619 29829.5982 34115.9848 26420.0762 35769.1921 26602.5379 29793.9845 23947.9847 21767.7486 21767.7486 22146.0319 22883.8464 26888.8936 24871.7125 24065.5136 21356.2765 24608.8841 28870.4782 19408.2120 17613.3841 32928.6135 17481.7965 15928.0000 17481.7965 28022.8535 18508.5165 24017.1460 20520.4100 16479.7025 14891.1064 14249.7972 14245.7552 13346.8703 13111.4265 13111.4265 16479.7025 12364.3595 11673.2830 11937.1261 12364.3595 13641.8870 20043.7462 16460.0564 13322.6053 13312.7350 12257.0249 11286.8671 9153.5386 8806.6921 9704.1060 12257.0249 17426.1815 16126.5526 10214.1874 7382.0106 8432.4332 11277.0083 22795.3027 20988.9862 12901.2421 11631.6307 5968.5631 6469.4040 9244.4193 16876.0619 24879.1749 19230.0709 9675.9316 6128.5125 4576.7693 6128.5125 7217.6196 17829.2905 30399.2588 26099.1697 17532.8286 13288.4076 7765.2328 6450.6211 4085.6750 3234.7020 2896.0000 2896.0173 4085.6750 5203.3782 7765.2328 11886.1937 14698.1263 15917.0005 10190.4010 5943.0968 1448.0000 2042.8375 3225.3105 5943.0968 8766.4143 15917.0005 17292.0000 14410.0000 2882.0000 0.0000 2882.0000 4323.0000 11528.0000 14410.0000 15851.0000 14482.5690 13049.5849 5943.0968 4559.0605 2042.8375 1448.0000 2042.8375 7349.0631 8766.4143 15917.0005 11886.1937 10494.4931 10484.8817 9118.1211 4085.6750 3234.7020 2896.0000 4085.6750 6450.6211 10494.4931 11886.1937 9675.9316 6128.5125 4344.0000 4344.0115 23772.3873 19607.9717 15530.4657 11631.6307 10406.7565 6469.4040 5968.5631 5966.1566 5792.0000 5968.5631 18236.2422 17426.1815 11277.0083 10214.1874 10207.1360 9254.2583 7792.5300 7788.8371 7382.0106 7240.0000 7240.0069 7382.0106 7792.5300 8432.4332 9254.2583 14435.2391 11286.8671 9153.5386 8806.6921 8806.6921 30550.4647 17617.7920 13322.6053 10537.7616 10535.0311 10237.9186 10537.7616 11660.2827 29728.7520 27097.8240 19632.7089 17389.1925 16342.6999 11937.1261 11673.2830 11584.0000 11673.2830 12364.3595 30322.3130 29027.7947 25239.6761 22820.1296 19428.8735 17399.0749 14249.7972 13730.3078 13111.4265 33546.9599
42151.0465 42141.4278 48570.4603 40760.1766 46271.2913 42162.1658 36614.1542 44042.5796 32373.2672 32519.8593 36491.5982 34987.4030 31057.3380 32494.9751 27041.5259 33860.6013 27823.4149 28071.5234 25297.2995 22146.0319 21767.7486 21767.7486 22146.0319 25297.2995 26645.2106 22642.9140 22859.0887 22859.0887 31220.2694 20852.3418 17376.0000 35478.4158 18853.3486 16186.6336 16504.2271 25703.9192 20428.3749 26484.1870 22820.1296 18385.5374 16479.7025 15639.2564 15633.7302 14249.7972 13730.3078 13111.4265 14891.1064 13641.8870 11673.2830 11584.0000 11673.2830 12364.3595 22577.1737 18814.6936 11660.2827 15610.1347 14435.2391 13312.7350 10426.1709 8806.6921 8806.6921 10426.1709 20083.3983 18746.4894 12416.3267 8432.4332 7382.0106 9254.2583 20083.3983 23772.3873 15530.4657 14203.5990 7227.4195 5792.0000 7227.4195 14203.5990 27721.4714 22047.1894 12319.2987 8413.2254 6128.5125 4576.7693 5213.0855 15050.5294 33269.2841 28965.1379 20380.8020 16113.3801 10494.4931 9118.1211 6450.6211 5203.3782 4085.6750 4078.6272 2896.0000 3234.7020 5203.3782 9118.1211 11886.1937 18788.8795 13049.5849 8766.4143 3225.3105 2042.8375 1448.0000 3225.3105 5943.0968 13049.5849 20174.0000 17292.0000 5764.0000 2882.0000 0.0000 1441.0000 8646.0000 11528.0000 12969.0000 17352.5205 15917.0005 8766.4143 7349.0631 4559.0605 3225.3105 2042.8375 4559.0605 5943.0968 13049.5849 14698.1263 13288.4076 13278.6482 11886.1937 6450.6211 5203.3782 4085.6750 2896.0000 4085.6750 7765.2328 9118.1211 12319.2987 8413.2254 5213.0855 5207.5637 26576.8152 22377.5666 18236.2422 14203.5990 12901.2421 8171.3499 7227.4195 7221.4426 6469.4040 5968.5631 15530.4657 20083.3983 13612.9491 12416.3267 12408.2041 11277.0083 9254.2583 9248.0331 8432.4332 7792.5300 7788.8371 7382.0106 7240.0000 7382.0106 7792.5300 16826.4507 13312.7350 10426.1709 9704.1060 8806.6921 33282.9581 20043.7462 15350.3511 11660.2827 11655.3426 11019.3841 10136.0000 10537.7616 32402.4255 29728.7520 22025.3115 19632.7089 18488.8387 12938.8080 12364.3595 11937.1261 11673.2830 11673.2830 32947.8549 31629.5024 27747.7212 25239.6761 21652.8587 19428.8735 15639.2564 14891.1064 13730.3078 36168.0639
42567.7213 42558.1968 49439.1074 41190.9235 47182.2861 41441.8904 37093.0784 44998.7171 32660.6301 33058.1522 35715.1474 35895.5329 31751.6038 31751.6038 27460.6157 32959.4049 28523.5965 27283.7740 26065.4273 22471.8067 21910.3702 21720.0000 21910.3702 24589.6967 27602.1607 22038.7681 23706.3510 22073.4628 32427.3807 21682.2586 17435.6490 36771.7233 19662.0438 16504.2271 16186.6336 24589.1536 21469.1546 27747.7212 24017.1460 19428.8735 17399.0749 16479.7025 16473.5835 14891.1064 14249.7972 13346.8703 14249.7972 14454.8391 11937.1261 11673.2830 11584.0000 11937.1261 23873.5569 20043.7462 11019.3841 16826.4507 15610.1347 14435.2391 11286.8671 9153.5386 8688.0000 9704.1060 21433.8022 20083.3983 13612.9491 9254.2583 7240.0000 8432.4332 18746.4894 25172.4109 16876.0619 15530.4657 8171.3499 5968.5631 6469.4040 12901.2421 29145.5440 23461.6596 13677.1816 9675.9316 7217.6196 4344.0000 4576.7693 13677.1816 34705.0410 30399.2588 21808.1416 17532.8286 11886.1937 10494.4931 7765.2328 6450.6211 5203.3782 5195.0731 3234.7020 2896.0000 4085.6750 7765.2328 10494.4931 20225.8987 14482.5690 10190.4010 4559.0605 3225.3105 2042.8375 2042.8375 4559.0605 11618.5837 21615.0000 18733.0000 7205.0000 4323.0000 1441.0000 0.0000 7205.0000 10087.0000 11528.0000 18788.8795 17352.5205 10190.4010 8766.4143 5943.0968 4559.0605 3225.3105 3225.3105 4559.0605 11618.5837 16113.3801 14698.1263 14688.3224 13288.4076 7765.2328 6450.6211 5203.3782 3234.7020 3234.7020 6450.6211 7765.2328 13677.1816 9675.9316 6128.5125 6121.4627 27984.9407 23772.3873 19607.9717 15530.4657 14203.5990 9244.4193 8171.3499 8164.2991 7227.4195 6469.4040 14203.5990 21433.8022 14853.0320 13612.9491 13604.4818 12416.3267 10214.1874 10207.1360 9254.2583 8432.4332 8427.3109 7792.5300 7382.0106 7240.0000 7382.0106 18075.8276 14435.2391 11286.8671 10426.1709 9153.5386 34658.2883 21299.3846 16460.0564 12435.8563 12430.0652 11660.2827 10237.9186 10237.9186 33752.1238 31060.9313 23263.2614 20813.5129 19632.7089 13641.8870 12938.8080 12364.3595 11937.1261 11584.0000 34276.0824 32947.8549 29027.7947 26484.1870 22820.1296 20520.4100 16479.7025 15639.2564 14249.7972 37492.9788
45285.8279 45276.8752 54149.7772 43994.1757 52097.4199 38453.0228 40183.2276 50128.4108 34963.5930 36491.5982 32519.8593 40897.9005 35895.5329 28838.5759 30505.5126 29112.3180 32759.0549 24262.4865 30642.5623 25297.2995 23947.9847 22883.8464 22146.0319 22146.0319 32920.1128 20323.1510 28662.7145 19314.0184 38703.7263 26625.4700 19408.2120 43378.1314 24589.1536 19662.0438 16504.2271 19662.0438 27225.8983 34276.0824 30322.3130 25239.6761 22820.1296 21652.8587 21644.8735 19428.8735 18385.5374 16479.7025 13111.4265 19632.7089 15360.2287 14454.8391 13641.8870 12364.3595 30550.4647 26511.1581 10537.7616 23295.6985 21965.2366 20649.6158 16826.4507 13312.7350 11286.8671 9153.5386 28320.0855 26929.4902 20083.3983 14853.0320 10214.1874 7792.5300 12416.3267 32226.7601 23772.3873 22377.5666 14203.5990 10406.7565 7227.4195 7227.4195 36285.9609 30571.2031 20636.3905 16435.4658 13677.1816 8413.2254 7217.6196 7217.6196 41889.2270 37577.7590 28965.1379 24667.5865 18955.5297 17532.8286 14698.1263 13288.4076 11886.1937 11876.4953 9118.1211 7765.2328 5203.3782 2896.0000 4085.6750 27417.2636 21663.4468 17352.5205 11618.5837 10190.4010 8766.4143 5943.0968 3225.3105 4559.0605 28820.0000 25938.0000 14410.0000 11528.0000 8646.0000 7205.0000 0.0000 2882.0000 4323.0000 25978.3862 24539.7578 17352.5205 15917.0005 13049.5849 11618.5837 10190.4010 4559.0605 3225.3105 4559.0605 23237.1675 21808.1416 21798.2302 20380.8020 14698.1263 13288.4076 11886.1937 9118.1211 6450.6211 3234.7020 2896.0000 20636.3905 16435.4658 12319.2987 12309.9415 35065.6573 30810.3130 26576.8152 22377.5666 20988.9862 15530.4657 14203.5990 14194.4688 12901.2421 11631.6307 8171.3499 28320.0855 21433.8022 20083.3983 20074.0711 18746.4894 16126.5526 16117.6177 14853.0320 13612.9491 13604.4818 12416.3267 11277.0083 10214.1874 9254.2583 24638.5974 20649.6158 16826.4507 15610.1347 13312.7350 41601.6779 27848.1299 22577.1737 17617.7920 17609.6137 16460.0564 13322.6053 11660.2827 40594.8729 37841.6395 29728.7520 27097.8240 25802.4842 18488.8387 17389.1925 16342.6999 15360.2287 13641.8870 41031.5449 39667.7978 35613.0801 32947.8549 29027.7947 26484.1870 21652.8587 20520.4100 18385.5374 44226.5861
46641.1307 46632.4382 56182.3666 45388.0640 54207.0208 37579.0842 41704.6837 52317.4686 36246.6274 38160.5241 31613.2849 43073.9898 37811.2416 28109.3195 32097.6227 27947.8025 34728.2373 23567.8712 32739.2946 26888.8936 25297.2995 23947.9847 22883.8464 21767.7486 35235.5841 20323.1510 30894.1092 18879.0746 41299.2316 28870.4782 20852.3418 46070.9679 26849.7562 21479.0429 17481.7965 18123.3137 29706.0641 36957.8960 32947.8549 27747.7212 25239.6761 24017.1460 24008.7467 21652.8587 20520.4100 18385.5374 13730.3078 22025.3115 17389.1925 16342.6999 15360.2287 13641.8870 33282.9581 29195.0019 11660.2827 25992.0056 24638.5974 23295.6985 19351.8632 15610.1347 13312.7350 10426.1709 31115.0401 29715.4842 22795.3027 17426.1815 12416.3267 9254.2583 10214.1874 35065.6573 26576.8152 25172.4109 16876.0619 12901.2421 9244.4193 5968.5631 39148.7546 33426.4683 23461.6596 19230.0709 16435.4658 10982.6183 9675.9316 5213.0855 44764.7747 40451.7975 31834.0010 27531.7355 21808.1416 20380.8020 17532.8286 16113.3801 14698.1263 14688.3224 11886.1937 10494.4931 7765.2328 4085.6750 2896.0000 30295.6239 24539.7578 20225.8987 14482.5690 13049.5849 11618.5837 8766.4143 5943.0968 2042.8375 31702.0000 28820.0000 17292.0000 14410.0000 11528.0000 10087.0000 2882.0000 0.0000 1441.0000 28856.3529 27417.2636 20225.8987 18788.8795 15917.0005 14482.5690 13049.5849 7349.0631 5943.0968 2042.8375 26099.1697 24667.5865 24657.6557 23237.1675 17532.8286 16113.3801 14698.1263 11886.1937 9118.1211 5203.3782 4085.6750 23461.6596 19230.0709 15050.5294 15040.9553 37911.0593 33645.2926 29396.2526 25172.4109 23772.3873 18236.2422 16876.0619 16866.6696 15530.4657 14203.5990 6469.4040 31115.0401 24166.0244 22795.3027 22785.8207 21433.8022 18746.4894 18737.2656 17426.1815 16126.5526 16117.6177 14853.0320 13612.9491 12416.3267 11277.0083 27354.3632 23295.6985 19351.8632 18075.8276 15610.1347 44402.3805 30550.4647 25185.6632 20043.7462 20035.1197 18814.6936 15350.3511 13322.6053 43364.8426 40594.8729 32402.4255 29728.7520 28407.1980 20813.5129 19632.7089 18488.8387 17389.1925 15360.2287 43773.8911 42400.4025 38309.7070 35613.0801 31629.5024 29027.7947 24017.1460 22820.1296 20520.4100 46959.2232
47370.0216 47361.4629 57226.0232 46136.7557 55287.9781 37218.1853 42518.2845 53436.6629 36955.7847 39048.0406 31249.9358 44192.3432 38813.9123 27849.5686 32959.4049 27460.6157 35759.2967 23346.5661 33831.0249 27762.7748 26065.4273 24589.6967 23377.5900 21720.0000 36423.6476 20475.8372 32048.7569 18824.0000 42610.7970 30033.7874 21682.2586 47425.7254 28022.8535 22471.2124 18123.3137 17481.7965 30972.2463 38309.7070 34276.0824 29027.7947 26484.1870 25239.6761 25231.1127 22820.1296 21652.8587 19428.8735 14249.7972 23263.2614 18488.8387 17389.1925 16342.6999 14454.8391 34658.2883 30550.4647 12435.8563 27354.3632 25992.0056 24638.5974 20649.6158 16826.4507 14435.2391 11286.8671 32518.2165 31115.0401 24166.0244 18746.4894 13612.9491 10214.1874 9254.2583 36487.6402 27984.9407 26576.8152 18236.2422 14203.5990 10406.7565 5792.0000 40581.1710 34855.7512 24879.1749 20636.3905 17829.2905 12319.2987 10982.6183 4576.7693 46202.8501 41889.2270 33269.2841 28965.1379 23237.1675 21808.1416 18955.5297 17532.8286 16113.3801 16103.5430 13288.4076 11886.1937 9118.1211 5203.3782 3234.7020 31735.0517 25978.3862 21663.4468 15917.0005 14482.5690 13049.5849 10190.4010 7349.0631 1448.0000 33143.0000 30261.0000 18733.0000 15851.0000 12969.0000 11528.0000 4323.0000 1441.0000 0.0000 30295.6239 28856.3529 21663.4468 20225.8987 17352.5205 15917.0005 14482.5690 8766.4143 7349.0631 1448.0000 27531.7355 26099.1697 26089.2315 24667.5865 18955.5297 17532.8286 16113.3801 13288.4076 10494.4931 6450.6211 5203.3782 24879.1749 20636.3905 16435.4658 16425.8217 39335.7587 35065.6573 30810.3130 26576.8152 25172.4109 19607.9717 18236.2422 18226.7602 16876.0619 15530.4657 5968.5631 32518.2165 25544.4829 24166.0244 24156.4839 22795.3027 20083.3983 20074.0711 18746.4894 17426.1815 17417.0859 16126.5526 14853.0320 13612.9491 12416.3267 28724.3970 24638.5974 20649.6158 19351.8632 16826.4507 45806.5141 31913.4238 26511.1581 21299.3846 21290.5901 20043.7462 16460.0564 14299.8624 44755.1333 41977.9723 33752.1238 31060.9313 29728.7520 22025.3115 20813.5129 19632.7089 18488.8387 16342.6999 45151.5883 43773.8911 39667.7978 36957.8960 32947.8549 30322.3130 25239.6761 24017.1460 21652.8587 48332.0488
42385.7495 42375.8424 42151.0465 40951.6743 39373.4262 54139.8795 36656.0186 36614.1542 35242.7468 32373.2672 49178.3071 29280.8799 29103.0501 45108.0332 29302.8619 47651.4931 26420.0762 41284.4511 23567.8712 26550.9168 28071.5234 29793.9845 31685.3980 38111.4726 21720.0000 34948.0764 20727.8150 36423.6476 20714.6396 19686.7131 25560.8341 22573.7342 18810.5662 22573.7342 27733.2580 41299.2316 16186.6336 15585.0600 14551.5250 15111.5429 16173.5100 16864.8663 16869.9951 18508.5165 19438.7592 21469.1546 28456.5179 16479.7025 20520.4100 21652.8587 22820.1296 25239.6761 11937.1261 11673.2830 25802.4842 11019.3841 11660.2827 12435.8563 15350.3511 18814.6936 21299.3846 25185.6632 8806.6921 8688.0000 11286.8671 15610.1347 20649.6158 24638.5974 37057.8193 9254.2583 7792.5300 8432.4332 14853.0320 18746.4894 22795.3027 31115.0401 11631.6307 7227.4195 8171.3499 11631.6307 14203.5990 19607.9717 20988.9862 32226.7601 16435.4658 12319.2987 5213.0855 4576.7693 8413.2254 9675.9316 12319.2987 13677.1816 15050.5294 15060.1041 17829.2905 19230.0709 22047.1894 26299.2430 29145.5440 3234.7020 5203.3782 9118.1211 14698.1263 16113.3801 17532.8286 20380.8020 23237.1675 30399.2588 3225.3105 1448.0000 11618.5837 14482.5690 17352.5205 18788.8795 25978.3862 28856.3529 30295.6239 0.0000 1441.0000 8646.0000 10087.0000 12969.0000 14410.0000 15851.0000 21615.0000 23056.0000 30261.0000 3225.3105 4559.0605 4568.5439 5943.0968 11618.5837 13049.5849 14482.5690 17352.5205 20225.8987 24539.7578 25978.3862 6450.6211 10494.4931 14698.1263 14707.9304 9675.9316 6128.5125 4344.0000 6128.5125 7217.6196 12319.2987 13677.1816 13686.6642 15050.5294 16435.4658 31998.2365 5968.5631 8171.3499 9244.4193 9252.2154 10406.7565 12901.2421 12910.1785 14203.5990 15530.4657 15539.7447 16876.0619 18236.2422 19607.9717 20988.9862 7792.5300 10214.1874 13612.9491 14853.0320 17426.1815 16826.4507 8688.0000 10426.1709 14435.2391 14443.2264 15610.1347 19351.8632 21965.2366 16460.0564 14299.8624 10237.9186 10237.9186 10537.7616 15350.3511 16460.0564 17617.7920 18814.6936 21299.3846 17389.1925 16342.6999 13641.8870 12364.3595 11584.0000 11937.1261 14454.8391 15360.2287 17389.1925 20520.4100
42213.9360 42203.9886 42567.7213 40773.8184 39819.1771 53113.7747 36457.2123 37093.0784 34798.0457 32147.9870 48089.5556 29528.0425 28995.8287 44012.9532 28838.5759 46482.3762 26222.8530 40136.8193 23346.5661 25877.6160 27283.7740 28909.6781 30720.4574 36977.6774 21767.7486 33831.0249 20475.8372 35235.5841 21356.2765 19314.0184 24608.8841 23519.7699 18307.0771 21682.2586 26625.4700 39996.5749 15993.0505 16173.5100 14764.0213 14764.0213 15585.0600 16173.5100 16177.9673 17647.0385 18508.5165 20428.3749 27225.8983 15639.2564 19428.8735 20520.4100 21652.8587 24017.1460 12364.3595 11584.0000 24523.4027 10537.7616 11019.3841 11660.2827 14299.8624 17617.7920 20043.7462 23873.5569 9153.5386 8806.6921 10426.1709 14435.2391 19351.8632 23295.6985 35658.5810 10214.1874 7382.0106 7792.5300 13612.9491 17426.1815 21433.8022 29715.4842 12901.2421 8171.3499 7227.4195 10406.7565 12901.2421 18236.2422 19607.9717 30810.3130 17829.2905 13677.1816 6128.5125 4344.0000 7217.6196 8413.2254 10982.6183 12319.2987 13677.1816 13686.6642 16435.4658 17829.2905 20636.3905 24879.1749 27721.4714 4085.6750 4085.6750 7765.2328 13288.4076 14698.1263 16113.3801 18955.5297 21808.1416 28965.1379 4559.0605 2042.8375 10190.4010 13049.5849 15917.0005 17352.5205 24539.7578 27417.2636 28856.3529 1441.0000 0.0000 7205.0000 8646.0000 11528.0000 12969.0000 14410.0000 20174.0000 21615.0000 28820.0000 2042.8375 3225.3105 3234.2492 4559.0605 10190.4010 11618.5837 13049.5849 15917.0005 18788.8795 23101.4251 24539.7578 5203.3782 9118.1211 13288.4076 13298.1674 10982.6183 7217.6196 4576.7693 5213.0855 6128.5125 10982.6183 12319.2987 12328.6569 13677.1816 15050.5294 30571.2031 6469.4040 7227.4195 8171.3499 8178.4069 9244.4193 11631.6307 11640.3038 12901.2421 14203.5990 14212.7304 15530.4657 16876.0619 18236.2422 19607.9717 7382.0106 9254.2583 12416.3267 13612.9491 16126.5526 18075.8276 8806.6921 9704.1060 13312.7350 13320.3135 14435.2391 18075.8276 20649.6158 17617.7920 15350.3511 10537.7616 10136.0000 10237.9186 14299.8624 15350.3511 16460.0564 17617.7920 20043.7462 18488.8387 17389.1925 14454.8391 12938.8080 11673.2830 11673.2830 13641.8870 14454.8391 16342.6999 21652.8587
42090.7827 42080.8062 45285.8279 40646.3019 42712.5530 48302.1741 36314.5415 40183.2276 33428.4660 31986.1010 42958.0858 31731.3183 29528.0425 38877.5185 27549.7119 40897.9005 26420.0762 34728.2373 23567.8712 23567.8712 24262.4865 25268.6326 26550.9168 31685.3980 23377.5900 28682.4631 20727.8150 29633.8018 25560.8341 19043.3427 20714.6396 28870.4782 17435.6490 18307.0771 21682.2586 33652.9014 16938.8571 20428.3749 17647.0385 15111.5429 14551.5250 14480.0000 14480.0035 14764.0213 15111.5429 16173.5100 21469.1546 13111.4265 14891.1064 15639.2564 16479.7025 18385.5374 16342.6999 13641.8870 18488.8387 11019.3841 10537.7616 10237.9186 10537.7616 12435.8563 14299.8624 17617.7920 13312.7350 12257.0249 8806.6921 9704.1060 13312.7350 16826.4507 28724.3970 16126.5526 9254.2583 8432.4332 8432.4332 11277.0083 14853.0320 22795.3027 19607.9717 14203.5990 6469.4040 5968.5631 7227.4195 11631.6307 12901.2421 23772.3873 24879.1749 20636.3905 12319.2987 8413.2254 4576.7693 4344.0000 5213.0855 6128.5125 7217.6196 7225.6081 9675.9316 10982.6183 13677.1816 17829.2905 20636.3905 10494.4931 5203.3782 2896.0000 6450.6211 7765.2328 9118.1211 11886.1937 14698.1263 21808.1416 11618.5837 8766.4143 3225.3105 5943.0968 8766.4143 10190.4010 17352.5205 20225.8987 21663.4468 8646.0000 7205.0000 0.0000 1441.0000 4323.0000 5764.0000 7205.0000 12969.0000 14410.0000 21615.0000 5943.0968 4559.0605 4549.5794 3225.3105 3225.3105 4559.0605 5943.0968 8766.4143 11618.5837 15917.0005 17352.5205 4085.6750 3234.7020 6450.6211 6459.5582 17829.2905 13677.1816 9675.9316 6128.5125 5213.0855 5213.0855 6128.5125 6135.5705 7217.6196 8413.2254 23461.6596 11631.6307 6469.4040 5968.5631 5966.1566 5792.0000 6469.4040 6473.8650 7227.4195 8171.3499 8178.4069 9244.4193 10406.7565 11631.6307 12901.2421 9254.2583 7382.0106 7792.5300 8432.4332 10214.1874 24638.5974 12257.0249 9153.5386 9153.5386 9156.6920 9704.1060 12257.0249 14435.2391 23873.5569 21299.3846 14299.8624 12435.8563 11660.2827 10537.7616 11019.3841 11660.2827 12435.8563 14299.8624 24523.4027 23263.2614 19632.7089 17389.1925 14454.8391 12938.8080 11584.0000 11673.2830 12364.3595 27747.7212
42213.9360 42203.9886 45945.8830 40773.8184 43411.7510 47412.7019 36457.2123 40925.6610 33335.1601 32147.9870 42004.9328 32347.0200 29842.8153 37931.3144 27512.0000 39843.4756 26693.7407 33727.2381 23874.2522 23346.5661 23874.2522 24728.7189 25877.6160 30720.4574 23947.9847 27762.7748 21075.5232 28599.7248 26556.8873 19314.0184 20155.7684 30033.7874 17613.3841 17905.6892 20852.3418 32427.3807 17481.7965 21469.1546 18508.5165 15585.0600 14764.0213 14551.5250 14550.5382 14551.5250 14764.0213 15585.0600 20428.3749 13032.0000 14249.7972 14891.1064 15639.2564 17399.0749 17389.1925 14454.8391 17389.1925 11660.2827 11019.3841 10537.7616 10237.9186 11660.2827 13322.6053 16460.0564 14435.2391 13312.7350 9153.5386 9153.5386 12257.0249 15610.1347 27354.3632 17426.1815 10214.1874 9254.2583 7792.5300 10214.1874 13612.9491 21433.8022 20988.9862 15530.4657 7227.4195 5792.0000 6469.4040 10406.7565 11631.6307 22377.5666 26299.2430 22047.1894 13677.1816 9675.9316 5213.0855 4576.7693 4576.7693 5213.0855 6128.5125 6135.5705 8413.2254 9675.9316 12319.2987 16435.4658 19230.0709 11886.1937 6450.6211 3234.7020 5203.3782 6450.6211 7765.2328 10494.4931 13288.4076 20380.8020 13049.5849 10190.4010 2042.8375 4559.0605 7349.0631 8766.4143 15917.0005 18788.8795 20225.8987 10087.0000 8646.0000 1441.0000 0.0000 2882.0000 4323.0000 5764.0000 11528.0000 12969.0000 20174.0000 7349.0631 5943.0968 5933.3987 4559.0605 2042.8375 3225.3105 4559.0605 7349.0631 10190.4010 14482.5690 15917.0005 5203.3782 2896.0000 5203.3782 5211.6893 19230.0709 15050.5294 10982.6183 7217.6196 6128.5125 4576.7693 5213.0855 5218.6205 6128.5125 7217.6196 22047.1894 12901.2421 7227.4195 6469.4040 6464.9554 5968.5631 5968.5631 5970.9853 6469.4040 7227.4195 7233.4054 8171.3499 9244.4193 10406.7565 11631.6307 10214.1874 7792.5300 7382.0106 7792.5300 9254.2583 25992.0056 13312.7350 9704.1060 8806.6921 8808.3338 9153.5386 11286.8671 13312.7350 25185.6632 22577.1737 15350.3511 13322.6053 12435.8563 10237.9186 10537.7616 11019.3841 11660.2827 13322.6053 25802.4842 24523.4027 20813.5129 18488.8387 15360.2287 13641.8870 11673.2830 11584.0000 11937.1261 29027.7947
42605.6345 42595.7785 47370.0216 41179.2176 44916.3101 45718.1774 36910.0532 42518.2845 33335.1601 32660.6301 40185.9148 33729.7326 30666.4176 36137.0976 27662.5391 37811.2416 27460.6157 31826.6827 24728.7189 23168.0000 23346.5661 23874.2522 24728.7189 28909.6781 25297.2995 26065.4273 22038.7681 26645.2106 28662.7145 20155.7684 19314.0184 32427.3807 18307.0771 17435.6490 19408.2120 30033.7874 18853.3486 23676.9020 20428.3749 16864.8663 15585.0600 15111.5429 15108.6852 14551.5250 14480.0000 14764.0213 18508.5165 13346.8703 13346.8703 13730.3078 14249.7972 15639.2564 19632.7089 16342.6999 15360.2287 13322.6053 12435.8563 11660.2827 10237.9186 10537.7616 11660.2827 14299.8624 16826.4507 15610.1347 10426.1709 8688.0000 10426.1709 13312.7350 24638.5974 20083.3983 12416.3267 11277.0083 7240.0000 8432.4332 11277.0083 18746.4894 23772.3873 18236.2422 9244.4193 6469.4040 5792.0000 8171.3499 9244.4193 19607.9717 29145.5440 24879.1749 16435.4658 12319.2987 7217.6196 6128.5125 4576.7693 4344.0000 4576.7693 4579.9276 6128.5125 7217.6196 9675.9316 13677.1816 16435.4658 14698.1263 9118.1211 5203.3782 3234.7020 4085.6750 5203.3782 7765.2328 10494.4931 17532.8286 15917.0005 13049.5849 2042.8375 2042.8375 4559.0605 5943.0968 13049.5849 15917.0005 17352.5205 12969.0000 11528.0000 4323.0000 2882.0000 0.0000 1441.0000 2882.0000 8646.0000 10087.0000 17292.0000 10190.4010 8766.4143 8756.5518 7349.0631 2042.8375 1448.0000 2042.8375 4559.0605 7349.0631 11618.5837 13049.5849 7765.2328 4085.6750 3234.7020 3239.1692 22047.1894 17829.2905 13677.1816 9675.9316 8413.2254 4576.7693 4344.0000 4344.0115 4576.7693 5213.0855 19230.0709 15530.4657 9244.4193 8171.3499 8164.2991 7227.4195 5968.5631 5966.1566 5792.0000 5968.5631 5970.9853 6469.4040 7227.4195 8171.3499 9244.4193 12416.3267 9254.2583 7382.0106 7240.0000 7792.5300 28724.3970 15610.1347 11286.8671 8806.6921 8805.0613 8688.0000 9704.1060 11286.8671 27848.1299 25185.6632 17617.7920 15350.3511 14299.8624 10237.9186 10136.0000 10237.9186 10537.7616 11660.2827 28407.1980 27097.8240 23263.2614 20813.5129 17389.1925 15360.2287 12364.3595 11937.1261 11584.0000 31629.5024
42872.8513 42863.0568 48131.0272 41455.6299 45718.1774 44916.3101 37218.1853 43364.5172 33428.4660 33008.4543 39324.0877 34490.6783 31170.1201 35294.0771 27849.5686 36837.6594 27947.8025 30933.3597 25268.6326 23212.7703 23212.7703 23567.8712 24262.4865 28071.5234 26065.4273 25297.2995 22642.9140 25733.4060 29764.4438 20714.6396 19043.3427 33652.9014 18810.5662 17376.0000 18810.5662 28870.4782 19662.0438 24832.6534 21469.1546 17647.0385 16173.5100 15585.0600 15581.3644 14764.0213 14551.5250 14551.5250 17647.0385 13730.3078 13111.4265 13346.8703 13730.3078 14891.1064 20813.5129 17389.1925 14454.8391 14299.8624 13322.6053 12435.8563 10537.7616 10237.9186 11019.3841 13322.6053 18075.8276 16826.4507 11286.8671 8806.6921 9704.1060 12257.0249 23295.6985 21433.8022 13612.9491 12416.3267 7382.0106 7792.5300 10214.1874 17426.1815 25172.4109 19607.9717 10406.7565 7227.4195 5968.5631 7227.4195 8171.3499 18236.2422 30571.2031 26299.2430 17829.2905 13677.1816 8413.2254 7217.6196 5213.0855 4576.7693 4344.0000 4344.0115 5213.0855 6128.5125 8413.2254 12319.2987 15050.5294 16113.3801 10494.4931 6450.6211 2896.0000 3234.7020 4085.6750 6450.6211 9118.1211 16113.3801 17352.5205 14482.5690 3225.3105 1448.0000 3225.3105 4559.0605 11618.5837 14482.5690 15917.0005 14410.0000 12969.0000 5764.0000 4323.0000 1441.0000 0.0000 1441.0000 7205.0000 8646.0000 15851.0000 11618.5837 10190.4010 10180.5026 8766.4143 3225.3105 2042.8375 1448.0000 3225.3105 5943.0968 10190.4010 11618.5837 9118.1211 5203.3782 2896.0000 2896.0173 23461.6596 19230.0709 15050.5294 10982.6183 9675.9316 5213.0855 4576.7693 4573.6306 4344.0000 4576.7693 17829.2905 16876.0619 10406.7565 9244.4193 9236.6276 8171.3499 6469.4040 6464.9554 5968.5631 5792.0000 5792.0086 5968.5631 6469.4040 7227.4195 8171.3499 13612.9491 10214.1874 7792.5300 7382.0106 7382.0106 30101.0589 16826.4507 12257.0249 9153.5386 9150.3950 8806.6921 9153.5386 10426.1709 29195.0019 26511.1581 18814.6936 16460.0564 15350.3511 10537.7616 10237.9186 10136.0000 10237.9186 11019.3841 29728.7520 28407.1980 24523.4027 22025.3115 18488.8387 16342.6999 12938.8080 12364.3595 11673.2830 32947.8549
43186.5214 43176.7981 48922.6489 41779.9414 46550.8490 44146.9256 37579.0842 44241.5093 33583.3998 33414.8516 38496.9214 35294.0771 31731.3183 34490.6783 28109.3195 35895.5329 28499.5944 30082.5651 25877.6160 23346.5661 23168.0000 23346.5661 23874.2522 27283.7740 26888.8936 24589.6967 23320.5653 24871.7125 30894.1092 21356.2765 18879.0746 34894.8921 19408.2120 17435.6490 18307.0771 27733.2580 20540.1106 26016.8911 22554.0166 18508.5165 16864.8663 16173.5100 16169.0576 15111.5429 14764.0213 14480.0000 16864.8663 14249.7972 13032.0000 13111.4265 13346.8703 14249.7972 22025.3115 18488.8387 13641.8870 15350.3511 14299.8624 13322.6053 11019.3841 10136.0000 10537.7616 12435.8563 19351.8632 18075.8276 12257.0249 9153.5386 9153.5386 11286.8671 21965.2366 22795.3027 14853.0320 13612.9491 7792.5300 7382.0106 9254.2583 16126.5526 26576.8152 20988.9862 11631.6307 8171.3499 6469.4040 6469.4040 7227.4195 16876.0619 31998.2365 27721.4714 19230.0709 15050.5294 9675.9316 8413.2254 6128.5125 5213.0855 4576.7693 4573.6306 4576.7693 5213.0855 7217.6196 10982.6183 13677.1816 17532.8286 11886.1937 7765.2328 3234.7020 2896.0000 3234.7020 5203.3782 7765.2328 14698.1263 18788.8795 15917.0005 4559.0605 2042.8375 2042.8375 3225.3105 10190.4010 13049.5849 14482.5690 15851.0000 14410.0000 7205.0000 5764.0000 2882.0000 1441.0000 0.0000 5764.0000 7205.0000 14410.0000 13049.5849 11618.5837 11608.6618 10190.4010 4559.0605 3225.3105 2042.8375 2042.8375 4559.0605 8766.4143 10190.4010 10494.4931 6450.6211 3234.7020 3230.2596 24879.1749 20636.3905 16435.4658 12319.2987 10982.6183 6128.5125 5213.0855 5207.5637 4576.7693 4344.0000 16435.4658 18236.2422 11631.6307 10406.7565 10398.4499 9244.4193 7227.4195 7221.4426 6469.4040 5968.5631 5966.1566 5792.0000 5968.5631 6469.4040 7227.4195 14853.0320 11277.0083 8432.4332 7792.5300 7240.0000 31483.4792 18075.8276 13312.7350 9704.1060 9699.6553 9153.5386 8806.6921 9704.1060 30550.4647 27848.1299 20043.7462 17617.7920 16460.0564 11019.3841 10537.7616 10237.9186 10136.0000 10537.7616 31060.9313 29728.7520 25802.4842 23263.2614 19632.7089 17389.1925 13641.8870 12938.8080 11937.1261 34276.0824
44884.0981 44874.7426 52366.7298 43532.4033 50158.0537 41429.2791 39518.2768 48022.4942 34798.0457 35581.7220 35581.7220 38877.5185 34490.6783 31731.3183 29829.5982 32494.9751 31278.5128 27181.6526 28909.6781 24728.7189 23874.2522 23346.5661 23168.0000 24728.7189 30642.5623 22471.8067 26645.2106 22038.7681 35638.0569 24608.8841 19314.0184 39996.5749 22573.7342 18810.5662 17376.0000 23519.7699 24589.1536 30972.2463 27225.8983 22554.0166 20428.3749 19438.7592 19432.0890 17647.0385 16864.8663 15585.0600 14764.0213 17399.0749 14249.7972 13730.3078 13346.8703 13032.0000 27097.8240 23263.2614 11673.2830 20043.7462 18814.6936 17617.7920 14299.8624 11660.2827 10537.7616 10237.9186 24638.5974 23295.6985 16826.4507 12257.0249 9153.5386 8806.6921 16826.4507 28320.0855 20083.3983 18746.4894 11277.0083 8432.4332 7240.0000 11277.0083 32226.7601 26576.8152 16876.0619 12901.2421 10406.7565 6469.4040 5968.5631 11631.6307 37716.9921 33426.4683 24879.1749 20636.3905 15050.5294 13677.1816 10982.6183 9675.9316 8413.2254 8404.6631 6128.5125 5213.0855 4344.0000 6128.5125 8413.2254 23237.1675 17532.8286 13288.4076 7765.2328 6450.6211 5203.3782 3234.7020 3234.7020 9118.1211 24539.7578 21663.4468 10190.4010 7349.0631 4559.0605 3225.3105 4559.0605 7349.0631 8766.4143 21615.0000 20174.0000 12969.0000 11528.0000 8646.0000 7205.0000 5764.0000 0.0000 1441.0000 8646.0000 18788.8795 17352.5205 17342.5554 15917.0005 10190.4010 8766.4143 7349.0631 4559.0605 2042.8375 3225.3105 4559.0605 16113.3801 11886.1937 7765.2328 7755.9552 30571.2031 26299.2430 22047.1894 17829.2905 16435.4658 10982.6183 9675.9316 9666.9971 8413.2254 7217.6196 10982.6183 23772.3873 16876.0619 15530.4657 15521.1876 14203.5990 11631.6307 11622.9597 10406.7565 9244.4193 9236.6276 8171.3499 7227.4195 6469.4040 5968.5631 20083.3983 16126.5526 12416.3267 11277.0083 9254.2583 37057.8193 23295.6985 18075.8276 13312.7350 13305.1596 12257.0249 9704.1060 8806.6921 36038.7507 33282.9581 25185.6632 22577.1737 21299.3846 14299.8624 13322.6053 12435.8563 11660.2827 10537.7616 36472.4843 35109.0801 31060.9313 28407.1980 24523.4027 22025.3115 17389.1925 16342.6999 14454.8391 39667.7978
45413.0084 45403.7618 53290.4212 44077.5362 51121.6682 40848.8201 40117.9918 49028.0997 35242.7468 36246.6274 34963.5930 39853.3718 35294.0771 31170.1201 30415.5405 31751.6038 32097.6227 26602.5379 29793.9845 25268.6326 24262.4865 23567.8712 23212.7703 24262.4865 31675.5037 22146.0319 27602.1607 21514.3210 36869.4966 25560.8341 19686.7131 41299.2316 23519.7699 19408.2120 17435.6490 22573.7342 25703.9192 32253.1053 28456.5179 23676.9020 21469.1546 20428.3749 20421.3222 18508.5165 17647.0385 16173.5100 14551.5250 18385.5374 14891.1064 14249.7972 13730.3078 13111.4265 28407.1980 24523.4027 11584.0000 21299.3846 20043.7462 18814.6936 15350.3511 12435.8563 11019.3841 10136.0000 25992.0056 24638.5974 18075.8276 13312.7350 9704.1060 8688.0000 15610.1347 29715.4842 21433.8022 20083.3983 12416.3267 9254.2583 7382.0106 10214.1874 33645.2926 27984.9407 18236.2422 14203.5990 11631.6307 7227.4195 6469.4040 10406.7565 39148.7546 34855.7512 26299.2430 22047.1894 16435.4658 15050.5294 12319.2987 10982.6183 9675.9316 9666.9971 7217.6196 6128.5125 4576.7693 5213.0855 7217.6196 24667.5865 18955.5297 14698.1263 9118.1211 7765.2328 6450.6211 4085.6750 2896.0000 7765.2328 25978.3862 23101.4251 11618.5837 8766.4143 5943.0968 4559.0605 3225.3105 5943.0968 7349.0631 23056.0000 21615.0000 14410.0000 12969.0000 10087.0000 8646.0000 7205.0000 1441.0000 0.0000 7205.0000 20225.8987 18788.8795 18778.9093 17352.5205 11618.5837 10190.4010 8766.4143 5943.0968 3225.3105 2042.8375 3225.3105 17532.8286 13288.4076 9118.1211 9108.6394 31998.2365 27721.4714 23461.6596 19230.0709 17829.2905 12319.2987 10982.6183 10973.4345 9675.9316 8413.2254 9675.9316 25172.4109 18236.2422 16876.0619 16866.6696 15530.4657 12901.2421 12892.3073 11631.6307 10406.7565 10398.4499 9244.4193 8171.3499 7227.4195 6469.4040 21433.8022 17426.1815 13612.9491 12416.3267 10214.1874 38460.1417 24638.5974 19351.8632 14435.2391 14427.2543 13312.7350 10426.1709 9153.5386 37423.7775 34658.2883 26511.1581 23873.5569 22577.1737 15350.3511 14299.8624 13322.6053 12435.8563 11019.3841 37841.6395 36472.4843 32402.4255 29728.7520 25802.4842 23263.2614 18488.8387 17389.1925 15360.2287 41031.5449
48615.1321 48606.4948 58224.8783 47370.0216 56246.7103 38628.0367 43709.7587 54350.9156 38211.0155 40185.9148 32660.6301 45108.0332 39853.3718 29280.8799 34115.9848 28838.5759 36771.0748 24784.1357 34778.3851 28909.6781 27283.7740 25877.6160 24728.7189 23168.0000 37248.9801 21910.3702 32920.1128 20272.0000 43221.4949 30894.1092 22859.0887 47931.4471 28870.4782 23519.7699 19408.2120 18810.5662 31675.0821 38826.1642 34852.3630 29706.0641 27225.8983 26016.8911 26008.5837 23676.9020 22554.0166 20428.3749 15585.0600 24017.1460 19428.8735 18385.5374 17399.0749 15639.2564 35109.0801 31060.9313 13641.8870 27848.1299 26511.1581 25185.6632 21299.3846 17617.7920 15350.3511 12435.8563 32870.9317 31483.4792 24638.5974 19351.8632 14435.2391 11286.8671 10426.1709 36745.3157 28320.0855 26929.4902 18746.4894 14853.0320 11277.0083 7240.0000 40761.6041 35065.6573 25172.4109 20988.9862 18236.2422 12901.2421 11631.6307 5968.5631 46316.1622 42014.1745 33426.4683 29145.5440 23461.6596 22047.1894 19230.0709 17829.2905 16435.4658 16425.8217 13677.1816 12319.2987 9675.9316 6128.5125 4576.7693 31834.0010 26099.1697 21808.1416 16113.3801 14698.1263 13288.4076 10494.4931 7765.2328 2896.0000 33174.6161 30295.6239 18788.8795 15917.0005 13049.5849 11618.5837 4559.0605 2042.8375 1448.0000 30261.0000 28820.0000 21615.0000 20174.0000 17292.0000 15851.0000 14410.0000 8646.0000 7205.0000 0.0000 27417.2636 25978.3862 25968.4017 24539.7578 18788.8795 17352.5205 15917.0005 13049.5849 10190.4010 5943.0968 4559.0605 24667.5865 20380.8020 16113.3801 16103.5430 39148.7546 34855.7512 30571.2031 26299.2430 24879.1749 19230.0709 17829.2905 17819.5920 16435.4658 15050.5294 4576.7693 32226.7601 25172.4109 23772.3873 23762.6888 22377.5666 19607.9717 19598.4181 18236.2422 16876.0619 16866.6696 15530.4657 14203.5990 12901.2421 11631.6307 28320.0855 24166.0244 20083.3983 18746.4894 16126.5526 45508.0167 31483.4792 25992.0056 20649.6158 20640.5444 19351.8632 15610.1347 13312.7350 44402.3805 41601.6779 33282.9581 30550.4647 29195.0019 21299.3846 20043.7462 18814.6936 17617.7920 15350.3511 44755.1333 43364.8426 39215.9433 36472.4843 32402.4255 29728.7520 24523.4027 23263.2614 20813.5129 47918.1549
43535.4973 43525.5192 44395.6773 42090.7827 41667.0771 53162.9367 37758.1492 38962.6501 35811.3784 33428.4660 48012.5970 31249.9358 30408.0000 43927.9327 29842.8153 46222.0967 27549.7119 39938.2050 24658.1414 26602.5379 27823.4149 29278.0064 30933.3597 36817.8910 23346.5661 33717.3432 21767.7486 34948.0764 23320.5653 20475.8372 24871.7125 25560.8341 19314.0184 22073.4628 26556.8873 39375.0687 17376.0000 18123.3137 16504.2271 15993.0505 16504.2271 16938.8571 16942.2625 18123.3137 18853.3486 20540.1106 26849.7562 16173.5100 19438.7592 20428.3749 21469.1546 23676.9020 14249.7972 13111.4265 24017.1460 11673.2830 11937.1261 12364.3595 14454.8391 17389.1925 19632.7089 23263.2614 11019.3841 10537.7616 11019.3841 14299.8624 18814.6936 22577.1737 34658.2883 12257.0249 8688.0000 8806.6921 13312.7350 16826.4507 20649.6158 28724.3970 14853.0320 10214.1874 7792.5300 10214.1874 12416.3267 17426.1815 18746.4894 29715.4842 19607.9717 15530.4657 8171.3499 5968.5631 7227.4195 8171.3499 10406.7565 11631.6307 12901.2421 12910.1785 15530.4657 16876.0619 19607.9717 23772.3873 26576.8152 6128.5125 4576.7693 7217.6196 12319.2987 13677.1816 15050.5294 17829.2905 20636.3905 27721.4714 6450.6211 4085.6750 9118.1211 11886.1937 14698.1263 16113.3801 23237.1675 26099.1697 27531.7355 3225.3105 2042.8375 5943.0968 7349.0631 10190.4010 11618.5837 13049.5849 18788.8795 20225.8987 27417.2636 0.0000 1441.0000 1451.0000 2882.0000 8646.0000 10087.0000 11528.0000 14410.0000 17292.0000 21615.0000 23056.0000 3225.3105 7349.0631 11618.5837 11628.5058 11886.1937 7765.2328 4085.6750 3234.7020 4085.6750 9118.1211 10494.4931 10504.1051 11886.1937 13288.4076 28965.1379 6128.5125 5213.0855 6128.5125 6135.5705 7217.6196 9675.9316 9684.8682 10982.6183 12319.2987 12328.6569 13677.1816 15050.5294 16435.4658 17829.2905 5792.0000 7227.4195 10406.7565 11631.6307 14203.5990 18746.4894 7792.5300 7792.5300 11277.0083 11284.6770 12416.3267 16126.5526 18746.4894 18075.8276 15610.1347 9704.1060 8806.6921 8688.0000 12257.0249 13312.7350 14435.2391 15610.1347 18075.8276 18814.6936 17617.7920 14299.8624 12435.8563 10537.7616 10136.0000 11660.2827 12435.8563 14299.8624 22025.3115
43463.8940 43453.8995 44884.0981 42016.7174 42187.1001 52197.2248 37675.5675 39518.2768 35491.0345 33335.1601 46985.2622 31613.2849 30442.1245 42899.5872 29528.0425 45108.0332 27512.0000 38857.7469 24616.0000 26090.2429 27181.6526 28523.5965 30082.5651 35759.2967 23567.8712 32685.3998 21720.0000 33831.0249 24065.5136 20323.1510 24065.5136 26556.8873 19043.3427 21356.2765 25560.8341 38115.6323 17435.6490 18853.3486 16938.8571 15928.0000 16186.6336 16504.2271 16506.8493 17481.7965 18123.3137 19662.0438 25703.9192 15585.0600 18508.5165 19438.7592 20428.3749 22554.0166 14891.1064 13346.8703 22820.1296 11584.0000 11673.2830 11937.1261 13641.8870 16342.6999 18488.8387 22025.3115 11660.2827 11019.3841 10537.7616 13322.6053 17617.7920 21299.3846 33282.9581 13312.7350 8806.6921 8688.0000 12257.0249 15610.1347 19351.8632 27354.3632 16126.5526 11277.0083 7382.0106 9254.2583 11277.0083 16126.5526 17426.1815 28320.0855 20988.9862 16876.0619 9244.4193 6469.4040 6469.4040 7227.4195 9244.4193 10406.7565 11631.6307 11640.3038 14203.5990 15530.4657 18236.2422 22377.5666 25172.4109 7217.6196 4344.0000 6128.5125 10982.6183 12319.2987 13677.1816 16435.4658 19230.0709 26299.2430 7765.2328 5203.3782 7765.2328 10494.4931 13288.4076 14698.1263 21808.1416 24667.5865 26099.1697 4559.0605 3225.3105 4559.0605 5943.0968 8766.4143 10190.4010 11618.5837 17352.5205 18788.8795 25978.3862 1441.0000 0.0000 10.0000 1441.0000 7205.0000 8646.0000 10087.0000 12969.0000 15851.0000 20174.0000 21615.0000 2042.8375 5943.0968 10190.4010 10200.2997 13288.4076 9118.1211 5203.3782 2896.0000 3234.7020 7765.2328 9118.1211 9127.6038 10494.4931 11886.1937 27531.7355 7217.6196 4576.7693 5213.0855 5218.6205 6128.5125 8413.2254 8421.7908 9675.9316 10982.6183 10991.8035 12319.2987 13677.1816 15050.5294 16435.4658 5968.5631 6469.4040 9244.4193 10406.7565 12901.2421 20083.3983 8432.4332 7382.0106 10214.1874 10221.2438 11277.0083 14853.0320 17426.1815 19351.8632 16826.4507 10426.1709 9153.5386 8806.6921 11286.8671 12257.0249 13312.7350 14435.2391 16826.4507 20043.7462 18814.6936 15350.3511 13322.6053 11019.3841 10237.9186 11019.3841 11660.2827 13322.6053 23263.2614
43463.5636 43453.5690 44887.6306 42016.3757 42190.8585 52190.5997 37675.1863 39522.2889 35489.0057 33334.7293 46978.2088 31616.0213 30442.5995 42892.5339 29526.0921 45100.3667 27512.0018 38850.3307 24616.0020 26086.9307 27177.4130 28518.5458 30076.8180 35752.0439 23569.7075 32678.3467 21720.0023 33823.3586 24070.9041 20322.4444 24060.1260 26563.9422 19041.8318 21351.5551 25554.0701 38106.9372 17436.4783 18858.7007 16942.2625 15928.0031 16184.8561 16501.6106 16504.2271 17477.6774 18118.5452 19656.1824 25696.0713 15581.3644 18502.2897 19432.0890 20421.3222 22546.3506 14895.9474 13349.0332 22811.9213 11584.0043 11672.0528 11934.7157 13636.6081 16335.6475 18481.0459 22016.8069 11665.2292 11023.3110 10535.0311 13316.1178 17609.6137 21290.5901 33273.4332 13320.3135 8808.3338 8688.0058 12249.9731 15601.8276 19342.9281 27344.8812 16135.4888 11284.6770 7380.0651 9248.0331 11269.3432 16117.6177 17417.0859 28310.4179 20998.5980 16885.4548 9252.2154 6473.8650 6464.9554 7221.4426 9236.6276 10398.4499 11622.9597 11631.6307 14194.4688 15521.1876 18226.7602 22367.9076 25162.6794 7225.6081 4344.0115 6121.4627 10973.4345 12309.9415 13667.6998 16425.8217 19220.3295 26289.3804 7774.5123 5211.6893 7755.9552 10484.8817 13278.6482 14688.3224 21798.2302 24657.6557 26089.2315 4568.5439 3234.2492 4549.5794 5933.3987 8756.5518 10180.5026 11608.6618 17342.5554 18778.9093 25968.4017 1451.0000 10.0000 0.0000 1431.0000 7195.0000 8636.0000 10077.0000 12959.0000 15841.0000 20164.0000 21605.0000 2035.7959 5933.3987 10180.5026 10190.4010 13298.1674 9127.6038 5211.6893 2896.0173 3230.2596 7755.9552 9108.6394 9118.1211 10484.8817 11876.4953 27521.7909 7225.6081 4573.6306 5207.5637 5213.0855 6121.4627 8404.6631 8413.2254 9666.9971 10973.4345 10982.6183 12309.9415 13667.6998 15040.9553 16425.8217 5970.9853 6464.9554 9236.6276 10398.4499 12892.3073 20092.7263 8437.5642 7380.0651 10207.1360 10214.1874 11269.3432 14844.3013 17417.0859 19360.7993 16835.0154 10431.7026 9156.6920 8808.3338 11280.4862 12249.9731 13305.1596 14427.2543 16817.8876 20052.3739 18823.1192 15357.8625 13329.0972 11023.3110 10239.3309 11015.4648 11655.3426 13316.1178 23271.9340
43440.0000 43430.0000 45413.0084 41992.0000 42749.3916 51253.8356 37648.0000 40117.9918 35226.7682 33304.0000 45980.1394 32037.3849 30544.2693 41895.5709 29280.8799 44012.9532 27549.7119 37801.3457 24658.1414 25648.7715 26602.5379 27823.4149 29278.0064 34728.2373 23874.2522 31685.3980 21767.7486 32739.2946 24871.7125 20272.0000 23320.5653 27592.2680 18879.0746 20714.6396 24608.8841 36869.4966 17613.3841 19662.0438 17481.7965 15993.0505 15993.0505 16186.6336 16188.4171 16938.8571 17481.7965 18853.3486 24589.1536 15111.5429 17647.0385 18508.5165 19438.7592 21469.1546 15639.2564 13730.3078 21652.8587 11673.2830 11584.0000 11673.2830 12938.8080 15360.2287 17389.1925 20813.5129 12435.8563 11660.2827 10237.9186 12435.8563 16460.0564 20043.7462 31913.4238 14435.2391 9153.5386 8806.6921 11286.8671 14435.2391 18075.8276 25992.0056 17426.1815 12416.3267 7240.0000 8432.4332 10214.1874 14853.0320 16126.5526 26929.4902 22377.5666 18236.2422 10406.7565 7227.4195 5968.5631 6469.4040 8171.3499 9244.4193 10406.7565 10415.0660 12901.2421 14203.5990 16876.0619 20988.9862 23772.3873 8413.2254 4576.7693 5213.0855 9675.9316 10982.6183 12319.2987 15050.5294 17829.2905 24879.1749 9118.1211 6450.6211 6450.6211 9118.1211 11886.1937 13288.4076 20380.8020 23237.1675 24667.5865 5943.0968 4559.0605 3225.3105 4559.0605 7349.0631 8766.4143 10190.4010 15917.0005 17352.5205 24539.7578 2882.0000 1441.0000 1431.0000 0.0000 5764.0000 7205.0000 8646.0000 11528.0000 14410.0000 18733.0000 20174.0000 1448.0000 4559.0605 8766.4143 8776.2771 14698.1263 10494.4931 6450.6211 3234.7020 2896.0000 6450.6211 7765.2328 7774.5123 9118.1211 10494.4931 26099.1697 8413.2254 4344.0000 4576.7693 4579.9276 5213.0855 7217.6196 7225.6081 8413.2254 9675.9316 9684.8682 10982.6183 12319.2987 13677.1816 15050.5294 6469.4040 5968.5631 8171.3499 9244.4193 11631.6307 21433.8022 9254.2583 7240.0000 9254.2583 9260.4901 10214.1874 13612.9491 16126.5526 20649.6158 18075.8276 11286.8671 9704.1060 9153.5386 10426.1709 11286.8671 12257.0249 13312.7350 15610.1347 21299.3846 20043.7462 16460.0564 14299.8624 11660.2827 10537.7616 10537.7616 11019.3841 12435.8563 24523.4027
43820.7405 43810.8274 47905.1897 42385.7495 45388.0640 47729.5177 38086.6853 42918.7504 34752.0000 33799.1141 42212.9869 34291.4080 31613.2849 38160.5241 28995.8287 39853.3718 28439.7990 33860.6013 25648.7715 24658.1414 24992.7146 25648.7715 26602.5379 30933.3597 25877.6160 28071.5234 22883.8464 28682.4631 28599.7248 21075.5232 21075.5232 32048.7569 19314.0184 19043.3427 21356.2765 32048.7569 19408.2120 23509.8798 20540.1106 17481.7965 16504.2271 16186.6336 16184.8561 15928.0000 15993.0505 16504.2271 20540.1106 14551.5250 15111.5429 15585.0600 16173.5100 17647.0385 19428.8735 16479.7025 17399.0749 13641.8870 12938.8080 12364.3595 11584.0000 12364.3595 13641.8870 16342.6999 16460.0564 15350.3511 11019.3841 10237.9186 12435.8563 15350.3511 26511.1581 19351.8632 12257.0249 11286.8671 8806.6921 10426.1709 13312.7350 20649.6158 22795.3027 17426.1815 9254.2583 7382.0106 7382.0106 10214.1874 11277.0083 21433.8022 27984.9407 23772.3873 15530.4657 11631.6307 7227.4195 6469.4040 5792.0000 5968.5631 6469.4040 6473.8650 8171.3499 9244.4193 11631.6307 15530.4657 18236.2422 13677.1816 8413.2254 5213.0855 5213.0855 6128.5125 7217.6196 9675.9316 12319.2987 19230.0709 14698.1263 11886.1937 2896.0000 4085.6750 6450.6211 7765.2328 14698.1263 17532.8286 18955.5297 11618.5837 10190.4010 3225.3105 2042.8375 2042.8375 3225.3105 4559.0605 10190.4010 11618.5837 18788.8795 8646.0000 7205.0000 7195.0000 5764.0000 0.0000 1441.0000 2882.0000 5764.0000 8646.0000 12969.0000 14410.0000 5943.0968 2042.8375 3225.3105 3234.2492 20380.8020 16113.3801 11886.1937 7765.2328 6450.6211 2896.0000 3234.7020 3239.1692 4085.6750 5203.3782 20380.8020 13677.1816 7217.6196 6128.5125 6121.4627 5213.0855 4344.0000 4344.0115 4576.7693 5213.0855 5218.6205 6128.5125 7217.6196 8413.2254 9675.9316 10406.7565 7227.4195 5792.0000 5968.5631 7227.4195 26929.4902 13612.9491 9254.2583 7240.0000 7240.0069 7382.0106 9254.2583 11277.0083 25992.0056 23295.6985 15610.1347 13312.7350 12257.0249 8688.0000 8806.6921 9153.5386 9704.1060 11286.8671 26511.1581 25185.6632 21299.3846 18814.6936 15350.3511 13322.6053 10537.7616 10237.9186 10237.9186 29728.7520
44033.4603 44023.5951 48615.1321 42605.6345 46136.7557 46917.7691 38331.2396 43709.7587 34781.8629 34074.4544 41343.1908 34980.8480 32037.3849 37307.5688 29103.0501 38877.5185 28838.5759 32959.4049 26090.2429 24616.0000 24784.1357 25281.8344 26090.2429 30082.5651 26550.9168 27283.7740 23377.5900 27762.7748 29633.8018 21514.3210 20727.8150 33225.7824 19686.7131 18879.0746 20714.6396 30894.1092 20091.6138 24589.1536 21479.0429 18123.3137 16938.8571 16504.2271 16501.6106 15993.0505 15928.0000 16186.6336 19662.0438 14764.0213 14764.0213 15111.5429 15585.0600 16864.8663 20520.4100 17399.0749 16479.7025 14454.8391 13641.8870 12938.8080 11673.2830 11937.1261 12938.8080 15360.2287 17617.7920 16460.0564 11660.2827 10136.0000 11660.2827 14299.8624 25185.6632 20649.6158 13312.7350 12257.0249 8688.0000 9704.1060 12257.0249 19351.8632 24166.0244 18746.4894 10214.1874 7792.5300 7240.0000 9254.2583 10214.1874 20083.3983 29396.2526 25172.4109 16876.0619 12901.2421 8171.3499 7227.4195 5968.5631 5792.0000 5968.5631 5970.9853 7227.4195 8171.3499 10406.7565 14203.5990 16876.0619 15050.5294 9675.9316 6128.5125 4576.7693 5213.0855 6128.5125 8413.2254 10982.6183 17829.2905 16113.3801 13288.4076 3234.7020 3234.7020 5203.3782 6450.6211 13288.4076 16113.3801 17532.8286 13049.5849 11618.5837 4559.0605 3225.3105 1448.0000 2042.8375 3225.3105 8766.4143 10190.4010 17352.5205 10087.0000 8646.0000 8636.0000 7205.0000 1441.0000 0.0000 1441.0000 4323.0000 7205.0000 11528.0000 12969.0000 7349.0631 3225.3105 2042.8375 2049.9037 21808.1416 17532.8286 13288.4076 9118.1211 7765.2328 3234.7020 2896.0000 2896.0173 3234.7020 4085.6750 18955.5297 15050.5294 8413.2254 7217.6196 7209.6361 6128.5125 4576.7693 4573.6306 4344.0000 4576.7693 4579.9276 5213.0855 6128.5125 7217.6196 8413.2254 11631.6307 8171.3499 5968.5631 5792.0000 6469.4040 28320.0855 14853.0320 10214.1874 7382.0106 7380.0651 7240.0000 8432.4332 10214.1874 27354.3632 24638.5974 16826.4507 14435.2391 13312.7350 8806.6921 8688.0000 8806.6921 9153.5386 10426.1709 27848.1299 26511.1581 22577.1737 20043.7462 16460.0564 14299.8624 11019.3841 10537.7616 10136.0000 31060.9313
44292.0638 44282.2562 49356.9439 42872.8513 46917.7691 46136.7557 38628.0367 44533.3565 34871.2981 34407.9894 40505.9940 35715.1474 32519.8593 36491.5982 29280.8799 37931.3144 29302.8619 32097.6227 26602.5379 24658.1414 24658.1414 24992.7146 25648.7715 29278.0064 27283.7740 26550.9168 23947.9847 26888.8936 30700.7023 22038.7681 20475.8372 34422.8903 20155.7684 18824.0000 20155.7684 29764.4438 20852.3418 25703.9192 22471.2124 18853.3486 17481.7965 16938.8571 16935.4569 16186.6336 15993.0505 15993.0505 18853.3486 15111.5429 14551.5250 14764.0213 15111.5429 16173.5100 21652.8587 18385.5374 15639.2564 15360.2287 14454.8391 13641.8870 11937.1261 11673.2830 12364.3595 14454.8391 18814.6936 17617.7920 12435.8563 10237.9186 11019.3841 13322.6053 23873.5569 21965.2366 14435.2391 13312.7350 8806.6921 9153.5386 11286.8671 18075.8276 25544.4829 20083.3983 11277.0083 8432.4332 7382.0106 8432.4332 9254.2583 18746.4894 30810.3130 26576.8152 18236.2422 14203.5990 9244.4193 8171.3499 6469.4040 5968.5631 5792.0000 5792.0086 6469.4040 7227.4195 9244.4193 12901.2421 15530.4657 16435.4658 10982.6183 7217.6196 4344.0000 4576.7693 5213.0855 7217.6196 9675.9316 16435.4658 17532.8286 14698.1263 4085.6750 2896.0000 4085.6750 5203.3782 11886.1937 14698.1263 16113.3801 14482.5690 13049.5849 5943.0968 4559.0605 2042.8375 1448.0000 2042.8375 7349.0631 8766.4143 15917.0005 11528.0000 10087.0000 10077.0000 8646.0000 2882.0000 1441.0000 0.0000 2882.0000 5764.0000 10087.0000 11528.0000 8766.4143 4559.0605 1448.0000 1448.0345 23237.1675 18955.5297 14698.1263 10494.4931 9118.1211 4085.6750 3234.7020 3230.2596 2896.0000 3234.7020 17532.8286 16435.4658 9675.9316 8413.2254 8404.6631 7217.6196 5213.0855 5207.5637 4576.7693 4344.0000 4344.0115 4576.7693 5213.0855 6128.5125 7217.6196 12901.2421 9244.4193 6469.4040 5968.5631 5968.5631 29715.4842 16126.5526 11277.0083 7792.5300 7788.8371 7382.0106 7792.5300 9254.2583 28724.3970 25992.0056 18075.8276 15610.1347 14435.2391 9153.5386 8806.6921 8688.0000 8806.6921 9704.1060 29195.0019 27848.1299 23873.5569 21299.3846 17617.7920 15350.3511 11660.2827 11019.3841 10237.9186 32402.4255
44943.6134 44933.9480 50930.5455 43545.6410 48570.4603 44673.3191 39373.4262 46271.2913 35226.7682 35242.7468 38937.7284 37307.5688 33649.5849 34980.8480 29842.8153 36137.0976 30415.5405 30505.5126 27823.4149 24992.7146 24658.1414 24658.1414 24992.7146 27823.4149 28909.6781 25268.6326 25297.2995 25297.2995 32920.1128 23320.5653 20272.0000 36869.4966 21356.2765 19043.3427 19314.0184 27592.2680 22573.7342 28022.8535 24589.1536 20540.1106 18853.3486 18123.3137 18118.5452 16938.8571 16504.2271 15993.0505 17481.7965 16173.5100 14551.5250 14480.0000 14551.5250 15111.5429 24017.1460 20520.4100 14249.7972 17389.1925 16342.6999 15360.2287 12938.8080 11673.2830 11673.2830 12938.8080 21299.3846 20043.7462 14299.8624 11019.3841 10237.9186 11660.2827 21299.3846 24638.5974 16826.4507 15610.1347 9704.1060 8688.0000 9704.1060 15610.1347 28320.0855 22795.3027 13612.9491 10214.1874 8432.4332 7382.0106 7792.5300 16126.5526 33645.2926 29396.2526 20988.9862 16876.0619 11631.6307 10406.7565 8171.3499 7227.4195 6469.4040 6464.9554 5792.0000 5968.5631 7227.4195 10406.7565 12901.2421 19230.0709 13677.1816 9675.9316 5213.0855 4576.7693 4344.0000 5213.0855 7217.6196 13677.1816 20380.8020 17532.8286 6450.6211 4085.6750 2896.0000 3234.7020 9118.1211 11886.1937 13288.4076 17352.5205 15917.0005 8766.4143 7349.0631 4559.0605 3225.3105 2042.8375 4559.0605 5943.0968 13049.5849 14410.0000 12969.0000 12959.0000 11528.0000 5764.0000 4323.0000 2882.0000 0.0000 2882.0000 7205.0000 8646.0000 11618.5837 7349.0631 3225.3105 3216.3781 26099.1697 21808.1416 17532.8286 13288.4076 11886.1937 6450.6211 5203.3782 5195.0731 4085.6750 3234.7020 14698.1263 19230.0709 12319.2987 10982.6183 10973.4345 9675.9316 7217.6196 7209.6361 6128.5125 5213.0855 5207.5637 4576.7693 4344.0000 4576.7693 5213.0855 15530.4657 11631.6307 8171.3499 7227.4195 5968.5631 32518.2165 18746.4894 13612.9491 9254.2583 9248.0331 8432.4332 7240.0000 7792.5300 31483.4792 28724.3970 20649.6158 18075.8276 16826.4507 10426.1709 9704.1060 9153.5386 8806.6921 8806.6921 31913.4238 30550.4647 26511.1581 23873.5569 20043.7462 17617.7920 13322.6053 12435.8563 11019.3841 35109.0801
45767.6928 45758.2015 52615.0631 44395.6773 50334.0245 43352.3068 40311.5369 48119.1937 35811.3784 36287.8012 37525.5870 39048.0406 34980.8480 33649.5849 30666.4176 34490.6783 31751.6038 29112.3180 29278.0064 25648.7715 24992.7146 24658.1414 24658.1414 26602.5379 30720.4574 24262.4865 26888.8936 23947.9847 35235.5841 24871.7125 20475.8372 39375.0687 22859.0887 19686.7131 18879.0746 25560.8341 24514.0498 30438.1509 26849.7562 22471.2124 20540.1106 19662.0438 19656.1824 18123.3137 17481.7965 16504.2271 16504.2271 17647.0385 15111.5429 14764.0213 14551.5250 14551.5250 26484.1870 22820.1296 13346.8703 19632.7089 18488.8387 17389.1925 14454.8391 12364.3595 11673.2830 11937.1261 23873.5569 22577.1737 16460.0564 12435.8563 10237.9186 10537.7616 18814.6936 27354.3632 19351.8632 18075.8276 11286.8671 9153.5386 8806.6921 13312.7350 31115.0401 25544.4829 16126.5526 12416.3267 10214.1874 7382.0106 7240.0000 13612.9491 36487.6402 32226.7601 23772.3873 19607.9717 14203.5990 12901.2421 10406.7565 9244.4193 8171.3499 8164.2991 6469.4040 5968.5631 5968.5631 8171.3499 10406.7565 22047.1894 16435.4658 12319.2987 7217.6196 6128.5125 5213.0855 4344.0000 5213.0855 10982.6183 23237.1675 20380.8020 9118.1211 6450.6211 4085.6750 3234.7020 6450.6211 9118.1211 10494.4931 20225.8987 18788.8795 11618.5837 10190.4010 7349.0631 5943.0968 4559.0605 2042.8375 3225.3105 10190.4010 17292.0000 15851.0000 15841.0000 14410.0000 8646.0000 7205.0000 5764.0000 2882.0000 0.0000 4323.0000 5764.0000 14482.5690 10190.4010 5943.0968 5933.3987 28965.1379 24667.5865 20380.8020 16113.3801 14698.1263 9118.1211 7765.2328 7755.9552 6450.6211 5203.3782 11886.1937 22047.1894 15050.5294 13677.1816 13667.6998 12319.2987 9675.9316 9666.9971 8413.2254 7217.6196 7209.6361 6128.5125 5213.0855 4576.7693 4344.0000 18236.2422 14203.5990 10406.7565 9244.4193 7227.4195 35333.7042 21433.8022 16126.5526 11277.0083 11269.3432 10214.1874 7792.5300 7240.0000 34262.8048 31483.4792 23295.6985 20649.6158 19351.8632 12257.0249 11286.8671 10426.1709 9704.1060 8806.6921 34658.2883 33282.9581 29195.0019 26511.1581 22577.1737 20043.7462 15350.3511 14299.8624 12435.8563 37841.6395
47307.0702 47297.8878 55327.4678 45981.0108 53162.9367 41667.0771 42051.1259 51070.9372 37093.0784 38211.0155 35740.0528 41895.5709 37307.5688 32037.3849 32347.0200 32347.0200 34115.9848 27460.6157 31826.6827 27181.6526 26090.2429 25281.8344 24784.1357 25281.8344 33717.3432 23346.5661 29643.6954 22471.8067 38851.1574 27602.1607 21514.3210 43221.4949 25560.8341 21356.2765 19043.3427 22859.0887 27733.2580 34196.9195 30438.1509 25703.9192 23509.8798 22471.2124 22464.1596 20540.1106 19662.0438 18123.3137 15928.0000 20428.3749 16864.8663 16173.5100 15585.0600 14764.0213 30322.3130 26484.1870 13111.4265 23263.2614 22025.3115 20813.5129 17389.1925 14454.8391 12938.8080 11673.2830 27848.1299 26511.1581 20043.7462 15350.3511 11660.2827 10237.9186 15350.3511 31483.4792 23295.6985 21965.2366 14435.2391 11286.8671 9153.5386 10426.1709 35333.7042 29715.4842 20083.3983 16126.5526 13612.9491 9254.2583 8432.4332 10214.1874 40761.6041 36487.6402 27984.9407 23772.3873 18236.2422 16876.0619 14203.5990 12901.2421 11631.6307 11622.9597 9244.4193 8171.3499 6469.4040 5968.5631 7227.4195 26299.2430 20636.3905 16435.4658 10982.6183 9675.9316 8413.2254 6128.5125 4576.7693 7217.6196 27531.7355 24667.5865 13288.4076 10494.4931 7765.2328 6450.6211 3234.7020 5203.3782 6450.6211 24539.7578 23101.4251 15917.0005 14482.5690 11618.5837 10190.4010 8766.4143 3225.3105 2042.8375 5943.0968 21615.0000 20174.0000 20164.0000 18733.0000 12969.0000 11528.0000 10087.0000 7205.0000 4323.0000 0.0000 1441.0000 18788.8795 14482.5690 10190.4010 10180.5026 33269.2841 28965.1379 24667.5865 20380.8020 18955.5297 13288.4076 11886.1937 11876.4953 10494.4931 9118.1211 7765.2328 26299.2430 19230.0709 17829.2905 17819.5920 16435.4658 13677.1816 13667.6998 12319.2987 10982.6183 10973.4345 9675.9316 8413.2254 7217.6196 6128.5125 22377.5666 18236.2422 14203.5990 12901.2421 10406.7565 39574.8942 25544.4829 20083.3983 14853.0320 14844.3013 13612.9491 10214.1874 8432.4332 38460.1417 35658.5810 27354.3632 24638.5974 23295.6985 15610.1347 14435.2391 13312.7350 12257.0249 10426.1709 38812.8800 37423.7775 33282.9581 30550.4647 26511.1581 23873.5569 18814.6936 17617.7920 15350.3511 41977.9723
47895.9693 47886.8998 56276.3647 46586.6756 54149.7772 41190.9235 42712.5530 52097.4199 37621.1324 38937.7284 35242.7468 42899.5872 38160.5241 31613.2849 33014.1758 31731.3183 34987.4030 27041.5259 32759.0549 27823.4149 26602.5379 25648.7715 24992.7146 24992.7146 34778.3851 23212.7703 30642.5623 22146.0319 40087.4923 28599.7248 22038.7681 44523.0736 26556.8873 22073.4628 19314.0184 22073.4628 28870.4782 35478.4158 31675.0821 26849.7562 24589.1536 23509.8798 23502.5256 21479.0429 20540.1106 18853.3486 15993.0505 21469.1546 17647.0385 16864.8663 16173.5100 15111.5429 31629.5024 27747.7212 13346.8703 24523.4027 23263.2614 22025.3115 18488.8387 15360.2287 13641.8870 11937.1261 29195.0019 27848.1299 21299.3846 16460.0564 12435.8563 10537.7616 14299.8624 32870.9317 24638.5974 23295.6985 15610.1347 12257.0249 9704.1060 9704.1060 36745.3157 31115.0401 21433.8022 17426.1815 14853.0320 10214.1874 9254.2583 9254.2583 42188.4793 37911.0593 29396.2526 25172.4109 19607.9717 18236.2422 15530.4657 14203.5990 12901.2421 12892.3073 10406.7565 9244.4193 7227.4195 5792.0000 6469.4040 27721.4714 22047.1894 17829.2905 12319.2987 10982.6183 9675.9316 7217.6196 5213.0855 6128.5125 28965.1379 26099.1697 14698.1263 11886.1937 9118.1211 7765.2328 2896.0000 4085.6750 5203.3782 25978.3862 24539.7578 17352.5205 15917.0005 13049.5849 11618.5837 10190.4010 4559.0605 3225.3105 4559.0605 23056.0000 21615.0000 21605.0000 20174.0000 14410.0000 12969.0000 11528.0000 8646.0000 5764.0000 1441.0000 0.0000 20225.8987 15917.0005 11618.5837 11608.6618 34705.0410 30399.2588 26099.1697 21808.1416 20380.8020 14698.1263 13288.4076 13278.6482 11886.1937 10494.4931 6450.6211 27721.4714 20636.3905 19230.0709 19220.3295 17829.2905 15050.5294 15040.9553 13677.1816 12319.2987 12309.9415 10982.6183 9675.9316 8413.2254 7217.6196 23772.3873 19607.9717 15530.4657 14203.5990 11631.6307 40992.4225 26929.4902 21433.8022 16126.5526 16117.6177 14853.0320 11277.0083 9254.2583 39865.2229 37057.8193 28724.3970 25992.0056 24638.5974 16826.4507 15610.1347 14435.2391 13312.7350 11286.8671 40205.6357 38812.8800 34658.2883 31913.4238 27848.1299 25185.6632 20043.7462 18814.6936 16460.0564 43364.8426
44888.0000 44878.0000 46755.1801 43440.0000 44077.5362 52366.7298 39096.0000 41429.2791 36656.0186 34752.0000 47039.5398 33414.8516 31986.1010 42958.0858 30713.7558 44978.9385 28995.8287 38813.9123 26103.8039 27041.5259 27947.8025 29112.3180 30505.5126 35769.1921 25281.8344 32759.0549 23212.7703 33717.3432 26065.4273 21720.0000 24589.6967 28599.7248 20323.1510 22038.7681 25733.4060 37629.3873 19043.3427 20852.3418 18810.5662 17435.6490 17435.6490 17613.3841 17615.0231 18307.0771 18810.5662 20091.6138 25550.9425 16504.2271 18853.3486 19662.0438 20540.1106 22471.2124 16864.8663 15111.5429 22554.0166 13111.4265 13032.0000 13111.4265 14249.7972 16479.7025 18385.5374 21652.8587 13641.8870 12938.8080 11673.2830 13641.8870 17389.1925 20813.5129 32402.4255 15350.3511 10537.7616 10237.9186 12435.8563 15350.3511 18814.6936 26511.1581 18075.8276 13312.7350 8688.0000 9704.1060 11286.8671 15610.1347 16826.4507 27354.3632 22795.3027 18746.4894 11277.0083 8432.4332 7382.0106 7792.5300 9254.2583 10214.1874 11277.0083 11284.6770 13612.9491 14853.0320 17426.1815 21433.8022 24166.0244 9244.4193 5968.5631 6469.4040 10406.7565 11631.6307 12901.2421 15530.4657 18236.2422 25172.4109 9675.9316 7217.6196 7217.6196 9675.9316 12319.2987 13677.1816 20636.3905 23461.6596 24879.1749 6450.6211 5203.3782 4085.6750 5203.3782 7765.2328 9118.1211 10494.4931 16113.3801 17532.8286 24667.5865 3225.3105 2042.8375 2035.7959 1448.0000 5943.0968 7349.0631 8766.4143 11618.5837 14482.5690 18788.8795 20225.8987 0.0000 4323.0000 8646.0000 8656.0000 14482.5690 10190.4010 5943.0968 2042.8375 1448.0000 5943.0968 7349.0631 7358.8674 8766.4143 10190.4010 25978.3862 7765.2328 2896.0000 3234.7020 3239.1692 4085.6750 6450.6211 6459.5582 7765.2328 9118.1211 9127.6038 10494.4931 11886.1937 13288.4076 14698.1263 5213.0855 4576.7693 7217.6196 8413.2254 10982.6183 20988.9862 8171.3499 5792.0000 8171.3499 8178.4069 9244.4193 12901.2421 15530.4657 20083.3983 17426.1815 10214.1874 8432.4332 7792.5300 9254.2583 10214.1874 11277.0083 12416.3267 14853.0320 20649.6158 19351.8632 15610.1347 13312.7350 10426.1709 9153.5386 9153.5386 9704.1060 11286.8671 23873.5569
45095.6857 45085.7318 48520.5299 43654.5751 45945.8830 49743.4251 39334.2795 43411.7510 36228.6693 35019.8491 44241.5093 34963.5930 32660.6301 40185.9148 30408.0000 41895.5709 29528.0425 35895.5329 26693.7407 26222.8530 26693.7407 27460.6157 28499.5944 32959.4049 26602.5379 30082.5651 23874.2522 30720.4574 28682.4631 22146.0319 22883.8464 31797.1224 20475.8372 20727.8150 23320.5653 34067.0460 20155.7684 23519.7699 20852.3418 18307.0771 17613.3841 17435.6490 17434.8254 17435.6490 17613.3841 18307.0771 22573.7342 15928.0000 16938.8571 17481.7965 18123.3137 19662.0438 19438.7592 16864.8663 19438.7592 14249.7972 13730.3078 13346.8703 13111.4265 14249.7972 15639.2564 18385.5374 16342.6999 15360.2287 11937.1261 11937.1261 14454.8391 17389.1925 28407.1980 18814.6936 12435.8563 11660.2827 10537.7616 12435.8563 15350.3511 22577.1737 21965.2366 16826.4507 9704.1060 8688.0000 9153.5386 12257.0249 13312.7350 23295.6985 26929.4902 22795.3027 14853.0320 11277.0083 7792.5300 7382.0106 7382.0106 7792.5300 8432.4332 8437.5642 10214.1874 11277.0083 13612.9491 17426.1815 20083.3983 12901.2421 8171.3499 5968.5631 7227.4195 8171.3499 9244.4193 11631.6307 14203.5990 20988.9862 13677.1816 10982.6183 4576.7693 6128.5125 8413.2254 9675.9316 16435.4658 19230.0709 20636.3905 10494.4931 9118.1211 3234.7020 2896.0000 4085.6750 5203.3782 6450.6211 11886.1937 13288.4076 20380.8020 7349.0631 5943.0968 5933.3987 4559.0605 2042.8375 3225.3105 4559.0605 7349.0631 10190.4010 14482.5690 15917.0005 4323.0000 0.0000 4323.0000 4333.0000 18788.8795 14482.5690 10190.4010 5943.0968 4559.0605 2042.8375 3225.3105 3234.2492 4559.0605 5943.0968 21663.4468 11886.1937 5203.3782 4085.6750 4078.6272 3234.7020 3234.7020 3239.1692 4085.6750 5203.3782 5211.6893 6450.6211 7765.2328 9118.1211 10494.4931 8413.2254 5213.0855 4576.7693 5213.0855 7217.6196 25172.4109 11631.6307 7227.4195 5968.5631 5970.9853 6469.4040 9244.4193 11631.6307 24166.0244 21433.8022 13612.9491 11277.0083 10214.1874 7382.0106 7792.5300 8432.4332 9254.2583 11277.0083 24638.5974 23295.6985 19351.8632 16826.4507 13312.7350 11286.8671 8806.6921 8688.0000 9153.5386 27848.1299
45713.0819 45703.2625 50594.5990 44292.0638 48131.0272 47370.0216 40040.6110 45718.1774 36314.5415 35811.3784 41704.6837 36955.7847 33877.7142 37706.6972 30713.7558 39048.0406 30666.4176 33284.1619 27947.8025 26103.8039 26103.8039 26420.0762 27041.5259 30505.5126 28523.5965 27823.4149 25268.6326 28071.5234 31675.5037 23377.5900 21910.3702 35235.5841 21514.3210 20272.0000 21514.3210 30700.7023 22073.4628 26625.4700 23519.7699 20091.6138 18810.5662 18307.0771 18303.9311 17613.3841 17435.6490 17435.6490 20091.6138 16504.2271 15993.0505 16186.6336 16504.2271 17481.7965 22554.0166 19438.7592 16864.8663 16479.7025 15639.2564 14891.1064 13346.8703 13111.4265 13730.3078 15639.2564 19632.7089 18488.8387 13641.8870 11673.2830 12364.3595 14454.8391 24523.4027 22577.1737 15350.3511 14299.8624 10237.9186 10537.7616 12435.8563 18814.6936 25992.0056 20649.6158 12257.0249 9704.1060 8806.6921 9704.1060 10426.1709 19351.8632 31115.0401 26929.4902 18746.4894 14853.0320 10214.1874 9254.2583 7792.5300 7382.0106 7240.0000 7240.0069 7792.5300 8432.4332 10214.1874 13612.9491 16126.5526 16876.0619 11631.6307 8171.3499 5792.0000 5968.5631 6469.4040 8171.3499 10406.7565 16876.0619 17829.2905 15050.5294 5213.0855 4344.0000 5213.0855 6128.5125 12319.2987 15050.5294 16435.4658 14698.1263 13288.4076 6450.6211 5203.3782 3234.7020 2896.0000 3234.7020 7765.2328 9118.1211 16113.3801 11618.5837 10190.4010 10180.5026 8766.4143 3225.3105 2042.8375 1448.0000 3225.3105 5943.0968 10190.4010 11618.5837 8646.0000 4323.0000 0.0000 10.0000 23101.4251 18788.8795 14482.5690 10190.4010 8766.4143 3225.3105 2042.8375 2035.7959 1448.0000 2042.8375 17352.5205 16113.3801 9118.1211 7765.2328 7755.9552 6450.6211 4085.6750 4078.6272 3234.7020 2896.0000 2896.0173 3234.7020 4085.6750 5203.3782 6450.6211 12319.2987 8413.2254 5213.0855 4576.7693 4576.7693 29396.2526 15530.4657 10406.7565 6469.4040 6464.9554 5968.5631 6469.4040 8171.3499 28320.0855 25544.4829 17426.1815 14853.0320 13612.9491 7792.5300 7382.0106 7240.0000 7382.0106 8432.4332 28724.3970 27354.3632 23295.6985 20649.6158 16826.4507 14435.2391 10426.1709 9704.1060 8806.6921 31913.4238
45714.9744 45705.1553 50599.7263 44294.0169 48136.4170 47364.8509 40042.7715 45723.8516 36315.3365 35813.7940 41699.1561 36960.8548 33881.1183 37701.3479 30715.1649 39041.7678 30669.7083 33278.5347 27951.4133 26104.3578 26103.2538 26418.4418 27038.8632 30500.3177 28528.6497 27818.7551 25272.6262 28065.8779 31682.7833 23381.2903 21909.0571 35243.7638 21517.6720 20272.0025 21510.9742 30693.1931 22078.6870 26633.0477 23526.5105 20096.6362 18814.3988 18310.2281 18307.0771 17615.0231 17436.4783 17434.8254 20086.5952 16506.8493 15992.1526 16184.8561 16501.6106 17477.6774 22561.6844 19445.4324 16859.7419 16485.8252 15644.7870 14895.9474 13349.0332 13110.3312 13727.1626 15633.7302 19640.7835 18496.6336 13647.1712 11674.5217 12360.8667 14448.8599 24514.5891 22586.1097 15357.8625 14306.9181 10239.3309 10535.0311 12430.0652 18806.2696 26001.4306 20658.6881 12264.0809 9708.5649 8808.3338 9699.6553 10420.6459 19342.9281 31124.7657 26939.1222 18755.7139 14861.7644 10221.2438 9260.4901 7796.2340 7383.9692 7240.0069 7240.0000 7788.8371 8427.3109 10207.1360 13604.4818 16117.6177 16885.4548 11640.3038 8178.4069 5792.0086 5966.1566 6464.9554 8164.2991 10398.4499 16866.6696 17838.9893 15060.1041 5218.6205 4344.0115 5207.5637 6121.4627 12309.9415 15040.9553 16425.8217 14707.9304 13298.1674 6459.5582 5211.6893 3239.1692 2896.0173 3230.2596 7755.9552 9108.6394 16103.5430 11628.5058 10200.2997 10190.4010 8776.2771 3234.2492 2049.9037 1448.0345 3216.3781 5933.3987 10180.5026 11608.6618 8656.0000 4333.0000 10.0000 0.0000 23111.4054 18798.8498 14492.5189 10200.2997 8776.2771 3234.2492 2049.9037 2042.8375 1448.0345 2035.7959 17342.5554 16123.2173 9127.6038 7774.5123 7765.2328 6459.5582 4092.7350 4085.6750 3239.1692 2896.0173 2896.0000 3230.2596 4078.6272 5195.0731 6441.6870 12328.6569 8421.7908 5218.6205 4579.9276 4573.6306 29406.0566 15539.7447 10415.0660 6473.8650 6469.4040 5970.9853 6464.9554 8164.2991 28329.7533 25554.0730 17435.2781 14861.7644 13621.4186 7796.2340 7383.9692 7240.0069 7380.0651 8427.3109 28733.9288 27363.8456 23304.9773 20658.6881 16835.0154 14443.2264 10431.7026 9708.5649 8808.3338 31922.9061
48524.9729 48515.4241 44980.4232 47144.2536 42090.7827 63439.8603 43028.6420 39202.0808 42712.5530 38962.6501 58623.8564 33583.3998 35242.7468 54570.9567 36955.7847 57237.1605 33058.1522 50842.9161 30415.5405 34987.4030 36837.6594 38813.9123 40897.9005 47651.4931 27460.6157 44464.9606 27823.4149 46040.2227 23168.0000 27283.7740 34778.3851 22471.8067 26888.8936 31675.5037 37248.9801 50971.3149 23320.5653 19043.3427 20155.7684 22859.0887 24608.8841 25560.8341 25567.6002 27592.2680 28662.7145 30894.1092 38115.6323 25550.9425 30033.7874 31220.2694 32427.3807 34894.8921 16938.8571 18853.3486 35478.4158 19438.7592 20428.3749 21469.1546 24832.6534 28456.5179 30972.2463 34852.3630 14891.1064 15639.2564 20520.4100 25239.6761 30322.3130 34276.0824 46533.1201 11937.1261 16342.6999 17389.1925 24523.4027 28407.1980 32402.4255 40594.8729 10237.9186 11019.3841 17617.7920 21299.3846 23873.5569 29195.0019 30550.4647 41601.6779 11286.8671 9153.5386 10426.1709 13312.7350 18075.8276 19351.8632 21965.2366 23295.6985 24638.5974 24647.9553 27354.3632 28724.3970 31483.4792 35658.5810 38460.1417 10214.1874 14853.0320 18746.4894 24166.0244 25544.4829 26929.4902 29715.4842 32518.2165 39574.8942 8171.3499 10406.7565 20988.9862 23772.3873 26576.8152 27984.9407 35065.6573 37911.0593 39335.7587 9675.9316 10982.6183 17829.2905 19230.0709 22047.1894 23461.6596 24879.1749 30571.2031 31998.2365 39148.7546 11886.1937 13288.4076 13298.1674 14698.1263 20380.8020 21808.1416 23237.1675 26099.1697 28965.1379 33269.2841 34705.0410 14482.5690 18788.8795 23101.4251 23111.4054 0.0000 4323.0000 8646.0000 12969.0000 14410.0000 20174.0000 21615.0000 21625.0000 23056.0000 24497.0000 40348.0000 7349.0631 14482.5690 15917.0005 15926.9591 17352.5205 20225.8987 20235.8731 21663.4468 23101.4251 23111.4054 24539.7578 25978.3862 27417.2636 28856.3529 11886.1937 16113.3801 20380.8020 21808.1416 24667.5865 7217.6196 9675.9316 15050.5294 20636.3905 20646.1665 22047.1894 26299.2430 29145.5440 7227.4195 5968.5631 9244.4193 11631.6307 12901.2421 20988.9862 22377.5666 23772.3873 25172.4109 27984.9407 8432.4332 7792.5300 7382.0106 8432.4332 11277.0083 13612.9491 18746.4894 20083.3983 22795.3027 11286.8671
47421.2238 47411.4527 45462.5623 46007.3919 42605.6345 60267.4121 41779.9414 39754.3613 40848.8201 37579.0842 55287.9781 33304.0000 34074.4544 51214.3639 34963.5930 53699.5124 31613.2849 47353.8040 28838.5759 32494.9751 34115.9848 35895.5329 37811.2416 44192.3432 26420.0762 41040.8199 26090.2429 42449.9766 23567.8712 25268.6326 31685.3980 23947.9847 24589.6967 28682.4631 33831.0249 47096.4852 21514.3210 18879.0746 19043.3427 20714.6396 22073.4628 22859.0887 22864.7637 24608.8841 25560.8341 27592.2680 34422.8903 22573.7342 26625.4700 27733.2580 28870.4782 31220.2694 15993.0505 16938.8571 31675.0821 16864.8663 17647.0385 18508.5165 21469.1546 24832.6534 27225.8983 30972.2463 13346.8703 13730.3078 17399.0749 21652.8587 26484.1870 30322.3130 42400.4025 11673.2830 13641.8870 14454.8391 20813.5129 24523.4027 28407.1980 36472.4843 11660.2827 10136.0000 14299.8624 17617.7920 20043.7462 25185.6632 26511.1581 37423.7775 14435.2391 11286.8671 8806.6921 10426.1709 14435.2391 15610.1347 18075.8276 19351.8632 20649.6158 20658.6881 23295.6985 24638.5974 27354.3632 31483.4792 34262.8048 7792.5300 11277.0083 14853.0320 20083.3983 21433.8022 22795.3027 25544.4829 28320.0855 35333.7042 5968.5631 7227.4195 16876.0619 19607.9717 22377.5666 23772.3873 30810.3130 33645.2926 35065.6573 6128.5125 7217.6196 13677.1816 15050.5294 17829.2905 19230.0709 20636.3905 26299.2430 27721.4714 34855.7512 7765.2328 9118.1211 9127.6038 10494.4931 16113.3801 17532.8286 18955.5297 21808.1416 24667.5865 28965.1379 30399.2588 10190.4010 14482.5690 18788.8795 18798.8498 4323.0000 0.0000 4323.0000 8646.0000 10087.0000 15851.0000 17292.0000 17302.0000 18733.0000 20174.0000 36025.0000 3225.3105 10190.4010 11618.5837 11628.5058 13049.5849 15917.0005 15926.9591 17352.5205 18788.8795 18798.8498 20225.8987 21663.4468 23101.4251 24539.7578 7765.2328 11886.1937 16113.3801 17532.8286 20380.8020 10982.6183 6128.5125 10982.6183 16435.4658 16445.1104 17829.2905 22047.1894 24879.1749 10406.7565 8171.3499 6469.4040 8171.3499 9244.4193 16876.0619 18236.2422 19607.9717 20988.9862 23772.3873 11277.0083 10214.1874 7792.5300 7240.0000 8432.4332 10214.1874 14853.0320 16126.5526 18746.4894 14435.2391
46693.1322 46683.2087 46344.6580 45256.5602 43545.6410 57245.8096 40951.6743 40760.1766 39373.4262 36656.0186 52097.4199 33583.3998 33428.4660 48012.5970 33414.8516 50284.7828 30713.7558 44012.9532 27849.5686 30415.5405 31751.6038 33284.1619 34987.4030 40897.9005 26064.0000 37801.3457 24992.7146 39008.6603 24728.7189 23874.2522 28909.6781 26065.4273 22883.8464 26065.4273 30642.5623 43306.5764 20475.8372 19686.7131 18879.0746 19314.0184 20155.7684 20714.6396 20718.8154 22073.4628 22859.0887 24608.8841 30894.1092 20091.6138 23519.7699 24514.0498 25550.9425 27733.2580 16186.6336 15993.0505 28022.8535 15111.5429 15585.0600 16173.5100 18508.5165 21469.1546 23676.9020 27225.8983 13111.4265 13032.0000 14891.1064 18385.5374 22820.1296 26484.1870 38309.7070 12938.8080 11937.1261 12364.3595 17389.1925 20813.5129 24523.4027 32402.4255 14299.8624 11019.3841 11660.2827 14299.8624 16460.0564 21299.3846 22577.1737 33282.9581 18075.8276 14435.2391 9153.5386 8806.6921 11286.8671 12257.0249 14435.2391 15610.1347 16826.4507 16835.0154 19351.8632 20649.6158 23295.6985 27354.3632 30101.0589 7382.0106 8432.4332 11277.0083 16126.5526 17426.1815 18746.4894 21433.8022 24166.0244 31115.0401 6469.4040 5792.0000 12901.2421 15530.4657 18236.2422 19607.9717 26576.8152 29396.2526 30810.3130 4344.0000 4576.7693 9675.9316 10982.6183 13677.1816 15050.5294 16435.4658 22047.1894 23461.6596 30571.2031 4085.6750 5203.3782 5211.6893 6450.6211 11886.1937 13288.4076 14698.1263 17532.8286 20380.8020 24667.5865 26099.1697 5943.0968 10190.4010 14482.5690 14492.5189 8646.0000 4323.0000 0.0000 4323.0000 5764.0000 11528.0000 12969.0000 12979.0000 14410.0000 15851.0000 31702.0000 2042.8375 5943.0968 7349.0631 7358.8674 8766.4143 11618.5837 11628.5058 13049.5849 14482.5690 14492.5189 15917.0005 17352.5205 18788.8795 20225.8987 4085.6750 7765.2328 11886.1937 13288.4076 16113.3801 15050.5294 4344.0000 7217.6196 12319.2987 12328.6569 13677.1816 17829.2905 20636.3905 14203.5990 11631.6307 5968.5631 5968.5631 6469.4040 12901.2421 14203.5990 15530.4657 16876.0619 19607.9717 14853.0320 13612.9491 10214.1874 8432.4332 7240.0000 7792.5300 11277.0083 12416.3267 14853.0320 18075.8276
46358.4014 46348.4062 47604.4824 44911.1236 44884.0981 54400.1941 40569.5997 42187.1001 38331.2396 36228.6693 49080.5302 34407.9894 33335.1601 44998.7171 32373.2672 47019.7596 30408.0000 40856.7497 27512.0000 28838.5759 29829.5982 31057.3380 32494.9751 37811.2416 26420.0762 34798.1498 24616.0000 35759.2967 26550.9168 23212.7703 26550.9168 28682.4631 21910.3702 23947.9847 27762.7748 39625.9618 20323.1510 21356.2765 19686.7131 18824.0000 19043.3427 19314.0184 19316.2591 20155.7684 20714.6396 22073.4628 27592.2680 18307.0771 20852.3418 21682.2586 22573.7342 24514.0498 17481.7965 16186.6336 24589.1536 14480.0000 14551.5250 14764.0213 16173.5100 18508.5165 20428.3749 23676.9020 14249.7972 13730.3078 13346.8703 15639.2564 19428.8735 22820.1296 34276.0824 15360.2287 11673.2830 11584.0000 14454.8391 17389.1925 20813.5129 28407.1980 17617.7920 13322.6053 10237.9186 11660.2827 13322.6053 17617.7920 18814.6936 29195.0019 21965.2366 18075.8276 11286.8671 9153.5386 9153.5386 9704.1060 11286.8671 12257.0249 13312.7350 13320.3135 15610.1347 16826.4507 19351.8632 23295.6985 25992.0056 9254.2583 7240.0000 8432.4332 12416.3267 13612.9491 14853.0320 17426.1815 20083.3983 26929.4902 9244.4193 7227.4195 9244.4193 11631.6307 14203.5990 15530.4657 22377.5666 25172.4109 26576.8152 6128.5125 5213.0855 6128.5125 7217.6196 9675.9316 10982.6183 12319.2987 17829.2905 19230.0709 26299.2430 3234.7020 2896.0000 2896.0173 3234.7020 7765.2328 9118.1211 10494.4931 13288.4076 16113.3801 20380.8020 21808.1416 2042.8375 5943.0968 10190.4010 10200.2997 12969.0000 8646.0000 4323.0000 0.0000 1441.0000 7205.0000 8646.0000 8656.0000 10087.0000 11528.0000 27379.0000 5943.0968 2042.8375 3225.3105 3234.2492 4559.0605 7349.0631 7358.8674 8766.4143 10190.4010 10200.2997 11618.5837 13049.5849 14482.5690 15917.0005 3234.7020 4085.6750 7765.2328 9118.1211 11886.1937 19230.0709 6128.5125 4576.7693 8413.2254 8421.7908 9675.9316 13677.1816 16435.4658 18236.2422 15530.4657 8171.3499 6469.4040 5968.5631 9244.4193 10406.7565 11631.6307 12901.2421 15530.4657 18746.4894 17426.1815 13612.9491 11277.0083 8432.4332 7382.0106 8432.4332 9254.2583 11277.0083 21965.2366
46336.0000 46326.0000 48103.4906 44888.0000 45413.0084 53495.6682 40544.0000 42749.3916 38086.6853 36200.0000 48119.1937 34798.0457 33428.4660 44042.5796 32147.9870 45970.2424 30442.1245 39853.3718 27549.7119 28439.7990 29302.8619 30415.5405 31751.6038 36837.6594 26693.7407 33860.6013 24658.1414 34728.2373 27283.7740 23168.0000 25877.6160 29643.6954 21767.7486 23377.5900 26888.8936 38428.8330 20475.8372 22073.4628 20155.7684 18879.0746 18879.0746 19043.3427 19044.8586 19686.7131 20155.7684 21356.2765 26556.8873 17905.6892 20091.6138 20852.3418 21682.2586 23519.7699 18123.3137 16504.2271 23509.8798 14551.5250 14480.0000 14551.5250 15585.0600 17647.0385 19438.7592 22554.0166 14891.1064 14249.7972 13111.4265 14891.1064 18385.5374 21652.8587 32947.8549 16342.6999 11937.1261 11673.2830 13641.8870 16342.6999 19632.7089 27097.8240 18814.6936 14299.8624 10136.0000 11019.3841 12435.8563 16460.0564 17617.7920 27848.1299 23295.6985 19351.8632 12257.0249 9704.1060 8806.6921 9153.5386 10426.1709 11286.8671 12257.0249 12264.0809 14435.2391 15610.1347 18075.8276 21965.2366 24638.5974 10214.1874 7382.0106 7792.5300 11277.0083 12416.3267 13612.9491 16126.5526 18746.4894 25544.4829 10406.7565 8171.3499 8171.3499 10406.7565 12901.2421 14203.5990 20988.9862 23772.3873 25172.4109 7217.6196 6128.5125 5213.0855 6128.5125 8413.2254 9675.9316 10982.6183 16435.4658 17829.2905 24879.1749 4085.6750 3234.7020 3230.2596 2896.0000 6450.6211 7765.2328 9118.1211 11886.1937 14698.1263 18955.5297 20380.8020 1448.0000 4559.0605 8766.4143 8776.2771 14410.0000 10087.0000 5764.0000 1441.0000 0.0000 5764.0000 7205.0000 7215.0000 8646.0000 10087.0000 25938.0000 7349.0631 1448.0000 2042.8375 2049.9037 3225.3105 5943.0968 5952.7960 7349.0631 8766.4143 8776.2771 10190.4010 11618.5837 13049.5849 14482.5690 4085.6750 3234.7020 6450.6211 7765.2328 10494.4931 20636.3905 7217.6196 4344.0000 7217.6196 7225.6081 8413.2254 12319.2987 15050.5294 19607.9717 16876.0619 9244.4193 7227.4195 6469.4040 8171.3499 9244.4193 10406.7565 11631.6307 14203.5990 20083.3983 18746.4894 14853.0320 12416.3267 9254.2583 7792.5300 7792.5300 8432.4332 10214.1874 23295.6985
46693.1322 46683.2087 50462.9734 45256.5602 47905.1897 50129.2101 40951.6743 45388.0640 37648.0000 36656.0186 44533.3565 36883.7446 34407.9894 40505.9940 31888.5750 42004.9328 31249.9358 36137.0976 28439.7990 27549.7119 27849.5686 28439.7990 29302.8619 33284.1619 28499.5944 30505.5126 25648.7715 30933.3597 30720.4574 23874.2522 23874.2522 33831.0249 22146.0319 21910.3702 23947.9847 33831.0249 22038.7681 25560.8341 22859.0887 20155.7684 19314.0184 19043.3427 19041.8318 18824.0000 18879.0746 19314.0184 22859.0887 17435.6490 17905.6892 18307.0771 18810.5662 20091.6138 21479.0429 18853.3486 19662.0438 16173.5100 15585.0600 15111.5429 14480.0000 15111.5429 16173.5100 18508.5165 18385.5374 17399.0749 13730.3078 13111.4265 14891.1064 17399.0749 27747.7212 20813.5129 14454.8391 13641.8870 11673.2830 12938.8080 15360.2287 22025.3115 23873.5569 18814.6936 11660.2827 10237.9186 10237.9186 12435.8563 13322.6053 22577.1737 28724.3970 24638.5974 16826.4507 13312.7350 9704.1060 9153.5386 8688.0000 8806.6921 9153.5386 9156.6920 10426.1709 11286.8671 13312.7350 16826.4507 19351.8632 14853.0320 10214.1874 7792.5300 7792.5300 8432.4332 9254.2583 11277.0083 13612.9491 20083.3983 15530.4657 12901.2421 5792.0000 6469.4040 8171.3499 9244.4193 15530.4657 18236.2422 19607.9717 12319.2987 10982.6183 5213.0855 4576.7693 4576.7693 5213.0855 6128.5125 10982.6183 12319.2987 19230.0709 9118.1211 7765.2328 7755.9552 6450.6211 2896.0000 3234.7020 4085.6750 6450.6211 9118.1211 13288.4076 14698.1263 5943.0968 2042.8375 3225.3105 3234.2492 20174.0000 15851.0000 11528.0000 7205.0000 5764.0000 0.0000 1441.0000 1451.0000 2882.0000 4323.0000 20174.0000 13049.5849 5943.0968 4559.0605 4549.5794 3225.3105 1448.0000 1448.0345 2042.8375 3225.3105 3234.2492 4559.0605 5943.0968 7349.0631 8766.4143 9118.1211 5203.3782 2896.0000 3234.7020 5203.3782 26299.2430 12319.2987 7217.6196 4344.0000 4344.0115 4576.7693 7217.6196 9675.9316 25172.4109 22377.5666 14203.5990 11631.6307 10406.7565 5792.0000 5968.5631 6469.4040 7227.4195 9244.4193 25544.4829 24166.0244 20083.3983 17426.1815 13612.9491 11277.0083 7792.5300 7382.0106 7382.0106 28724.3970
46892.8238 46882.9425 51137.4183 45462.5623 48615.1321 49356.9439 41179.2176 46136.7557 37675.5675 36910.0532 43709.7587 37525.5870 34798.0457 39703.4588 31986.1010 41080.2213 31613.2849 35294.0771 28838.5759 27512.0000 27662.5391 28109.3195 28838.5759 32494.9751 29112.3180 29782.2127 26090.2429 30082.5651 31685.3980 24262.4865 23567.8712 34948.0764 22471.8067 21767.7486 23377.5900 32739.2946 22642.9140 26556.8873 23706.3510 20714.6396 19686.7131 19314.0184 19311.7825 18879.0746 18824.0000 19043.3427 22073.4628 17613.3841 17613.3841 17905.6892 18307.0771 19408.2120 22471.2124 19662.0438 18853.3486 16864.8663 16173.5100 15585.0600 14551.5250 14764.0213 15585.0600 17647.0385 19428.8735 18385.5374 14249.7972 13032.0000 14249.7972 16479.7025 26484.1870 22025.3115 15360.2287 14454.8391 11584.0000 12364.3595 14454.8391 20813.5129 25185.6632 20043.7462 12435.8563 10537.7616 10136.0000 11660.2827 12435.8563 21299.3846 30101.0589 25992.0056 18075.8276 14435.2391 10426.1709 9704.1060 8806.6921 8688.0000 8806.6921 8808.3338 9704.1060 10426.1709 12257.0249 15610.1347 18075.8276 16126.5526 11277.0083 8432.4332 7382.0106 7792.5300 8432.4332 10214.1874 12416.3267 18746.4894 16876.0619 14203.5990 5968.5631 5968.5631 7227.4195 8171.3499 14203.5990 16876.0619 18236.2422 13677.1816 12319.2987 6128.5125 5213.0855 4344.0000 4576.7693 5213.0855 9675.9316 10982.6183 17829.2905 10494.4931 9118.1211 9108.6394 7765.2328 3234.7020 2896.0000 3234.7020 5203.3782 7765.2328 11886.1937 13288.4076 7349.0631 3225.3105 2042.8375 2049.9037 21615.0000 17292.0000 12969.0000 8646.0000 7205.0000 1441.0000 0.0000 10.0000 1441.0000 2882.0000 18733.0000 14482.5690 7349.0631 5943.0968 5933.3987 4559.0605 2042.8375 2035.7959 1448.0000 2042.8375 2049.9037 3225.3105 4559.0605 5943.0968 7349.0631 10494.4931 6450.6211 3234.7020 2896.0000 4085.6750 27721.4714 13677.1816 8413.2254 4576.7693 4573.6306 4344.0000 6128.5125 8413.2254 26576.8152 23772.3873 15530.4657 12901.2421 11631.6307 5968.5631 5792.0000 5968.5631 6469.4040 8171.3499 26929.4902 25544.4829 21433.8022 18746.4894 14853.0320 12416.3267 8432.4332 7792.5300 7240.0000 30101.0589
46894.3613 46884.4804 51142.2095 45464.1482 48620.1719 49351.6894 41180.9684 46142.0661 37675.9513 36912.0065 43704.1551 37530.1961 34800.9457 39698.0156 31987.0036 41073.9080 31616.0213 35288.3620 28841.5755 27512.0018 27661.4990 28107.2706 28835.5794 32489.6548 29116.7742 29777.3756 26093.5584 30076.8180 31692.2206 24265.4579 23566.0390 34955.9111 22474.3738 21767.0889 23373.8935 32731.8128 22647.3706 26563.9422 23712.4308 20718.8154 19689.6433 19316.2591 19314.0184 18879.8405 18824.0027 19041.8318 22068.2419 17615.0231 17611.7506 17903.2775 18303.9311 19403.7592 22478.2674 19667.9086 18848.0002 16869.9951 16177.9673 15588.7612 14552.5187 14762.0725 15581.3644 17641.3245 19436.2914 18392.5927 14253.8451 13032.0038 14245.7552 16473.5835 26475.4819 22033.8173 15366.7975 14460.8227 11584.0043 12360.8667 14448.8599 20805.2056 25194.8180 20052.3739 12441.6527 10540.5009 10136.0049 11655.3426 12430.0652 21290.5901 30110.6334 26001.4306 18084.5975 14443.2264 10431.7026 9708.5649 8808.3338 8688.0058 8805.0613 8806.6921 9699.6553 10420.6459 12249.9731 15601.8276 18067.0591 16135.4888 11284.6770 8437.5642 7380.0651 7788.8371 8427.3109 10207.1360 12408.2041 18737.2656 16885.4548 14212.7304 5970.9853 5966.1566 7221.4426 8164.2991 14194.4688 16866.6696 18226.7602 13686.6642 12328.6569 6135.5705 5218.6205 4344.0115 4573.6306 5207.5637 9666.9971 10973.4345 17819.5920 10504.1051 9127.6038 9118.1211 7774.5123 3239.1692 2896.0173 3230.2596 5195.0731 7755.9552 11876.4953 13278.6482 7358.8674 3234.2492 2035.7959 2042.8375 21625.0000 17302.0000 12979.0000 8656.0000 7215.0000 1451.0000 10.0000 0.0000 1431.0000 2872.0000 18723.0000 14492.5189 7358.8674 5952.7960 5943.0968 4568.5439 2049.9037 2042.8375 1448.0345 2035.7959 2042.8375 3216.3781 4549.5794 5933.3987 7339.2594 10504.1051 6459.5582 3239.1692 2896.0173 4078.6272 27731.3479 13686.6642 8421.7908 4579.9276 4576.7693 4344.0115 6121.4627 8404.6631 26586.5750 23782.0861 15539.7447 12910.1785 11640.3038 5970.9853 5792.0086 5966.1566 6464.9554 8164.2991 26939.1222 25554.0730 21443.2147 18755.7139 14861.7644 12424.4521 8437.5642 7796.2340 7240.0069 30110.6334
47135.7424 47125.9121 51843.1518 45713.0819 49356.9439 48615.1321 41455.6299 46917.7691 37758.1492 37218.1853 42918.7504 38211.0155 35242.7468 38937.7284 32147.9870 40185.9148 32037.3849 34490.6783 29302.8619 27549.7119 27549.7119 27849.5686 28439.7990 31751.6038 29782.2127 29112.3180 26602.5379 29278.0064 32685.3998 24728.7189 23346.5661 36088.0978 22883.8464 21720.0000 22883.8464 31675.5037 23320.5653 27592.2680 24608.8841 21356.2765 20155.7684 19686.7131 19683.7875 19043.3427 18879.0746 18879.0746 21356.2765 17905.6892 17435.6490 17613.3841 17905.6892 18810.5662 23509.8798 20540.1106 18123.3137 17647.0385 16864.8663 16173.5100 14764.0213 14551.5250 15111.5429 16864.8663 20520.4100 19428.8735 14891.1064 13111.4265 13730.3078 15639.2564 25239.6761 23263.2614 16342.6999 15360.2287 11673.2830 11937.1261 13641.8870 19632.7089 26511.1581 21299.3846 13322.6053 11019.3841 10237.9186 11019.3841 11660.2827 20043.7462 31483.4792 27354.3632 19351.8632 15610.1347 11286.8671 10426.1709 9153.5386 8806.6921 8688.0000 8688.0058 9153.5386 9704.1060 11286.8671 14435.2391 16826.4507 17426.1815 12416.3267 9254.2583 7240.0000 7382.0106 7792.5300 9254.2583 11277.0083 17426.1815 18236.2422 15530.4657 6469.4040 5792.0000 6469.4040 7227.4195 12901.2421 15530.4657 16876.0619 15050.5294 13677.1816 7217.6196 6128.5125 4576.7693 4344.0000 4576.7693 8413.2254 9675.9316 16435.4658 11886.1937 10494.4931 10484.8817 9118.1211 4085.6750 3234.7020 2896.0000 4085.6750 6450.6211 10494.4931 11886.1937 8766.4143 4559.0605 1448.0000 1448.0345 23056.0000 18733.0000 14410.0000 10087.0000 8646.0000 2882.0000 1441.0000 1431.0000 0.0000 1441.0000 17292.0000 15917.0005 8766.4143 7349.0631 7339.2594 5943.0968 3225.3105 3216.3781 2042.8375 1448.0000 1448.0345 2042.8375 3225.3105 4559.0605 5943.0968 11886.1937 7765.2328 4085.6750 3234.7020 3234.7020 29145.5440 15050.5294 9675.9316 5213.0855 5207.5637 4576.7693 5213.0855 7217.6196 27984.9407 25172.4109 16876.0619 14203.5990 12901.2421 6469.4040 5968.5631 5792.0000 5968.5631 7227.4195 28320.0855 26929.4902 22795.3027 20083.3983 16126.5526 13612.9491 9254.2583 8432.4332 7382.0106 31483.4792
47421.2238 47411.4527 52578.9139 46007.3919 50129.2101 47905.1897 41779.9414 47729.5177 37895.3854 37579.0842 42162.1658 38937.7284 35740.0528 38211.0155 32373.2672 39324.0877 32519.8593 33729.7326 29829.5982 27662.5391 27512.0000 27662.5391 28109.3195 31057.3380 30505.5126 28499.5944 27181.6526 28523.5965 33717.3432 25268.6326 23212.7703 37248.9801 23377.5900 21767.7486 22471.8067 30642.5623 24065.5136 28662.7145 25560.8341 22073.4628 20714.6396 20155.7684 20152.1959 19314.0184 19043.3427 18824.0000 20714.6396 18307.0771 17376.0000 17435.6490 17613.3841 18307.0771 24589.1536 21479.0429 17481.7965 18508.5165 17647.0385 16864.8663 15111.5429 14480.0000 14764.0213 16173.5100 21652.8587 20520.4100 15639.2564 13346.8703 13346.8703 14891.1064 24017.1460 24523.4027 17389.1925 16342.6999 11937.1261 11673.2830 12938.8080 18488.8387 27848.1299 22577.1737 14299.8624 11660.2827 10537.7616 10537.7616 11019.3841 18814.6936 32870.9317 28724.3970 20649.6158 16826.4507 12257.0249 11286.8671 9704.1060 9153.5386 8806.6921 8805.0613 8806.6921 9153.5386 10426.1709 13312.7350 15610.1347 18746.4894 13612.9491 10214.1874 7382.0106 7240.0000 7382.0106 8432.4332 10214.1874 16126.5526 19607.9717 16876.0619 7227.4195 5968.5631 5968.5631 6469.4040 11631.6307 14203.5990 15530.4657 16435.4658 15050.5294 8413.2254 7217.6196 5213.0855 4576.7693 4344.0000 7217.6196 8413.2254 15050.5294 13288.4076 11886.1937 11876.4953 10494.4931 5203.3782 4085.6750 3234.7020 3234.7020 5203.3782 9118.1211 10494.4931 10190.4010 5943.0968 2042.8375 2035.7959 24497.0000 20174.0000 15851.0000 11528.0000 10087.0000 4323.0000 2882.0000 2872.0000 1441.0000 0.0000 15851.0000 17352.5205 10190.4010 8766.4143 8756.5518 7349.0631 4559.0605 4549.5794 3225.3105 2042.8375 2035.7959 1448.0000 2042.8375 3225.3105 4559.0605 13288.4076 9118.1211 5203.3782 4085.6750 2896.0000 30571.2031 16435.4658 10982.6183 6128.5125 6121.4627 5213.0855 4576.7693 6128.5125 29396.2526 26576.8152 18236.2422 15530.4657 14203.5990 7227.4195 6469.4040 5968.5631 5792.0000 6469.4040 29715.4842 28320.0855 24166.0244 21433.8022 17426.1815 14853.0320 10214.1874 9254.2583 7792.5300 32870.9317
53101.8337 53093.1080 62319.8640 51843.1518 60267.4121 42605.6345 48131.0272 58286.6204 42712.5530 44533.3565 36656.0186 49060.7485 44042.5796 33428.4660 38496.9214 32660.6301 40917.6747 28995.8287 38813.9123 33284.1619 31751.6038 30415.5405 29302.8619 27549.7119 41040.8199 26420.0762 36817.8910 24658.1414 46526.5228 34778.3851 27283.7740 50971.3149 32739.2946 27762.7748 23947.9847 22471.8067 35235.5841 41929.0369 38115.6323 33225.7824 30894.1092 29764.4438 29756.6983 27592.2680 26556.8873 24608.8841 20155.7684 27733.2580 23519.7699 22573.7342 21682.2586 20091.6138 38075.6384 34196.9195 18123.3137 30972.2463 29706.0641 28456.5179 24832.6534 21469.1546 19438.7592 16864.8663 35613.0801 34276.0824 27747.7212 22820.1296 18385.5374 15639.2564 13730.3078 39215.9433 31060.9313 29728.7520 22025.3115 18488.8387 15360.2287 11673.2830 43000.6862 37423.7775 27848.1299 23873.5569 21299.3846 16460.0564 15350.3511 10136.0000 48340.1402 44094.3788 35658.5810 31483.4792 25992.0056 24638.5974 21965.2366 20649.6158 19351.8632 19342.9281 16826.4507 15610.1347 13312.7350 10426.1709 9153.5386 33924.5641 28320.0855 24166.0244 18746.4894 17426.1815 16126.5526 13612.9491 11277.0083 7382.0106 35065.6573 32226.7601 20988.9862 18236.2422 15530.4657 14203.5990 8171.3499 6469.4040 5968.5631 31998.2365 30571.2031 23461.6596 22047.1894 19230.0709 17829.2905 16435.4658 10982.6183 9675.9316 4576.7693 28965.1379 27531.7355 27521.7909 26099.1697 20380.8020 18955.5297 17532.8286 14698.1263 11886.1937 7765.2328 6450.6211 25978.3862 21663.4468 17352.5205 17342.5554 40348.0000 36025.0000 31702.0000 27379.0000 25938.0000 20174.0000 18733.0000 18723.0000 17292.0000 15851.0000 0.0000 33174.6161 25978.3862 24539.7578 24529.7752 23101.4251 20225.8987 20215.9244 18788.8795 17352.5205 17342.5554 15917.0005 14482.5690 13049.5849 11618.5837 28965.1379 24667.5865 20380.8020 18955.5297 16113.3801 46316.1622 31998.2365 26299.2430 20636.3905 20626.6147 19230.0709 15050.5294 12319.2987 45044.9276 42188.4793 33645.2926 30810.3130 29396.2526 20988.9862 19607.9717 18236.2422 16876.0619 14203.5990 45253.9042 43832.0716 39574.8942 36745.3157 32518.2165 29715.4842 24166.0244 22795.3027 20083.3983 48340.1402
48324.1418 48314.2536 47421.2238 46892.8238 44595.7528 59287.3908 42605.6345 41779.9414 41190.9235 38331.2396 54139.8795 34871.2981 35019.8491 50054.9910 35242.7468 52317.4686 32373.2672 46051.0534 29528.0425 32347.0200 33729.7326 35294.0771 37017.0331 42938.3093 27549.7119 39843.4756 26693.7407 41040.8199 25648.7715 25648.7715 30933.3597 26550.9168 24728.7189 28071.5234 32685.3998 45282.5670 22146.0319 20727.8150 20272.0000 21075.5232 22038.7681 22642.9140 22647.3706 24065.5136 24871.7125 26645.2106 32920.1128 22073.4628 25560.8341 26556.8873 27592.2680 29764.4438 17435.6490 17613.3841 30033.7874 16938.8571 17481.7965 18123.3137 20540.1106 23509.8798 25703.9192 29219.9280 14480.0000 14551.5250 16864.8663 20428.3749 24832.6534 28456.5179 40166.7967 13730.3078 13730.3078 14249.7972 19428.8735 22820.1296 26484.1870 34276.0824 14454.8391 11937.1261 13641.8870 16342.6999 18488.8387 23263.2614 24523.4027 35109.0801 17617.7920 14299.8624 10237.9186 10537.7616 13322.6053 14299.8624 16460.0564 17617.7920 18814.6936 18823.1192 21299.3846 22577.1737 25185.6632 29195.0019 31913.4238 8688.0000 10426.1709 13312.7350 18075.8276 19351.8632 20649.6158 23295.6985 25992.0056 32870.9317 7382.0106 7382.0106 14853.0320 17426.1815 20083.3983 21433.8022 28320.0855 31115.0401 32518.2165 5968.5631 6469.4040 11631.6307 12901.2421 15530.4657 16876.0619 18236.2422 23772.3873 25172.4109 32226.7601 6128.5125 7217.6196 7225.6081 8413.2254 13677.1816 15050.5294 16435.4658 19230.0709 22047.1894 26299.2430 27721.4714 7765.2328 11886.1937 16113.3801 16123.2173 7349.0631 3225.3105 2042.8375 5943.0968 7349.0631 13049.5849 14482.5690 14492.5189 15917.0005 17352.5205 33174.6161 0.0000 7205.0000 8646.0000 8656.0000 10087.0000 12969.0000 12979.0000 14410.0000 15851.0000 15861.0000 17292.0000 18733.0000 20174.0000 21615.0000 4559.0605 8766.4143 13049.5849 14482.5690 17352.5205 13288.4076 3234.7020 7765.2328 13288.4076 13298.1674 14698.1263 18955.5297 21808.1416 12319.2987 9675.9316 4344.0000 5213.0855 6128.5125 13677.1816 15050.5294 16435.4658 17829.2905 20636.3905 12901.2421 11631.6307 8171.3499 6469.4040 5968.5631 7227.4195 11631.6307 12901.2421 15530.4657 16126.5526
47784.0000 47774.0000 49457.4379 46336.0000 46755.1801 54639.6564 41992.0000 44077.5362 39518.6148 37648.0000 49217.7682 36186.3106 34871.2981 45147.4684 33583.3998 46985.2622 31888.5750 40917.6747 28995.8287 29842.8153 30666.4176 31731.3183 33014.1758 37931.3144 28109.3195 34987.4030 26103.8039 35769.1921 28523.5965 24616.0000 27181.6526 30720.4574 23212.7703 24728.7189 28071.5234 39265.4177 21910.3702 23320.5653 21514.3210 20323.1510 20323.1510 20475.8372 20477.2471 21075.5232 21514.3210 22642.9140 27602.1607 19314.0184 21356.2765 22073.4628 22859.0887 24608.8841 19408.2120 17905.6892 24514.0498 15993.0505 15928.0000 15993.0505 16938.8571 18853.3486 20540.1106 23509.8798 16173.5100 15585.0600 14551.5250 16173.5100 19438.7592 22554.0166 33546.9599 17399.0749 13346.8703 13111.4265 14891.1064 17399.0749 20520.4100 27747.7212 19632.7089 15360.2287 11584.0000 12364.3595 13641.8870 17389.1925 18488.8387 28407.1980 23873.5569 20043.7462 13322.6053 11019.3841 10237.9186 10537.7616 11660.2827 12435.8563 13322.6053 13329.0972 15350.3511 16460.0564 18814.6936 22577.1737 25185.6632 11286.8671 8806.6921 9153.5386 12257.0249 13312.7350 14435.2391 16826.4507 19351.8632 25992.0056 11277.0083 9254.2583 9254.2583 11277.0083 13612.9491 14853.0320 21433.8022 24166.0244 25544.4829 8171.3499 7227.4195 6469.4040 7227.4195 9244.4193 10406.7565 11631.6307 16876.0619 18236.2422 25172.4109 5213.0855 4576.7693 4573.6306 4344.0000 7217.6196 8413.2254 9675.9316 12319.2987 15050.5294 19230.0709 20636.3905 2896.0000 5203.3782 9118.1211 9127.6038 14482.5690 10190.4010 5943.0968 2042.8375 1448.0000 5943.0968 7349.0631 7358.8674 8766.4143 10190.4010 25978.3862 7205.0000 0.0000 1441.0000 1451.0000 2882.0000 5764.0000 5774.0000 7205.0000 8646.0000 8656.0000 10087.0000 11528.0000 12969.0000 14410.0000 3225.3105 2042.8375 5943.0968 7349.0631 10190.4010 20380.8020 6450.6211 2896.0000 6450.6211 6459.5582 7765.2328 11886.1937 14698.1263 19230.0709 16435.4658 8413.2254 6128.5125 5213.0855 7217.6196 8413.2254 9675.9316 10982.6183 13677.1816 19607.9717 18236.2422 14203.5990 11631.6307 8171.3499 6469.4040 6469.4040 7227.4195 9244.4193 22795.3027
47805.7228 47795.7274 49979.4976 46358.4014 47307.0702 53777.7873 42016.7174 44662.5260 39334.2795 37675.5675 48302.1741 36614.1542 35019.8491 44241.5093 33428.4660 45980.1394 31986.1010 39967.8159 29103.0501 29528.0425 30223.0858 31170.1201 32347.0200 37017.0331 28439.7990 34115.9848 26222.8530 34798.1498 29278.0064 24658.1414 26602.5379 31685.3980 23168.0000 24262.4865 27283.7740 38111.4726 22146.0319 24065.5136 22038.7681 20475.8372 20272.0000 20323.1510 20323.8625 20727.8150 21075.5232 22038.7681 26645.2106 19043.3427 20714.6396 21356.2765 22073.4628 23706.3510 20091.6138 18307.0771 23519.7699 16186.6336 15993.0505 15928.0000 16504.2271 18123.3137 19662.0438 22471.2124 16864.8663 16173.5100 14480.0000 15585.0600 18508.5165 21469.1546 32253.1053 18385.5374 13730.3078 13346.8703 14249.7972 16479.7025 19428.8735 26484.1870 20813.5129 16342.6999 11673.2830 11937.1261 12938.8080 16342.6999 17389.1925 27097.8240 25185.6632 21299.3846 14299.8624 11660.2827 10136.0000 10237.9186 11019.3841 11660.2827 12435.8563 12441.6527 14299.8624 15350.3511 17617.7920 21299.3846 23873.5569 12257.0249 9153.5386 8806.6921 11286.8671 12257.0249 13312.7350 15610.1347 18075.8276 24638.5974 12416.3267 10214.1874 8432.4332 10214.1874 12416.3267 13612.9491 20083.3983 22795.3027 24166.0244 9244.4193 8171.3499 5968.5631 6469.4040 8171.3499 9244.4193 10406.7565 15530.4657 16876.0619 23772.3873 6128.5125 5213.0855 5207.5637 4576.7693 6128.5125 7217.6196 8413.2254 10982.6183 13677.1816 17829.2905 19230.0709 3234.7020 4085.6750 7765.2328 7774.5123 15917.0005 11618.5837 7349.0631 3225.3105 2042.8375 4559.0605 5943.0968 5952.7960 7349.0631 8766.4143 24539.7578 8646.0000 1441.0000 0.0000 10.0000 1441.0000 4323.0000 4333.0000 5764.0000 7205.0000 7215.0000 8646.0000 10087.0000 11528.0000 12969.0000 4559.0605 1448.0000 4559.0605 5943.0968 8766.4143 21808.1416 7765.2328 3234.7020 5203.3782 5211.6893 6450.6211 10494.4931 13288.4076 20636.3905 17829.2905 9675.9316 7217.6196 6128.5125 6128.5125 7217.6196 8413.2254 9675.9316 12319.2987 20988.9862 19607.9717 15530.4657 12901.2421 9244.4193 7227.4195 5968.5631 6469.4040 8171.3499 24166.0244
47806.0253 47796.0299 49983.2466 46358.7133 47311.0309 53771.8929 42017.0616 44666.7212 39333.1817 37675.9513 48295.9098 36617.3039 35021.0850 44235.3215 33427.6054 45973.2453 31987.0036 39961.3269 29104.0421 29526.0921 30220.2266 31166.4230 32342.5664 37010.8054 28442.3341 34110.0724 26223.9539 34791.5250 29283.4215 24658.7278 26598.7478 31692.2206 23168.0022 24259.5187 27278.4938 38103.5330 22147.9861 24070.9041 22042.6931 20477.2471 20272.0025 20322.4444 20323.1510 20725.7317 21072.7905 22034.8469 26638.7220 19041.8318 20710.4677 21351.5551 22068.2419 23700.2738 20096.6362 18310.2281 23513.0316 16188.4171 15993.9546 15928.0031 16501.6106 18118.5452 19656.1824 22464.1596 16869.9951 16177.9673 14480.0035 15581.3644 18502.2897 21461.7726 32244.1700 18392.5927 13733.4596 13349.0332 14245.7552 16473.5835 19421.4578 26475.4819 20821.8217 16349.7553 11674.5217 11934.7157 12934.3563 16335.6475 17381.7357 27088.7841 25194.8180 21308.1802 14306.9181 11665.2292 10136.0049 10236.5159 11015.4648 11655.3426 12430.0652 12435.8563 14292.8103 15342.8426 17609.6137 21290.5901 23864.5034 12264.0809 9156.6920 8805.0613 11280.4862 12249.9731 13305.1596 15601.8276 18067.0591 24629.2399 12424.4521 10221.2438 8427.3109 10207.1360 12408.2041 13604.4818 20074.0711 22785.8207 24156.4839 9252.2154 8178.4069 5966.1566 6464.9554 8164.2991 9236.6276 10398.4499 15521.1876 16866.6696 23762.6888 6135.5705 5218.6205 5213.0855 4579.9276 6121.4627 7209.6361 8404.6631 10973.4345 13667.6998 17819.5920 19220.3295 3239.1692 4078.6272 7755.9552 7765.2328 15926.9591 11628.5058 7358.8674 3234.2492 2049.9037 4549.5794 5933.3987 5943.0968 7339.2594 8756.5518 24529.7752 8656.0000 1451.0000 10.0000 0.0000 1431.0000 4313.0000 4323.0000 5754.0000 7195.0000 7205.0000 8636.0000 10077.0000 11518.0000 12959.0000 4568.5439 1448.0345 4549.5794 5933.3987 8756.5518 21818.0531 7774.5123 3239.1692 5195.0731 5203.3782 6441.6870 10484.8817 13278.6482 20646.1665 17838.9893 9684.8682 7225.6081 6135.5705 6121.4627 7209.6361 8404.6631 9666.9971 12309.9415 20998.5980 19617.5257 15539.7447 12910.1785 9252.2154 7233.4054 5966.1566 6464.9554 8164.2991 24175.5653
47870.8322 47860.8504 50537.2652 46425.5406 47895.9693 52941.1156 42090.7827 45285.8279 39202.0808 37758.1492 47412.7019 37093.0784 35226.7682 43364.5172 33335.1601 44998.7171 32147.9870 39048.0406 29280.8799 29280.8799 29842.8153 30666.4176 31731.3183 36137.0976 28838.5759 33284.1619 26420.0762 33860.6013 30082.5651 24784.1357 26090.2429 32685.3998 23212.7703 23874.2522 26550.9168 36977.6774 22471.8067 24871.7125 22642.9140 20727.8150 20323.1510 20272.0000 20272.0025 20475.8372 20727.8150 21514.3210 25733.4060 18879.0746 20155.7684 20714.6396 21356.2765 22859.0887 20852.3418 18810.5662 22573.7342 16504.2271 16186.6336 15993.0505 16186.6336 17481.7965 18853.3486 21479.0429 17647.0385 16864.8663 14551.5250 15111.5429 17647.0385 20428.3749 30972.2463 19428.8735 14249.7972 13730.3078 13730.3078 15639.2564 18385.5374 25239.6761 22025.3115 17389.1925 11937.1261 11673.2830 12364.3595 15360.2287 16342.6999 25802.4842 26511.1581 22577.1737 15350.3511 12435.8563 10237.9186 10136.0000 10537.7616 11019.3841 11660.2827 11665.2292 13322.6053 14299.8624 16460.0564 20043.7462 22577.1737 13312.7350 9704.1060 8688.0000 10426.1709 11286.8671 12257.0249 14435.2391 16826.4507 23295.6985 13612.9491 11277.0083 7792.5300 9254.2583 11277.0083 12416.3267 18746.4894 21433.8022 22795.3027 10406.7565 9244.4193 5792.0000 5968.5631 7227.4195 8171.3499 9244.4193 14203.5990 15530.4657 22377.5666 7217.6196 6128.5125 6121.4627 5213.0855 5213.0855 6128.5125 7217.6196 9675.9316 12319.2987 16435.4658 17829.2905 4085.6750 3234.7020 6450.6211 6459.5582 17352.5205 13049.5849 8766.4143 4559.0605 3225.3105 3225.3105 4559.0605 4568.5439 5943.0968 7349.0631 23101.4251 10087.0000 2882.0000 1441.0000 1431.0000 0.0000 2882.0000 2892.0000 4323.0000 5764.0000 5774.0000 7205.0000 8646.0000 10087.0000 11528.0000 5943.0968 2042.8375 3225.3105 4559.0605 7349.0631 23237.1675 9118.1211 4085.6750 4085.6750 4092.7350 5203.3782 9118.1211 11886.1937 22047.1894 19230.0709 10982.6183 8413.2254 7217.6196 5213.0855 6128.5125 7217.6196 8413.2254 10982.6183 22377.5666 20988.9862 16876.0619 14203.5990 10406.7565 8171.3499 5792.0000 5968.5631 7227.4195 25544.4829
48130.3891 48120.4611 51755.2319 46693.1322 49179.3934 51348.2545 42385.7495 46641.1307 39096.0000 38086.6853 45718.1774 38196.2787 35811.3784 41704.6837 33335.1601 43113.4092 32660.6301 37307.5688 29842.8153 28995.8287 29280.8799 29842.8153 30666.4176 34490.6783 29829.5982 31751.6038 27041.5259 32097.6227 31826.6827 25281.8344 25281.8344 34778.3851 23567.8712 23346.5661 25268.6326 34778.3851 23377.5900 26645.2106 24065.5136 21514.3210 20727.8150 20475.8372 20474.4321 20272.0000 20323.1510 20727.8150 24065.5136 18879.0746 19314.0184 19686.7131 20155.7684 21356.2765 22573.7342 20091.6138 20852.3418 17481.7965 16938.8571 16504.2271 15928.0000 16504.2271 17481.7965 19662.0438 19438.7592 18508.5165 15111.5429 14551.5250 16173.5100 18508.5165 28456.5179 21652.8587 15639.2564 14891.1064 13111.4265 14249.7972 16479.7025 22820.1296 24523.4027 19632.7089 12938.8080 11673.2830 11673.2830 13641.8870 14454.8391 23263.2614 29195.0019 25185.6632 17617.7920 14299.8624 11019.3841 10537.7616 10136.0000 10237.9186 10537.7616 10540.5009 11660.2827 12435.8563 14299.8624 17617.7920 20043.7462 15610.1347 11286.8671 9153.5386 9153.5386 9704.1060 10426.1709 12257.0249 14435.2391 20649.6158 16126.5526 13612.9491 7240.0000 7792.5300 9254.2583 10214.1874 16126.5526 18746.4894 20083.3983 12901.2421 11631.6307 6469.4040 5968.5631 5968.5631 6469.4040 7227.4195 11631.6307 12901.2421 19607.9717 9675.9316 8413.2254 8404.6631 7217.6196 4344.0000 4576.7693 5213.0855 7217.6196 9675.9316 13677.1816 15050.5294 6450.6211 3234.7020 4085.6750 4092.7350 20225.8987 15917.0005 11618.5837 7349.0631 5943.0968 1448.0000 2042.8375 2049.9037 3225.3105 4559.0605 20225.8987 12969.0000 5764.0000 4323.0000 4313.0000 2882.0000 0.0000 10.0000 1441.0000 2882.0000 2892.0000 4323.0000 5764.0000 7205.0000 8646.0000 8766.4143 4559.0605 1448.0000 2042.8375 4559.0605 26099.1697 11886.1937 6450.6211 2896.0000 2896.0173 3234.7020 6450.6211 9118.1211 24879.1749 22047.1894 13677.1816 10982.6183 9675.9316 4344.0000 4576.7693 5213.0855 6128.5125 8413.2254 25172.4109 23772.3873 19607.9717 16876.0619 12901.2421 10406.7565 6469.4040 5968.5631 5968.5631 28320.0855
48131.5877 48121.6599 51759.6875 46694.3677 49184.0823 51342.9232 42387.1105 46646.0748 39096.0013 38088.2000 45712.5047 38200.4296 35813.7940 41699.1561 33335.5938 43107.0595 32662.8376 37301.7759 29845.2312 28995.3334 29279.4052 29840.4026 30663.1298 34485.2480 29833.4642 31746.6128 27044.1920 32091.7875 31833.0224 25284.1162 25279.5564 34785.8438 23569.7075 23345.3338 25264.6423 34770.9276 23381.2903 26651.7014 24070.9041 21517.6720 20729.9029 20477.2471 20475.8372 20272.0025 20322.4444 20725.7317 24060.1260 18879.8405 19311.7825 19683.7875 20152.1959 21351.5551 22580.1190 20096.6362 20846.8151 17485.9203 16942.2625 16506.8493 15928.0031 16501.6106 17477.6774 19656.1824 19445.4324 18514.7467 15114.4067 14550.5382 16169.0576 18502.2897 28447.9097 21660.8455 15644.7870 14895.9474 13110.3312 14245.7552 16473.5835 22811.9213 24532.2172 19640.7835 12943.2659 11674.5217 11672.0528 13636.6081 14448.8599 23254.5899 29204.3801 25194.8180 17625.9722 14306.9181 11023.3110 10540.5009 10136.0049 10236.5159 10535.0311 10537.7616 11655.3426 12430.0652 14292.8103 17609.6137 20035.1197 15618.4437 11293.2533 9156.6920 9150.3950 9699.6553 10420.6459 12249.9731 14427.2543 20640.5444 16135.4888 13621.4186 7240.0069 7788.8371 9248.0331 10207.1360 16117.6177 18737.2656 20074.0711 12910.1785 11640.3038 6473.8650 5970.9853 5966.1566 6464.9554 7221.4426 11622.9597 12892.3073 19598.4181 9684.8682 8421.7908 8413.2254 7225.6081 4344.0115 4573.6306 5207.5637 7209.6361 9666.9971 13667.6998 15040.9553 6459.5582 3239.1692 4078.6272 4085.6750 20235.8731 15926.9591 11628.5058 7358.8674 5952.7960 1448.0345 2035.7959 2042.8375 3216.3781 4549.5794 20215.9244 12979.0000 5774.0000 4333.0000 4323.0000 2892.0000 10.0000 0.0000 1431.0000 2872.0000 2882.0000 4313.0000 5754.0000 7195.0000 8636.0000 8776.2771 4568.5439 1448.0345 2035.7959 4549.5794 26109.1080 11895.8926 6459.5582 2896.0173 2896.0000 3230.2596 6441.6870 9108.6394 24889.0214 22056.9935 13686.6642 10991.8035 9684.8682 4344.0115 4573.6306 5207.5637 6121.4627 8404.6631 25182.1427 23782.0861 19617.5257 16885.4548 12910.1785 10415.0660 6473.8650 5970.9853 5966.1566 28329.7533
48324.1418 48314.2536 52413.0509 46892.8238 49871.2002 50594.5990 42605.6345 47370.0216 39122.5472 38331.2396 44916.3101 38816.4239 36186.3106 40925.6610 33428.4660 42212.9869 33008.4543 36491.5982 30223.0858 28960.0000 29103.0501 29528.0425 30223.0858 33729.7326 30415.5405 31057.3380 27460.6157 31278.5128 32759.0549 25648.7715 24992.7146 35865.9430 23874.2522 23212.7703 24728.7189 33717.3432 23947.9847 27602.1607 24871.7125 22038.7681 21075.5232 20727.8150 20725.7317 20323.1510 20272.0000 20475.8372 23320.5653 19043.3427 19043.3427 19314.0184 19686.7131 20714.6396 23519.7699 20852.3418 20091.6138 18123.3137 17481.7965 16938.8571 15993.0505 16186.6336 16938.8571 18853.3486 20428.3749 19438.7592 15585.0600 14480.0000 15585.0600 17647.0385 27225.8983 22820.1296 16479.7025 15639.2564 13032.0000 13730.3078 15639.2564 21652.8587 25802.4842 20813.5129 13641.8870 11937.1261 11584.0000 12938.8080 13641.8870 22025.3115 30550.4647 26511.1581 18814.6936 15350.3511 11660.2827 11019.3841 10237.9186 10136.0000 10237.9186 10239.3309 11019.3841 11660.2827 13322.6053 16460.0564 18814.6936 16826.4507 12257.0249 9704.1060 8806.6921 9153.5386 9704.1060 11286.8671 13312.7350 19351.8632 17426.1815 14853.0320 7382.0106 7382.0106 8432.4332 9254.2583 14853.0320 17426.1815 18746.4894 14203.5990 12901.2421 7227.4195 6469.4040 5792.0000 5968.5631 6469.4040 10406.7565 11631.6307 18236.2422 10982.6183 9675.9316 9666.9971 8413.2254 4576.7693 4344.0000 4576.7693 6128.5125 8413.2254 12319.2987 13677.1816 7765.2328 4085.6750 3234.7020 3239.1692 21663.4468 17352.5205 13049.5849 8766.4143 7349.0631 2042.8375 1448.0000 1448.0345 2042.8375 3225.3105 18788.8795 14410.0000 7205.0000 5764.0000 5754.0000 4323.0000 1441.0000 1431.0000 0.0000 1441.0000 1451.0000 2882.0000 4323.0000 5764.0000 7205.0000 10190.4010 5943.0968 2042.8375 1448.0000 3225.3105 27531.7355 13288.4076 7765.2328 3234.7020 3230.2596 2896.0000 5203.3782 7765.2328 26299.2430 23461.6596 15050.5294 12319.2987 10982.6183 4576.7693 4344.0000 4576.7693 5213.0855 7217.6196 26576.8152 25172.4109 20988.9862 18236.2422 14203.5990 11631.6307 7227.4195 6469.4040 5792.0000 29715.4842
48559.9009 48550.0607 53101.8337 47135.7424 50594.5990 49871.2002 42872.8513 48131.0272 39202.0808 38628.0367 44146.9256 39479.4477 36614.1542 40183.2276 33583.3998 41343.1908 33414.8516 35715.1474 30666.4176 28995.8287 28995.8287 29280.8799 29842.8153 33014.1758 31057.3380 30415.5405 27947.8025 30505.5126 33727.2381 26090.2429 24784.1357 36977.6774 24262.4865 23168.0000 24262.4865 32685.3998 24589.6967 28599.7248 25733.4060 22642.9140 21514.3210 21075.5232 21072.7905 20475.8372 20323.1510 20323.1510 22642.9140 19314.0184 18879.0746 19043.3427 19314.0184 20155.7684 24514.0498 21682.2586 19408.2120 18853.3486 18123.3137 17481.7965 16186.6336 15993.0505 16504.2271 18123.3137 21469.1546 20428.3749 16173.5100 14551.5250 15111.5429 16864.8663 26016.8911 24017.1460 17399.0749 16479.7025 13111.4265 13346.8703 14891.1064 20520.4100 27097.8240 22025.3115 14454.8391 12364.3595 11673.2830 12364.3595 12938.8080 20813.5129 31913.4238 27848.1299 20043.7462 16460.0564 12435.8563 11660.2827 10537.7616 10237.9186 10136.0000 10136.0049 10537.7616 11019.3841 12435.8563 15350.3511 17617.7920 18075.8276 13312.7350 10426.1709 8688.0000 8806.6921 9153.5386 10426.1709 12257.0249 18075.8276 18746.4894 16126.5526 7792.5300 7240.0000 7792.5300 8432.4332 13612.9491 16126.5526 17426.1815 15530.4657 14203.5990 8171.3499 7227.4195 5968.5631 5792.0000 5968.5631 9244.4193 10406.7565 16876.0619 12319.2987 10982.6183 10973.4345 9675.9316 5213.0855 4576.7693 4344.0000 5213.0855 7217.6196 10982.6183 12319.2987 9118.1211 5203.3782 2896.0000 2896.0173 23101.4251 18788.8795 14482.5690 10190.4010 8766.4143 3225.3105 2042.8375 2035.7959 1448.0000 2042.8375 17352.5205 15851.0000 8646.0000 7205.0000 7195.0000 5764.0000 2882.0000 2872.0000 1441.0000 0.0000 10.0000 1441.0000 2882.0000 4323.0000 5764.0000 11618.5837 7349.0631 3225.3105 2042.8375 2042.8375 28965.1379 14698.1263 9118.1211 4085.6750 4078.6272 3234.7020 4085.6750 6450.6211 27721.4714 24879.1749 16435.4658 13677.1816 12319.2987 5213.0855 4576.7693 4344.0000 4576.7693 6128.5125 27984.9407 26576.8152 22377.5666 19607.9717 15530.4657 12901.2421 8171.3499 7227.4195 5968.5631 31115.0401
48561.6823 48551.8425 53106.7190 47137.5777 50599.7263 49866.2889 42874.8691 48136.4170 39202.8172 38630.2762 44141.7039 39484.1937 36617.3039 40178.2080 33584.6885 41337.2663 33417.8716 35709.9033 30669.7083 28996.3274 28995.3334 29279.4052 29840.4026 33009.3757 31061.9791 30411.2779 27951.4133 30500.3177 33734.0749 26093.5584 24782.9748 36985.4718 24265.4579 23168.0022 24259.5187 32678.3467 24594.3864 28606.7796 25739.5669 22647.3706 21517.6720 21078.2604 21075.5232 20477.2471 20323.8625 20322.4444 22638.4609 19316.2591 18878.3139 19041.8318 19311.7825 20152.1959 24521.1048 21688.2414 19403.7592 18858.7007 18128.0865 17485.9203 16188.4171 15992.1526 16501.6106 18118.5452 21476.5389 20435.4300 16177.9673 14552.5187 15108.6852 16859.7419 26008.5837 24025.5464 17405.7022 16485.8252 13112.5293 13344.7146 14886.2705 20512.6864 27106.8645 22033.8173 14460.8227 12367.8594 11674.5217 12360.8667 12934.3563 20805.2056 31922.9061 27857.4442 20052.3739 16467.9366 12441.6527 11665.2292 10540.5009 10239.3309 10136.0049 10136.0000 10535.0311 11015.4648 12430.0652 15342.8426 17609.6137 18084.5975 13320.3135 10431.7026 8688.0058 8805.0613 9150.3950 10420.6459 12249.9731 18067.0591 18755.7139 16135.4888 7796.2340 7240.0069 7788.8371 8427.3109 13604.4818 16117.6177 17417.0859 15539.7447 14212.7304 8178.4069 7233.4054 5970.9853 5792.0086 5966.1566 9236.6276 10398.4499 16866.6696 12328.6569 10991.8035 10982.6183 9684.8682 5218.6205 4579.9276 4344.0115 5207.5637 7209.6361 10973.4345 12309.9415 9127.6038 5211.6893 2896.0173 2896.0000 23111.4054 18798.8498 14492.5189 10200.2997 8776.2771 3234.2492 2049.9037 2042.8375 1448.0345 2035.7959 17342.5554 15861.0000 8656.0000 7215.0000 7205.0000 5774.0000 2892.0000 2882.0000 1451.0000 10.0000 0.0000 1431.0000 2872.0000 4313.0000 5754.0000 11628.5058 7358.8674 3234.2492 2049.9037 2035.7959 28975.0879 14707.9304 9127.6038 4092.7350 4085.6750 3239.1692 4078.6272 6441.6870 27731.3479 24889.0214 16445.1104 13686.6642 12328.6569 5218.6205 4579.9276 4344.0115 4573.6306 6121.4627 27994.7242 26586.5750 22387.2260 19617.5257 15539.7447 12910.1785 8178.4069 7233.4054 5970.9853 31124.7657
48837.0579 48827.2736 53820.3915 47421.2238 51348.2545 49179.3934 43186.5214 48922.6489 39334.2795 38975.8832 43411.7510 40183.2276 37093.0784 39479.4477 33799.1141 40505.9940 33877.7142 34980.8480 31170.1201 29103.0501 28960.0000 29103.0501 29528.0425 32347.0200 31751.6038 29829.5982 28499.5944 29782.2127 34728.2373 26602.5379 24658.1414 38111.4726 24728.7189 23212.7703 23874.2522 31685.3980 25297.2995 29633.8018 26645.2106 23320.5653 22038.7681 21514.3210 21510.9742 20727.8150 20475.8372 20272.0000 22038.7681 19686.7131 18824.0000 18879.0746 19043.3427 19686.7131 25550.9425 22573.7342 18810.5662 19662.0438 18853.3486 18123.3137 16504.2271 15928.0000 16186.6336 17481.7965 22554.0166 21469.1546 16864.8663 14764.0213 14764.0213 16173.5100 24832.6534 25239.6761 18385.5374 17399.0749 13346.8703 13111.4265 14249.7972 19428.8735 28407.1980 23263.2614 15360.2287 12938.8080 11937.1261 11937.1261 12364.3595 19632.7089 33282.9581 29195.0019 21299.3846 17617.7920 13322.6053 12435.8563 11019.3841 10537.7616 10237.9186 10236.5159 10237.9186 10537.7616 11660.2827 14299.8624 16460.0564 19351.8632 14435.2391 11286.8671 8806.6921 8688.0000 8806.6921 9704.1060 11286.8671 16826.4507 20083.3983 17426.1815 8432.4332 7382.0106 7382.0106 7792.5300 12416.3267 14853.0320 16126.5526 16876.0619 15530.4657 9244.4193 8171.3499 6469.4040 5968.5631 5792.0000 8171.3499 9244.4193 15530.4657 13677.1816 12319.2987 12309.9415 10982.6183 6128.5125 5213.0855 4576.7693 4576.7693 6128.5125 9675.9316 10982.6183 10494.4931 6450.6211 3234.7020 3230.2596 24539.7578 20225.8987 15917.0005 11618.5837 10190.4010 4559.0605 3225.3105 3216.3781 2042.8375 1448.0000 15917.0005 17292.0000 10087.0000 8646.0000 8636.0000 7205.0000 4323.0000 4313.0000 2882.0000 1441.0000 1431.0000 0.0000 1441.0000 2882.0000 4323.0000 13049.5849 8766.4143 4559.0605 3225.3105 1448.0000 30399.2588 16113.3801 10494.4931 5203.3782 5195.0731 4085.6750 3234.7020 5203.3782 29145.5440 26299.2430 17829.2905 15050.5294 13677.1816 6128.5125 5213.0855 4576.7693 4344.0000 5213.0855 29396.2526 27984.9407 23772.3873 20988.9862 16876.0619 14203.5990 9244.4193 8171.3499 6469.4040 32518.2165
49154.9127 49145.1916 54567.5480 47748.5045 52130.8546 48520.5299 43545.6410 49743.4251 39518.6148 39373.4262 42712.5530 40925.6610 37621.1324 38816.4239 34074.4544 39703.4588 34394.7626 34291.4080 31731.3183 29280.8799 28995.8287 28995.8287 29280.8799 31731.3183 32494.9751 29302.8619 29112.3180 29112.3180 35759.2967 27181.6526 24616.0000 39265.4177 25268.6326 23346.5661 23567.8712 30720.4574 26065.4273 30700.7023 27602.1607 24065.5136 22642.9140 22038.7681 22034.8469 21075.5232 20727.8150 20323.1510 21514.3210 20155.7684 18879.0746 18824.0000 18879.0746 19314.0184 26625.4700 23519.7699 18307.0771 20540.1106 19662.0438 18853.3486 16938.8571 15993.0505 15993.0505 16938.8571 23676.9020 22554.0166 17647.0385 15111.5429 14551.5250 15585.0600 23676.9020 26484.1870 19428.8735 18385.5374 13730.3078 13032.0000 13730.3078 18385.5374 29728.7520 24523.4027 16342.6999 13641.8870 12364.3595 11673.2830 11937.1261 18488.8387 34658.2883 30550.4647 22577.1737 18814.6936 14299.8624 13322.6053 11660.2827 11019.3841 10537.7616 10535.0311 10136.0000 10237.9186 11019.3841 13322.6053 15350.3511 20649.6158 15610.1347 12257.0249 9153.5386 8806.6921 8688.0000 9153.5386 10426.1709 15610.1347 21433.8022 18746.4894 9254.2583 7792.5300 7240.0000 7382.0106 11277.0083 13612.9491 14853.0320 18236.2422 16876.0619 10406.7565 9244.4193 7227.4195 6469.4040 5968.5631 7227.4195 8171.3499 14203.5990 15050.5294 13677.1816 13667.6998 12319.2987 7217.6196 6128.5125 5213.0855 4344.0000 5213.0855 8413.2254 9675.9316 11886.1937 7765.2328 4085.6750 4078.6272 25978.3862 21663.4468 17352.5205 13049.5849 11618.5837 5943.0968 4559.0605 4549.5794 3225.3105 2042.8375 14482.5690 18733.0000 11528.0000 10087.0000 10077.0000 8646.0000 5764.0000 5754.0000 4323.0000 2882.0000 2872.0000 1441.0000 0.0000 1441.0000 2882.0000 14482.5690 10190.4010 5943.0968 4559.0605 2042.8375 31834.0010 17532.8286 11886.1937 6450.6211 6441.6870 5203.3782 2896.0000 4085.6750 30571.2031 27721.4714 19230.0709 16435.4658 15050.5294 7217.6196 6128.5125 5213.0855 4576.7693 4576.7693 30810.3130 29396.2526 25172.4109 22377.5666 18236.2422 15530.4657 10406.7565 9244.4193 7227.4195 33924.5641
49512.6814 49503.0306 55342.1450 48116.7316 52941.1156 47895.9693 43949.0958 50591.9367 39754.3613 39819.1771 42051.1259 41704.6837 38196.2787 38196.2787 34407.9894 38937.7284 34963.5930 33649.5849 32347.0200 29528.0425 29103.0501 28960.0000 29103.0501 31170.1201 33284.1619 28838.5759 29782.2127 28499.5944 36817.8910 27823.4149 24658.1414 40437.7877 25877.6160 23567.8712 23346.5661 29793.9845 26888.8936 31797.1224 28599.7248 24871.7125 23320.5653 22642.9140 22638.4609 21514.3210 21075.5232 20475.8372 21075.5232 20714.6396 19043.3427 18879.0746 18824.0000 19043.3427 27733.2580 24514.0498 17905.6892 21479.0429 20540.1106 19662.0438 17481.7965 16186.6336 15928.0000 16504.2271 24832.6534 23676.9020 18508.5165 15585.0600 14480.0000 15111.5429 22554.0166 27747.7212 20520.4100 19428.8735 14249.7972 13111.4265 13346.8703 17399.0749 31060.9313 25802.4842 17389.1925 14454.8391 12938.8080 11584.0000 11673.2830 17389.1925 36038.7507 31913.4238 23873.5569 20043.7462 15350.3511 14299.8624 12435.8563 11660.2827 11019.3841 11015.4648 10237.9186 10136.0000 10537.7616 12435.8563 14299.8624 21965.2366 16826.4507 13312.7350 9704.1060 9153.5386 8806.6921 8806.6921 9704.1060 14435.2391 22795.3027 20083.3983 10214.1874 8432.4332 7382.0106 7240.0000 10214.1874 12416.3267 13612.9491 19607.9717 18236.2422 11631.6307 10406.7565 8171.3499 7227.4195 6469.4040 6469.4040 7227.4195 12901.2421 16435.4658 15050.5294 15040.9553 13677.1816 8413.2254 7217.6196 6128.5125 4576.7693 4576.7693 7217.6196 8413.2254 13288.4076 9118.1211 5203.3782 5195.0731 27417.2636 23101.4251 18788.8795 14482.5690 13049.5849 7349.0631 5943.0968 5933.3987 4559.0605 3225.3105 13049.5849 20174.0000 12969.0000 11528.0000 11518.0000 10087.0000 7205.0000 7195.0000 5764.0000 4323.0000 4313.0000 2882.0000 1441.0000 0.0000 1441.0000 15917.0005 11618.5837 7349.0631 5943.0968 3225.3105 33269.2841 18955.5297 13288.4076 7765.2328 7755.9552 6450.6211 3234.7020 3234.7020 31998.2365 29145.5440 20636.3905 17829.2905 16435.4658 8413.2254 7217.6196 6128.5125 5213.0855 4344.0000 32226.7601 30810.3130 26576.8152 23772.3873 19607.9717 16876.0619 11631.6307 10406.7565 8171.3499 35333.7042
49909.5057 49899.9316 56143.0468 48524.9729 53777.7873 47307.0702 44395.6773 51466.8120 40040.6110 40311.5369 41429.2791 42518.2845 38816.4239 37621.1324 34798.0457 38211.0155 35581.7220 33058.1522 33014.1758 29842.8153 29280.8799 28995.8287 28995.8287 30666.4176 34115.9848 28439.7990 30505.5126 27947.8025 37901.7131 28523.5965 24784.1357 41627.0258 26550.9168 23874.2522 23212.7703 28909.6781 27762.7748 32920.1128 29633.8018 25733.4060 24065.5136 23320.5653 23315.6237 22038.7681 21514.3210 20727.8150 20727.8150 21356.2765 19314.0184 19043.3427 18879.0746 18879.0746 28870.4782 25550.9425 17613.3841 22471.2124 21479.0429 20540.1106 18123.3137 16504.2271 15993.0505 16186.6336 26016.8911 24832.6534 19438.7592 16173.5100 14551.5250 14764.0213 21469.1546 29027.7947 21652.8587 20520.4100 14891.1064 13346.8703 13111.4265 16479.7025 32402.4255 27097.8240 18488.8387 15360.2287 13641.8870 11673.2830 11584.0000 16342.6999 37423.7775 33282.9581 25185.6632 21299.3846 16460.0564 15350.3511 13322.6053 12435.8563 11660.2827 11655.3426 10537.7616 10237.9186 10237.9186 11660.2827 13322.6053 23295.6985 18075.8276 14435.2391 10426.1709 9704.1060 9153.5386 8688.0000 9153.5386 13312.7350 24166.0244 21433.8022 11277.0083 9254.2583 7792.5300 7382.0106 9254.2583 11277.0083 12416.3267 20988.9862 19607.9717 12901.2421 11631.6307 9244.4193 8171.3499 7227.4195 5968.5631 6469.4040 11631.6307 17829.2905 16435.4658 16425.8217 15050.5294 9675.9316 8413.2254 7217.6196 5213.0855 4344.0000 6128.5125 7217.6196 14698.1263 10494.4931 6450.6211 6441.6870 28856.3529 24539.7578 20225.8987 15917.0005 14482.5690 8766.4143 7349.0631 7339.2594 5943.0968 4559.0605 11618.5837 21615.0000 14410.0000 12969.0000 12959.0000 11528.0000 8646.0000 8636.0000 7205.0000 5764.0000 5754.0000 4323.0000 2882.0000 1441.0000 0.0000 17352.5205 13049.5849 8766.4143 7349.0631 4559.0605 34705.0410 20380.8020 14698.1263 9118.1211 9108.6394 7765.2328 4085.6750 2896.0000 33426.4683 30571.2031 22047.1894 19230.0709 17829.2905 9675.9316 8413.2254 7217.6196 6128.5125 4576.7693 33645.2926 32226.7601 27984.9407 25172.4109 20988.9862 18236.2422 12901.2421 11631.6307 9244.4193 36745.3157
49316.2828 49306.2999 49909.5057 47870.8322 47144.2536 57556.3478 43535.4973 44395.6773 41455.6299 39202.0808 52197.2248 36910.0532 36200.0000 48119.1937 35491.0345 50054.9910 33335.1601 43937.8295 30442.1245 32037.3849 33058.1522 34291.4080 35715.1474 40917.6747 29103.0501 37931.3144 27549.7119 38813.9123 28499.5944 26222.8530 29782.2127 30082.5651 24992.7146 27181.6526 30933.3597 42449.9766 23168.0000 23377.5900 22146.0319 21767.7486 22146.0319 22471.8067 22474.3738 23377.5900 23947.9847 25297.2995 30642.5623 21514.3210 24065.5136 24871.7125 25733.4060 27602.1607 19686.7131 18879.0746 27592.2680 17435.6490 17613.3841 17905.6892 19408.2120 21682.2586 23519.7699 26625.4700 16504.2271 16186.6336 16504.2271 18853.3486 22471.2124 25703.9192 36771.7233 16864.8663 14480.0000 14551.5250 17647.0385 20428.3749 23676.9020 30972.2463 18385.5374 14891.1064 13346.8703 14891.1064 16479.7025 20520.4100 21652.8587 31629.5024 22025.3115 18488.8387 12938.8080 11673.2830 12364.3595 12938.8080 14454.8391 15360.2287 16342.6999 16349.7553 18488.8387 19632.7089 22025.3115 25802.4842 28407.1980 11019.3841 10237.9186 11660.2827 15350.3511 16460.0564 17617.7920 20043.7462 22577.1737 29195.0019 10426.1709 9153.5386 12257.0249 14435.2391 16826.4507 18075.8276 24638.5974 27354.3632 28724.3970 7792.5300 7382.0106 9254.2583 10214.1874 12416.3267 13612.9491 14853.0320 20083.3983 21433.8022 28320.0855 5792.0000 5968.5631 5970.9853 6469.4040 10406.7565 11631.6307 12901.2421 15530.4657 18236.2422 22377.5666 23772.3873 5213.0855 8413.2254 12319.2987 12328.6569 11886.1937 7765.2328 4085.6750 3234.7020 4085.6750 9118.1211 10494.4931 10504.1051 11886.1937 13288.4076 28965.1379 4559.0605 3225.3105 4559.0605 4568.5439 5943.0968 8766.4143 8776.2771 10190.4010 11618.5837 11628.5058 13049.5849 14482.5690 15917.0005 17352.5205 0.0000 4323.0000 8646.0000 10087.0000 12969.0000 17352.5205 3225.3105 3225.3105 8766.4143 8776.2771 10190.4010 14482.5690 17352.5205 16113.3801 13288.4076 5203.3782 3234.7020 2896.0000 9118.1211 10494.4931 11886.1937 13288.4076 16113.3801 16435.4658 15050.5294 10982.6183 8413.2254 5213.0855 4344.0000 7217.6196 8413.2254 10982.6183 19607.9717
49253.0842 49243.0885 51324.8083 47805.7228 48640.0846 54954.0658 43463.8940 45981.0108 40773.8184 39122.5472 49439.1074 37991.2461 36457.2123 45387.7697 34871.2981 47039.5398 33428.4660 41080.2213 30544.2693 30949.4775 31613.2849 32519.8593 33649.5849 38160.5241 29842.8153 35294.0771 27662.5391 35895.5329 30505.5126 26103.8039 27947.8025 32759.0549 24616.0000 25648.7715 28523.5965 39008.6603 23567.8712 25297.2995 23377.5900 21910.3702 21720.0000 21767.7486 21768.4129 22146.0319 22471.8067 23377.5900 27762.7748 20475.8372 22038.7681 22642.9140 23320.5653 24871.7125 21356.2765 19686.7131 24608.8841 17613.3841 17435.6490 17376.0000 17905.6892 19408.2120 20852.3418 23519.7699 18123.3137 17481.7965 15928.0000 16938.8571 19662.0438 22471.2124 32928.6135 19438.7592 15111.5429 14764.0213 15585.0600 17647.0385 20428.3749 27225.8983 21652.8587 17399.0749 13111.4265 13346.8703 14249.7972 17399.0749 18385.5374 27747.7212 25802.4842 22025.3115 15360.2287 12938.8080 11584.0000 11673.2830 12364.3595 12938.8080 13641.8870 13647.1712 15360.2287 16342.6999 18488.8387 22025.3115 24523.4027 13322.6053 10537.7616 10237.9186 12435.8563 13322.6053 14299.8624 16460.0564 18814.6936 25185.6632 13312.7350 11286.8671 9704.1060 11286.8671 13312.7350 14435.2391 20649.6158 23295.6985 24638.5974 10214.1874 9254.2583 7382.0106 7792.5300 9254.2583 10214.1874 11277.0083 16126.5526 17426.1815 24166.0244 7227.4195 6469.4040 6464.9554 5968.5631 7227.4195 8171.3499 9244.4193 11631.6307 14203.5990 18236.2422 19607.9717 4576.7693 5213.0855 8413.2254 8421.7908 16113.3801 11886.1937 7765.2328 4085.6750 3234.7020 5203.3782 6450.6211 6459.5582 7765.2328 9118.1211 24667.5865 8766.4143 2042.8375 1448.0000 1448.0345 2042.8375 4559.0605 4568.5439 5943.0968 7349.0631 7358.8674 8766.4143 10190.4010 11618.5837 13049.5849 4323.0000 0.0000 4323.0000 5764.0000 8646.0000 21663.4468 7349.0631 2042.8375 4559.0605 4568.5439 5943.0968 10190.4010 13049.5849 20380.8020 17532.8286 9118.1211 6450.6211 5203.3782 5203.3782 6450.6211 7765.2328 9118.1211 11886.1937 20636.3905 19230.0709 15050.5294 12319.2987 8413.2254 6128.5125 4576.7693 5213.0855 7217.6196 23772.3873
49568.2713 49558.3392 53055.5350 48130.3891 50462.9734 52578.9139 43820.7405 47905.1897 40544.0000 39518.6148 46917.7691 39518.2768 37218.1853 42918.7504 34781.8629 44241.5093 34074.4544 38496.9214 31249.9358 30442.1245 30713.7558 31249.9358 32037.3849 35715.1474 31170.1201 33014.1758 28439.7990 33284.1619 32959.4049 26693.7407 26693.7407 35759.2967 24992.7146 24784.1357 26602.5379 35759.2967 24728.7189 27762.7748 25297.2995 22883.8464 22146.0319 21910.3702 21909.0571 21720.0000 21767.7486 22146.0319 25297.2995 20323.1510 20727.8150 21075.5232 21514.3210 22642.9140 23706.3510 21356.2765 22073.4628 18810.5662 18307.0771 17905.6892 17376.0000 17905.6892 18810.5662 20852.3418 20540.1106 19662.0438 16504.2271 15993.0505 17481.7965 19662.0438 29219.9280 22554.0166 16864.8663 16173.5100 14551.5250 15585.0600 17647.0385 23676.9020 25239.6761 20520.4100 14249.7972 13111.4265 13111.4265 14891.1064 15639.2564 24017.1460 29728.7520 25802.4842 18488.8387 15360.2287 12364.3595 11937.1261 11584.0000 11673.2830 11937.1261 11939.5444 12938.8080 13641.8870 15360.2287 18488.8387 20813.5129 16460.0564 12435.8563 10537.7616 10537.7616 11019.3841 11660.2827 13322.6053 15350.3511 21299.3846 16826.4507 14435.2391 8688.0000 9153.5386 10426.1709 11286.8671 16826.4507 19351.8632 20649.6158 13612.9491 12416.3267 7792.5300 7382.0106 7382.0106 7792.5300 8432.4332 12416.3267 13612.9491 20083.3983 10406.7565 9244.4193 9236.6276 8171.3499 5792.0000 5968.5631 6469.4040 8171.3499 10406.7565 14203.5990 15530.4657 7217.6196 4576.7693 5213.0855 5218.6205 20380.8020 16113.3801 11886.1937 7765.2328 6450.6211 2896.0000 3234.7020 3239.1692 4085.6750 5203.3782 20380.8020 13049.5849 5943.0968 4559.0605 4549.5794 3225.3105 1448.0000 1448.0345 2042.8375 3225.3105 3234.2492 4559.0605 5943.0968 7349.0631 8766.4143 8646.0000 4323.0000 0.0000 1441.0000 4323.0000 25978.3862 11618.5837 5943.0968 1448.0000 1448.0345 2042.8375 5943.0968 8766.4143 24667.5865 21808.1416 13288.4076 10494.4931 9118.1211 2896.0000 3234.7020 4085.6750 5203.3782 7765.2328 24879.1749 23461.6596 19230.0709 16435.4658 12319.2987 9675.9316 5213.0855 4576.7693 4576.7693 27984.9407
49756.4252 49746.5306 53697.4270 48324.1418 51137.4183 51843.1518 44033.4603 48615.1321 40569.5997 39754.3613 46136.7557 40117.9918 37579.0842 42162.1658 34871.2981 43364.5172 34407.9894 37706.6972 31613.2849 30408.0000 30544.2693 30949.4775 31613.2849 34980.8480 31731.3183 32347.0200 28838.5759 32494.9751 33860.6013 27041.5259 26420.0762 36817.8910 25281.8344 24658.1414 26090.2429 34728.2373 25268.6326 28682.4631 26065.4273 23377.5900 22471.8067 22146.0319 22144.0820 21767.7486 21720.0000 21910.3702 24589.6967 20475.8372 20475.8372 20727.8150 21075.5232 22038.7681 24608.8841 22073.4628 21356.2765 19408.2120 18810.5662 18307.0771 17435.6490 17613.3841 18307.0771 20091.6138 21479.0429 20540.1106 16938.8571 15928.0000 16938.8571 18853.3486 28022.8535 23676.9020 17647.0385 16864.8663 14480.0000 15111.5429 16864.8663 22554.0166 26484.1870 21652.8587 14891.1064 13346.8703 13032.0000 14249.7972 14891.1064 22820.1296 31060.9313 27097.8240 19632.7089 16342.6999 12938.8080 12364.3595 11673.2830 11584.0000 11673.2830 11674.5217 12364.3595 12938.8080 14454.8391 17389.1925 19632.7089 17617.7920 13322.6053 11019.3841 10237.9186 10537.7616 11019.3841 12435.8563 14299.8624 20043.7462 18075.8276 15610.1347 8806.6921 8806.6921 9704.1060 10426.1709 15610.1347 18075.8276 19351.8632 14853.0320 13612.9491 8432.4332 7792.5300 7240.0000 7382.0106 7792.5300 11277.0083 12416.3267 18746.4894 11631.6307 10406.7565 10398.4499 9244.4193 5968.5631 5792.0000 5968.5631 7227.4195 9244.4193 12901.2421 14203.5990 8413.2254 5213.0855 4576.7693 4579.9276 21808.1416 17532.8286 13288.4076 9118.1211 7765.2328 3234.7020 2896.0000 2896.0173 3234.7020 4085.6750 18955.5297 14482.5690 7349.0631 5943.0968 5933.3987 4559.0605 2042.8375 2035.7959 1448.0000 2042.8375 2049.9037 3225.3105 4559.0605 5943.0968 7349.0631 10087.0000 5764.0000 1441.0000 0.0000 2882.0000 27417.2636 13049.5849 7349.0631 2042.8375 2035.7959 1448.0000 4559.0605 7349.0631 26099.1697 23237.1675 14698.1263 11886.1937 10494.4931 3234.7020 2896.0000 3234.7020 4085.6750 6450.6211 26299.2430 24879.1749 20636.3905 17829.2905 13677.1816 10982.6183 6128.5125 5213.0855 4344.0000 29396.2526
50254.7251 50244.9286 55071.9556 48837.0579 52578.9139 50462.9734 44595.7528 50129.2101 40773.8184 40376.2899 44673.3191 41441.8904 38453.0228 40759.8490 35226.7682 41704.6837 35242.7468 36246.6274 32519.8593 30544.2693 30408.0000 30544.2693 30949.4775 33649.5849 33014.1758 31170.1201 29829.5982 31057.3380 35769.1921 27947.8025 26103.8039 39008.6603 26090.2429 24658.1414 25281.8344 32759.0549 26550.9168 30642.5623 27762.7748 24589.6967 23377.5900 22883.8464 22880.6998 22146.0319 21910.3702 21720.0000 23377.5900 21075.5232 20272.0000 20323.1510 20475.8372 21075.5232 26556.8873 23706.3510 20155.7684 20852.3418 20091.6138 19408.2120 17905.6892 17376.0000 17613.3841 18810.5662 23509.8798 22471.2124 18123.3137 16186.6336 16186.6336 17481.7965 25703.9192 26016.8911 19438.7592 18508.5165 14764.0213 14551.5250 15585.0600 20428.3749 29027.7947 24017.1460 16479.7025 14249.7972 13346.8703 13346.8703 13730.3078 20520.4100 33752.1238 29728.7520 22025.3115 18488.8387 14454.8391 13641.8870 12364.3595 11937.1261 11673.2830 11672.0528 11673.2830 11937.1261 12938.8080 15360.2287 17389.1925 20043.7462 15350.3511 12435.8563 10237.9186 10136.0000 10237.9186 11019.3841 12435.8563 17617.7920 20649.6158 18075.8276 9704.1060 8806.6921 8806.6921 9153.5386 13312.7350 15610.1347 16826.4507 17426.1815 16126.5526 10214.1874 9254.2583 7792.5300 7382.0106 7240.0000 9254.2583 10214.1874 16126.5526 14203.5990 12901.2421 12892.3073 11631.6307 7227.4195 6469.4040 5968.5631 5968.5631 7227.4195 10406.7565 11631.6307 10982.6183 7217.6196 4576.7693 4573.6306 24667.5865 20380.8020 16113.3801 11886.1937 10494.4931 5203.3782 4085.6750 4078.6272 3234.7020 2896.0000 16113.3801 17352.5205 10190.4010 8766.4143 8756.5518 7349.0631 4559.0605 4549.5794 3225.3105 2042.8375 2035.7959 1448.0000 2042.8375 3225.3105 4559.0605 12969.0000 8646.0000 4323.0000 2882.0000 0.0000 30295.6239 15917.0005 10190.4010 4559.0605 4549.5794 3225.3105 2042.8375 4559.0605 28965.1379 26099.1697 17532.8286 14698.1263 13288.4076 5203.3782 4085.6750 3234.7020 2896.0000 4085.6750 29145.5440 27721.4714 23461.6596 20636.3905 16435.4658 13677.1816 8413.2254 7217.6196 5213.0855 32226.7601
54547.7101 54538.4193 49316.2828 53205.0759 46425.5406 70638.0024 49213.0351 43535.4973 49356.9439 45285.8279 65840.2256 38975.8832 41429.2791 61788.2185 43709.7587 64444.8795 39479.4477 58055.5271 36955.7847 42004.9328 43937.8295 45970.2424 48089.5556 54866.2280 33649.5849 51681.3988 34490.6783 53237.0157 28109.3195 34115.9848 41975.3136 26064.0000 33860.6013 38857.7469 44464.9606 58055.5895 30082.5651 24728.7189 26550.9168 29793.9845 31685.3980 32685.3998 32692.4545 34778.3851 35865.9430 38111.4726 45282.5670 32739.2946 37248.9801 38428.8330 39625.9618 42066.1268 23320.5653 25733.4060 42598.7692 26556.8873 27592.2680 28662.7145 32048.7569 35638.0569 38115.6323 41929.0369 21682.2586 22573.7342 27733.2580 32427.3807 37421.7026 41299.2316 53344.3024 18123.3137 23509.8798 24589.1536 31675.0821 35478.4158 39389.1077 47425.7254 15111.5429 17647.0385 24832.6534 28456.5179 30972.2463 36168.0639 37492.9788 48332.0488 13111.4265 13346.8703 17399.0749 20520.4100 25239.6761 26484.1870 29027.7947 30322.3130 31629.5024 31638.6144 34276.0824 35613.0801 38309.7070 42400.4025 45151.5883 17389.1925 22025.3115 25802.4842 31060.9313 32402.4255 33752.1238 36472.4843 39215.9433 46148.5352 15350.3511 17617.7920 27848.1299 30550.4647 33282.9581 34658.2883 41601.6779 44402.3805 45806.5141 16826.4507 18075.8276 24638.5974 25992.0056 28724.3970 30101.0589 31483.4792 37057.8193 38460.1417 45508.0167 18746.4894 20083.3983 20092.7263 21433.8022 26929.4902 28320.0855 29715.4842 32518.2165 35333.7042 39574.8942 40992.4225 20988.9862 25172.4109 29396.2526 29406.0566 7217.6196 10982.6183 15050.5294 19230.0709 20636.3905 26299.2430 27721.4714 27731.3479 29145.5440 30571.2031 46316.1622 13288.4076 20380.8020 21808.1416 21818.0531 23237.1675 26099.1697 26109.1080 27531.7355 28965.1379 28975.0879 30399.2588 31834.0010 33269.2841 34705.0410 17352.5205 21663.4468 25978.3862 27417.2636 30295.6239 0.0000 14410.0000 20174.0000 25938.0000 25948.0000 27379.0000 31702.0000 34584.0000 2042.8375 4559.0605 13049.5849 15917.0005 17352.5205 25978.3862 27417.2636 28856.3529 30295.6239 33174.6161 3234.7020 4085.6750 7765.2328 10494.4931 14698.1263 17532.8286 23237.1675 24667.5865 27531.7355 4576.7693
51006.7260 50996.7901 50563.6689 49568.2713 47748.5045 60504.3762 45256.5602 44943.6134 43545.6410 40951.6743 55204.3213 37895.3854 37758.1492 51121.6682 37579.0842 53143.1524 35019.8491 46985.2622 32147.9870 34394.7626 35581.7220 36955.7847 38496.9214 43937.8295 30408.0000 40917.6747 29280.8799 41885.6744 28838.5759 28109.3195 32494.9751 29782.2127 27041.5259 29782.2127 33860.6013 45640.2591 24784.1357 23874.2522 23212.7703 23567.8712 24262.4865 24728.7189 24732.2170 25877.6160 26550.9168 28071.5234 33717.3432 23947.9847 26888.8936 27762.7748 28682.4631 30642.5623 20475.8372 20323.1510 30700.7023 19314.0184 19686.7131 20155.7684 22073.4628 24608.8841 26556.8873 29764.4438 17435.6490 17376.0000 18810.5662 21682.2586 25550.9425 28870.4782 39996.5749 16938.8571 16186.6336 16504.2271 20540.1106 23509.8798 26849.7562 34196.9195 17647.0385 15111.5429 15585.0600 17647.0385 19438.7592 23676.9020 24832.6534 34852.3630 20520.4100 17399.0749 13346.8703 13111.4265 14891.1064 15639.2564 17399.0749 18385.5374 19428.8735 19436.2914 21652.8587 22820.1296 25239.6761 29027.7947 31629.5024 11673.2830 12364.3595 14454.8391 18488.8387 19632.7089 20813.5129 23263.2614 25802.4842 32402.4255 10537.7616 10136.0000 15350.3511 17617.7920 20043.7462 21299.3846 27848.1299 30550.4647 31913.4238 8688.0000 8806.6921 12257.0249 13312.7350 15610.1347 16826.4507 18075.8276 23295.6985 24638.5974 31483.4792 7792.5300 8432.4332 8437.5642 9254.2583 13612.9491 14853.0320 16126.5526 18746.4894 21433.8022 25544.4829 26929.4902 8171.3499 11631.6307 15530.4657 15539.7447 9675.9316 6128.5125 4344.0000 6128.5125 7217.6196 12319.2987 13677.1816 13686.6642 15050.5294 16435.4658 31998.2365 3234.7020 6450.6211 7765.2328 7774.5123 9118.1211 11886.1937 11895.8926 13288.4076 14698.1263 14707.9304 16113.3801 17532.8286 18955.5297 20380.8020 3225.3105 7349.0631 11618.5837 13049.5849 15917.0005 14410.0000 0.0000 5764.0000 11528.0000 11538.0000 12969.0000 17292.0000 20174.0000 13049.5849 10190.4010 2042.8375 2042.8375 3225.3105 11618.5837 13049.5849 14482.5690 15917.0005 18788.8795 13288.4076 11886.1937 7765.2328 5203.3782 2896.0000 4085.6750 9118.1211 10494.4931 13288.4076 16435.4658
50680.0000 50670.0000 52180.4857 49232.0000 49457.4379 56969.1438 44888.0000 46755.1801 42385.7495 40544.0000 51466.8120 38975.8832 37758.1492 47412.7019 36457.2123 49080.5302 34781.8629 43113.4092 31888.5750 32660.6301 33414.8516 34394.7626 35581.7220 40185.9148 30949.4775 37307.5688 28995.8287 37931.3144 31057.3380 27512.0000 29829.5982 32959.4049 26103.8039 27460.6157 30505.5126 41040.8199 24784.1357 25877.6160 24262.4865 23212.7703 23212.7703 23346.5661 23347.8026 23874.2522 24262.4865 25268.6326 29793.9845 22146.0319 23947.9847 24589.6967 25297.2995 26888.8936 22038.7681 20727.8150 26645.2106 18879.0746 18824.0000 18879.0746 19686.7131 21356.2765 22859.0887 25560.8341 18810.5662 18307.0771 17435.6490 18810.5662 21682.2586 24514.0498 34894.8921 19662.0438 16186.6336 15993.0505 17481.7965 19662.0438 22471.2124 29219.9280 21469.1546 17647.0385 14480.0000 15111.5429 16173.5100 19438.7592 20428.3749 29706.0641 25239.6761 21652.8587 15639.2564 13730.3078 13111.4265 13346.8703 14249.7972 14891.1064 15639.2564 15644.7870 17399.0749 18385.5374 20520.4100 24017.1460 26484.1870 13641.8870 11673.2830 11937.1261 14454.8391 15360.2287 16342.6999 18488.8387 20813.5129 27097.8240 13322.6053 11660.2827 11660.2827 13322.6053 15350.3511 16460.0564 22577.1737 25185.6632 26511.1581 10426.1709 9704.1060 9153.5386 9704.1060 11286.8671 12257.0249 13312.7350 18075.8276 19351.8632 25992.0056 7792.5300 7382.0106 7380.0651 7240.0000 9254.2583 10214.1874 11277.0083 13612.9491 16126.5526 20083.3983 21433.8022 5792.0000 7227.4195 10406.7565 10415.0660 15050.5294 10982.6183 7217.6196 4576.7693 4344.0000 7217.6196 8413.2254 8421.7908 9675.9316 10982.6183 26299.2430 7765.2328 2896.0000 3234.7020 3239.1692 4085.6750 6450.6211 6459.5582 7765.2328 9118.1211 9127.6038 10494.4931 11886.1937 13288.4076 14698.1263 3225.3105 2042.8375 5943.0968 7349.0631 10190.4010 20174.0000 5764.0000 0.0000 5764.0000 5774.0000 7205.0000 11528.0000 14410.0000 18788.8795 15917.0005 7349.0631 4559.0605 3225.3105 5943.0968 7349.0631 8766.4143 10190.4010 13049.5849 18955.5297 17532.8286 13288.4076 10494.4931 6450.6211 4085.6750 4085.6750 5203.3782 7765.2328 22047.1894
51006.7260 50996.7901 54363.3053 49568.2713 51755.2319 53820.3915 45256.5602 49179.3934 41992.0000 40951.6743 48131.0272 40848.8201 38628.0367 44146.9256 36228.6693 45387.7697 35491.0345 39703.4588 32660.6301 31888.5750 32147.9870 32660.6301 33414.8516 36955.7847 32519.8593 34291.4080 29842.8153 34490.6783 34115.9848 28109.3195 28109.3195 36771.0748 26420.0762 26222.8530 27947.8025 36771.0748 26090.2429 28909.6781 26550.9168 24262.4865 23567.8712 23346.5661 23345.3338 23168.0000 23212.7703 23567.8712 26550.9168 21767.7486 22146.0319 22471.8067 22883.8464 23947.9847 24871.7125 22642.9140 23320.5653 20155.7684 19686.7131 19314.0184 18824.0000 19314.0184 20155.7684 22073.4628 21682.2586 20852.3418 17905.6892 17435.6490 18810.5662 20852.3418 30033.7874 23509.8798 18123.3137 17481.7965 15993.0505 16938.8571 18853.3486 24589.1536 26016.8911 21469.1546 15585.0600 14551.5250 14551.5250 16173.5100 16864.8663 24832.6534 30322.3130 26484.1870 19428.8735 16479.7025 13730.3078 13346.8703 13032.0000 13111.4265 13346.8703 13349.0332 14249.7972 14891.1064 16479.7025 19428.8735 21652.8587 17389.1925 13641.8870 11937.1261 11937.1261 12364.3595 12938.8080 14454.8391 16342.6999 22025.3115 17617.7920 15350.3511 10136.0000 10537.7616 11660.2827 12435.8563 17617.7920 20043.7462 21299.3846 14435.2391 13312.7350 9153.5386 8806.6921 8806.6921 9153.5386 9704.1060 13312.7350 14435.2391 20649.6158 11277.0083 10214.1874 10207.1360 9254.2583 7240.0000 7382.0106 7792.5300 9254.2583 11277.0083 14853.0320 16126.5526 8171.3499 5968.5631 6469.4040 6473.8650 20636.3905 16435.4658 12319.2987 8413.2254 7217.6196 4344.0000 4576.7693 4579.9276 5213.0855 6128.5125 20636.3905 13288.4076 6450.6211 5203.3782 5195.0731 4085.6750 2896.0000 2896.0173 3234.7020 4085.6750 4092.7350 5203.3782 6450.6211 7765.2328 9118.1211 8766.4143 4559.0605 1448.0000 2042.8375 4559.0605 25938.0000 11528.0000 5764.0000 0.0000 10.0000 1441.0000 5764.0000 8646.0000 24539.7578 21663.4468 13049.5849 10190.4010 8766.4143 1448.0000 2042.8375 3225.3105 4559.0605 7349.0631 24667.5865 23237.1675 18955.5297 16113.3801 11886.1937 9118.1211 4085.6750 3234.7020 3234.7020 27721.4714
51007.8570 50997.9213 54367.5471 49569.4351 51759.6875 53815.3050 45257.8349 49184.0823 41992.0012 40953.0831 48125.6389 40852.7016 38630.2762 44141.7039 36229.0685 45381.7382 35493.0659 39698.0156 32662.8376 31888.1247 32146.6438 32658.4256 33411.8342 36950.7167 32523.4055 34286.7867 29845.2312 34485.2480 34121.8991 28111.3717 28107.2706 36778.1294 26421.7143 26221.7559 27944.1948 36764.0215 26093.5584 28915.6606 26555.8028 24265.4579 23569.7075 23347.8026 23346.5661 23168.0022 23212.1517 23566.0390 26546.0337 21768.4129 22144.0820 22469.2438 22880.6998 23943.7743 24877.5076 22647.3706 23315.6237 20159.3453 19689.6433 19316.2591 18824.0027 19311.7825 20152.1959 22068.2419 21688.2414 20857.8719 17908.1061 17434.8254 18806.7382 20846.8151 30025.6315 23517.2360 18128.0865 17485.9203 15992.1526 16935.4569 18848.0002 24581.5360 26025.1998 21476.5389 15588.7612 14552.5187 14550.5382 16169.0576 16859.7419 24824.5301 30331.3426 26492.8930 19436.2914 16485.8252 13733.4596 13349.0332 13032.0038 13110.3312 13344.7146 13346.8703 14245.7552 14886.2705 16473.5835 19421.4578 21644.8735 17396.6519 13647.1712 11939.5444 11934.7157 12360.8667 12934.3563 14448.8599 16335.6475 22016.8069 17625.9722 15357.8625 10136.0049 10535.0311 11655.3426 12430.0652 17609.6137 20035.1197 21290.5901 14443.2264 13320.3135 9156.6920 8808.3338 8805.0613 9150.3950 9699.6553 13305.1596 14427.2543 20640.5444 11284.6770 10221.2438 10214.1874 9260.4901 7240.0069 7380.0651 7788.8371 9248.0331 11269.3432 14844.3013 16117.6177 8178.4069 5970.9853 6464.9554 6469.4040 20646.1665 16445.1104 12328.6569 8421.7908 7225.6081 4344.0115 4573.6306 4576.7693 5207.5637 6121.4627 20626.6147 13298.1674 6459.5582 5211.6893 5203.3782 4092.7350 2896.0173 2896.0000 3230.2596 4078.6272 4085.6750 5195.0731 6441.6870 7755.9552 9108.6394 8776.2771 4568.5439 1448.0345 2035.7959 4549.5794 25948.0000 11538.0000 5774.0000 10.0000 0.0000 1431.0000 5754.0000 8636.0000 24549.7404 21673.4245 13059.5232 10200.2997 8776.2771 1448.0345 2035.7959 3216.3781 4549.5794 7339.2594 24677.5174 23247.0895 18965.4123 16123.2173 11895.8926 9127.6038 4092.7350 3239.1692 3230.2596 27731.3479
51189.5929 51179.6925 54989.9339 49756.4252 52413.0509 53101.8337 45462.5623 49871.2002 42016.7174 41179.2176 47370.0216 41429.2791 38975.8832 43411.7510 36314.5415 44533.3565 35811.3784 38937.7284 33008.4543 31856.0000 31986.1010 32373.2672 33008.4543 36246.6274 33058.1522 33649.5849 30223.0858 33729.7326 34987.4030 28439.7990 27849.5686 37801.3457 26693.7407 26103.8039 27460.6157 35769.1921 26602.5379 29793.9845 27283.7740 24728.7189 23874.2522 23567.8712 23566.0390 23212.7703 23168.0000 23346.5661 25877.6160 21910.3702 21910.3702 22146.0319 22471.8067 23377.5900 25733.4060 23320.5653 22642.9140 20714.6396 20155.7684 19686.7131 18879.0746 19043.3427 19686.7131 21356.2765 22573.7342 21682.2586 18307.0771 17376.0000 18307.0771 20091.6138 28870.4782 24589.1536 18853.3486 18123.3137 15928.0000 16504.2271 18123.3137 23509.8798 27225.8983 22554.0166 16173.5100 14764.0213 14480.0000 15585.0600 16173.5100 23676.9020 31629.5024 27747.7212 20520.4100 17399.0749 14249.7972 13730.3078 13111.4265 13032.0000 13111.4265 13112.5293 13730.3078 14249.7972 15639.2564 18385.5374 20520.4100 18488.8387 14454.8391 12364.3595 11673.2830 11937.1261 12364.3595 13641.8870 15360.2287 20813.5129 18814.6936 16460.0564 10237.9186 10237.9186 11019.3841 11660.2827 16460.0564 18814.6936 20043.7462 15610.1347 14435.2391 9704.1060 9153.5386 8688.0000 8806.6921 9153.5386 12257.0249 13312.7350 19351.8632 12416.3267 11277.0083 11269.3432 10214.1874 7382.0106 7240.0000 7382.0106 8432.4332 10214.1874 13612.9491 14853.0320 9244.4193 6469.4040 5968.5631 5970.9853 22047.1894 17829.2905 13677.1816 9675.9316 8413.2254 4576.7693 4344.0000 4344.0115 4576.7693 5213.0855 19230.0709 14698.1263 7765.2328 6450.6211 6441.6870 5203.3782 3234.7020 3230.2596 2896.0000 3234.7020 3239.1692 4085.6750 5203.3782 6450.6211 7765.2328 10190.4010 5943.0968 2042.8375 1448.0000 3225.3105 27379.0000 12969.0000 7205.0000 1441.0000 1431.0000 0.0000 4323.0000 7205.0000 25978.3862 23101.4251 14482.5690 11618.5837 10190.4010 2042.8375 1448.0000 2042.8375 3225.3105 5943.0968 26099.1697 24667.5865 20380.8020 17532.8286 13288.4076 10494.4931 5203.3782 4085.6750 2896.0000 29145.5440
51974.5821 51964.8312 57047.1930 50563.6689 54567.5480 51129.5719 46344.6580 52130.8546 42385.7495 42151.0465 45285.8279 43411.7510 40311.5369 41429.2791 36910.0532 42162.1658 37093.0784 36883.7446 34394.7626 32147.9870 31888.5750 31888.5750 32147.9870 34394.7626 34980.8480 32037.3849 31731.3183 31731.3183 37811.2416 29829.5982 27512.0000 41040.8199 27947.8025 26222.8530 26420.0762 32959.4049 28523.5965 32685.3998 29793.9845 26550.9168 25268.6326 24728.7189 24725.2244 23874.2522 23567.8712 23212.7703 24262.4865 22883.8464 21767.7486 21720.0000 21767.7486 22146.0319 28599.7248 25733.4060 21075.5232 22859.0887 22073.4628 21356.2765 19686.7131 18879.0746 18879.0746 19686.7131 25550.9425 24514.0498 20091.6138 17905.6892 17435.6490 18307.0771 25550.9425 28022.8535 21479.0429 20540.1106 16504.2271 15928.0000 16504.2271 20540.1106 30972.2463 26016.8911 18508.5165 16173.5100 15111.5429 14551.5250 14764.0213 20428.3749 35613.0801 31629.5024 24017.1460 20520.4100 16479.7025 15639.2564 14249.7972 13730.3078 13346.8703 13344.7146 13032.0000 13111.4265 13730.3078 15639.2564 17399.0749 22025.3115 17389.1925 14454.8391 11937.1261 11673.2830 11584.0000 11937.1261 12938.8080 17389.1925 22577.1737 20043.7462 11660.2827 10537.7616 10136.0000 10237.9186 13322.6053 15350.3511 16460.0564 19351.8632 18075.8276 12257.0249 11286.8671 9704.1060 9153.5386 8806.6921 9704.1060 10426.1709 15610.1347 16126.5526 14853.0320 14844.3013 13612.9491 9254.2583 8432.4332 7792.5300 7240.0000 7792.5300 10214.1874 11277.0083 12901.2421 9244.4193 6469.4040 6464.9554 26299.2430 22047.1894 17829.2905 13677.1816 12319.2987 7217.6196 6128.5125 6121.4627 5213.0855 4576.7693 15050.5294 18955.5297 11886.1937 10494.4931 10484.8817 9118.1211 6450.6211 6441.6870 5203.3782 4085.6750 4078.6272 3234.7020 2896.0000 3234.7020 4085.6750 14482.5690 10190.4010 5943.0968 4559.0605 2042.8375 31702.0000 17292.0000 11528.0000 5764.0000 5754.0000 4323.0000 0.0000 2882.0000 30295.6239 27417.2636 18788.8795 15917.0005 14482.5690 5943.0968 4559.0605 3225.3105 2042.8375 2042.8375 30399.2588 28965.1379 24667.5865 21808.1416 17532.8286 14698.1263 9118.1211 7765.2328 5203.3782 33426.4683
52688.8081 52679.1894 58556.0127 51297.5431 56143.0468 49979.4976 47144.2536 53777.7873 42872.8513 43028.6420 44077.5362 44916.3101 41429.2791 40311.5369 37579.0842 40759.8490 38196.2787 35740.0528 35581.7220 32660.6301 32147.9870 31888.5750 31888.5750 33414.8516 36491.5982 31249.9358 33014.1758 30666.4176 39843.4756 31057.3380 27662.5391 43305.7173 29112.3180 26693.7407 26103.8039 31278.5128 30082.5651 34778.3851 31685.3980 28071.5234 26550.9168 25877.6160 25873.1627 24728.7189 24262.4865 23567.8712 23567.8712 23947.9847 22146.0319 21910.3702 21767.7486 21767.7486 30700.7023 27602.1607 20475.8372 24608.8841 23706.3510 22859.0887 20714.6396 19314.0184 18879.0746 19043.3427 27733.2580 26625.4700 21682.2586 18810.5662 17435.6490 17613.3841 23519.7699 30438.1509 23509.8798 22471.2124 17481.7965 16186.6336 15993.0505 18853.3486 33546.9599 28456.5179 20428.3749 17647.0385 16173.5100 14551.5250 14480.0000 18508.5165 38309.7070 34276.0824 26484.1870 22820.1296 18385.5374 17399.0749 15639.2564 14891.1064 14249.7972 14245.7552 13346.8703 13111.4265 13111.4265 14249.7972 15639.2564 24523.4027 19632.7089 16342.6999 12938.8080 12364.3595 11937.1261 11584.0000 11937.1261 15360.2287 25185.6632 22577.1737 13322.6053 11660.2827 10537.7616 10237.9186 11660.2827 13322.6053 14299.8624 21965.2366 20649.6158 14435.2391 13312.7350 11286.8671 10426.1709 9704.1060 8806.6921 9153.5386 13312.7350 18746.4894 17426.1815 17417.0859 16126.5526 11277.0083 10214.1874 9254.2583 7792.5300 7240.0000 8432.4332 9254.2583 15530.4657 11631.6307 8171.3499 8164.2991 29145.5440 24879.1749 20636.3905 16435.4658 15050.5294 9675.9316 8413.2254 8404.6631 7217.6196 6128.5125 12319.2987 21808.1416 14698.1263 13288.4076 13278.6482 11886.1937 9118.1211 9108.6394 7765.2328 6450.6211 6441.6870 5203.3782 4085.6750 3234.7020 2896.0000 17352.5205 13049.5849 8766.4143 7349.0631 4559.0605 34584.0000 20174.0000 14410.0000 8646.0000 8636.0000 7205.0000 2882.0000 0.0000 33174.6161 30295.6239 21663.4468 18788.8795 17352.5205 8766.4143 7349.0631 5943.0968 4559.0605 2042.8375 33269.2841 31834.0010 27531.7355 24667.5865 20380.8020 17532.8286 11886.1937 10494.4931 7765.2328 36285.9609
55391.8195 55382.4089 50700.4821 54031.3584 47805.7228 70529.6394 49979.4976 44911.1236 49871.2002 45981.0108 65627.8698 40040.6110 42187.1001 61561.2299 44146.9256 64097.5138 40117.9918 57740.9564 37525.5870 42212.9869 44042.5796 45980.1394 48012.5970 54570.9567 34394.7626 51407.8383 34980.8480 52853.3761 29280.8799 34490.6783 41885.6744 27549.7119 34115.9848 38813.9123 44192.3432 57450.8431 30505.5126 25648.7715 27181.6526 30082.5651 31826.6827 32759.0549 32765.6540 34728.2373 35759.2967 37901.7131 44829.1045 32685.3998 36977.6774 38111.4726 39265.4177 41627.0258 23947.9847 26065.4273 42066.1268 26645.2106 27602.1607 28599.7248 31797.1224 35235.5841 37629.3873 41337.0852 22073.4628 22859.0887 27592.2680 32048.7569 36869.4966 40646.5694 52485.7601 18810.5662 23519.7699 24514.0498 31220.2694 34894.8921 38703.7263 46591.3970 16186.6336 18123.3137 24589.1536 28022.8535 30438.1509 35478.4158 36771.7233 47425.7254 14764.0213 14551.5250 17647.0385 20428.3749 24832.6534 26016.8911 28456.5179 29706.0641 30972.2463 30981.0865 33546.9599 34852.3630 37492.9788 41514.1548 44226.5861 17399.0749 21652.8587 25239.6761 30322.3130 31629.5024 32947.8549 35613.0801 38309.7070 45151.5883 15360.2287 17389.1925 27097.8240 29728.7520 32402.4255 33752.1238 40594.8729 43364.8426 44755.1333 16460.0564 17617.7920 23873.5569 25185.6632 27848.1299 29195.0019 30550.4647 36038.7507 37423.7775 44402.3805 18075.8276 19351.8632 19360.7993 20649.6158 25992.0056 27354.3632 28724.3970 31483.4792 34262.8048 38460.1417 39865.2229 20083.3983 24166.0244 28320.0855 28329.7533 7227.4195 10406.7565 14203.5990 18236.2422 19607.9717 25172.4109 26576.8152 26586.5750 27984.9407 29396.2526 45044.9276 12319.2987 19230.0709 20636.3905 20646.1665 22047.1894 24879.1749 24889.0214 26299.2430 27721.4714 27731.3479 29145.5440 30571.2031 31998.2365 33426.4683 16113.3801 20380.8020 24667.5865 26099.1697 28965.1379 2042.8375 13049.5849 18788.8795 24539.7578 24549.7404 25978.3862 30295.6239 33174.6161 0.0000 2882.0000 11528.0000 14410.0000 15851.0000 24497.0000 25938.0000 27379.0000 28820.0000 31702.0000 1448.0000 2042.8375 5943.0968 8766.4143 13049.5849 15917.0005 21663.4468 23101.4251 25978.3862 4085.6750
54484.7005 54475.1331 50700.4821 53101.0038 47805.7228 68437.7286 48972.2278 44911.1236 48520.5299 44884.0981 63439.8603 39518.6148 41190.9235 59363.2501 42712.5530 61788.2185 38962.6501 55466.5161 36287.8012 40505.9940 42212.9869 44042.5796 45980.1394 52317.4686 33414.8516 49178.3071 33649.5849 50523.3369 28995.8287 33014.1758 39853.3718 27849.5686 32494.9751 36837.6594 41975.3136 54938.1284 29112.3180 24992.7146 26090.2429 28523.5965 30082.5651 30933.3597 30939.4167 32759.0549 33727.2381 35759.2967 42449.9766 30720.4574 34778.3851 35865.9430 36977.6774 39265.4177 22883.8464 24589.6967 39625.9618 24871.7125 25733.4060 26645.2106 29633.8018 32920.1128 35235.5841 38851.1574 20714.6396 21356.2765 25560.8341 29764.4438 34422.8903 38115.6323 49806.2197 17905.6892 21682.2586 22573.7342 28870.4782 32427.3807 36151.6553 43930.4733 15928.0000 16938.8571 22471.2124 25703.9192 28022.8535 32928.6135 34196.9195 44721.6022 15585.0600 14551.5250 16173.5100 18508.5165 22554.0166 23676.9020 26016.8911 27225.8983 28456.5179 28465.1269 30972.2463 32253.1053 34852.3630 38826.1642 41514.1548 15639.2564 19428.8735 22820.1296 27747.7212 29027.7947 30322.3130 32947.8549 35613.0801 42400.4025 13641.8870 15360.2287 24523.4027 27097.8240 29728.7520 31060.9313 37841.6395 40594.8729 41977.9723 14299.8624 15350.3511 21299.3846 22577.1737 25185.6632 26511.1581 27848.1299 33282.9581 34658.2883 41601.6779 15610.1347 16826.4507 16835.0154 18075.8276 23295.6985 24638.5974 25992.0056 28724.3970 31483.4792 35658.5810 37057.8193 17426.1815 21433.8022 25544.4829 25554.0730 5968.5631 8171.3499 11631.6307 15530.4657 16876.0619 22377.5666 23772.3873 23782.0861 25172.4109 26576.8152 42188.4793 9675.9316 16435.4658 17829.2905 17838.9893 19230.0709 22047.1894 22056.9935 23461.6596 24879.1749 24889.0214 26299.2430 27721.4714 29145.5440 30571.2031 13288.4076 17532.8286 21808.1416 23237.1675 26099.1697 4559.0605 10190.4010 15917.0005 21663.4468 21673.4245 23101.4251 27417.2636 30295.6239 2882.0000 0.0000 8646.0000 11528.0000 12969.0000 21615.0000 23056.0000 24497.0000 25938.0000 28820.0000 3225.3105 2042.8375 3225.3105 5943.0968 10190.4010 13049.5849 18788.8795 20225.8987 23101.4251 6450.6211
52623.5728 52613.6669 51674.0744 51189.5929 48837.0579 62540.1612 46892.8238 46007.3919 45334.6287 42605.6345 57245.8096 39202.0808 39334.2795 53162.9367 39373.4262 55184.5359 36656.0186 49028.0997 33799.1141 36287.8012 37525.5870 38937.7284 40505.9940 45980.1394 31888.5750 42958.0858 30949.4775 43927.9327 29842.8153 29842.8153 34490.6783 30415.5405 28838.5759 31751.6038 35895.5329 47651.4931 26420.0762 24992.7146 24616.0000 25281.8344 26090.2429 26602.5379 26606.3313 27823.4149 28523.5965 30082.5651 35759.2967 25877.6160 28909.6781 29793.9845 30720.4574 32685.3998 21767.7486 21910.3702 32739.2946 21075.5232 21514.3210 22038.7681 24065.5136 26645.2106 28599.7248 31797.1224 18824.0000 18879.0746 20714.6396 23706.3510 27592.2680 30894.1092 41929.0369 17905.6892 17905.6892 18307.0771 22573.7342 25550.9425 28870.4782 36151.6553 18123.3137 16186.6336 17481.7965 19662.0438 21479.0429 25703.9192 26849.7562 36771.7233 20428.3749 17647.0385 14551.5250 14764.0213 16864.8663 17647.0385 19438.7592 20428.3749 21469.1546 21476.5389 23676.9020 24832.6534 27225.8983 30972.2463 33546.9599 13032.0000 14249.7972 16479.7025 20520.4100 21652.8587 22820.1296 25239.6761 27747.7212 34276.0824 11673.2830 11673.2830 17389.1925 19632.7089 22025.3115 23263.2614 29728.7520 32402.4255 33752.1238 10237.9186 10537.7616 14299.8624 15350.3511 17617.7920 18814.6936 20043.7462 25185.6632 26511.1581 33282.9581 9704.1060 10426.1709 10431.7026 11286.8671 15610.1347 16826.4507 18075.8276 20649.6158 23295.6985 27354.3632 28724.3970 10214.1874 13612.9491 17426.1815 17435.2781 9244.4193 6469.4040 5968.5631 8171.3499 9244.4193 14203.5990 15530.4657 15539.7447 16876.0619 18236.2422 33645.2926 4344.0000 8413.2254 9675.9316 9684.8682 10982.6183 13677.1816 13686.6642 15050.5294 16435.4658 16445.1104 17829.2905 19230.0709 20636.3905 22047.1894 5203.3782 9118.1211 13288.4076 14698.1263 17532.8286 13049.5849 2042.8375 7349.0631 13049.5849 13059.5232 14482.5690 18788.8795 21663.4468 11528.0000 8646.0000 0.0000 2882.0000 4323.0000 12969.0000 14410.0000 15851.0000 17292.0000 20174.0000 11618.5837 10190.4010 5943.0968 3225.3105 2042.8375 4559.0605 10190.4010 11618.5837 14482.5690 14698.1263
52306.9471 52296.9813 52313.0707 50864.0416 49512.6814 60720.7692 46537.2241 46723.9500 44595.7528 42213.9360 55327.4678 39518.6148 39122.5472 51253.8356 38628.0367 53113.7747 36314.5415 47039.5398 33428.4660 35242.7468 36287.8012 37525.5870 38937.7284 44042.5796 31888.5750 41080.2213 30544.2693 41895.5709 30666.4176 29280.8799 33014.1758 31751.6038 28109.3195 30415.5405 34115.9848 45328.9176 26103.8039 25648.7715 24784.1357 24784.1357 25281.8344 25648.7715 25651.5824 26602.5379 27181.6526 28523.5965 33727.2381 24728.7189 27283.7740 28071.5234 28909.6781 30720.4574 22146.0319 21720.0000 30642.5623 20475.8372 20727.8150 21075.5232 22642.9140 24871.7125 26645.2106 29633.8018 19043.3427 18879.0746 19686.7131 22073.4628 25560.8341 28662.7145 39375.0687 18810.5662 17435.6490 17613.3841 20852.3418 23519.7699 26625.4700 33652.9014 19662.0438 16938.8571 16504.2271 18123.3137 19662.0438 23509.8798 24589.1536 34196.9195 22554.0166 19438.7592 15111.5429 14480.0000 15585.0600 16173.5100 17647.0385 18508.5165 19438.7592 19445.4324 21469.1546 22554.0166 24832.6534 28456.5179 30972.2463 13346.8703 13346.8703 14891.1064 18385.5374 19428.8735 20520.4100 22820.1296 25239.6761 31629.5024 12364.3595 11673.2830 15360.2287 17389.1925 19632.7089 20813.5129 27097.8240 29728.7520 31060.9313 10237.9186 10136.0000 12435.8563 13322.6053 15350.3511 16460.0564 17617.7920 22577.1737 23873.5569 30550.4647 8806.6921 9153.5386 9156.6920 9704.1060 13312.7350 14435.2391 15610.1347 18075.8276 20649.6158 24638.5974 25992.0056 8432.4332 11277.0083 14853.0320 14861.7644 11631.6307 8171.3499 5968.5631 6469.4040 7227.4195 11631.6307 12901.2421 12910.1785 14203.5990 15530.4657 30810.3130 5213.0855 6128.5125 7217.6196 7225.6081 8413.2254 10982.6183 10991.8035 12319.2987 13677.1816 13686.6642 15050.5294 16435.4658 17829.2905 19230.0709 3234.7020 6450.6211 10494.4931 11886.1937 14698.1263 15917.0005 2042.8375 4559.0605 10190.4010 10200.2997 11618.5837 15917.0005 18788.8795 14410.0000 11528.0000 2882.0000 0.0000 1441.0000 10087.0000 11528.0000 12969.0000 14410.0000 17292.0000 14482.5690 13049.5849 8766.4143 5943.0968 2042.8375 2042.8375 7349.0631 8766.4143 11618.5837 17532.8286
52207.6078 52197.6230 52688.8081 50761.8786 49909.5057 59842.3870 46425.5406 47144.2536 44292.0638 42090.7827 54400.1941 39754.3613 39096.0000 50334.0245 38331.2396 52107.3174 36228.6693 46080.6860 33335.1601 34798.0457 35740.0528 36883.7446 38211.0155 43113.4092 31986.1010 40185.9148 30442.1245 40917.6747 31170.1201 29103.0501 32347.0200 32494.9751 27849.5686 29829.5982 33284.1619 44192.3432 26064.0000 26090.2429 24992.7146 24658.1414 24992.7146 25281.8344 25284.1162 26090.2429 26602.5379 27823.4149 32759.0549 24262.4865 26550.9168 27283.7740 28071.5234 29793.9845 22471.8067 21767.7486 29643.6954 20323.1510 20475.8372 20727.8150 22038.7681 24065.5136 25733.4060 28599.7248 19314.0184 19043.3427 19314.0184 21356.2765 24608.8841 27592.2680 38115.6323 19408.2120 17376.0000 17435.6490 20091.6138 22573.7342 25550.9425 32427.3807 20540.1106 17481.7965 16186.6336 17481.7965 18853.3486 22471.2124 23509.8798 32928.6135 23676.9020 20428.3749 15585.0600 14551.5250 15111.5429 15585.0600 16864.8663 17647.0385 18508.5165 18514.7467 20428.3749 21469.1546 23676.9020 27225.8983 29706.0641 13730.3078 13111.4265 14249.7972 17399.0749 18385.5374 19428.8735 21652.8587 24017.1460 30322.3130 12938.8080 11937.1261 14454.8391 16342.6999 18488.8387 19632.7089 25802.4842 28407.1980 29728.7520 10537.7616 10237.9186 11660.2827 12435.8563 14299.8624 15350.3511 16460.0564 21299.3846 22577.1737 29195.0019 8688.0000 8806.6921 8808.3338 9153.5386 12257.0249 13312.7350 14435.2391 16826.4507 19351.8632 23295.6985 24638.5974 7792.5300 10214.1874 13612.9491 13621.4186 12901.2421 9244.4193 6469.4040 5968.5631 6469.4040 10406.7565 11631.6307 11640.3038 12901.2421 14203.5990 29396.2526 6128.5125 5213.0855 6128.5125 6135.5705 7217.6196 9675.9316 9684.8682 10982.6183 12319.2987 12328.6569 13677.1816 15050.5294 16435.4658 17829.2905 2896.0000 5203.3782 9118.1211 10494.4931 13288.4076 17352.5205 3225.3105 3225.3105 8766.4143 8776.2771 10190.4010 14482.5690 17352.5205 15851.0000 12969.0000 4323.0000 1441.0000 0.0000 8646.0000 10087.0000 11528.0000 12969.0000 15851.0000 15917.0005 14482.5690 10190.4010 7349.0631 3225.3105 1448.0000 5943.0968 7349.0631 10190.4010 18955.5297
52445.7060 52435.7666 55678.0166 51006.7260 53055.5350 55071.9556 46693.1322 50462.9734 43440.0000 42385.7495 49356.9439 42187.1001 40040.6110 45388.0640 37675.5675 46550.8490 36910.0532 40925.6610 34074.4544 33335.1601 33583.3998 34074.4544 34798.0457 38211.0155 33877.7142 35581.7220 31249.9358 35715.1474 35294.0771 29528.0425 29528.0425 37811.2416 27849.5686 27662.5391 29302.8619 37811.2416 27460.6157 30082.5651 27823.4149 25648.7715 24992.7146 24784.1357 24782.9748 24616.0000 24658.1414 24992.7146 27823.4149 23212.7703 23567.8712 23874.2522 24262.4865 25268.6326 26065.4273 23947.9847 24589.6967 21514.3210 21075.5232 20727.8150 20272.0000 20727.8150 21514.3210 23320.5653 22859.0887 22073.4628 19314.0184 18879.0746 20155.7684 22073.4628 30894.1092 24514.0498 19408.2120 18810.5662 17435.6490 18307.0771 20091.6138 25550.9425 26849.7562 22471.2124 16938.8571 15993.0505 15993.0505 17481.7965 18123.3137 25703.9192 30972.2463 27225.8983 20428.3749 17647.0385 15111.5429 14764.0213 14480.0000 14551.5250 14764.0213 14765.9766 15585.0600 16173.5100 17647.0385 20428.3749 22554.0166 18385.5374 14891.1064 13346.8703 13346.8703 13730.3078 14249.7972 15639.2564 17399.0749 22820.1296 18488.8387 16342.6999 11584.0000 11937.1261 12938.8080 13641.8870 18488.8387 20813.5129 22025.3115 15350.3511 14299.8624 10537.7616 10237.9186 10237.9186 10537.7616 11019.3841 14299.8624 15350.3511 21299.3846 12257.0249 11286.8671 11280.4862 10426.1709 8688.0000 8806.6921 9153.5386 10426.1709 12257.0249 15610.1347 16826.4507 9254.2583 7382.0106 7792.5300 7796.2340 20988.9862 16876.0619 12901.2421 9244.4193 8171.3499 5792.0000 5968.5631 5970.9853 6469.4040 7227.4195 20988.9862 13677.1816 7217.6196 6128.5125 6121.4627 5213.0855 4344.0000 4344.0115 4576.7693 5213.0855 5218.6205 6128.5125 7217.6196 8413.2254 9675.9316 9118.1211 5203.3782 2896.0000 3234.7020 5203.3782 25978.3862 11618.5837 5943.0968 1448.0000 1448.0345 2042.8375 5943.0968 8766.4143 24497.0000 21615.0000 12969.0000 10087.0000 8646.0000 0.0000 1441.0000 2882.0000 4323.0000 7205.0000 24539.7578 23101.4251 18788.8795 15917.0005 11618.5837 8766.4143 3225.3105 2042.8375 2042.8375 27531.7355
52623.5728 52613.6669 56290.0116 51189.5929 53697.4270 54369.9411 46892.8238 51137.4183 43463.8940 42605.6345 48615.1321 42749.3916 40376.2899 44673.3191 37758.1492 45718.1774 37218.1853 40183.2276 34407.9894 33304.0000 33428.4660 33799.1141 34407.9894 37525.5870 34394.7626 34963.5930 31613.2849 34980.8480 36137.0976 29842.8153 29280.8799 38813.9123 28109.3195 27549.7119 28838.5759 36837.6594 27947.8025 30933.3597 28523.5965 26090.2429 25281.8344 24992.7146 24990.9869 24658.1414 24616.0000 24784.1357 27181.6526 23346.5661 23346.5661 23567.8712 23874.2522 24728.7189 26888.8936 24589.6967 23947.9847 22038.7681 21514.3210 21075.5232 20323.1510 20475.8372 21075.5232 22642.9140 23706.3510 22859.0887 19686.7131 18824.0000 19686.7131 21356.2765 29764.4438 25550.9425 20091.6138 19408.2120 17376.0000 17905.6892 19408.2120 24514.0498 28022.8535 23509.8798 17481.7965 16186.6336 15928.0000 16938.8571 17481.7965 24589.1536 32253.1053 28456.5179 21469.1546 18508.5165 15585.0600 15111.5429 14551.5250 14480.0000 14551.5250 14552.5187 15111.5429 15585.0600 16864.8663 19438.7592 21469.1546 19428.8735 15639.2564 13730.3078 13111.4265 13346.8703 13730.3078 14891.1064 16479.7025 21652.8587 19632.7089 17389.1925 11673.2830 11673.2830 12364.3595 12938.8080 17389.1925 19632.7089 20813.5129 16460.0564 15350.3511 11019.3841 10537.7616 10136.0000 10237.9186 10537.7616 13322.6053 14299.8624 20043.7462 13312.7350 12257.0249 12249.9731 11286.8671 8806.6921 8688.0000 8806.6921 9704.1060 11286.8671 14435.2391 15610.1347 10214.1874 7792.5300 7382.0106 7383.9692 22377.5666 18236.2422 14203.5990 10406.7565 9244.4193 5968.5631 5792.0000 5792.0086 5968.5631 6469.4040 19607.9717 15050.5294 8413.2254 7217.6196 7209.6361 6128.5125 4576.7693 4573.6306 4344.0000 4576.7693 4579.9276 5213.0855 6128.5125 7217.6196 8413.2254 10494.4931 6450.6211 3234.7020 2896.0000 4085.6750 27417.2636 13049.5849 7349.0631 2042.8375 2035.7959 1448.0000 4559.0605 7349.0631 25938.0000 23056.0000 14410.0000 11528.0000 10087.0000 1441.0000 0.0000 1441.0000 2882.0000 5764.0000 25978.3862 24539.7578 20225.8987 17352.5205 13049.5849 10190.4010 4559.0605 3225.3105 1448.0000 28965.1379
52840.1523 52830.2871 56931.9088 51412.2137 54369.9411 53697.4270 47135.7424 51843.1518 43535.4973 42872.8513 47905.1897 43352.3068 40760.1766 43994.1757 37895.3854 44916.3101 37579.0842 39479.4477 34798.0457 33335.1601 33335.1601 33583.3998 34074.4544 36883.7446 34963.5930 34394.7626 32037.3849 34291.4080 37017.0331 30223.0858 29103.0501 39843.4756 28439.7990 27512.0000 28439.7990 35895.5329 28499.5944 31826.6827 29278.0064 26602.5379 25648.7715 25281.8344 25279.5564 24784.1357 24658.1414 24658.1414 26602.5379 23567.8712 23212.7703 23346.5661 23567.8712 24262.4865 27762.7748 25297.2995 23377.5900 22642.9140 22038.7681 21514.3210 20475.8372 20323.1510 20727.8150 22038.7681 24608.8841 23706.3510 20155.7684 18879.0746 19314.0184 20714.6396 28662.7145 26625.4700 20852.3418 20091.6138 17435.6490 17613.3841 18810.5662 23519.7699 29219.9280 24589.1536 18123.3137 16504.2271 15993.0505 16504.2271 16938.8571 23509.8798 33546.9599 29706.0641 22554.0166 19438.7592 16173.5100 15585.0600 14764.0213 14551.5250 14480.0000 14480.0035 14764.0213 15111.5429 16173.5100 18508.5165 20428.3749 20520.4100 16479.7025 14249.7972 13032.0000 13111.4265 13346.8703 14249.7972 15639.2564 20520.4100 20813.5129 18488.8387 11937.1261 11584.0000 11937.1261 12364.3595 16342.6999 18488.8387 19632.7089 17617.7920 16460.0564 11660.2827 11019.3841 10237.9186 10136.0000 10237.9186 12435.8563 13322.6053 18814.6936 14435.2391 13312.7350 13305.1596 12257.0249 9153.5386 8806.6921 8688.0000 9153.5386 10426.1709 13312.7350 14435.2391 11277.0083 8432.4332 7240.0000 7240.0069 23772.3873 19607.9717 15530.4657 11631.6307 10406.7565 6469.4040 5968.5631 5966.1566 5792.0000 5968.5631 18236.2422 16435.4658 9675.9316 8413.2254 8404.6631 7217.6196 5213.0855 5207.5637 4576.7693 4344.0000 4344.0115 4576.7693 5213.0855 6128.5125 7217.6196 11886.1937 7765.2328 4085.6750 3234.7020 3234.7020 28856.3529 14482.5690 8766.4143 3225.3105 3216.3781 2042.8375 3225.3105 5943.0968 27379.0000 24497.0000 15851.0000 12969.0000 11528.0000 2882.0000 1441.0000 0.0000 1441.0000 4323.0000 27417.2636 25978.3862 21663.4468 18788.8795 14482.5690 11618.5837 5943.0968 4559.0605 2042.8375 30399.2588
53094.9711 53085.1532 57602.7086 51674.0744 55071.9556 53055.5350 47421.2238 52578.9139 43654.5751 43186.5214 47228.5537 43994.1757 41190.9235 43352.3068 38086.6853 44146.9256 37991.2461 38816.4239 35242.7468 33428.4660 33304.0000 33428.4660 33799.1141 36287.8012 35581.7220 33877.7142 32519.8593 33649.5849 37931.3144 30666.4176 28995.8287 40897.9005 28838.5759 27549.7119 28109.3195 34987.4030 29112.3180 32759.0549 30082.5651 27181.6526 26090.2429 25648.7715 25645.9642 24992.7146 24784.1357 24616.0000 26090.2429 23874.2522 23168.0000 23212.7703 23346.5661 23874.2522 28682.4631 26065.4273 22883.8464 23320.5653 22642.9140 22038.7681 20727.8150 20272.0000 20475.8372 21514.3210 25560.8341 24608.8841 20714.6396 19043.3427 19043.3427 20155.7684 27592.2680 27733.2580 21682.2586 20852.3418 17613.3841 17435.6490 18307.0771 22573.7342 30438.1509 25703.9192 18853.3486 16938.8571 16186.6336 16186.6336 16504.2271 22471.2124 34852.3630 30972.2463 23676.9020 20428.3749 16864.8663 16173.5100 15111.5429 14764.0213 14551.5250 14550.5382 14551.5250 14764.0213 15585.0600 17647.0385 19438.7592 21652.8587 17399.0749 14891.1064 13111.4265 13032.0000 13111.4265 13730.3078 14891.1064 19428.8735 22025.3115 19632.7089 12364.3595 11673.2830 11673.2830 11937.1261 15360.2287 17389.1925 18488.8387 18814.6936 17617.7920 12435.8563 11660.2827 10537.7616 10237.9186 10136.0000 11660.2827 12435.8563 17617.7920 15610.1347 14435.2391 14427.2543 13312.7350 9704.1060 9153.5386 8806.6921 8806.6921 9704.1060 12257.0249 13312.7350 12416.3267 9254.2583 7382.0106 7380.0651 25172.4109 20988.9862 16876.0619 12901.2421 11631.6307 7227.4195 6469.4040 6464.9554 5968.5631 5792.0000 16876.0619 17829.2905 10982.6183 9675.9316 9666.9971 8413.2254 6128.5125 6121.4627 5213.0855 4576.7693 4573.6306 4344.0000 4576.7693 5213.0855 6128.5125 13288.4076 9118.1211 5203.3782 4085.6750 2896.0000 30295.6239 15917.0005 10190.4010 4559.0605 4549.5794 3225.3105 2042.8375 4559.0605 28820.0000 25938.0000 17292.0000 14410.0000 12969.0000 4323.0000 2882.0000 1441.0000 0.0000 2882.0000 28856.3529 27417.2636 23101.4251 20225.8987 15917.0005 13049.5849 7349.0631 5943.0968 3225.3105 31834.0010
53717.0675 53707.3634 59027.0321 52313.0707 56560.0458 51868.1109 48116.7316 54135.5767 44033.4603 43949.0958 45981.0108 45388.0640 42187.1001 42187.1001 38628.0367 42712.5530 38962.6501 37621.1324 36287.8012 33799.1141 33428.4660 33304.0000 33428.4660 35242.7468 36955.7847 33008.4543 33649.5849 32519.8593 39853.3718 31731.3183 28995.8287 43073.9898 29829.5982 27849.5686 27662.5391 33284.1619 30505.5126 34728.2373 31826.6827 28523.5965 27181.6526 26602.5379 26598.7478 25648.7715 25281.8344 24784.1357 25281.8344 24728.7189 23346.5661 23212.7703 23168.0000 23346.5661 30642.5623 27762.7748 22146.0319 24871.7125 24065.5136 23320.5653 21514.3210 20475.8372 20272.0000 20727.8150 27592.2680 26556.8873 22073.4628 19686.7131 18824.0000 19314.0184 25560.8341 30033.7874 23519.7699 22573.7342 18307.0771 17435.6490 17613.3841 20852.3418 32928.6135 28022.8535 20540.1106 18123.3137 16938.8571 15928.0000 15993.0505 20540.1106 37492.9788 33546.9599 26016.8911 22554.0166 18508.5165 17647.0385 16173.5100 15585.0600 15111.5429 15108.6852 14551.5250 14480.0000 14764.0213 16173.5100 17647.0385 24017.1460 19428.8735 16479.7025 13730.3078 13346.8703 13111.4265 13111.4265 13730.3078 17399.0749 24523.4027 22025.3115 13641.8870 12364.3595 11673.2830 11584.0000 13641.8870 15360.2287 16342.6999 21299.3846 20043.7462 14299.8624 13322.6053 11660.2827 11019.3841 10537.7616 10537.7616 11019.3841 15350.3511 18075.8276 16826.4507 16817.8876 15610.1347 11286.8671 10426.1709 9704.1060 8806.6921 8806.6921 10426.1709 11286.8671 14853.0320 11277.0083 8432.4332 8427.3109 27984.9407 23772.3873 19607.9717 15530.4657 14203.5990 9244.4193 8171.3499 8164.2991 7227.4195 6469.4040 14203.5990 20636.3905 13677.1816 12319.2987 12309.9415 10982.6183 8413.2254 8404.6631 7217.6196 6128.5125 6121.4627 5213.0855 4576.7693 4344.0000 4576.7693 16113.3801 11886.1937 7765.2328 6450.6211 4085.6750 33174.6161 18788.8795 13049.5849 7349.0631 7339.2594 5943.0968 2042.8375 2042.8375 31702.0000 28820.0000 20174.0000 17292.0000 15851.0000 7205.0000 5764.0000 4323.0000 2882.0000 0.0000 31735.0517 30295.6239 25978.3862 23101.4251 18788.8795 15917.0005 10190.4010 8766.4143 5943.0968 34705.0410
56756.6125 56747.1730 52147.9133 55391.8195 49253.0842 71518.5934 51324.8083 46358.4014 51137.4183 47307.0702 66563.6750 41455.6299 43532.4033 62490.8293 45388.0640 64958.5760 41429.2791 58623.8564 38816.4239 43364.5172 45147.4684 47039.5398 49028.0997 55466.5161 35740.0528 52317.4686 36246.6274 53699.5124 30713.7558 35715.1474 42899.5872 28995.8287 35294.0771 39853.3718 45108.0332 58158.1536 31751.6038 27041.5259 28499.5944 31278.5128 32959.4049 33860.6013 33866.9857 35769.1921 36771.0748 38857.7469 45640.2591 33727.2381 37901.7131 39008.6603 40136.8193 42449.9766 25268.6326 27283.7740 42831.7271 27762.7748 28682.4631 29643.6954 32739.2946 36088.0978 38428.8330 42066.1268 23320.5653 24065.5136 28599.7248 32920.1128 37629.3873 41337.0852 53022.3162 20155.7684 24608.8841 25560.8341 32048.7569 35638.0569 39375.0687 47150.5660 17613.3841 19408.2120 25550.9425 28870.4782 31220.2694 36151.6553 37421.7026 47931.4471 16186.6336 15993.0505 18853.3486 21479.0429 25703.9192 26849.7562 29219.9280 30438.1509 31675.0821 31683.7262 34196.9195 35478.4158 38075.6384 42041.1207 44721.6022 18508.5165 22554.0166 26016.8911 30972.2463 32253.1053 33546.9599 36168.0639 38826.1642 45590.6054 16479.7025 18385.5374 27747.7212 30322.3130 32947.8549 34276.0824 41031.5449 43773.8911 45151.5883 17389.1925 18488.8387 24523.4027 25802.4842 28407.1980 29728.7520 31060.9313 36472.4843 37841.6395 44755.1333 18814.6936 20043.7462 20052.3739 21299.3846 26511.1581 27848.1299 29195.0019 31913.4238 34658.2883 38812.8800 40205.6357 20649.6158 24638.5974 28724.3970 28733.9288 8432.4332 11277.0083 14853.0320 18746.4894 20083.3983 25544.4829 26929.4902 26939.1222 28320.0855 29715.4842 45253.9042 12901.2421 19607.9717 20988.9862 20998.5980 22377.5666 25172.4109 25182.1427 26576.8152 27984.9407 27994.7242 29396.2526 30810.3130 32226.7601 33645.2926 16435.4658 20636.3905 24879.1749 26299.2430 29145.5440 3234.7020 13288.4076 18955.5297 24667.5865 24677.5174 26099.1697 30399.2588 33269.2841 1448.0000 3225.3105 11618.5837 14482.5690 15917.0005 24539.7578 25978.3862 27417.2636 28856.3529 31735.0517 0.0000 1441.0000 5764.0000 8646.0000 12969.0000 15851.0000 21615.0000 23056.0000 25938.0000 3225.3105
56297.4337 56287.9172 52128.0000 54921.2313 49232.0000 70480.3451 50816.5713 46336.0000 50462.9734 46755.1801 65478.5891 41179.2176 43028.6420 61401.4045 44673.3191 63813.6854 40848.8201 57497.2890 38196.2787 42518.2845 44241.5093 46080.6860 48022.4942 54350.9156 35242.7468 51214.3639 35581.7220 52546.4105 30544.2693 34980.8480 41895.5709 29103.0501 34490.6783 38877.5185 44012.9532 56913.0357 31057.3380 26693.7407 27947.8025 30505.5126 32097.6227 32959.4049 32965.5267 34798.1498 35769.1921 37801.3457 44464.9606 32759.0549 36817.8910 37901.7131 39008.6603 41284.4511 24728.7189 26550.9168 41627.0258 26888.8936 27762.7748 28682.4631 31675.5037 34948.0764 37248.9801 40838.8474 22642.9140 23320.5653 27602.1607 31797.1224 36423.6476 40087.4923 51693.7307 19686.7131 23706.3510 24608.8841 30894.1092 34422.8903 38115.6323 45832.9957 17435.6490 18810.5662 24514.0498 27733.2580 30033.7874 34894.8921 36151.6553 46591.3970 16504.2271 15928.0000 18123.3137 20540.1106 24589.1536 25703.9192 28022.8535 29219.9280 30438.1509 30446.6729 32928.6135 34196.9195 36771.7233 40711.2066 43378.1314 17647.0385 21469.1546 24832.6534 29706.0641 30972.2463 32253.1053 34852.3630 37492.9788 44226.5861 15639.2564 17399.0749 26484.1870 29027.7947 31629.5024 32947.8549 39667.7978 42400.4025 43773.8911 16342.6999 17389.1925 23263.2614 24523.4027 27097.8240 28407.1980 29728.7520 35109.0801 36472.4843 43364.8426 17617.7920 18814.6936 18823.1192 20043.7462 25185.6632 26511.1581 27848.1299 30550.4647 33282.9581 37423.7775 38812.8800 19351.8632 23295.6985 27354.3632 27363.8456 7792.5300 10214.1874 13612.9491 17426.1815 18746.4894 24166.0244 25544.4829 25554.0730 26929.4902 28320.0855 43832.0716 11631.6307 18236.2422 19607.9717 19617.5257 20988.9862 23772.3873 23782.0861 25172.4109 26576.8152 26586.5750 27984.9407 29396.2526 30810.3130 32226.7601 15050.5294 19230.0709 23461.6596 24879.1749 27721.4714 4085.6750 11886.1937 17532.8286 23237.1675 23247.0895 24667.5865 28965.1379 31834.0010 2042.8375 2042.8375 10190.4010 13049.5849 14482.5690 23101.4251 24539.7578 25978.3862 27417.2636 30295.6239 1441.0000 0.0000 4323.0000 7205.0000 11528.0000 14410.0000 20174.0000 21615.0000 24497.0000 4559.0605
55123.3411 55113.6219 52306.9471 53717.0675 49421.4341 67454.4763 49512.6814 46537.2241 48640.0846 45334.6287 62309.9658 40646.3019 41779.9414 58224.8783 42749.3916 60455.0557 39373.4262 54207.0208 36614.1542 40183.2276 41704.6837 43364.5172 45147.4684 51101.8851 34074.4544 48012.5970 33877.7142 49178.3071 30442.1245 33058.1522 39048.0406 29842.8153 32347.0200 36137.0976 40856.7497 53237.0157 29302.8619 26103.8039 26693.7407 28499.5944 29782.2127 30505.5126 30510.7099 32097.6227 32959.4049 34798.1498 41040.8199 30082.5651 33727.2381 34728.2373 35759.2967 37901.7131 23567.8712 24728.7189 38111.4726 24589.6967 25297.2995 26065.4273 28682.4631 31675.5037 33831.0249 37248.9801 21075.5232 21514.3210 24871.7125 28599.7248 32920.1128 36423.6476 47747.1139 18879.0746 21356.2765 22073.4628 27592.2680 30894.1092 34422.8903 41929.0369 17613.3841 17613.3841 21682.2586 24514.0498 26625.4700 31220.2694 32427.3807 42610.7970 18123.3137 16504.2271 16504.2271 18123.3137 21479.0429 22471.2124 24589.1536 25703.9192 26849.7562 26857.8072 29219.9280 30438.1509 32928.6135 36771.7233 39389.1077 15585.0600 18508.5165 21469.1546 26016.8911 27225.8983 28456.5179 30972.2463 33546.9599 40166.7967 13730.3078 14891.1064 22820.1296 25239.6761 27747.7212 29027.7947 35613.0801 38309.7070 39667.7978 13641.8870 14454.8391 19632.7089 20813.5129 23263.2614 24523.4027 25802.4842 31060.9313 32402.4255 39215.9433 14299.8624 15350.3511 15357.8625 16460.0564 21299.3846 22577.1737 23873.5569 26511.1581 29195.0019 33282.9581 34658.2883 15610.1347 19351.8632 23295.6985 23304.9773 7382.0106 7792.5300 10214.1874 13612.9491 14853.0320 20083.3983 21433.8022 21443.2147 22795.3027 24166.0244 39574.8942 8171.3499 14203.5990 15530.4657 15539.7447 16876.0619 19607.9717 19617.5257 20988.9862 22377.5666 22387.2260 23772.3873 25172.4109 26576.8152 27984.9407 10982.6183 15050.5294 19230.0709 20636.3905 23461.6596 7765.2328 7765.2328 13288.4076 18955.5297 18965.4123 20380.8020 24667.5865 27531.7355 5943.0968 3225.3105 5943.0968 8766.4143 10190.4010 18788.8795 20225.8987 21663.4468 23101.4251 25978.3862 5764.0000 4323.0000 0.0000 2882.0000 7205.0000 10087.0000 15851.0000 17292.0000 20174.0000 8766.4143
54517.2940 54507.4667 52623.5728 53094.9711 49756.4252 65518.1099 48837.0579 46892.8238 47604.4824 44595.7528 60277.3102 40544.0000 41179.2176 56192.2645 41667.0771 58286.6204 38628.0367 52097.4199 35811.3784 38816.4239 40183.2276 41704.6837 43364.5172 49028.0997 33583.3998 45980.1394 33008.4543 47019.7596 30713.7558 32037.3849 37307.5688 30666.4176 31170.1201 34490.6783 38877.5185 50842.9161 28439.7990 26103.8039 26222.8530 27460.6157 28499.5944 29112.3180 29116.7742 30505.5126 31278.5128 32959.4049 38857.7469 28523.5965 31826.6827 32759.0549 33727.2381 35759.2967 23212.7703 23874.2522 35865.9430 23377.5900 23947.9847 24589.6967 26888.8936 29643.6954 31675.5037 34948.0764 20475.8372 20727.8150 23320.5653 26645.2106 30700.7023 34067.0460 45154.3474 18879.0746 20155.7684 20714.6396 25560.8341 28662.7145 32048.7569 39375.0687 18307.0771 17376.0000 20091.6138 22573.7342 24514.0498 28870.4782 30033.7874 39996.5749 19662.0438 17481.7965 15993.0505 16938.8571 19662.0438 20540.1106 22471.2124 23509.8798 24589.1536 24596.7728 26849.7562 28022.8535 30438.1509 34196.9195 36771.7233 14764.0213 16864.8663 19438.7592 23676.9020 24832.6534 26016.8911 28456.5179 30972.2463 37492.9788 13111.4265 13730.3078 20520.4100 22820.1296 25239.6761 26484.1870 32947.8549 35613.0801 36957.8960 12364.3595 12938.8080 17389.1925 18488.8387 20813.5129 22025.3115 23263.2614 28407.1980 29728.7520 36472.4843 12435.8563 13322.6053 13329.0972 14299.8624 18814.6936 20043.7462 21299.3846 23873.5569 26511.1581 30550.4647 31913.4238 13312.7350 16826.4507 20649.6158 20658.6881 8432.4332 7240.0000 8432.4332 11277.0083 12416.3267 17426.1815 18746.4894 18755.7139 20083.3983 21433.8022 36745.3157 6469.4040 11631.6307 12901.2421 12910.1785 14203.5990 16876.0619 16885.4548 18236.2422 19607.9717 19617.5257 20988.9862 22377.5666 23772.3873 25172.4109 8413.2254 12319.2987 16435.4658 17829.2905 20636.3905 10494.4931 5203.3782 10494.4931 16113.3801 16123.2173 17532.8286 21808.1416 24667.5865 8766.4143 5943.0968 3225.3105 5943.0968 7349.0631 15917.0005 17352.5205 18788.8795 20225.8987 23101.4251 8646.0000 7205.0000 2882.0000 0.0000 4323.0000 7205.0000 12969.0000 14410.0000 17292.0000 11618.5837
53885.1693 53875.2267 53387.4814 52445.7060 50563.6689 62749.8564 48130.3891 47748.5045 46344.6580 43820.7405 57364.9262 40773.8184 40646.3019 53290.4212 40376.2899 55156.6122 37895.3854 49080.5302 35019.8491 37093.0784 38196.2787 39479.4477 40925.6610 46080.6860 33304.0000 43113.4092 32147.9870 43937.8295 31613.2849 30949.4775 34980.8480 32347.0200 29842.8153 32347.0200 36137.0976 47353.8040 27662.5391 26693.7407 26103.8039 26420.0762 27041.5259 27460.6157 27463.7658 28499.5944 29112.3180 30505.5126 35769.1921 26602.5379 29278.0064 30082.5651 30933.3597 32759.0549 23346.5661 23212.7703 32685.3998 22146.0319 22471.8067 22883.8464 24589.6967 26888.8936 28682.4631 31675.5037 20323.1510 20272.0000 21514.3210 24065.5136 27602.1607 30700.7023 41337.0852 19686.7131 19043.3427 19314.0184 22859.0887 25560.8341 28662.7145 35638.0569 20091.6138 17905.6892 18307.0771 20091.6138 21682.2586 25550.9425 26625.4700 36151.6553 22471.2124 19662.0438 16186.6336 15993.0505 17481.7965 18123.3137 19662.0438 20540.1106 21479.0429 21485.7530 23509.8798 24589.1536 26849.7562 30438.1509 32928.6135 14551.5250 15111.5429 16864.8663 20428.3749 21469.1546 22554.0166 24832.6534 27225.8983 33546.9599 13346.8703 13032.0000 17399.0749 19428.8735 21652.8587 22820.1296 29027.7947 31629.5024 32947.8549 11584.0000 11673.2830 14454.8391 15360.2287 17389.1925 18488.8387 19632.7089 24523.4027 25802.4842 32402.4255 10537.7616 11019.3841 11023.3110 11660.2827 15350.3511 16460.0564 17617.7920 20043.7462 22577.1737 26511.1581 27848.1299 10426.1709 13312.7350 16826.4507 16835.0154 11277.0083 8432.4332 7240.0000 8432.4332 9254.2583 13612.9491 14853.0320 14861.7644 16126.5526 17426.1815 32518.2165 5968.5631 8171.3499 9244.4193 9252.2154 10406.7565 12901.2421 12910.1785 14203.5990 15530.4657 15539.7447 16876.0619 18236.2422 19607.9717 20988.9862 5213.0855 8413.2254 12319.2987 13677.1816 16435.4658 14698.1263 2896.0000 6450.6211 11886.1937 11895.8926 13288.4076 17532.8286 20380.8020 13049.5849 10190.4010 2042.8375 2042.8375 3225.3105 11618.5837 13049.5849 14482.5690 15917.0005 18788.8795 12969.0000 11528.0000 7205.0000 4323.0000 0.0000 2882.0000 8646.0000 10087.0000 12969.0000 15917.0005
53653.4593 53643.4738 54083.0517 52207.6078 51297.5431 61004.8396 47870.8322 48524.9729 45713.0819 43535.4973 55525.5496 41179.2176 40544.0000 51466.8120 39754.3613 53162.9367 37675.5675 47182.2861 34781.8629 36186.3106 37093.0784 38196.2787 39479.4477 44241.5093 33428.4660 41343.1908 31888.5750 42004.9328 32519.8593 30544.2693 33649.5849 33729.7326 29280.8799 31170.1201 34490.6783 45108.0332 27512.0000 27460.6157 26420.0762 26103.8039 26420.0762 26693.7407 26695.9018 27460.6157 27947.8025 29112.3180 33860.6013 25648.7715 27823.4149 28523.5965 29278.0064 30933.3597 23874.2522 23212.7703 30720.4574 21767.7486 21910.3702 22146.0319 23377.5900 25297.2995 26888.8936 29643.6954 20727.8150 20475.8372 20727.8150 22642.9140 25733.4060 28599.7248 38851.1574 20714.6396 18824.0000 18879.0746 21356.2765 23706.3510 26556.8873 33225.7824 21682.2586 18810.5662 17613.3841 18810.5662 20091.6138 23519.7699 24514.0498 33652.9014 24589.1536 21479.0429 16938.8571 15993.0505 16504.2271 16938.8571 18123.3137 18853.3486 19662.0438 19667.9086 21479.0429 22471.2124 24589.1536 28022.8535 30438.1509 15111.5429 14551.5250 15585.0600 18508.5165 19438.7592 20428.3749 22554.0166 24832.6534 30972.2463 14249.7972 13346.8703 15639.2564 17399.0749 19428.8735 20520.4100 26484.1870 29027.7947 30322.3130 11937.1261 11673.2830 12938.8080 13641.8870 15360.2287 16342.6999 17389.1925 22025.3115 23263.2614 29728.7520 10136.0000 10237.9186 10239.3309 10537.7616 13322.6053 14299.8624 15350.3511 17617.7920 20043.7462 23873.5569 25185.6632 9153.5386 11286.8671 14435.2391 14443.2264 13612.9491 10214.1874 7792.5300 7382.0106 7792.5300 11277.0083 12416.3267 12424.4521 13612.9491 14853.0320 29715.4842 7227.4195 6469.4040 7227.4195 7233.4054 8171.3499 10406.7565 10415.0660 11631.6307 12901.2421 12910.1785 14203.5990 15530.4657 16876.0619 18236.2422 4344.0000 6128.5125 9675.9316 10982.6183 13677.1816 17532.8286 4085.6750 4085.6750 9118.1211 9127.6038 10494.4931 14698.1263 17532.8286 15917.0005 13049.5849 4559.0605 2042.8375 1448.0000 8766.4143 10190.4010 11618.5837 13049.5849 15917.0005 15851.0000 14410.0000 10087.0000 7205.0000 2882.0000 0.0000 5764.0000 7205.0000 10087.0000 18788.8795
53653.4593 53643.4738 55895.6050 52207.6078 53205.0759 57788.5624 47870.8322 50537.2652 44980.4232 43535.4973 52130.8546 42567.7213 40951.6743 48131.0272 39122.5472 49439.1074 37895.3854 43709.7587 35019.8491 35019.8491 35491.0345 36186.3106 37093.0784 40925.6610 34407.9894 38211.0155 32147.9870 38496.9214 34980.8480 30544.2693 31613.2849 37017.0331 28995.8287 29528.0425 31731.3183 40856.7497 28109.3195 29782.2127 27947.8025 26420.0762 26103.8039 26064.0000 26064.0019 26222.8530 26420.0762 27041.5259 30505.5126 24658.1414 25648.7715 26090.2429 26602.5379 27823.4149 25877.6160 24262.4865 27283.7740 22146.0319 21910.3702 21767.7486 21910.3702 22883.8464 23947.9847 26065.4273 22642.9140 22038.7681 20323.1510 20727.8150 22642.9140 24871.7125 34067.0460 23706.3510 19686.7131 19314.0184 19314.0184 20714.6396 22859.0887 28662.7145 25550.9425 21682.2586 17613.3841 17435.6490 17905.6892 20091.6138 20852.3418 28870.4782 29219.9280 25703.9192 19662.0438 17481.7965 15993.0505 15928.0000 16186.6336 16504.2271 16938.8571 16942.2625 18123.3137 18853.3486 20540.1106 23509.8798 25703.9192 17647.0385 15111.5429 14480.0000 15585.0600 16173.5100 16864.8663 18508.5165 20428.3749 26016.8911 17399.0749 15639.2564 13346.8703 14249.7972 15639.2564 16479.7025 21652.8587 24017.1460 25239.6761 14454.8391 13641.8870 11584.0000 11673.2830 12364.3595 12938.8080 13641.8870 17389.1925 18488.8387 24523.4027 11660.2827 11019.3841 11015.4648 10537.7616 10537.7616 11019.3841 11660.2827 13322.6053 15350.3511 18814.6936 20043.7462 9153.5386 8806.6921 10426.1709 10431.7026 18746.4894 14853.0320 11277.0083 8432.4332 7792.5300 7792.5300 8432.4332 8437.5642 9254.2583 10214.1874 24166.0244 11631.6307 6469.4040 5968.5631 5966.1566 5792.0000 6469.4040 6473.8650 7227.4195 8171.3499 8178.4069 9244.4193 10406.7565 11631.6307 12901.2421 7217.6196 4576.7693 5213.0855 6128.5125 8413.2254 23237.1675 9118.1211 4085.6750 4085.6750 4092.7350 5203.3782 9118.1211 11886.1937 21663.4468 18788.8795 10190.4010 7349.0631 5943.0968 3225.3105 4559.0605 5943.0968 7349.0631 10190.4010 21615.0000 20174.0000 15851.0000 12969.0000 8646.0000 5764.0000 0.0000 1441.0000 4323.0000 24539.7578
53750.1266 53740.1590 56431.6986 52306.9471 53768.0021 57047.1930 47979.1516 51129.5719 44911.1236 43654.5751 51348.2545 43028.6420 41179.2176 47370.0216 39096.0000 48570.4603 38086.6853 42918.7504 35226.7682 34871.2981 35226.7682 35811.3784 36614.1542 40183.2276 34798.0457 37525.5870 32373.2672 37706.6972 35715.1474 30713.7558 31249.9358 37931.3144 29103.0501 29280.8799 31170.1201 39853.3718 28439.7990 30505.5126 28499.5944 26693.7407 26222.8530 26103.8039 26103.2538 26103.8039 26222.8530 26693.7407 29782.2127 24616.0000 25281.8344 25648.7715 26090.2429 27181.6526 26550.9168 24728.7189 26550.9168 22471.8067 22146.0319 21910.3702 21767.7486 22471.8067 23377.5900 25297.2995 23320.5653 22642.9140 20475.8372 20475.8372 22038.7681 24065.5136 32920.1128 24608.8841 20155.7684 19686.7131 19043.3427 20155.7684 22073.4628 27592.2680 26625.4700 22573.7342 17905.6892 17376.0000 17613.3841 19408.2120 20091.6138 27733.2580 30438.1509 26849.7562 20540.1106 18123.3137 16186.6336 15993.0505 15993.0505 16186.6336 16504.2271 16506.8493 17481.7965 18123.3137 19662.0438 22471.2124 24589.1536 18508.5165 15585.0600 14551.5250 15111.5429 15585.0600 16173.5100 17647.0385 19438.7592 24832.6534 18385.5374 16479.7025 13111.4265 13730.3078 14891.1064 15639.2564 20520.4100 22820.1296 24017.1460 15360.2287 14454.8391 11673.2830 11584.0000 11937.1261 12364.3595 12938.8080 16342.6999 17389.1925 23263.2614 12435.8563 11660.2827 11655.3426 11019.3841 10237.9186 10537.7616 11019.3841 12435.8563 14299.8624 17617.7920 18814.6936 9704.1060 8688.0000 9704.1060 9708.5649 20083.3983 16126.5526 12416.3267 9254.2583 8432.4332 7382.0106 7792.5300 7796.2340 8432.4332 9254.2583 22795.3027 12901.2421 7227.4195 6469.4040 6464.9554 5968.5631 5968.5631 5970.9853 6469.4040 7227.4195 7233.4054 8171.3499 9244.4193 10406.7565 11631.6307 8413.2254 5213.0855 4576.7693 5213.0855 7217.6196 24667.5865 10494.4931 5203.3782 3234.7020 3239.1692 4085.6750 7765.2328 10494.4931 23101.4251 20225.8987 11618.5837 8766.4143 7349.0631 2042.8375 3225.3105 4559.0605 5943.0968 8766.4143 23056.0000 21615.0000 17292.0000 14410.0000 10087.0000 7205.0000 1441.0000 0.0000 2882.0000 25978.3862
54058.3000 54048.3893 57597.1474 52623.5728 54989.9339 55646.8298 48324.1418 52413.0509 44911.1236 44033.4603 49871.2002 44077.5362 41779.9414 45945.8830 39202.0808 46917.7691 38628.0367 41441.8904 35811.3784 34752.0000 34871.2981 35226.7682 35811.3784 38816.4239 35740.0528 36287.8012 33008.4543 36246.6274 37307.5688 31249.9358 30713.7558 39853.3718 29528.0425 28995.8287 30223.0858 37931.3144 29302.8619 32097.6227 29782.2127 27460.6157 26693.7407 26420.0762 26418.4418 26103.8039 26064.0000 26222.8530 28499.5944 24784.1357 24784.1357 24992.7146 25281.8344 26090.2429 28071.5234 25877.6160 25268.6326 23377.5900 22883.8464 22471.8067 21767.7486 21910.3702 22471.8067 23947.9847 24871.7125 24065.5136 21075.5232 20272.0000 21075.5232 22642.9140 30700.7023 26556.8873 21356.2765 20714.6396 18824.0000 19314.0184 20714.6396 25560.8341 28870.4782 24514.0498 18810.5662 17613.3841 17376.0000 18307.0771 18810.5662 25550.9425 32928.6135 29219.9280 22471.2124 19662.0438 16938.8571 16504.2271 15993.0505 15928.0000 15993.0505 15993.9546 16504.2271 16938.8571 18123.3137 20540.1106 22471.2124 20428.3749 16864.8663 15111.5429 14551.5250 14764.0213 15111.5429 16173.5100 17647.0385 22554.0166 20520.4100 18385.5374 13111.4265 13111.4265 13730.3078 14249.7972 18385.5374 20520.4100 21652.8587 17389.1925 16342.6999 12364.3595 11937.1261 11584.0000 11673.2830 11937.1261 14454.8391 15360.2287 20813.5129 14299.8624 13322.6053 13316.1178 12435.8563 10237.9186 10136.0000 10237.9186 11019.3841 12435.8563 15350.3511 16460.0564 11286.8671 9153.5386 8806.6921 8808.3338 22795.3027 18746.4894 14853.0320 11277.0083 10214.1874 7382.0106 7240.0000 7240.0069 7382.0106 7792.5300 20083.3983 15530.4657 9244.4193 8171.3499 8164.2991 7227.4195 5968.5631 5966.1566 5792.0000 5968.5631 5970.9853 6469.4040 7227.4195 8171.3499 9244.4193 10982.6183 7217.6196 4576.7693 4344.0000 5213.0855 27531.7355 13288.4076 7765.2328 3234.7020 3230.2596 2896.0000 5203.3782 7765.2328 25978.3862 23101.4251 14482.5690 11618.5837 10190.4010 2042.8375 1448.0000 2042.8375 3225.3105 5943.0968 25938.0000 24497.0000 20174.0000 17292.0000 12969.0000 10087.0000 4323.0000 2882.0000 0.0000 28856.3529
59117.2462 59107.9387 53750.1266 57771.9309 50864.0416 74611.6677 53768.0021 47979.1516 53820.3915 49821.0876 69696.7362 43545.6410 45981.0108 65627.8698 48131.0272 68134.0921 43994.1757 61788.2185 41441.8904 46271.2913 48119.1937 50064.8885 52097.4199 58623.8564 38196.2787 55466.5161 38937.7284 56881.2180 32660.6301 38496.9214 45970.2424 30442.1245 38160.5241 42899.5872 48252.9545 61378.7337 34490.6783 29302.8619 31057.3380 34115.9848 35895.5329 36837.6594 36844.3102 38813.9123 39843.4756 41975.3136 48835.1436 36771.0748 41040.8199 42163.8535 43305.7173 45640.2591 27823.4149 30082.5651 46040.2227 30720.4574 31685.3980 32685.3998 35865.9430 39265.4177 41627.0258 45282.5670 26065.4273 26888.8936 31675.5037 36088.0978 40838.8474 44559.0961 56239.4681 22642.9140 27602.1607 28599.7248 35235.5841 38851.1574 42598.7692 50371.3264 19686.7131 22073.4628 28662.7145 32048.7569 34422.8903 39375.0687 40646.5694 51143.2379 17376.0000 17905.6892 21682.2586 24514.0498 28870.4782 30033.7874 32427.3807 33652.9014 34894.8921 34903.5645 37421.7026 38703.7263 41299.2316 45257.5507 47931.4471 21479.0429 25703.9192 29219.9280 34196.9195 35478.4158 36771.7233 39389.1077 42041.1207 48785.4254 19438.7592 21469.1546 30972.2463 33546.9599 36168.0639 37492.9788 44226.5861 46959.2232 48332.0488 20520.4100 21652.8587 27747.7212 29027.7947 31629.5024 32947.8549 34276.0824 39667.7978 41031.5449 47918.1549 22025.3115 23263.2614 23271.9340 24523.4027 29728.7520 31060.9313 32402.4255 35109.0801 37841.6395 41977.9723 43364.8426 23873.5569 27848.1299 31913.4238 31922.9061 11286.8671 14435.2391 18075.8276 21965.2366 23295.6985 28724.3970 30101.0589 30110.6334 31483.4792 32870.9317 48340.1402 16126.5526 22795.3027 24166.0244 24175.5653 25544.4829 28320.0855 28329.7533 29715.4842 31115.0401 31124.7657 32518.2165 33924.5641 35333.7042 36745.3157 19607.9717 23772.3873 27984.9407 29396.2526 32226.7601 4576.7693 16435.4658 22047.1894 27721.4714 27731.3479 29145.5440 33426.4683 36285.9609 4085.6750 6450.6211 14698.1263 17532.8286 18955.5297 27531.7355 28965.1379 30399.2588 31834.0010 34705.0410 3225.3105 4559.0605 8766.4143 11618.5837 15917.0005 18788.8795 24539.7578 25978.3862 28856.3529 0.0000
Demand Matrix W for 200 nodes
0.3866 0.0100 0.1852 0.3948 0.0100 0.0953 0.5151 0.3246 0.0100 0.7563 0.0100 0.1990 0.0100 0.0100 0.0100 0.2847 0.2702 0.0111 0.6682 0.4669 0.0100 0.0100 0.0948 0.2602 0.0100 0.0100 0.4871 0.0100 0.0100 0.2437 0.2084 0.0100 0.8282 0.0100 0.3557 0.0100 0.4826 0.8171 0.6073 0.0100 0.1061 1.2420 0.0100 0.1176 0.1176 0.1292 0.0100 0.1543 0.0531 0.0100 0.0100 0.0100 0.0100 0.0100 0.0555 0.4649 0.0100 0.2110 0.1637 0.0496 0.0540 0.0924 0.3536 0.2066 0.1789 0.1698 0.2252 0.0100 0.0653 0.1631 0.4409 0.4310 0.0149 0.1053 0.0835 0.0531 0.0100 0.1475 0.0851 0.0603 0.0902 0.0713 0.0988 0.0989 0.0100 0.0100 0.1288 0.0100 0.1089 0.0100 0.1086 0.1560 0.1073 0.0700 0.0100 0.0100 0.0360 0.0823 0.0449 0.1585 0.1843 0.1250 0.0100 0.0100 0.1962 0.0463 0.1771 0.0389 0.1091 0.0177 0.0560 0.2516 0.0100 0.0441 0.0100 0.0100 0.0101 0.0694 0.0748 0.0100 0.0390 0.0100 0.0100 0.0323 0.1210 0.0100 0.2736 0.0823 0.2702 0.0202 0.1701 0.0316 0.0755 0.0920 0.1042 0.0376 0.0954 0.0350 0.0573 0.0641 0.0920 0.0100 0.0366 0.0100 0.0109 0.1512 0.3738 0.0220 0.0659 0.0452 0.0823 0.0406 0.0100 0.1845 0.0507 0.1814 0.4034 0.0880 2.3343 0.0100 0.2312 0.0100 0.0339 0.0210 0.0461 0.0813 0.0306 0.0100 0.0103 0.0832 0.0647 0.0381 0.0100 0.1664 0.1936 0.0768 0.0194 0.0386 0.0349 0.0589 0.0100 0.0100 0.1454 0.0100 0.1625 0.0100 0.0862 0.0297 0.1609 0.0695 0.0449 0.1194 0.0745 0.0575 0.0664 0.1117 0.0537 0.0373 0.0859 0.0699
0.0100 0.0100 0.0100 0.0100 0.0100 0.0100 0.0100 0.0100 0.0100 0.0100 0.0100 0.0100 0.0100 0.0100 0.0100 0.0100 0.0100 0.0100 0.0100 0.0100 0.0100 0.0100 0.0100 0.0100 0.0100 0.0100 0.0100 0.0100 0.0100 0.0100 0.0100 0.0100 0.0100 0.0100 0.0100 0.0100 0.0100 0.0100 0.0100 0.0100 0.0100 0.0200 0.0100 0.0100 0.0100 0.0100 0.0100 0.0100 0.0100 0.0100 0.0100 0.0100 0.0100 0.0100 0.0100 0.0100 0.0100 0.0100 0.0100 0.0100 0.0100 0.0100 0.0100 0.0100 0.0100 0.0100 0.0100 0.0100 0.0100 0.0100 0.0100 0.0100 0.0100 0.0100 0.0100 0.0100 0.0100 0.0100 0.0100 0.0100 0.0100 0.0100 0.0100 0.0100 0.0100 0.0100 0.0100 0.0100 0.0100 0.0100 0.0100 0.0100 0.0100 0.0100 0.0100 0.0100 0.0100 0.0100 0.0100 0.0100 0.0100 0.0100 0.0100 0.0100 0.0100 0.0100 0.0200 0.0100 0.0100 0.0100 0.0100 0.0100 0.0100 0.0100 0.0100 0.0100 0.0100 0.0100 0.0100 0.0100 0.0100 0.0100 0.0100 0.0100 0.0200 0.0100 0.0100 0.0100 0.0100 0.0100 0.0100 0.0100 0.0100 0.0200 0.0100 0.0100 0.0100 0.0100 0.0100 0.0100 0.0200 0.0100 0.0100 0.0100 0.0100 0.0200 0.0100 0.0100 0.0200 0.0100 0.0300 0.0100 0.0100 0.0100 0.0100 0.0200 0.0100 0.0100 0.0139 0.0100 0.0200 0.0100 0.0100 0.0100 0.0100 0.0100 0.0100 0.0100 0.0100 0.0100 0.0100 0.0100 0.0100 0.0100 0.0100 0.0100 0.0100 0.0100 0.0100 0.0100 0.0100 0.0100 0.0100 0.0100 0.0100 0.0100 0.0100 0.0100 0.0200 0.0100 0.0100 0.0100 0.0100 0.0100 0.0100 0.0100 0.0100 0.0100 0.0100 0.0100
0.1936 0.0100 0.0928 0.1977 0.0100 0.0478 0.2580 0.1625 0.0100 0.3788 0.0100 0.0996 0.0100 0.0100 0.0100 0.1426 0.1353 0.0100 0.3346 0.2338 0.0100 0.0100 0.0475 0.1303 0.0100 0.0100 0.2439 0.0100 0.0100 0.1221 0.1044 0.0100 0.4148 0.0100 0.1781 0.0100 0.2417 0.4092 0.3041 0.0100 0.0531 0.6270 0.0100 0.0589 0.0589 0.0647 0.0100 0.0773 0.0266 0.0100 0.0100 0.0100 0.0100 0.0100 0.0278 0.2328 0.0100 0.1057 0.0820 0.0248 0.0270 0.0463 0.1771 0.1035 0.0896 0.0850 0.1128 0.0100 0.0327 0.0817 0.2208 0.2158 0.0100 0.0528 0.0418 0.0266 0.0100 0.0739 0.0426 0.0302 0.0452 0.0357 0.0495 0.0495 0.0100 0.0100 0.0645 0.0100 0.0545 0.0100 0.0544 0.0781 0.0537 0.0350 0.0100 0.0100 0.0180 0.0412 0.0225 0.0794 0.0923 0.0626 0.0100 0.0100 0.0983 0.0232 0.0937 0.0195 0.0547 0.0100 0.0280 0.1260 0.0100 0.0221 0.0100 0.0100 0.0100 0.0348 0.0375 0.0100 0.0195 0.0100 0.0100 0.0162 0.0606 0.0100 0.1370 0.0412 0.1353 0.0101 0.0852 0.0158 0.0378 0.0461 0.0522 0.0188 0.0478 0.0175 0.0287 0.0321 0.0511 0.0100 0.0183 0.0100 0.0100 0.0757 0.1872 0.0110 0.0380 0.0226 0.0512 0.0203 0.0100 0.0924 0.0254 0.0958 0.2020 0.0441 1.1690 0.0100 0.1158 0.0100 0.0170 0.0105 0.0231 0.0407 0.0153 0.0100 0.0100 0.0417 0.0324 0.0191 0.0100 0.0833 0.0969 0.0385 0.0100 0.0193 0.0175 0.0295 0.0100 0.0100 0.0728 0.0100 0.0814 0.0100 0.0432 0.0149 0.0806 0.0348 0.0225 0.0598 0.0373 0.0288 0.0332 0.0559 0.0269 0.0187 0.0430 0.0350
0.1927 0.0100 0.0923 0.1968 0.0100 0.0475 0.2567 0.1618 0.0100 0.3770 0.0100 0.0992 0.0100 0.0100 0.0100 0.1419 0.1347 0.0100 0.3331 0.2327 0.0100 0.0100 0.0472 0.1297 0.0100 0.0100 0.2428 0.0100 0.0100 0.1215 0.1039 0.0100 0.4128 0.0100 0.1773 0.0100 0.2405 0.4073 0.3027 0.0100 0.0529 0.6241 0.0100 0.0586 0.0586 0.0644 0.0100 0.0769 0.0265 0.0100 0.0100 0.0100 0.0100 0.0100 0.0277 0.2317 0.0100 0.1052 0.0816 0.0247 0.0269 0.0461 0.1762 0.1030 0.0892 0.0846 0.1122 0.0100 0.0325 0.0813 0.2197 0.2148 0.0100 0.0525 0.0416 0.0265 0.0100 0.0735 0.0424 0.0300 0.0449 0.0355 0.0492 0.0493 0.0100 0.0100 0.0642 0.0100 0.0543 0.0100 0.0541 0.0777 0.0535 0.0349 0.0100 0.0100 0.0179 0.0410 0.0224 0.0790 0.0919 0.0623 0.0100 0.0100 0.0978 0.0231 0.0933 0.0194 0.0544 0.0100 0.0279 0.1254 0.0100 0.0220 0.0100 0.0100 0.0100 0.0346 0.0373 0.0100 0.0194 0.0100 0.0100 0.0161 0.0603 0.0100 0.1364 0.0410 0.1347 0.0101 0.0848 0.0158 0.0376 0.0458 0.0519 0.0187 0.0476 0.0174 0.0285 0.0319 0.0509 0.0100 0.0182 0.0100 0.0100 0.0754 0.1863 0.0109 0.0379 0.0225 0.0510 0.0202 0.0100 0.0920 0.0253 0.0954 0.2011 0.0439 1.1635 0.0100 0.1152 0.0100 0.0169 0.0105 0.0230 0.0405 0.0152 0.0100 0.0100 0.0415 0.0322 0.0190 0.0100 0.0829 0.0965 0.0383 0.0100 0.0192 0.0174 0.0294 0.0100 0.0100 0.0725 0.0100 0.0810 0.0100 0.0430 0.0148 0.0802 0.0346 0.0224 0.0595 0.0371 0.0286 0.0331 0.0556 0.0268 0.0186 0.0428 0.0349
0.0126 0.0100 0.0100 0.0129 0.0100 0.0100 0.0168 0.0106 0.0100 0.0247 0.0100 0.0100 0.0100 0.0100 0.0100 0.0100 0.0100 0.0100 0.0218 0.0152 0.0100 0.0100 0.0100 0.0100 0.0100 0.0100 0.0159 0.0100 0.0100 0.0100 0.0100 0.0100 0.0270 0.0100 0.0116 0.0100 0.0157 0.0267 0.0198 0.0100 0.0100 0.0502 0.0100 0.0100 0.0100 0.0100 0.0100 0.0100 0.0100 0.0100 0.0100 0.0100 0.0100 0.0100 0.0100 0.0152 0.0100 0.0100 0.0100 0.0100 0.0100 0.0100 0.0115 0.0100 0.0100 0.0100 0.0100 0.0100 0.0100 0.0100 0.0144 0.0141 0.0100 0.0100 0.0100 0.0100 0.0100 0.0100 0.0100 0.0100 0.0100 0.0100 0.0100 0.0100 0.0100 0.0100 0.0100 0.0100 0.0100 0.0100 0.0100 0.0100 0.0100 0.0100 0.0100 0.0100 0.0100 0.0100 0.0100 0.0100 0.0100 0.0100 0.0100 0.0100 0.0100 0.0100 0.0200 0.0100 0.0100 0.0100 0.0100 0.0100 0.0100 0.0100 0.0100 0.0100 0.0100 0.0100 0.0100 0.0100 0.0100 0.0100 0.0100 0.0100 0.0200 0.0100 0.0100 0.0100 0.0100 0.0100 0.0100 0.0100 0.0100 0.0200 0.0100 0.0100 0.0100 0.0100 0.0100 0.0100 0.0200 0.0100 0.0100 0.0100 0.0100 0.0200 0.0122 0.0100 0.0200 0.0100 0.0300 0.0100 0.0100 0.0100 0.0100 0.0200 0.0132 0.0100 0.0762 0.0100 0.0200 0.0100 0.0100 0.0100 0.0100 0.0100 0.0100 0.0100 0.0100 0.0100 0.0100 0.0100 0.0100 0.0100 0.0100 0.0100 0.0100 0.0100 0.0100 0.0100 0.0100 0.0100 0.0100 0.0100 0.0100 0.0100 0.0100 0.0100 0.0200 0.0100 0.0100 0.0100 0.0100 0.0100 0.0100 0.0100 0.0100 0.0100 0.0100 0.0100
0.0718 0.0100 0.0344 0.0734 0.0100 0.1198 0.0957 0.0603 0.0100 0.1406 0.0100 0.0370 0.0100 0.0100 0.0100 0.3577 0.0502 0.0139 0.1242 0.5866 0.0100 0.0100 0.1191 0.3270 0.0100 0.0100 0.0905 0.0100 0.0100 0.0453 0.2619 0.0100 0.1539 0.0100 0.4468 0.0100 0.0897 0.1519 0.1129 0.0100 0.0197 0.2390 0.0100 0.1477 0.1477 0.1623 0.0100 0.1939 0.0667 0.0100 0.0100 0.0100 0.0100 0.0100 0.0567 0.0864 0.0100 0.0392 0.2057 0.0623 0.0678 0.0944 0.0657 0.0384 0.0332 0.2132 0.2829 0.0100 0.0667 0.0703 0.0819 0.0801 0.0187 0.1323 0.0853 0.0542 0.0100 0.0636 0.0367 0.0757 0.1133 0.0896 0.1241 0.1010 0.0100 0.0100 0.0555 0.0100 0.0469 0.0100 0.1364 0.1959 0.1348 0.0879 0.0100 0.0100 0.0367 0.0840 0.0458 0.0683 0.0795 0.0539 0.0100 0.0100 0.2465 0.0473 0.1806 0.0397 0.0471 0.0100 0.0572 0.3160 0.0100 0.0451 0.0100 0.0100 0.0103 0.0299 0.0323 0.0100 0.0398 0.0100 0.0124 0.0330 0.1235 0.0100 0.2794 0.0355 0.1165 0.0100 0.0733 0.0323 0.0771 0.0939 0.1064 0.0384 0.0974 0.0357 0.0247 0.0654 0.0937 0.0100 0.0158 0.0100 0.0100 0.0652 0.1611 0.0224 0.0671 0.0461 0.0836 0.0414 0.0100 0.0795 0.0219 0.0839 0.1739 0.0379 1.2169 0.0100 0.1623 0.0100 0.0346 0.0214 0.0471 0.0830 0.0312 0.0100 0.0100 0.0474 0.0369 0.0389 0.0100 0.0717 0.0834 0.0438 0.0111 0.0220 0.0356 0.0602 0.0100 0.0100 0.0627 0.0100 0.0700 0.0100 0.0491 0.0169 0.1643 0.0710 0.0193 0.0515 0.0321 0.0248 0.0286 0.0481 0.0306 0.0213 0.0490 0.0301
0.3025 0.0100 0.1449 0.3089 0.0100 0.0746 0.4030 0.2539 0.0100 0.5918 0.0100 0.1557 0.0100 0.0100 0.0100 0.2228 0.2114 0.0100 0.5228 0.3653 0.0100 0.0100 0.0741 0.2036 0.0100 0.0100 0.3811 0.0100 0.0100 0.1907 0.1631 0.0100 0.6480 0.0100 0.2783 0.0100 0.3776 0.6393 0.4752 0.0100 0.0830 0.9739 0.0100 0.0920 0.0920 0.1011 0.0100 0.1207 0.0415 0.0100 0.0100 0.0100 0.0100 0.0100 0.0434 0.3638 0.0100 0.1651 0.1281 0.0388 0.0423 0.0723 0.2767 0.1617 0.1400 0.1328 0.1762 0.0100 0.0511 0.1276 0.3449 0.3372 0.0117 0.0824 0.0653 0.0416 0.0100 0.1154 0.0666 0.0472 0.0706 0.0558 0.0773 0.0774 0.0100 0.0100 0.1008 0.0100 0.0852 0.0100 0.0849 0.1220 0.0840 0.0547 0.0100 0.0100 0.0282 0.0644 0.0351 0.1241 0.1442 0.0978 0.0100 0.0100 0.1535 0.0362 0.1407 0.0304 0.0854 0.0139 0.0438 0.1968 0.0100 0.0345 0.0100 0.0100 0.0100 0.0543 0.0585 0.0100 0.0305 0.0100 0.0100 0.0253 0.0947 0.0100 0.2141 0.0644 0.2114 0.0158 0.1331 0.0248 0.0591 0.0720 0.0815 0.0294 0.0747 0.0274 0.0448 0.0501 0.0741 0.0100 0.0286 0.0100 0.0100 0.1183 0.2924 0.0172 0.0537 0.0353 0.0688 0.0317 0.0100 0.1443 0.0397 0.1441 0.3156 0.0688 1.8264 0.0100 0.1809 0.0100 0.0265 0.0164 0.0361 0.0636 0.0239 0.0100 0.0100 0.0651 0.0506 0.0298 0.0100 0.1302 0.1515 0.0601 0.0152 0.0302 0.0273 0.0461 0.0100 0.0100 0.1138 0.0100 0.1271 0.0100 0.0675 0.0232 0.1259 0.0544 0.0351 0.0935 0.0583 0.0450 0.0519 0.0874 0.0420 0.0292 0.0672 0.0547
0.1146 0.0100 0.0549 0.1170 0.0100 0.0283 0.1527 0.0962 0.0100 0.2242 0.0100 0.0590 0.0100 0.0100 0.0100 0.0844 0.0801 0.0100 0.1981 0.1384 0.0100 0.0100 0.0281 0.0771 0.0100 0.0100 0.1444 0.0100 0.0100 0.0722 0.0618 0.0100 0.2455 0.0100 0.1054 0.0100 0.1431 0.2422 0.1800 0.0100 0.0314 0.3752 0.0100 0.0349 0.0348 0.0383 0.0100 0.0457 0.0157 0.0100 0.0100 0.0100 0.0100 0.0100 0.0164 0.1378 0.0100 0.0625 0.0485 0.0147 0.0160 0.0274 0.1048 0.0612 0.0530 0.0503 0.0668 0.0100 0.0193 0.0483 0.1307 0.1278 0.0100 0.0312 0.0248 0.0157 0.0100 0.0437 0.0252 0.0179 0.0267 0.0211 0.0293 0.0293 0.0100 0.0100 0.0382 0.0100 0.0323 0.0100 0.0322 0.0462 0.0318 0.0207 0.0100 0.0100 0.0107 0.0244 0.0133 0.0470 0.0546 0.0370 0.0100 0.0100 0.0582 0.0137 0.0595 0.0115 0.0323 0.0100 0.0166 0.0746 0.0100 0.0131 0.0100 0.0100 0.0100 0.0206 0.0222 0.0100 0.0116 0.0100 0.0100 0.0100 0.0359 0.0100 0.0811 0.0244 0.0801 0.0100 0.0504 0.0100 0.0224 0.0273 0.0309 0.0111 0.0283 0.0104 0.0170 0.0190 0.0343 0.0100 0.0108 0.0100 0.0100 0.0448 0.1108 0.0100 0.0266 0.0134 0.0385 0.0120 0.0100 0.0547 0.0150 0.0608 0.1196 0.0261 0.6919 0.0100 0.0685 0.0100 0.0100 0.0100 0.0137 0.0241 0.0100 0.0100 0.0100 0.0247 0.0192 0.0113 0.0100 0.0493 0.0574 0.0228 0.0100 0.0114 0.0103 0.0175 0.0100 0.0100 0.0431 0.0100 0.0481 0.0100 0.0255 0.0100 0.0477 0.0206 0.0133 0.0354 0.0221 0.0170 0.0197 0.0331 0.0159 0.0111 0.0255 0.0207
0.0100 0.0100 0.0100 0.0100 0.0100 0.0100 0.0100 0.0100 0.0100 0.0100 0.0100 0.0100 0.0100 0.0100 0.0100 0.0100 0.0100 0.0100 0.0100 0.0100 0.0100 0.0100 0.0100 0.0100 0.0100 0.0100 0.0100 0.0100 0.0100 0.0100 0.0100 0.0100 0.0100 0.0100 0.0100 0.0100 0.0100 0.0100 0.0100 0.0100 0.0100 0.0200 0.0100 0.0100 0.0100 0.0100 0.0100 0.0100 0.0100 0.0100 0.0100 0.0100 0.0100 0.0100 0.0100 0.0100 0.0100 0.0100 0.0100 0.0100 0.0100 0.0100 0.0100 0.0100 0.0100 0.0100 0.0100 0.0100 0.0100 0.0100 0.0100 0.0100 0.0100 0.0100 0.0100 0.0100 0.0100 0.0100 0.0100 0.0100 0.0100 0.0100 0.0100 0.0100 0.0100 0.0100 0.0100 0.0100 0.0100 0.0100 0.0100 0.0100 0.0100 0.0100 0.0100 0.0100 0.0100 0.0100 0.0100 0.0100 0.0100 0.0100 0.0100 0.0100 0.0100 0.0100 0.0200 0.0100 0.0100 0.0100 0.0100 0.0100 0.0100 0.0100 0.0100 0.0100 0.0100 0.0100 0.0100 0.0100 0.0100 0.0100 0.0100 0.0100 0.0200 0.0100 0.0100 0.0100 0.0100 0.0100 0.0100 0.0100 0.0100 0.0200 0.0100 0.0100 0.0100 0.0100 0.0100 0.0100 0.0200 0.0100 0.0100 0.0100 0.0100 0.0200 0.0100 0.0100 0.0200 0.0100 0.0300 0.0100 0.0100 0.0100 0.0100 0.0200 0.0100 0.0100 0.0100 0.0100 0.0200 0.0100 0.0100 0.0100 0.0100 0.0100 0.0100 0.0100 0.0100 0.0100 0.0100 0.0100 0.0100 0.0100 0.0100 0.0100 0.0100 0.0100 0.0100 0.0100 0.0100 0.0100 0.0100 0.0100 0.0100 0.0100 0.0100 0.0100 0.0200 0.0100 0.0100 0.0100 0.0100 0.0100 0.0100 0.0100 0.0100 0.0100 0.0100 0.0100
0.1576 0.0100 0.0755 0.1609 0.0100 0.0389 0.2099 0.1323 0.0100 0.3083 0.0100 0.0811 0.0100 0.0100 0.0100 0.1160 0.1101 0.0100 0.2723 0.1903 0.0100 0.0100 0.0386 0.1061 0.0100 0.0100 0.1985 0.0100 0.0100 0.0993 0.0850 0.0100 0.3376 0.0100 0.1450 0.0100 0.1967 0.3330 0.2475 0.0100 0.0432 0.5121 0.0100 0.0479 0.0479 0.0527 0.0100 0.0629 0.0216 0.0100 0.0100 0.0100 0.0100 0.0100 0.0226 0.1895 0.0100 0.0860 0.0667 0.0202 0.0220 0.0377 0.1441 0.0842 0.0729 0.0692 0.0918 0.0100 0.0266 0.0665 0.1797 0.1757 0.0100 0.0429 0.0340 0.0216 0.0100 0.0601 0.0347 0.0246 0.0367 0.0291 0.0403 0.0403 0.0100 0.0100 0.0525 0.0100 0.0444 0.0100 0.0442 0.0636 0.0437 0.0285 0.0100 0.0100 0.0147 0.0335 0.0183 0.0646 0.0751 0.0509 0.0100 0.0100 0.0800 0.0189 0.0781 0.0158 0.0445 0.0100 0.0228 0.1025 0.0100 0.0180 0.0100 0.0100 0.0100 0.0283 0.0305 0.0100 0.0159 0.0100 0.0100 0.0132 0.0493 0.0100 0.1115 0.0335 0.1101 0.0100 0.0693 0.0129 0.0308 0.0375 0.0425 0.0153 0.0389 0.0143 0.0233 0.0261 0.0434 0.0100 0.0149 0.0100 0.0100 0.0616 0.1523 0.0100 0.0328 0.0184 0.0454 0.0165 0.0100 0.0752 0.0207 0.0799 0.1644 0.0359 0.9515 0.0100 0.0942 0.0100 0.0138 0.0100 0.0188 0.0331 0.0125 0.0100 0.0100 0.0339 0.0264 0.0155 0.0100 0.0678 0.0789 0.0313 0.0100 0.0157 0.0142 0.0240 0.0100 0.0100 0.0593 0.0100 0.0662 0.0100 0.0351 0.0121 0.0656 0.0283 0.0183 0.0487 0.0304 0.0234 0.0270 0.0455 0.0219 0.0152 0.0350 0.0285
0.0100 0.0100 0.0100 0.0100 0.0100 0.0100 0.0100 0.0100 0.0100 0.0100 0.0100 0.0100 0.0100 0.0100 0.0100 0.0100 0.0100 0.0100 0.0100 0.0154 0.0100 0.0100 0.0100 0.0100 0.0100 0.0100 0.0100 0.0100 0.0100 0.0100 0.0100 0.0100 0.0100 0.0100 0.0118 0.0100 0.0100 0.0100 0.0100 0.0100 0.0100 0.0200 0.0100 0.0100 0.0100 0.0100 0.0100 0.0100 0.0100 0.0100 0.0100 0.0100 0.0100 0.0100 0.0100 0.0100 0.0100 0.0100 0.0100 0.0100 0.0100 0.0100 0.0100 0.0100 0.0100 0.0100 0.0100 0.0100 0.0100 0.0100 0.0100 0.0100 0.0100 0.0100 0.0100 0.0100 0.0100 0.0100 0.0100 0.0100 0.0100 0.0100 0.0100 0.0100 0.0100 0.0100 0.0100 0.0100 0.0100 0.0100 0.0100 0.0100 0.0100 0.0100 0.0100 0.0100 0.0100 0.0100 0.0100 0.0100 0.0100 0.0100 0.0100 0.0100 0.0100 0.0100 0.0200 0.0100 0.0100 0.0100 0.0100 0.0100 0.0100 0.0100 0.0100 0.0100 0.0100 0.0100 0.0100 0.0100 0.0100 0.0100 0.0100 0.0100 0.0200 0.0100 0.0100 0.0100 0.0100 0.0100 0.0100 0.0100 0.0100 0.0200 0.0100 0.0100 0.0100 0.0100 0.0100 0.0100 0.0200 0.0100 0.0100 0.0100 0.0100 0.0200 0.0100 0.0100 0.0200 0.0100 0.0300 0.0100 0.0100 0.0100 0.0100 0.0200 0.0100 0.0100 0.0320 0.0100 0.0200 0.0100 0.0100 0.0100 0.0100 0.0100 0.0100 0.0100 0.0100 0.0100 0.0100 0.0100 0.0100 0.0100 0.0100 0.0100 0.0100 0.0100 0.0100 0.0100 0.0100 0.0100 0.0100 0.0100 0.0100 0.0100 0.0100 0.0100 0.0200 0.0100 0.0100 0.0100 0.0100 0.0100 0.0100 0.0100 0.0100 0.0100 0.0100 0.0100
0.0634 0.0100 0.0304 0.0648 0.0100 0.0156 0.0845 0.0532 0.0100 0.1241 0.0100 0.0326 0.0100 0.0100 0.0100 0.0467 0.0443 0.0100 0.1096 0.0766 0.0100 0.0100 0.0155 0.0427 0.0100 0.0100 0.0799 0.0100 0.0100 0.0400 0.0342 0.0100 0.1359 0.0100 0.0583 0.0100 0.0792 0.1341 0.0997 0.0100 0.0174 0.2121 0.0100 0.0193 0.0193 0.0212 0.0100 0.0253 0.0100 0.0100 0.0100 0.0100 0.0100 0.0100 0.0100 0.0763 0.0100 0.0346 0.0269 0.0100 0.0100 0.0152 0.0580 0.0339 0.0294 0.0278 0.0369 0.0100 0.0107 0.0268 0.0723 0.0707 0.0100 0.0173 0.0137 0.0100 0.0100 0.0242 0.0140 0.0100 0.0148 0.0117 0.0162 0.0162 0.0100 0.0100 0.0211 0.0100 0.0179 0.0100 0.0178 0.0256 0.0176 0.0115 0.0100 0.0100 0.0100 0.0135 0.0100 0.0260 0.0302 0.0205 0.0100 0.0100 0.0322 0.0100 0.0374 0.0100 0.0179 0.0100 0.0100 0.0413 0.0100 0.0100 0.0100 0.0100 0.0100 0.0114 0.0123 0.0100 0.0100 0.0100 0.0100 0.0100 0.0207 0.0100 0.0449 0.0135 0.0443 0.0100 0.0279 0.0100 0.0124 0.0200 0.0171 0.0100 0.0157 0.0100 0.0100 0.0105 0.0234 0.0100 0.0100 0.0100 0.0100 0.0282 0.0613 0.0100 0.0200 0.0100 0.0302 0.0100 0.0100 0.0303 0.0100 0.0381 0.0662 0.0144 0.3830 0.0100 0.0379 0.0100 0.0100 0.0100 0.0100 0.0133 0.0100 0.0100 0.0100 0.0137 0.0106 0.0100 0.0100 0.0273 0.0318 0.0126 0.0100 0.0100 0.0100 0.0100 0.0100 0.0100 0.0239 0.0100 0.0267 0.0100 0.0141 0.0100 0.0274 0.0114 0.0100 0.0196 0.0122 0.0100 0.0109 0.0183 0.0100 0.0100 0.0141 0.0115
0.0100 0.0100 0.0100 0.0100 0.0100 0.0100 0.0100 0.0100 0.0100 0.0100 0.0100 0.0100 0.0100 0.0100 0.0100 0.0100 0.0100 0.0100 0.0100 0.0100 0.0100 0.0100 0.0100 0.0100 0.0100 0.0100 0.0100 0.0100 0.0100 0.0100 0.0100 0.0100 0.0100 0.0100 0.0100 0.0100 0.0100 0.0100 0.0100 0.0100 0.0100 0.0200 0.0100 0.0100 0.0100 0.0100 0.0100 0.0100 0.0100 0.0100 0.0100 0.0100 0.0100 0.0100 0.0100 0.0100 0.0100 0.0100 0.0100 0.0100 0.0100 0.0100 0.0100 0.0100 0.0100 0.0100 0.0100 0.0100 0.0100 0.0100 0.0100 0.0100 0.0100 0.0100 0.0100 0.0100 0.0100 0.0100 0.0100 0.0100 0.0100 0.0100 0.0100 0.0100 0.0100 0.0100 0.0100 0.0100 0.0100 0.0100 0.0100 0.0100 0.0100 0.0100 0.0100 0.0100 0.0100 0.0100 0.0100 0.0100 0.0100 0.0100 0.0100 0.0100 0.0100 0.0100 0.0200 0.0100 0.0100 0.0100 0.0100 0.0100 0.0100 0.0100 0.0100 0.0100 0.0100 0.0100 0.0100 0.0100 0.0100 0.0100 0.0100 0.0100 0.0200 0.0100 0.0100 0.0100 0.0100 0.0100 0.0100 0.0100 0.0100 0.0200 0.0100 0.0100 0.0100 0.0100 0.0100 0.0100 0.0200 0.0100 0.0100 0.0100 0.0100 0.0200 0.0100 0.0100 0.0200 0.0100 0.0300 0.0100 0.0100 0.0100 0.0100 0.0200 0.0100 0.0100 0.0100 0.0100 0.0200 0.0100 0.0100 0.0100 0.0100 0.0100 0.0100 0.0100 0.0100 0.0100 0.0100 0.0100 0.0100 0.0100 0.0100 0.0100 0.0100 0.0100 0.0100 0.0100 0.0100 0.0100 0.0100 0.0100 0.0100 0.0100 0.0100 0.0100 0.0200 0.0100 0.0100 0.0100 0.0100 0.0100 0.0100 0.0100 0.0100 0.0100 0.0100 0.0100
0.0100 0.0100 0.0100 0.0100 0.0100 0.0100 0.0100 0.0100 0.0100 0.0100 0.0100 0.0100 0.0100 0.0100 0.0100 0.0100 0.0100 0.0100 0.0100 0.0100 0.0100 0.0100 0.0100 0.0100 0.0100 0.0100 0.0100 0.0100 0.0100 0.0100 0.0100 0.0100 0.0100 0.0100 0.0100 0.0100 0.0100 0.0100 0.0100 0.0100 0.0100 0.0200 0.0100 0.0100 0.0100 0.0100 0.0100 0.0100 0.0100 0.0100 0.0100 0.0100 0.0100 0.0100 0.0100 0.0100 0.0100 0.0100 0.0100 0.0100 0.0100 0.0100 0.0100 0.0100 0.0100 0.0100 0.0100 0.0100 0.0100 0.0100 0.0100 0.0100 0.0100 0.0100 0.0100 0.0100 0.0100 0.0100 0.0100 0.0100 0.0100 0.0100 0.0100 0.0100 0.0100 0.0100 0.0100 0.0100 0.0100 0.0100 0.0100 0.0100 0.0100 0.0100 0.0100 0.0100 0.0100 0.0100 0.0100 0.0100 0.0100 0.0100 0.0100 0.0100 0.0100 0.0100 0.0200 0.0100 0.0100 0.0100 0.0100 0.0100 0.0100 0.0100 0.0100 0.0100 0.0100 0.0100 0.0100 0.0100 0.0100 0.0100 0.0100 0.0100 0.0200 0.0100 0.0100 0.0100 0.0100 0.0100 0.0100 0.0100 0.0100 0.0200 0.0100 0.0100 0.0100 0.0100 0.0100 0.0100 0.0200 0.0100 0.0100 0.0100 0.0100 0.0200 0.0100 0.0100 0.0200 0.0100 0.0300 0.0100 0.0100 0.0100 0.0100 0.0200 0.0100 0.0100 0.0100 0.0100 0.0200 0.0100 0.0100 0.0100 0.0100 0.0100 0.0100 0.0100 0.0100 0.0100 0.0100 0.0100 0.0100 0.0100 0.0100 0.0100 0.0100 0.0100 0.0100 0.0100 0.0100 0.0100 0.0100 0.0100 0.0100 0.0100 0.0100 0.0100 0.0200 0.0100 0.0100 0.0100 0.0100 0.0100 0.0100 0.0100 0.0100 0.0100 0.0100 0.0100
0.0100 0.0100 0.0100 0.0100 0.0100 0.0100 0.0100 0.0100 0.0100 0.0123 0.0100 0.0100 0.0100 0.0100 0.0100 0.0100 0.0100 0.0100 0.0109 0.0100 0.0100 0.0100 0.0100 0.0100 0.0100 0.0100 0.0100 0.0100 0.0100 0.0100 0.0100 0.0100 0.0135 0.0100 0.0100 0.0100 0.0100 0.0133 0.0100 0.0100 0.0100 0.0300 0.0100 0.0100 0.0100 0.0100 0.0100 0.0100 0.0100 0.0100 0.0100 0.0100 0.0100 0.0100 0.0100 0.0100 0.0100 0.0100 0.0100 0.0100 0.0100 0.0100 0.0100 0.0100 0.0100 0.0100 0.0100 0.0100 0.0100 0.0100 0.0100 0.0100 0.0100 0.0100 0.0100 0.0100 0.0100 0.0100 0.0100 0.0100 0.0100 0.0100 0.0100 0.0100 0.0100 0.0100 0.0100 0.0100 0.0100 0.0100 0.0100 0.0100 0.0100 0.0100 0.0100 0.0100 0.0100 0.0100 0.0100 0.0100 0.0100 0.0100 0.0100 0.0100 0.0100 0.0100 0.0200 0.0100 0.0100 0.0100 0.0100 0.0100 0.0100 0.0100 0.0100 0.0100 0.0100 0.0100 0.0100 0.0100 0.0100 0.0100 0.0100 0.0100 0.0200 0.0100 0.0100 0.0100 0.0100 0.0100 0.0100 0.0100 0.0100 0.0200 0.0100 0.0100 0.0100 0.0100 0.0100 0.0100 0.0200 0.0100 0.0100 0.0100 0.0100 0.0200 0.0100 0.0100 0.0200 0.0100 0.0300 0.0100 0.0100 0.0100 0.0100 0.0200 0.0100 0.0100 0.0379 0.0100 0.0200 0.0100 0.0100 0.0100 0.0100 0.0100 0.0100 0.0100 0.0100 0.0100 0.0100 0.0100 0.0100 0.0100 0.0100 0.0100 0.0100 0.0100 0.0100 0.0100 0.0100 0.0100 0.0100 0.0100 0.0100 0.0100 0.0100 0.0100 0.0200 0.0100 0.0100 0.0100 0.0100 0.0100 0.0100 0.0100 0.0100 0.0100 0.0100 0.0100
0.1747 0.0100 0.0837 0.1784 0.0100 0.2913 0.2328 0.1467 0.0100 0.3418 0.0100 0.0899 0.0100 0.0100 0.0100 0.8698 0.1221 0.0338 0.3020 1.4265 0.0100 0.0100 0.2896 0.7951 0.0100 0.0100 0.2202 0.0100 0.0100 0.1101 0.6369 0.0100 0.3743 0.0100 1.0866 0.0100 0.2181 0.3693 0.2745 0.0100 0.0479 0.5668 0.0100 0.3593 0.3593 0.3947 0.0100 0.4715 0.1622 0.0100 0.0100 0.0100 0.0100 0.0100 0.1378 0.2101 0.0100 0.0954 0.5002 0.1514 0.1650 0.2295 0.1598 0.0934 0.0809 0.5186 0.6880 0.0188 0.1621 0.1710 0.1993 0.1948 0.0456 0.3219 0.2074 0.1319 0.0100 0.1546 0.0892 0.1841 0.2755 0.2178 0.3019 0.2457 0.0100 0.0100 0.1350 0.0100 0.1141 0.0100 0.3317 0.4765 0.3279 0.2138 0.0100 0.0203 0.0894 0.2043 0.1115 0.1662 0.1932 0.1310 0.0165 0.0133 0.5995 0.1151 0.4248 0.0966 0.1144 0.0186 0.1390 0.7686 0.0117 0.1096 0.0100 0.0100 0.0250 0.0727 0.0785 0.0100 0.0968 0.0100 0.0302 0.0801 0.3005 0.0100 0.6794 0.0863 0.2833 0.0212 0.1783 0.0786 0.1875 0.2284 0.2587 0.0933 0.2370 0.0869 0.0601 0.1591 0.2136 0.0159 0.0383 0.0100 0.0114 0.1585 0.3918 0.0545 0.1489 0.1121 0.1747 0.1007 0.0202 0.1934 0.0532 0.1897 0.4229 0.0923 2.9595 0.0100 0.3947 0.0100 0.0841 0.0521 0.1146 0.2019 0.0760 0.0100 0.0108 0.1153 0.0896 0.0945 0.0100 0.1744 0.2029 0.1065 0.0269 0.0535 0.0866 0.1463 0.0100 0.0100 0.1525 0.0100 0.1703 0.0100 0.1195 0.0412 0.3995 0.1726 0.0471 0.1252 0.0781 0.0602 0.0696 0.1171 0.0745 0.0517 0.1191 0.0733
0.0393 0.0100 0.0188 0.0401 0.0100 0.0100 0.0523 0.0330 0.0100 0.0768 0.0100 0.0202 0.0100 0.0100 0.0100 0.0289 0.0274 0.0100 0.0678 0.0474 0.0100 0.0100 0.0100 0.0264 0.0100 0.0100 0.0495 0.0100 0.0100 0.0247 0.0212 0.0100 0.0841 0.0100 0.0361 0.0100 0.0490 0.0830 0.0617 0.0100 0.0108 0.1351 0.0100 0.0119 0.0119 0.0131 0.0100 0.0157 0.0100 0.0100 0.0100 0.0100 0.0100 0.0100 0.0100 0.0472 0.0100 0.0214 0.0166 0.0100 0.0100 0.0100 0.0359 0.0210 0.0182 0.0172 0.0229 0.0100 0.0100 0.0166 0.0448 0.0438 0.0100 0.0107 0.0100 0.0100 0.0100 0.0150 0.0100 0.0100 0.0100 0.0100 0.0100 0.0100 0.0100 0.0100 0.0131 0.0100 0.0111 0.0100 0.0110 0.0158 0.0109 0.0100 0.0100 0.0100 0.0100 0.0100 0.0100 0.0161 0.0187 0.0127 0.0100 0.0100 0.0199 0.0100 0.0270 0.0100 0.0111 0.0100 0.0100 0.0255 0.0100 0.0100 0.0100 0.0100 0.0100 0.0100 0.0100 0.0100 0.0100 0.0100 0.0100 0.0100 0.0200 0.0100 0.0278 0.0100 0.0274 0.0100 0.0173 0.0100 0.0100 0.0200 0.0106 0.0100 0.0100 0.0100 0.0100 0.0100 0.0200 0.0100 0.0100 0.0100 0.0100 0.0213 0.0379 0.0100 0.0200 0.0100 0.0300 0.0100 0.0100 0.0187 0.0100 0.0274 0.0410 0.0100 0.2370 0.0100 0.0266 0.0100 0.0100 0.0100 0.0100 0.0100 0.0100 0.0100 0.0100 0.0100 0.0100 0.0100 0.0100 0.0169 0.0197 0.0100 0.0100 0.0100 0.0100 0.0100 0.0100 0.0100 0.0148 0.0100 0.0165 0.0100 0.0100 0.0100 0.0208 0.0100 0.0100 0.0121 0.0100 0.0100 0.0100 0.0113 0.0100 0.0100 0.0100 0.0100
0.0273 0.0100 0.0131 0.0279 0.0100 0.0455 0.0364 0.0229 0.0100 0.0534 0.0100 0.0140 0.0100 0.0100 0.0100 0.1359 0.0191 0.0100 0.0472 0.2228 0.0100 0.0100 0.0452 0.1242 0.0100 0.0100 0.0344 0.0100 0.0100 0.0172 0.0995 0.0100 0.0585 0.0100 0.1698 0.0100 0.0341 0.0577 0.0429 0.0100 0.0100 0.0970 0.0100 0.0561 0.0561 0.0617 0.0100 0.0736 0.0253 0.0100 0.0100 0.0100 0.0100 0.0100 0.0215 0.0328 0.0100 0.0149 0.0781 0.0237 0.0258 0.0358 0.0250 0.0146 0.0126 0.0810 0.1075 0.0100 0.0253 0.0267 0.0311 0.0304 0.0100 0.0503 0.0324 0.0206 0.0100 0.0242 0.0139 0.0288 0.0430 0.0340 0.0472 0.0384 0.0100 0.0100 0.0211 0.0100 0.0178 0.0100 0.0518 0.0744 0.0512 0.0334 0.0100 0.0100 0.0140 0.0319 0.0174 0.0260 0.0302 0.0205 0.0100 0.0100 0.0936 0.0180 0.0748 0.0151 0.0179 0.0100 0.0217 0.1201 0.0100 0.0171 0.0100 0.0100 0.0100 0.0114 0.0123 0.0100 0.0151 0.0100 0.0100 0.0125 0.0469 0.0100 0.1061 0.0135 0.0442 0.0100 0.0278 0.0123 0.0293 0.0357 0.0404 0.0146 0.0370 0.0136 0.0100 0.0249 0.0418 0.0100 0.0100 0.0100 0.0100 0.0282 0.0612 0.0100 0.0317 0.0175 0.0442 0.0157 0.0100 0.0302 0.0100 0.0381 0.0661 0.0144 0.4623 0.0100 0.0617 0.0100 0.0131 0.0100 0.0179 0.0315 0.0119 0.0100 0.0100 0.0180 0.0140 0.0148 0.0100 0.0272 0.0317 0.0166 0.0100 0.0100 0.0135 0.0228 0.0100 0.0100 0.0238 0.0100 0.0266 0.0100 0.0187 0.0100 0.0624 0.0270 0.0100 0.0196 0.0122 0.0100 0.0109 0.0183 0.0116 0.0100 0.0186 0.0115
0.6081 0.0100 0.2913 0.6209 0.0100 0.1500 0.8101 0.5104 0.0100 1.1896 0.0100 0.3129 0.0100 0.0100 0.0100 0.4478 0.4250 0.0174 1.0510 0.7344 0.0100 0.0100 0.1491 0.4093 0.0100 0.0100 0.7661 0.0100 0.0100 0.3833 0.3278 0.0100 1.3027 0.0100 0.5594 0.0100 0.7590 1.2852 0.9552 0.0100 0.1668 1.9477 0.0100 0.1850 0.1850 0.2032 0.0100 0.2427 0.0835 0.0100 0.0100 0.0100 0.0100 0.0100 0.0873 0.7312 0.0100 0.3319 0.2575 0.0779 0.0849 0.1454 0.5562 0.3250 0.2814 0.2670 0.3542 0.0119 0.1027 0.2566 0.6934 0.6779 0.0235 0.1657 0.1313 0.0835 0.0100 0.2320 0.1338 0.0948 0.1418 0.1121 0.1554 0.1556 0.0100 0.0100 0.2026 0.0100 0.1712 0.0100 0.1707 0.2453 0.1688 0.1100 0.0100 0.0105 0.0566 0.1294 0.0706 0.2494 0.2899 0.1966 0.0100 0.0100 0.3086 0.0729 0.2727 0.0612 0.1717 0.0279 0.0881 0.3957 0.0100 0.0694 0.0100 0.0100 0.0159 0.1091 0.1177 0.0100 0.0613 0.0100 0.0155 0.0508 0.1903 0.0100 0.4304 0.1294 0.4250 0.0318 0.2675 0.0498 0.1188 0.1447 0.1638 0.0591 0.1501 0.0550 0.0901 0.1008 0.1390 0.0101 0.0575 0.0100 0.0171 0.2378 0.5879 0.0345 0.0980 0.0710 0.1180 0.0638 0.0128 0.2902 0.0798 0.2796 0.6345 0.1384 3.6715 0.0100 0.3636 0.0100 0.0533 0.0330 0.0726 0.1279 0.0481 0.0100 0.0163 0.1309 0.1017 0.0599 0.0100 0.2617 0.3045 0.1208 0.0306 0.0607 0.0548 0.0927 0.0100 0.0100 0.2288 0.0100 0.2555 0.0100 0.1356 0.0467 0.2530 0.1093 0.0706 0.1879 0.1172 0.0904 0.1043 0.1756 0.0845 0.0587 0.1352 0.1100
0.1887 0.0100 0.0904 0.1926 0.0100 0.3145 0.2514 0.1584 0.0100 0.3691 0.0100 0.0971 0.0100 0.0100 0.0100 0.9392 0.1319 0.0365 0.3261 1.5402 0.0100 0.0100 0.3126 0.8585 0.0100 0.0100 0.2377 0.0100 0.0100 0.1189 0.6876 0.0100 0.4042 0.0100 1.1732 0.0100 0.2355 0.3987 0.2964 0.0100 0.0517 0.6112 0.0100 0.3880 0.3879 0.4262 0.0100 0.5090 0.1751 0.0100 0.0100 0.0100 0.0100 0.0100 0.1488 0.2269 0.0100 0.1030 0.5400 0.1635 0.1782 0.2478 0.1726 0.1008 0.0873 0.5599 0.7428 0.0204 0.1750 0.1847 0.2151 0.2103 0.0492 0.3475 0.2239 0.1424 0.0100 0.1669 0.0963 0.1988 0.2974 0.2352 0.3259 0.2652 0.0100 0.0100 0.1458 0.0100 0.1232 0.0100 0.3581 0.5144 0.3540 0.2308 0.0100 0.0220 0.0965 0.2206 0.1203 0.1795 0.2086 0.1415 0.0179 0.0144 0.6472 0.1242 0.4579 0.1043 0.1235 0.0201 0.1501 0.8298 0.0126 0.1183 0.0100 0.0100 0.0270 0.0785 0.0847 0.0100 0.1046 0.0100 0.0326 0.0865 0.3244 0.0100 0.7336 0.0931 0.3058 0.0229 0.1925 0.0849 0.2024 0.2466 0.2793 0.1007 0.2559 0.0938 0.0648 0.1718 0.2298 0.0172 0.0414 0.0100 0.0123 0.1712 0.4231 0.0589 0.1599 0.1211 0.1870 0.1088 0.0219 0.2088 0.0574 0.2040 0.4566 0.0996 3.1953 0.0100 0.4262 0.0100 0.0908 0.0563 0.1237 0.2180 0.0820 0.0100 0.0117 0.1245 0.0968 0.1021 0.0100 0.1883 0.2191 0.1150 0.0291 0.0578 0.0935 0.1579 0.0100 0.0100 0.1646 0.0100 0.1839 0.0100 0.1290 0.0444 0.4313 0.1863 0.0508 0.1352 0.0843 0.0651 0.0751 0.1264 0.0804 0.0558 0.1286 0.0792
0.0100 0.0100 0.0100 0.0100 0.0100 0.0100 0.0100 0.0100 0.0100 0.0100 0.0100 0.0100 0.0100 0.0100 0.0100 0.0104 0.0100 0.0100 0.0100 0.0170 0.0100 0.0100 0.0100 0.0100 0.0100 0.0100 0.0100 0.0100 0.0100 0.0100 0.0100 0.0100 0.0100 0.0100 0.0130 0.0100 0.0100 0.0100 0.0100 0.0100 0.0100 0.0200 0.0100 0.0100 0.0100 0.0100 0.0100 0.0100 0.0100 0.0100 0.0100 0.0100 0.0100 0.0100 0.0100 0.0100 0.0100 0.0100 0.0100 0.0100 0.0100 0.0100 0.0100 0.0100 0.0100 0.0100 0.0100 0.0100 0.0100 0.0100 0.0100 0.0100 0.0100 0.0100 0.0100 0.0100 0.0100 0.0100 0.0100 0.0100 0.0100 0.0100 0.0100 0.0100 0.0100 0.0100 0.0100 0.0100 0.0100 0.0100 0.0100 0.0100 0.0100 0.0100 0.0100 0.0100 0.0100 0.0100 0.0100 0.0100 0.0100 0.0100 0.0100 0.0100 0.0100 0.0100 0.0200 0.0100 0.0100 0.0100 0.0100 0.0100 0.0100 0.0100 0.0100 0.0100 0.0100 0.0100 0.0100 0.0100 0.0100 0.0100 0.0100 0.0100 0.0200 0.0100 0.0100 0.0100 0.0100 0.0100 0.0100 0.0100 0.0100 0.0200 0.0100 0.0100 0.0100 0.0100 0.0100 0.0100 0.0200 0.0100 0.0100 0.0100 0.0100 0.0200 0.0100 0.0100 0.0200 0.0100 0.0300 0.0100 0.0100 0.0100 0.0100 0.0200 0.0100 0.0100 0.0353 0.0100 0.0200 0.0100 0.0100 0.0100 0.0100 0.0100 0.0100 0.0100 0.0100 0.0100 0.0100 0.0100 0.0100 0.0100 0.0100 0.0100 0.0100 0.0100 0.0100 0.0100 0.0100 0.0100 0.0100 0.0100 0.0100 0.0100 0.0100 0.0100 0.0200 0.0100 0.0100 0.0100 0.0100 0.0100 0.0100 0.0100 0.0100 0.0100 0.0100 0.0100
0.0100 0.0100 0.0100 0.0100 0.0100 0.0100 0.0100 0.0100 0.0100 0.0100 0.0100 0.0100 0.0100 0.0100 0.0100 0.0100 0.0100 0.0100 0.0100 0.0100 0.0100 0.0100 0.0100 0.0100 0.0100 0.0100 0.0100 0.0100 0.0100 0.0100 0.0100 0.0100 0.0100 0.0100 0.0100 0.0100 0.0100 0.0100 0.0100 0.0100 0.0100 0.0200 0.0100 0.0100 0.0100 0.0100 0.0100 0.0100 0.0100 0.0100 0.0100 0.0100 0.0100 0.0100 0.0100 0.0100 0.0100 0.0100 0.0100 0.0100 0.0100 0.0100 0.0100 0.0100 0.0100 0.0100 0.0100 0.0100 0.0100 0.0100 0.0100 0.0100 0.0100 0.0100 0.0100 0.0100 0.0100 0.0100 0.0100 0.0100 0.0100 0.0100 0.0100 0.0100 0.0100 0.0100 0.0100 0.0100 0.0100 0.0100 0.0100 0.0100 0.0100 0.0100 0.0100 0.0100 0.0100 0.0100 0.0100 0.0100 0.0100 0.0100 0.0100 0.0100 0.0100 0.0100 0.0200 0.0100 0.0100 0.0100 0.0100 0.0100 0.0100 0.0100 0.0100 0.0100 0.0100 0.0100 0.0100 0.0100 0.0100 0.0100 0.0100 0.0100 0.0200 0.0100 0.0100 0.0100 0.0100 0.0100 0.0100 0.0100 0.0100 0.0200 0.0100 0.0100 0.0100 0.0100 0.0100 0.0100 0.0200 0.0100 0.0100 0.0100 0.0100 0.0200 0.0100 0.0100 0.0200 0.0100 0.0300 0.0100 0.0100 0.0100 0.0100 0.0200 0.0100 0.0100 0.0100 0.0100 0.0200 0.0100 0.0100 0.0100 0.0100 0.0100 0.0100 0.0100 0.0100 0.0100 0.0100 0.0100 0.0100 0.0100 0.0100 0.0100 0.0100 0.0100 0.0100 0.0100 0.0100 0.0100 0.0100 0.0100 0.0100 0.0100 0.0100 0.0100 0.0200 0.0100 0.0100 0.0100 0.0100 0.0100 0.0100 0.0100 0.0100 0.0100 0.0100 0.0100
0.0152 0.0100 0.0100 0.0155 0.0100 0.0254 0.0203 0.0128 0.0100 0.0298 0.0100 0.0100 0.0100 0.0100 0.0100 0.0757 0.0106 0.0100 0.0263 0.1242 0.0100 0.0100 0.0252 0.0692 0.0100 0.0100 0.0192 0.0100 0.0100 0.0100 0.0554 0.0100 0.0326 0.0100 0.0946 0.0100 0.0190 0.0322 0.0239 0.0100 0.0100 0.0585 0.0100 0.0313 0.0313 0.0344 0.0100 0.0411 0.0141 0.0100 0.0100 0.0100 0.0100 0.0100 0.0120 0.0183 0.0100 0.0100 0.0435 0.0132 0.0144 0.0200 0.0139 0.0100 0.0100 0.0452 0.0599 0.0100 0.0141 0.0149 0.0174 0.0170 0.0100 0.0280 0.0181 0.0115 0.0100 0.0135 0.0100 0.0160 0.0240 0.0190 0.0263 0.0214 0.0100 0.0100 0.0118 0.0100 0.0100 0.0100 0.0289 0.0415 0.0285 0.0186 0.0100 0.0100 0.0100 0.0178 0.0100 0.0145 0.0168 0.0114 0.0100 0.0100 0.0522 0.0100 0.0461 0.0100 0.0100 0.0100 0.0121 0.0669 0.0100 0.0100 0.0100 0.0100 0.0100 0.0100 0.0100 0.0100 0.0100 0.0100 0.0100 0.0100 0.0262 0.0100 0.0592 0.0100 0.0247 0.0100 0.0155 0.0100 0.0163 0.0204 0.0225 0.0100 0.0206 0.0100 0.0100 0.0138 0.0277 0.0100 0.0100 0.0100 0.0100 0.0201 0.0341 0.0100 0.0221 0.0100 0.0335 0.0100 0.0100 0.0168 0.0100 0.0256 0.0368 0.0100 0.2577 0.0100 0.0344 0.0100 0.0100 0.0100 0.0100 0.0176 0.0100 0.0100 0.0100 0.0100 0.0100 0.0100 0.0100 0.0152 0.0177 0.0100 0.0100 0.0100 0.0100 0.0127 0.0100 0.0100 0.0133 0.0100 0.0148 0.0100 0.0104 0.0100 0.0348 0.0150 0.0100 0.0109 0.0100 0.0100 0.0100 0.0102 0.0100 0.0100 0.0104 0.0100
0.0806 0.0100 0.0386 0.0823 0.0100 0.1344 0.1074 0.0677 0.0100 0.1577 0.0100 0.0415 0.0100 0.0100 0.0100 0.4012 0.0563 0.0156 0.1393 0.6580 0.0100 0.0100 0.1336 0.3668 0.0100 0.0100 0.1015 0.0100 0.0100 0.0508 0.2938 0.0100 0.1727 0.0100 0.5012 0.0100 0.1006 0.1703 0.1266 0.0100 0.0221 0.2668 0.0100 0.1657 0.1657 0.1821 0.0100 0.2175 0.0748 0.0100 0.0100 0.0100 0.0100 0.0100 0.0636 0.0969 0.0100 0.0440 0.2307 0.0698 0.0761 0.1059 0.0737 0.0431 0.0373 0.2392 0.3173 0.0100 0.0748 0.0789 0.0919 0.0898 0.0210 0.1485 0.0956 0.0608 0.0100 0.0713 0.0411 0.0849 0.1271 0.1005 0.1392 0.1133 0.0100 0.0100 0.0623 0.0100 0.0526 0.0100 0.1530 0.2198 0.1512 0.0986 0.0100 0.0100 0.0412 0.0942 0.0514 0.0767 0.0891 0.0604 0.0100 0.0100 0.2765 0.0531 0.2013 0.0445 0.0528 0.0100 0.0641 0.3545 0.0100 0.0505 0.0100 0.0100 0.0115 0.0336 0.0362 0.0100 0.0447 0.0100 0.0139 0.0370 0.1386 0.0100 0.3134 0.0398 0.1307 0.0100 0.0822 0.0362 0.0865 0.1053 0.1193 0.0430 0.1093 0.0401 0.0277 0.0734 0.1039 0.0100 0.0177 0.0100 0.0100 0.0731 0.1807 0.0251 0.0741 0.0517 0.0914 0.0465 0.0100 0.0892 0.0245 0.0929 0.1951 0.0425 1.3651 0.0100 0.1821 0.0100 0.0388 0.0240 0.0529 0.0931 0.0350 0.0100 0.0100 0.0532 0.0413 0.0436 0.0100 0.0804 0.0936 0.0491 0.0124 0.0247 0.0399 0.0675 0.0100 0.0100 0.0703 0.0100 0.0785 0.0100 0.0551 0.0190 0.1842 0.0796 0.0217 0.0578 0.0360 0.0278 0.0321 0.0540 0.0344 0.0238 0.0549 0.0338
0.0100 0.0100 0.0100 0.0100 0.0100 0.0100 0.0100 0.0100 0.0100 0.0100 0.0100 0.0100 0.0100 0.0100 0.0100 0.0100 0.0100 0.0100 0.0100 0.0100 0.0100 0.0100 0.0100 0.0100 0.0100 0.0100 0.0100 0.0100 0.0100 0.0100 0.0100 0.0100 0.0100 0.0100 0.0100 0.0100 0.0100 0.0100 0.0100 0.0100 0.0100 0.0200 0.0100 0.0100 0.0100 0.0100 0.0100 0.0100 0.0100 0.0100 0.0100 0.0100 0.0100 0.0100 0.0100 0.0100 0.0100 0.0100 0.0100 0.0100 0.0100 0.0100 0.0100 0.0100 0.0100 0.0100 0.0100 0.0100 0.0100 0.0100 0.0100 0.0100 0.0100 0.0100 0.0100 0.0100 0.0100 0.0100 0.0100 0.0100 0.0100 0.0100 0.0100 0.0100 0.0100 0.0100 0.0100 0.0100 0.0100 0.0100 0.0100 0.0100 0.0100 0.0100 0.0100 0.0100 0.0100 0.0100 0.0100 0.0100 0.0100 0.0100 0.0100 0.0100 0.0100 0.0100 0.0200 0.0100 0.0100 0.0100 0.0100 0.0100 0.0100 0.0100 0.0100 0.0100 0.0100 0.0100 0.0100 0.0100 0.0100 0.0100 0.0100 0.0100 0.0200 0.0100 0.0100 0.0100 0.0100 0.0100 0.0100 0.0100 0.0100 0.0200 0.0100 0.0100 0.0100 0.0100 0.0100 0.0100 0.0200 0.0100 0.0100 0.0100 0.0100 0.0200 0.0100 0.0100 0.0200 0.0100 0.0300 0.0100 0.0100 0.0100 0.0100 0.0200 0.0100 0.0100 0.0100 0.0100 0.0200 0.0100 0.0100 0.0100 0.0100 0.0100 0.0100 0.0100 0.0100 0.0100 0.0100 0.0100 0.0100 0.0100 0.0100 0.0100 0.0100 0.0100 0.0100 0.0100 0.0100 0.0100 0.0100 0.0100 0.0100 0.0100 0.0100 0.0100 0.0200 0.0100 0.0100 0.0100 0.0100 0.0100 0.0100 0.0100 0.0100 0.0100 0.0100 0.0100
0.0100 0.0100 0.0100 0.0100 0.0100 0.0100 0.0100 0.0100 0.0100 0.0100 0.0100 0.0100 0.0100 0.0100 0.0100 0.0100 0.0100 0.0100 0.0100 0.0100 0.0100 0.0100 0.0100 0.0100 0.0100 0.0100 0.0100 0.0100 0.0100 0.0100 0.0100 0.0100 0.0100 0.0100 0.0100 0.0100 0.0100 0.0100 0.0100 0.0100 0.0100 0.0200 0.0100 0.0100 0.0100 0.0100 0.0100 0.0100 0.0100 0.0100 0.0100 0.0100 0.0100 0.0100 0.0100 0.0100 0.0100 0.0100 0.0100 0.0100 0.0100 0.0100 0.0100 0.0100 0.0100 0.0100 0.0100 0.0100 0.0100 0.0100 0.0100 0.0100 0.0100 0.0100 0.0100 0.0100 0.0100 0.0100 0.0100 0.0100 0.0100 0.0100 0.0100 0.0100 0.0100 0.0100 0.0100 0.0100 0.0100 0.0100 0.0100 0.0100 0.0100 0.0100 0.0100 0.0100 0.0100 0.0100 0.0100 0.0100 0.0100 0.0100 0.0100 0.0100 0.0100 0.0100 0.0200 0.0100 0.0100 0.0100 0.0100 0.0100 0.0100 0.0100 0.0100 0.0100 0.0100 0.0100 0.0100 0.0100 0.0100 0.0100 0.0100 0.0100 0.0200 0.0100 0.0100 0.0100 0.0100 0.0100 0.0100 0.0100 0.0100 0.0200 0.0100 0.0100 0.0100 0.0100 0.0100 0.0100 0.0200 0.0100 0.0100 0.0100 0.0100 0.0200 0.0100 0.0100 0.0200 0.0100 0.0300 0.0100 0.0100 0.0100 0.0100 0.0200 0.0100 0.0100 0.0100 0.0100 0.0200 0.0100 0.0100 0.0100 0.0100 0.0100 0.0100 0.0100 0.0100 0.0100 0.0100 0.0100 0.0100 0.0100 0.0100 0.0100 0.0100 0.0100 0.0100 0.0100 0.0100 0.0100 0.0100 0.0100 0.0100 0.0100 0.0100 0.0100 0.0200 0.0100 0.0100 0.0100 0.0100 0.0100 0.0100 0.0100 0.0100 0.0100 0.0100 0.0100
1.7539 0.0100 0.8402 1.7907 0.0100 0.4325 2.3366 1.4722 0.0100 3.4308 0.0100 0.9025 0.0100 0.0100 0.0100 1.2915 1.2258 0.0501 3.0311 2.1181 0.0100 0.0100 0.4299 1.1806 0.0100 0.0100 2.2096 0.0100 0.0100 1.1055 0.9456 0.0100 3.7571 0.0100 1.6134 0.0100 2.1891 3.7066 2.7550 0.0100 0.4811 5.5985 0.0100 0.5335 0.5334 0.5861 0.0100 0.7000 0.2408 0.0100 0.0100 0.0100 0.0100 0.0100 0.2518 2.1090 0.0149 0.9573 0.7427 0.2248 0.2450 0.4193 1.6040 0.9374 0.8115 0.7700 1.0215 0.0344 0.2962 0.7400 1.9998 1.9552 0.0677 0.4779 0.3788 0.2410 0.0100 0.6691 0.3860 0.2734 0.4090 0.3235 0.4482 0.4488 0.0100 0.0100 0.5842 0.0100 0.4938 0.0100 0.4925 0.7074 0.4869 0.3174 0.0100 0.0302 0.1633 0.3732 0.2036 0.7192 0.8361 0.5670 0.0246 0.0198 0.8901 0.2102 0.7690 0.1765 0.4951 0.0804 0.2540 1.1411 0.0173 0.2002 0.0100 0.0100 0.0458 0.3148 0.3395 0.0147 0.1769 0.0113 0.0448 0.1464 0.5489 0.0100 1.2413 0.3733 1.2257 0.0917 0.7715 0.1436 0.3426 0.4173 0.4726 0.1704 0.4329 0.1587 0.2599 0.2906 0.3820 0.0291 0.1659 0.0100 0.0494 0.6859 1.6955 0.0996 0.2637 0.2048 0.3064 0.1840 0.0370 0.8369 0.2300 0.7875 1.8300 0.3992 10.5891 0.0100 1.0488 0.0100 0.1536 0.0953 0.2094 0.3689 0.1388 0.0100 0.0469 0.3775 0.2935 0.1727 0.0100 0.7548 0.8781 0.3486 0.0882 0.1752 0.1581 0.2672 0.0100 0.0100 0.6598 0.0100 0.7369 0.0100 0.3911 0.1347 0.7298 0.3153 0.2037 0.5418 0.3381 0.2607 0.3010 0.5065 0.2438 0.1692 0.3899 0.3173
0.0100 0.0100 0.0100 0.0100 0.0100 0.0100 0.0100 0.0100 0.0100 0.0100 0.0100 0.0100 0.0100 0.0100 0.0100 0.0100 0.0100 0.0100 0.0100 0.0100 0.0100 0.0100 0.0100 0.0100 0.0100 0.0100 0.0100 0.0100 0.0100 0.0100 0.0100 0.0100 0.0100 0.0100 0.0100 0.0100 0.0100 0.0100 0.0100 0.0100 0.0100 0.0200 0.0100 0.0100 0.0100 0.0100 0.0100 0.0100 0.0100 0.0100 0.0100 0.0100 0.0100 0.0100 0.0100 0.0100 0.0100 0.0100 0.0100 0.0100 0.0100 0.0100 0.0100 0.0100 0.0100 0.0100 0.0100 0.0100 0.0100 0.0100 0.0100 0.0100 0.0100 0.0100 0.0100 0.0100 0.0100 0.0100 0.0100 0.0100 0.0100 0.0100 0.0100 0.0100 0.0100 0.0100 0.0100 0.0100 0.0100 0.0100 0.0100 0.0100 0.0100 0.0100 0.0100 0.0100 0.0100 0.0100 0.0100 0.0100 0.0100 0.0100 0.0100 0.0100 0.0100 0.0100 0.0200 0.0100 0.0100 0.0100 0.0100 0.0100 0.0100 0.0100 0.0100 0.0100 0.0100 0.0100 0.0100 0.0100 0.0100 0.0100 0.0100 0.0100 0.0200 0.0100 0.0100 0.0100 0.0100 0.0100 0.0100 0.0100 0.0100 0.0200 0.0100 0.0100 0.0100 0.0100 0.0100 0.0100 0.0200 0.0100 0.0100 0.0100 0.0100 0.0200 0.0100 0.0100 0.0200 0.0100 0.0300 0.0100 0.0100 0.0100 0.0100 0.0200 0.0100 0.0100 0.0100 0.0100 0.0200 0.0100 0.0100 0.0100 0.0100 0.0100 0.0100 0.0100 0.0100 0.0100 0.0100 0.0100 0.0100 0.0100 0.0100 0.0100 0.0100 0.0100 0.0100 0.0100 0.0100 0.0100 0.0100 0.0100 0.0100 0.0100 0.0100 0.0100 0.0200 0.0100 0.0100 0.0100 0.0100 0.0100 0.0100 0.0100 0.0100 0.0100 0.0100 0.0100
0.0100 0.0100 0.0100 0.0100 0.0100 0.0100 0.0100 0.0100 0.0100 0.0100 0.0100 0.0100 0.0100 0.0100 0.0100 0.0100 0.0100 0.0100 0.0100 0.0100 0.0100 0.0100 0.0100 0.0100 0.0100 0.0100 0.0100 0.0100 0.0100 0.0100 0.0100 0.0100 0.0100 0.0100 0.0100 0.0100 0.0100 0.0100 0.0100 0.0100 0.0100 0.0200 0.0100 0.0100 0.0100 0.0100 0.0100 0.0100 0.0100 0.0100 0.0100 0.0100 0.0100 0.0100 0.0100 0.0100 0.0100 0.0100 0.0100 0.0100 0.0100 0.0100 0.0100 0.0100 0.0100 0.0100 0.0100 0.0100 0.0100 0.0100 0.0100 0.0100 0.0100 0.0100 0.0100 0.0100 0.0100 0.0100 0.0100 0.0100 0.0100 0.0100 0.0100 0.0100 0.0100 0.0100 0.0100 0.0100 0.0100 0.0100 0.0100 0.0100 0.0100 0.0100 0.0100 0.0100 0.0100 0.0100 0.0100 0.0100 0.0100 0.0100 0.0100 0.0100 0.0100 0.0100 0.0200 0.0100 0.0100 0.0100 0.0100 0.0100 0.0100 0.0100 0.0100 0.0100 0.0100 0.0100 0.0100 0.0100 0.0100 0.0100 0.0100 0.0100 0.0200 0.0100 0.0100 0.0100 0.0100 0.0100 0.0100 0.0100 0.0100 0.0200 0.0100 0.0100 0.0100 0.0100 0.0100 0.0100 0.0200 0.0100 0.0100 0.0100 0.0100 0.0200 0.0100 0.0100 0.0200 0.0100 0.0300 0.0100 0.0100 0.0100 0.0100 0.0200 0.0100 0.0100 0.0165 0.0100 0.0200 0.0100 0.0100 0.0100 0.0100 0.0100 0.0100 0.0100 0.0100 0.0100 0.0100 0.0100 0.0100 0.0100 0.0100 0.0100 0.0100 0.0100 0.0100 0.0100 0.0100 0.0100 0.0100 0.0100 0.0100 0.0100 0.0100 0.0100 0.0200 0.0100 0.0100 0.0100 0.0100 0.0100 0.0100 0.0100 0.0100 0.0100 0.0100 0.0100
0.0997 0.0100 0.0478 0.1018 0.0100 0.0246 0.1328 0.0837 0.0100 0.1950 0.0100 0.0513 0.0100 0.0100 0.0100 0.0734 0.0697 0.0100 0.1723 0.1204 0.0100 0.0100 0.0244 0.0671 0.0100 0.0100 0.1256 0.0100 0.0100 0.0628 0.0537 0.0100 0.2135 0.0100 0.0917 0.0100 0.1244 0.2107 0.1566 0.0100 0.0273 0.3276 0.0100 0.0303 0.0303 0.0333 0.0100 0.0398 0.0137 0.0100 0.0100 0.0100 0.0100 0.0100 0.0143 0.1199 0.0100 0.0544 0.0422 0.0128 0.0139 0.0238 0.0912 0.0533 0.0461 0.0438 0.0581 0.0100 0.0168 0.0421 0.1137 0.1111 0.0100 0.0272 0.0215 0.0137 0.0100 0.0380 0.0219 0.0155 0.0232 0.0184 0.0255 0.0255 0.0100 0.0100 0.0332 0.0100 0.0281 0.0100 0.0280 0.0402 0.0277 0.0180 0.0100 0.0100 0.0100 0.0212 0.0116 0.0409 0.0475 0.0322 0.0100 0.0100 0.0506 0.0119 0.0531 0.0100 0.0281 0.0100 0.0144 0.0649 0.0100 0.0114 0.0100 0.0100 0.0100 0.0179 0.0193 0.0100 0.0100 0.0100 0.0100 0.0100 0.0312 0.0100 0.0706 0.0212 0.0697 0.0100 0.0439 0.0100 0.0195 0.0237 0.0268 0.0100 0.0246 0.0100 0.0148 0.0165 0.0311 0.0100 0.0100 0.0100 0.0100 0.0390 0.0964 0.0100 0.0244 0.0116 0.0361 0.0105 0.0100 0.0476 0.0131 0.0542 0.1040 0.0227 0.6019 0.0100 0.0596 0.0100 0.0100 0.0100 0.0119 0.0210 0.0100 0.0100 0.0100 0.0215 0.0167 0.0100 0.0100 0.0429 0.0499 0.0198 0.0100 0.0100 0.0100 0.0152 0.0100 0.0100 0.0375 0.0100 0.0419 0.0100 0.0222 0.0100 0.0415 0.0179 0.0116 0.0308 0.0192 0.0148 0.0171 0.0288 0.0138 0.0100 0.0222 0.0180
0.0466 0.0100 0.0223 0.0476 0.0100 0.0777 0.0621 0.0391 0.0100 0.0911 0.0100 0.0240 0.0100 0.0100 0.0100 0.2319 0.0326 0.0100 0.0805 0.3803 0.0100 0.0100 0.0772 0.2120 0.0100 0.0100 0.0587 0.0100 0.0100 0.0294 0.1698 0.0100 0.0998 0.0100 0.2897 0.0100 0.0582 0.0985 0.0732 0.0100 0.0128 0.1585 0.0100 0.0958 0.0958 0.1052 0.0100 0.1257 0.0432 0.0100 0.0100 0.0100 0.0100 0.0100 0.0367 0.0560 0.0100 0.0254 0.1333 0.0404 0.0440 0.0612 0.0426 0.0249 0.0215 0.1383 0.1834 0.0100 0.0432 0.0456 0.0531 0.0519 0.0121 0.0858 0.0553 0.0352 0.0100 0.0412 0.0238 0.0491 0.0735 0.0581 0.0805 0.0655 0.0100 0.0100 0.0360 0.0100 0.0304 0.0100 0.0884 0.1270 0.0874 0.0570 0.0100 0.0100 0.0238 0.0545 0.0297 0.0443 0.0515 0.0349 0.0100 0.0100 0.1598 0.0307 0.1206 0.0257 0.0305 0.0100 0.0371 0.2049 0.0100 0.0292 0.0100 0.0100 0.0100 0.0194 0.0209 0.0100 0.0258 0.0100 0.0100 0.0214 0.0801 0.0100 0.1812 0.0230 0.0755 0.0100 0.0475 0.0209 0.0500 0.0609 0.0690 0.0249 0.0632 0.0232 0.0160 0.0424 0.0643 0.0100 0.0102 0.0100 0.0100 0.0423 0.1045 0.0145 0.0470 0.0299 0.0612 0.0269 0.0100 0.0516 0.0142 0.0579 0.1128 0.0246 0.7891 0.0100 0.1052 0.0100 0.0224 0.0139 0.0306 0.0538 0.0203 0.0100 0.0100 0.0307 0.0239 0.0252 0.0100 0.0465 0.0541 0.0284 0.0100 0.0143 0.0231 0.0390 0.0100 0.0100 0.0406 0.0100 0.0454 0.0100 0.0319 0.0110 0.1065 0.0460 0.0126 0.0334 0.0208 0.0161 0.0185 0.0312 0.0199 0.0138 0.0318 0.0196
0.0100 0.0100 0.0100 0.0100 0.0100 0.0100 0.0100 0.0100 0.0100 0.0100 0.0100 0.0100 0.0100 0.0100 0.0100 0.0100 0.0100 0.0100 0.0100 0.0100 0.0100 0.0100 0.0100 0.0100 0.0100 0.0100 0.0100 0.0100 0.0100 0.0100 0.0100 0.0100 0.0100 0.0100 0.0100 0.0100 0.0100 0.0100 0.0100 0.0100 0.0100 0.0200 0.0100 0.0100 0.0100 0.0100 0.0100 0.0100 0.0100 0.0100 0.0100 0.0100 0.0100 0.0100 0.0100 0.0100 0.0100 0.0100 0.0100 0.0100 0.0100 0.0100 0.0100 0.0100 0.0100 0.0100 0.0100 0.0100 0.0100 0.0100 0.0100 0.0100 0.0100 0.0100 0.0100 0.0100 0.0100 0.0100 0.0100 0.0100 0.0100 0.0100 0.0100 0.0100 0.0100 0.0100 0.0100 0.0100 0.0100 0.0100 0.0100 0.0100 0.0100 0.0100 0.0100 0.0100 0.0100 0.0100 0.0100 0.0100 0.0100 0.0100 0.0100 0.0100 0.0100 0.0100 0.0200 0.0100 0.0100 0.0100 0.0100 0.0100 0.0100 0.0100 0.0100 0.0100 0.0100 0.0100 0.0100 0.0100 0.0100 0.0100 0.0100 0.0100 0.0200 0.0100 0.0100 0.0100 0.0100 0.0100 0.0100 0.0100 0.0100 0.0200 0.0100 0.0100 0.0100 0.0100 0.0100 0.0100 0.0200 0.0100 0.0100 0.0100 0.0100 0.0200 0.0100 0.0100 0.0200 0.0100 0.0300 0.0100 0.0100 0.0100 0.0100 0.0200 0.0100 0.0100 0.0100 0.0100 0.0200 0.0100 0.0100 0.0100 0.0100 0.0100 0.0100 0.0100 0.0100 0.0100 0.0100 0.0100 0.0100 0.0100 0.0100 0.0100 0.0100 0.0100 0.0100 0.0100 0.0100 0.0100 0.0100 0.0100 0.0100 0.0100 0.0100 0.0100 0.0200 0.0100 0.0100 0.0100 0.0100 0.0100 0.0100 0.0100 0.0100 0.0100 0.0100 0.0100
0.4459 0.0100 0.2136 0.4552 0.0100 0.1099 0.5940 0.3743 0.0100 0.8721 0.0100 0.2294 0.0100 0.0100 0.0100 0.3283 0.3116 0.0127 0.7705 0.5384 0.0100 0.0100 0.1093 0.3001 0.0100 0.0100 0.5617 0.0100 0.0100 0.2810 0.2404 0.0100 0.9551 0.0100 0.4101 0.0100 0.5565 0.9422 0.7003 0.0100 0.1223 1.4306 0.0100 0.1356 0.1356 0.1490 0.0100 0.1779 0.0612 0.0100 0.0100 0.0100 0.0100 0.0100 0.0640 0.5361 0.0100 0.2433 0.1888 0.0571 0.0623 0.1066 0.4078 0.2383 0.2063 0.1957 0.2597 0.0100 0.0753 0.1881 0.5083 0.4970 0.0172 0.1215 0.0963 0.0612 0.0100 0.1701 0.0981 0.0695 0.1040 0.0822 0.1139 0.1141 0.0100 0.0100 0.1485 0.0100 0.1255 0.0100 0.1252 0.1798 0.1238 0.0807 0.0100 0.0100 0.0415 0.0949 0.0518 0.1828 0.2125 0.1441 0.0100 0.0100 0.2263 0.0534 0.2026 0.0449 0.1259 0.0204 0.0646 0.2901 0.0100 0.0509 0.0100 0.0100 0.0116 0.0800 0.0863 0.0100 0.0450 0.0100 0.0114 0.0372 0.1395 0.0100 0.3155 0.0949 0.3116 0.0233 0.1961 0.0365 0.0871 0.1061 0.1201 0.0433 0.1100 0.0403 0.0661 0.0739 0.1046 0.0100 0.0422 0.0100 0.0126 0.1744 0.4310 0.0253 0.0745 0.0521 0.0919 0.0468 0.0100 0.2127 0.0585 0.2076 0.4652 0.1015 2.6918 0.0100 0.2666 0.0100 0.0391 0.0242 0.0532 0.0938 0.0353 0.0100 0.0119 0.0960 0.0746 0.0439 0.0100 0.1919 0.2232 0.0886 0.0224 0.0445 0.0402 0.0679 0.0100 0.0100 0.1677 0.0100 0.1873 0.0100 0.0994 0.0342 0.1855 0.0801 0.0518 0.1377 0.0859 0.0663 0.0765 0.1288 0.0620 0.0430 0.0991 0.0807
0.1202 0.0100 0.0576 0.1227 0.0100 0.2004 0.1601 0.1009 0.0100 0.2352 0.0100 0.0619 0.0100 0.0100 0.0100 0.5984 0.0840 0.0232 0.2078 0.9813 0.0100 0.0100 0.1992 0.5470 0.0100 0.0100 0.1515 0.0100 0.0100 0.0758 0.4381 0.0100 0.2575 0.0100 0.7475 0.0100 0.1500 0.2541 0.1888 0.0100 0.0330 0.3931 0.0100 0.2472 0.2472 0.2715 0.0100 0.3243 0.1116 0.0100 0.0100 0.0100 0.0100 0.0100 0.0948 0.1446 0.0100 0.0656 0.3441 0.1042 0.1135 0.1579 0.1099 0.0643 0.0556 0.3568 0.4733 0.0130 0.1115 0.1177 0.1371 0.1340 0.0314 0.2214 0.1426 0.0907 0.0100 0.1064 0.0614 0.1267 0.1895 0.1499 0.2077 0.1690 0.0100 0.0100 0.0929 0.0100 0.0785 0.0100 0.2282 0.3278 0.2256 0.1471 0.0100 0.0140 0.0615 0.1405 0.0767 0.1143 0.1329 0.0901 0.0114 0.0100 0.4124 0.0791 0.2954 0.0664 0.0787 0.0128 0.0956 0.5287 0.0100 0.0754 0.0100 0.0100 0.0172 0.0500 0.0540 0.0100 0.0666 0.0100 0.0208 0.0551 0.2067 0.0100 0.4674 0.0593 0.1949 0.0146 0.1227 0.0541 0.1290 0.1571 0.1779 0.0642 0.1630 0.0597 0.0413 0.1094 0.1501 0.0109 0.0264 0.0100 0.0100 0.1090 0.2696 0.0375 0.1055 0.0771 0.1264 0.0693 0.0139 0.1331 0.0366 0.1336 0.2909 0.0635 2.0359 0.0100 0.2715 0.0100 0.0578 0.0359 0.0788 0.1389 0.0523 0.0100 0.0100 0.0793 0.0617 0.0650 0.0100 0.1200 0.1396 0.0732 0.0185 0.0368 0.0595 0.1006 0.0100 0.0100 0.1049 0.0100 0.1172 0.0100 0.0822 0.0283 0.2748 0.1187 0.0324 0.0861 0.0537 0.0415 0.0478 0.0805 0.0512 0.0356 0.0819 0.0504
0.2020 0.0100 0.0968 0.2062 0.0100 0.3367 0.2691 0.1695 0.0100 0.3951 0.0100 0.1039 0.0100 0.0100 0.0100 1.0054 0.1412 0.0390 0.3491 1.6488 0.0100 0.0100 0.3347 0.9190 0.0100 0.0100 0.2545 0.0100 0.0100 0.1273 0.7361 0.0100 0.4327 0.0100 1.2559 0.0100 0.2521 0.4269 0.3173 0.0100 0.0554 0.6536 0.0100 0.4153 0.4152 0.4562 0.0100 0.5449 0.1875 0.0100 0.0100 0.0100 0.0100 0.0100 0.1593 0.2429 0.0100 0.1102 0.5781 0.1750 0.1907 0.2653 0.1847 0.1079 0.0935 0.5994 0.7952 0.0218 0.1874 0.1977 0.2303 0.2252 0.0527 0.3720 0.2397 0.1525 0.0100 0.1787 0.1031 0.2128 0.3184 0.2518 0.3489 0.2839 0.0100 0.0100 0.1560 0.0100 0.1319 0.0100 0.3834 0.5507 0.3790 0.2471 0.0100 0.0235 0.1033 0.2361 0.1288 0.1921 0.2233 0.1515 0.0191 0.0154 0.6929 0.1330 0.4894 0.1116 0.1323 0.0215 0.1607 0.8883 0.0135 0.1267 0.0100 0.0100 0.0290 0.0841 0.0907 0.0100 0.1119 0.0100 0.0349 0.0926 0.3473 0.0100 0.7853 0.0997 0.3274 0.0245 0.2061 0.0909 0.2167 0.2640 0.2990 0.1078 0.2739 0.1004 0.0694 0.1839 0.2453 0.0184 0.0443 0.0100 0.0132 0.1832 0.4529 0.0630 0.1705 0.1296 0.1988 0.1164 0.0234 0.2235 0.0614 0.2177 0.4888 0.1066 3.4206 0.0100 0.4562 0.0100 0.0972 0.0603 0.1325 0.2334 0.0878 0.0100 0.0125 0.1333 0.1036 0.1093 0.0100 0.2016 0.2346 0.1231 0.0311 0.0619 0.1000 0.1691 0.0100 0.0100 0.1762 0.0100 0.1968 0.0100 0.1381 0.0476 0.4617 0.1995 0.0544 0.1447 0.0903 0.0696 0.0804 0.1353 0.0861 0.0597 0.1377 0.0848
0.0100 0.0100 0.0100 0.0100 0.0100 0.0100 0.0100 0.0100 0.0100 0.0100 0.0100 0.0100 0.0100 0.0100 0.0100 0.0155 0.0100 0.0100 0.0100 0.0254 0.0100 0.0100 0.0100 0.0141 0.0100 0.0100 0.0100 0.0100 0.0100 0.0100 0.0113 0.0100 0.0100 0.0100 0.0193 0.0100 0.0100 0.0100 0.0100 0.0100 0.0100 0.0200 0.0100 0.0100 0.0100 0.0100 0.0100 0.0100 0.0100 0.0100 0.0100 0.0100 0.0100 0.0100 0.0100 0.0100 0.0100 0.0100 0.0100 0.0100 0.0100 0.0100 0.0100 0.0100 0.0100 0.0100 0.0122 0.0100 0.0100 0.0100 0.0100 0.0100 0.0100 0.0100 0.0100 0.0100 0.0100 0.0100 0.0100 0.0100 0.0100 0.0100 0.0100 0.0100 0.0100 0.0100 0.0100 0.0100 0.0100 0.0100 0.0100 0.0100 0.0100 0.0100 0.0100 0.0100 0.0100 0.0100 0.0100 0.0100 0.0100 0.0100 0.0100 0.0100 0.0107 0.0100 0.0200 0.0100 0.0100 0.0100 0.0100 0.0137 0.0100 0.0100 0.0100 0.0100 0.0100 0.0100 0.0100 0.0100 0.0100 0.0100 0.0100 0.0100 0.0200 0.0100 0.0121 0.0100 0.0100 0.0100 0.0100 0.0100 0.0100 0.0200 0.0100 0.0100 0.0100 0.0100 0.0100 0.0100 0.0200 0.0100 0.0100 0.0100 0.0100 0.0200 0.0100 0.0100 0.0200 0.0100 0.0300 0.0100 0.0100 0.0100 0.0100 0.0200 0.0100 0.0100 0.0527 0.0100 0.0200 0.0100 0.0100 0.0100 0.0100 0.0100 0.0100 0.0100 0.0100 0.0100 0.0100 0.0100 0.0100 0.0100 0.0100 0.0100 0.0100 0.0100 0.0100 0.0100 0.0100 0.0100 0.0100 0.0100 0.0100 0.0100 0.0100 0.0100 0.0200 0.0100 0.0100 0.0100 0.0100 0.0100 0.0100 0.0100 0.0100 0.0100 0.0100 0.0100
0.2770 0.0100 0.1327 0.2828 0.0100 0.0683 0.3690 0.2325 0.0100 0.5419 0.0100 0.1426 0.0100 0.0100 0.0100 0.2040 0.1936 0.0100 0.4788 0.3345 0.0100 0.0100 0.0679 0.1865 0.0100 0.0100 0.3490 0.0100 0.0100 0.1746 0.1494 0.0100 0.5934 0.0100 0.2548 0.0100 0.3458 0.5854 0.4351 0.0100 0.0760 0.8927 0.0100 0.0843 0.0843 0.0926 0.0100 0.1106 0.0380 0.0100 0.0100 0.0100 0.0100 0.0100 0.0398 0.3331 0.0100 0.1512 0.1173 0.0355 0.0387 0.0662 0.2534 0.1480 0.1282 0.1216 0.1613 0.0100 0.0468 0.1169 0.3159 0.3088 0.0107 0.0755 0.0598 0.0381 0.0100 0.1057 0.0610 0.0432 0.0646 0.0511 0.0708 0.0709 0.0100 0.0100 0.0923 0.0100 0.0780 0.0100 0.0778 0.1117 0.0769 0.0501 0.0100 0.0100 0.0258 0.0590 0.0322 0.1136 0.1321 0.0896 0.0100 0.0100 0.1406 0.0332 0.1297 0.0279 0.0782 0.0127 0.0401 0.1802 0.0100 0.0316 0.0100 0.0100 0.0100 0.0497 0.0536 0.0100 0.0279 0.0100 0.0100 0.0231 0.0867 0.0100 0.1961 0.0590 0.1936 0.0145 0.1218 0.0227 0.0541 0.0659 0.0746 0.0269 0.0684 0.0251 0.0410 0.0459 0.0687 0.0100 0.0262 0.0100 0.0100 0.1083 0.2678 0.0157 0.0501 0.0323 0.0646 0.0291 0.0100 0.1322 0.0363 0.1328 0.2890 0.0630 1.6725 0.0100 0.1656 0.0100 0.0243 0.0150 0.0331 0.0583 0.0219 0.0100 0.0100 0.0596 0.0464 0.0273 0.0100 0.1192 0.1387 0.0551 0.0139 0.0277 0.0250 0.0422 0.0100 0.0100 0.1042 0.0100 0.1164 0.0100 0.0618 0.0213 0.1153 0.0498 0.0322 0.0856 0.0534 0.0412 0.0475 0.0800 0.0385 0.0267 0.0616 0.0501
0.0752 0.0100 0.0360 0.0768 0.0100 0.0186 0.1002 0.0632 0.0100 0.1472 0.0100 0.0387 0.0100 0.0100 0.0100 0.0554 0.0526 0.0100 0.1300 0.0909 0.0100 0.0100 0.0184 0.0506 0.0100 0.0100 0.0948 0.0100 0.0100 0.0474 0.0406 0.0100 0.1612 0.0100 0.0692 0.0100 0.0939 0.1590 0.1182 0.0100 0.0206 0.2498 0.0100 0.0229 0.0229 0.0251 0.0100 0.0300 0.0103 0.0100 0.0100 0.0100 0.0100 0.0100 0.0108 0.0905 0.0100 0.0411 0.0319 0.0100 0.0105 0.0180 0.0688 0.0402 0.0348 0.0330 0.0438 0.0100 0.0127 0.0317 0.0858 0.0839 0.0100 0.0205 0.0163 0.0103 0.0100 0.0287 0.0166 0.0117 0.0175 0.0139 0.0192 0.0192 0.0100 0.0100 0.0251 0.0100 0.0212 0.0100 0.0211 0.0303 0.0209 0.0136 0.0100 0.0100 0.0100 0.0160 0.0100 0.0308 0.0359 0.0243 0.0100 0.0100 0.0382 0.0100 0.0425 0.0100 0.0212 0.0100 0.0109 0.0490 0.0100 0.0100 0.0100 0.0100 0.0100 0.0135 0.0146 0.0100 0.0100 0.0100 0.0100 0.0100 0.0235 0.0100 0.0532 0.0160 0.0526 0.0100 0.0331 0.0100 0.0147 0.0200 0.0203 0.0100 0.0186 0.0100 0.0111 0.0125 0.0260 0.0100 0.0100 0.0100 0.0100 0.0316 0.0727 0.0100 0.0209 0.0100 0.0321 0.0100 0.0100 0.0359 0.0100 0.0433 0.0785 0.0171 0.4543 0.0100 0.0450 0.0100 0.0100 0.0100 0.0100 0.0158 0.0100 0.0100 0.0100 0.0162 0.0126 0.0100 0.0100 0.0324 0.0377 0.0149 0.0100 0.0100 0.0100 0.0115 0.0100 0.0100 0.0283 0.0100 0.0316 0.0100 0.0168 0.0100 0.0313 0.0135 0.0100 0.0232 0.0145 0.0112 0.0129 0.0217 0.0105 0.0100 0.0167 0.0136
0.4464 0.0100 0.2138 0.4557 0.0100 0.1101 0.5947 0.3747 0.0100 0.8731 0.0100 0.2297 0.0100 0.0100 0.0100 0.3287 0.3120 0.0128 0.7714 0.5390 0.0100 0.0100 0.1094 0.3004 0.0100 0.0100 0.5623 0.0100 0.0100 0.2813 0.2407 0.0100 0.9562 0.0100 0.4106 0.0100 0.5571 0.9433 0.7012 0.0100 0.1224 1.4323 0.0100 0.1358 0.1358 0.1492 0.0100 0.1782 0.0613 0.0100 0.0100 0.0100 0.0100 0.0100 0.0641 0.5367 0.0100 0.2436 0.1890 0.0572 0.0624 0.1067 0.4082 0.2386 0.2065 0.1960 0.2600 0.0100 0.0754 0.1883 0.5089 0.4976 0.0172 0.1216 0.0964 0.0613 0.0100 0.1703 0.0982 0.0696 0.1041 0.0823 0.1141 0.1142 0.0100 0.0100 0.1487 0.0100 0.1257 0.0100 0.1253 0.1800 0.1239 0.0808 0.0100 0.0100 0.0416 0.0950 0.0518 0.1830 0.2128 0.1443 0.0100 0.0100 0.2265 0.0535 0.2029 0.0449 0.1260 0.0205 0.0646 0.2904 0.0100 0.0510 0.0100 0.0100 0.0116 0.0801 0.0864 0.0100 0.0450 0.0100 0.0114 0.0372 0.1397 0.0100 0.3159 0.0950 0.3119 0.0233 0.1963 0.0365 0.0872 0.1062 0.1203 0.0434 0.1102 0.0404 0.0661 0.0740 0.1047 0.0100 0.0422 0.0100 0.0126 0.1746 0.4315 0.0253 0.0746 0.0521 0.0919 0.0468 0.0100 0.2130 0.0585 0.2079 0.4657 0.1016 2.6949 0.0100 0.2669 0.0100 0.0391 0.0242 0.0533 0.0939 0.0353 0.0100 0.0119 0.0961 0.0747 0.0440 0.0100 0.1921 0.2235 0.0887 0.0224 0.0446 0.0402 0.0680 0.0100 0.0100 0.1679 0.0100 0.1875 0.0100 0.0995 0.0343 0.1857 0.0802 0.0518 0.1379 0.0860 0.0664 0.0766 0.1289 0.0621 0.0431 0.0992 0.0808
0.0100 0.0509 0.0100 0.0321 0.0197 0.0100 0.0748 0.0100 0.0267 0.0100 0.0183 0.0100 0.0100 0.0100 0.0100 0.0100 0.0100 0.0100 0.0661 0.0462 0.0100 0.0100 0.0100 0.0382 0.0100 0.0100 0.0482 0.0390 0.0100 0.0241 0.0206 0.0100 0.0819 0.0100 0.0352 0.0100 0.0477 0.0808 0.0600 0.0100 0.0105 0.1318 0.0100 0.0116 0.0116 0.0128 0.0100 0.0152 0.0100 0.0103 0.0100 0.0165 0.0100 0.0100 0.0100 0.0460 0.0100 0.0209 0.0162 0.0100 0.0100 0.0100 0.0350 0.0204 0.0177 0.0168 0.0100 0.0100 0.0257 0.0161 0.0436 0.0426 0.0100 0.0104 0.0100 0.0100 0.0100 0.0146 0.0100 0.0100 0.0100 0.0223 0.0100 0.0100 0.0100 0.0100 0.0127 0.0100 0.0108 0.0100 0.0107 0.0154 0.0106 0.0100 0.1000 0.0100 0.0100 0.0271 0.0100 0.0157 0.0182 0.0123 0.0100 0.0100 0.0100 0.0100 0.0200 0.0100 0.0108 0.0100 0.0100 0.0249 0.0100 0.0100 0.0100 0.0100 0.0100 0.0100 0.0100 0.0100 0.0100 0.0100 0.0100 0.0100 0.0200 0.0100 0.0100 0.0100 0.0267 0.0100 0.0168 0.0100 0.0100 0.0200 0.0100 0.0100 0.0100 0.0100 0.0100 0.0100 0.0200 0.0100 0.0100 0.0100 0.0100 0.0210 0.0370 0.0100 0.0200 0.0100 0.0300 0.0100 0.0282 0.0182 0.0100 0.0269 0.0399 0.0100 0.2308 0.0100 0.0262 0.0100 0.0100 0.0100 0.0100 0.0100 0.0100 0.0100 0.0100 0.0100 0.0100 0.0100 0.0100 0.0164 0.0191 0.0100 0.0100 0.0100 0.0100 0.0100 0.0100 0.0100 0.0144 0.0100 0.0161 0.0100 0.0100 0.0100 0.0205 0.0100 0.0100 0.0118 0.0100 0.0100 0.0100 0.0110 0.0100 0.0100 0.0100 0.0100
0.2675 0.0100 0.1281 0.2731 0.0100 0.0660 0.3564 0.2245 0.0100 0.5233 0.0100 0.1376 0.0100 0.0100 0.0100 0.1970 0.1870 0.0100 0.4623 0.3230 0.0100 0.0100 0.0656 0.1801 0.0100 0.0100 0.3370 0.0100 0.0100 0.1686 0.1442 0.0100 0.5730 0.0100 0.2461 0.0100 0.3339 0.5653 0.4202 0.0100 0.0734 0.8624 0.0100 0.0814 0.0814 0.0894 0.0100 0.1068 0.0367 0.0100 0.0100 0.0100 0.0100 0.0100 0.0384 0.3217 0.0100 0.1460 0.1133 0.0343 0.0374 0.0640 0.2447 0.1430 0.1238 0.1174 0.1558 0.0100 0.0452 0.1129 0.3050 0.2982 0.0103 0.0729 0.0578 0.0367 0.0100 0.1021 0.0589 0.0417 0.0624 0.0493 0.0684 0.0684 0.0100 0.0100 0.0891 0.0100 0.0753 0.0100 0.0751 0.1079 0.0742 0.0484 0.0100 0.0100 0.0249 0.0569 0.0311 0.1097 0.1275 0.0865 0.0100 0.0100 0.1358 0.0321 0.1256 0.0269 0.0755 0.0123 0.0387 0.1740 0.0100 0.0305 0.0100 0.0100 0.0100 0.0480 0.0518 0.0100 0.0270 0.0100 0.0100 0.0223 0.0837 0.0100 0.1893 0.0569 0.1869 0.0140 0.1177 0.0219 0.0522 0.0636 0.0721 0.0260 0.0660 0.0242 0.0396 0.0443 0.0667 0.0100 0.0253 0.0100 0.0100 0.1046 0.2586 0.0152 0.0487 0.0312 0.0631 0.0281 0.0100 0.1276 0.0351 0.1286 0.2791 0.0609 1.6151 0.0100 0.1600 0.0100 0.0234 0.0145 0.0319 0.0563 0.0212 0.0100 0.0100 0.0576 0.0448 0.0263 0.0100 0.1151 0.1339 0.0532 0.0134 0.0267 0.0241 0.0408 0.0100 0.0100 0.1006 0.0100 0.1124 0.0100 0.0597 0.0205 0.1113 0.0481 0.0311 0.0826 0.0516 0.0398 0.0459 0.0772 0.0372 0.0258 0.0595 0.0484
1.5485 0.0200 0.7418 1.5810 0.0200 0.3844 2.0629 1.2998 0.0200 3.0290 0.0200 0.7968 0.0200 0.0200 0.0200 1.1402 1.0822 0.0534 2.6761 1.8699 0.0200 0.0200 0.3822 1.0423 0.0200 0.0200 1.9507 0.0200 0.0200 0.9760 0.8348 0.0200 3.3170 0.0200 1.4244 0.0200 1.9327 3.2724 2.4323 0.0200 0.4264 4.9539 0.0200 0.4718 0.4718 0.5174 0.0200 0.6180 0.2185 0.0200 0.0200 0.0200 0.0200 0.0200 0.2280 1.8620 0.0229 0.8451 0.6556 0.2046 0.2221 0.3730 1.4162 0.8276 0.7165 0.6798 0.9019 0.0398 0.2664 0.6533 1.7655 1.7262 0.0686 0.4237 0.3379 0.2186 0.0200 0.5907 0.3441 0.2467 0.3641 0.2900 0.3980 0.3985 0.0200 0.0200 0.5158 0.0200 0.4375 0.0200 0.4363 0.6246 0.4315 0.2848 0.0200 0.0361 0.1514 0.3331 0.1863 0.6350 0.7382 0.5008 0.0313 0.0271 0.7858 0.1920 0.6890 0.1628 0.4386 0.0796 0.2298 1.0075 0.0250 0.1833 0.0200 0.0200 0.0496 0.2825 0.3039 0.0227 0.1631 0.0200 0.0488 0.1367 0.4952 0.0200 1.0959 0.3331 1.0821 0.0893 0.6811 0.1343 0.3065 0.3812 0.4191 0.1575 0.3848 0.1474 0.2350 0.2616 0.3520 0.0352 0.1536 0.0200 0.0528 0.6138 1.4969 0.0962 0.2496 0.1873 0.2966 0.1693 0.0420 0.7388 0.2091 0.7064 1.6156 0.3556 9.3487 0.0200 0.9306 0.0200 0.1430 0.0925 0.1913 0.3293 0.1301 0.0200 0.0506 0.3368 0.2640 0.1595 0.0200 0.6663 0.7752 0.3117 0.0863 0.1616 0.1469 0.2414 0.0200 0.0200 0.5825 0.0200 0.6506 0.0200 0.3486 0.1266 0.6517 0.2829 0.1863 0.4790 0.3026 0.2357 0.2705 0.4485 0.2211 0.1565 0.3475 0.2847
0.1485 0.0100 0.0712 0.1516 0.0100 0.0366 0.1979 0.1247 0.0100 0.2905 0.0100 0.0764 0.0100 0.0100 0.0100 0.1094 0.1038 0.0100 0.2567 0.1794 0.0100 0.0100 0.0364 0.1000 0.0100 0.0100 0.1871 0.0100 0.0100 0.0936 0.0801 0.0100 0.3181 0.0100 0.1366 0.0100 0.1854 0.3139 0.2333 0.0100 0.0407 0.4832 0.0100 0.0452 0.0452 0.0496 0.0100 0.0593 0.0204 0.0100 0.0100 0.0100 0.0100 0.0100 0.0213 0.1786 0.0100 0.0811 0.0629 0.0190 0.0207 0.0355 0.1358 0.0794 0.0687 0.0652 0.0865 0.0100 0.0251 0.0627 0.1693 0.1656 0.0100 0.0405 0.0321 0.0204 0.0100 0.0566 0.0327 0.0232 0.0346 0.0274 0.0379 0.0380 0.0100 0.0100 0.0495 0.0100 0.0418 0.0100 0.0417 0.0599 0.0412 0.0269 0.0100 0.0100 0.0138 0.0316 0.0172 0.0609 0.0708 0.0480 0.0100 0.0100 0.0754 0.0178 0.0742 0.0149 0.0419 0.0100 0.0215 0.0966 0.0100 0.0169 0.0100 0.0100 0.0100 0.0267 0.0287 0.0100 0.0150 0.0100 0.0100 0.0124 0.0465 0.0100 0.1051 0.0316 0.1038 0.0100 0.0653 0.0122 0.0290 0.0353 0.0400 0.0144 0.0367 0.0134 0.0220 0.0246 0.0415 0.0100 0.0140 0.0100 0.0100 0.0581 0.1436 0.0100 0.0315 0.0173 0.0439 0.0156 0.0100 0.0709 0.0195 0.0758 0.1550 0.0338 0.8967 0.0100 0.0888 0.0100 0.0130 0.0100 0.0177 0.0312 0.0118 0.0100 0.0100 0.0320 0.0249 0.0146 0.0100 0.0639 0.0744 0.0295 0.0100 0.0148 0.0134 0.0226 0.0100 0.0100 0.0559 0.0100 0.0624 0.0100 0.0331 0.0114 0.0618 0.0267 0.0172 0.0459 0.0286 0.0221 0.0255 0.0429 0.0206 0.0143 0.0330 0.0269
0.0708 0.0100 0.0339 0.0722 0.0100 0.1180 0.0943 0.0594 0.0100 0.1384 0.0100 0.0364 0.0100 0.0100 0.0100 0.3522 0.0495 0.0137 0.1223 0.5776 0.0100 0.0100 0.1172 0.3220 0.0100 0.0100 0.0891 0.0100 0.0100 0.0446 0.2579 0.0100 0.1516 0.0100 0.4400 0.0100 0.0883 0.1495 0.1111 0.0100 0.0194 0.2355 0.0100 0.1455 0.1455 0.1598 0.0100 0.1909 0.0657 0.0100 0.0100 0.0100 0.0100 0.0100 0.0558 0.0851 0.0100 0.0386 0.2025 0.0613 0.0668 0.0929 0.0647 0.0378 0.0327 0.2100 0.2786 0.0100 0.0656 0.0693 0.0807 0.0789 0.0185 0.1303 0.0840 0.0534 0.0100 0.0626 0.0361 0.0746 0.1115 0.0882 0.1222 0.0995 0.0100 0.0100 0.0547 0.0100 0.0462 0.0100 0.1343 0.1929 0.1328 0.0866 0.0100 0.0100 0.0362 0.0827 0.0451 0.0673 0.0783 0.0531 0.0100 0.0100 0.2427 0.0466 0.1780 0.0391 0.0463 0.0100 0.0563 0.3112 0.0100 0.0444 0.0100 0.0100 0.0101 0.0295 0.0318 0.0100 0.0392 0.0100 0.0122 0.0324 0.1217 0.0100 0.2751 0.0349 0.1147 0.0100 0.0722 0.0318 0.0759 0.0925 0.1047 0.0378 0.0959 0.0352 0.0243 0.0644 0.0924 0.0100 0.0155 0.0100 0.0100 0.0642 0.1587 0.0221 0.0662 0.0454 0.0827 0.0408 0.0100 0.0783 0.0215 0.0828 0.1713 0.0374 1.1984 0.0100 0.1598 0.0100 0.0340 0.0211 0.0464 0.0818 0.0308 0.0100 0.0100 0.0467 0.0363 0.0383 0.0100 0.0706 0.0822 0.0431 0.0109 0.0217 0.0350 0.0592 0.0100 0.0100 0.0617 0.0100 0.0690 0.0100 0.0484 0.0167 0.1617 0.0699 0.0191 0.0507 0.0316 0.0244 0.0282 0.0474 0.0302 0.0209 0.0482 0.0297
0.0476 0.0100 0.0228 0.0486 0.0100 0.0794 0.0635 0.0400 0.0100 0.0932 0.0100 0.0245 0.0100 0.0100 0.0100 0.2371 0.0333 0.0100 0.0823 0.3888 0.0100 0.0100 0.0789 0.2167 0.0100 0.0100 0.0600 0.0100 0.0100 0.0300 0.1736 0.0100 0.1020 0.0100 0.2961 0.0100 0.0594 0.1007 0.0748 0.0100 0.0131 0.1618 0.0100 0.0979 0.0979 0.1076 0.0100 0.1285 0.0442 0.0100 0.0100 0.0100 0.0100 0.0100 0.0376 0.0573 0.0100 0.0260 0.1363 0.0413 0.0450 0.0625 0.0435 0.0255 0.0220 0.1413 0.1875 0.0100 0.0442 0.0466 0.0543 0.0531 0.0124 0.0877 0.0565 0.0360 0.0100 0.0421 0.0243 0.0502 0.0751 0.0594 0.0823 0.0669 0.0100 0.0100 0.0368 0.0100 0.0311 0.0100 0.0904 0.1298 0.0894 0.0583 0.0100 0.0100 0.0244 0.0557 0.0304 0.0453 0.0527 0.0357 0.0100 0.0100 0.1634 0.0314 0.1231 0.0263 0.0312 0.0100 0.0379 0.2095 0.0100 0.0299 0.0100 0.0100 0.0100 0.0198 0.0214 0.0100 0.0264 0.0100 0.0100 0.0218 0.0819 0.0100 0.1852 0.0235 0.0772 0.0100 0.0486 0.0214 0.0511 0.0622 0.0705 0.0254 0.0646 0.0237 0.0164 0.0433 0.0655 0.0100 0.0104 0.0100 0.0100 0.0432 0.1068 0.0149 0.0478 0.0306 0.0622 0.0274 0.0100 0.0527 0.0145 0.0590 0.1153 0.0251 0.8066 0.0100 0.1076 0.0100 0.0229 0.0142 0.0312 0.0550 0.0207 0.0100 0.0100 0.0314 0.0244 0.0258 0.0100 0.0475 0.0553 0.0290 0.0100 0.0146 0.0236 0.0399 0.0100 0.0100 0.0416 0.0100 0.0464 0.0100 0.0326 0.0112 0.1089 0.0470 0.0128 0.0341 0.0213 0.0164 0.0190 0.0319 0.0203 0.0141 0.0325 0.0200
0.0420 0.0100 0.0201 0.0429 0.0100 0.0701 0.0560 0.0353 0.0100 0.0822 0.0100 0.0216 0.0100 0.0100 0.0100 0.2092 0.0294 0.0100 0.0726 0.3431 0.0100 0.0100 0.0696 0.1912 0.0100 0.0100 0.0529 0.0100 0.0100 0.0265 0.1532 0.0100 0.0900 0.0100 0.2613 0.0100 0.0524 0.0888 0.0660 0.0100 0.0115 0.1439 0.0100 0.0864 0.0864 0.0949 0.0100 0.1134 0.0390 0.0100 0.0100 0.0100 0.0100 0.0100 0.0331 0.0505 0.0100 0.0229 0.1203 0.0364 0.0397 0.0552 0.0384 0.0225 0.0194 0.1247 0.1655 0.0100 0.0390 0.0411 0.0479 0.0468 0.0110 0.0774 0.0499 0.0317 0.0100 0.0372 0.0215 0.0443 0.0663 0.0524 0.0726 0.0591 0.0100 0.0100 0.0325 0.0100 0.0274 0.0100 0.0798 0.1146 0.0789 0.0514 0.0100 0.0100 0.0215 0.0491 0.0268 0.0400 0.0465 0.0315 0.0100 0.0100 0.1442 0.0277 0.1098 0.0232 0.0275 0.0100 0.0334 0.1848 0.0100 0.0263 0.0100 0.0100 0.0100 0.0175 0.0189 0.0100 0.0233 0.0100 0.0100 0.0193 0.0723 0.0100 0.1634 0.0207 0.0681 0.0100 0.0429 0.0189 0.0451 0.0549 0.0622 0.0224 0.0570 0.0209 0.0144 0.0382 0.0590 0.0100 0.0100 0.0100 0.0100 0.0381 0.0942 0.0131 0.0434 0.0270 0.0572 0.0242 0.0100 0.0465 0.0128 0.0532 0.1017 0.0222 0.7117 0.0100 0.0949 0.0100 0.0202 0.0125 0.0276 0.0486 0.0183 0.0100 0.0100 0.0277 0.0216 0.0227 0.0100 0.0419 0.0488 0.0256 0.0100 0.0129 0.0208 0.0352 0.0100 0.0100 0.0367 0.0100 0.0410 0.0100 0.0287 0.0100 0.0960 0.0415 0.0113 0.0301 0.0188 0.0145 0.0167 0.0282 0.0179 0.0124 0.0286 0.0176
0.0100 0.0100 0.0100 0.0100 0.0100 0.0100 0.0100 0.0100 0.0100 0.0100 0.0100 0.0100 0.0100 0.0100 0.0100 0.0100 0.0100 0.0100 0.0100 0.0100 0.0100 0.0100 0.0100 0.0100 0.0100 0.0100 0.0100 0.0100 0.0100 0.0100 0.0100 0.0100 0.0100 0.0100 0.0100 0.0100 0.0100 0.0100 0.0100 0.0100 0.0100 0.0200 0.0100 0.0100 0.0100 0.0100 0.0100 0.0100 0.0100 0.0100 0.0100 0.0100 0.0100 0.0100 0.0100 0.0100 0.0100 0.0100 0.0100 0.0100 0.0100 0.0100 0.0100 0.0100 0.0100 0.0100 0.0100 0.0100 0.0100 0.0100 0.0100 0.0100 0.0100 0.0100 0.0100 0.0100 0.0100 0.0100 0.0100 0.0100 0.0100 0.0100 0.0100 0.0100 0.0100 0.0100 0.0100 0.0100 0.0100 0.0100 0.0100 0.0100 0.0100 0.0100 0.0100 0.0100 0.0100 0.0100 0.0100 0.0100 0.0100 0.0100 0.0100 0.0100 0.0100 0.0100 0.0200 0.0100 0.0100 0.0100 0.0100 0.0100 0.0100 0.0100 0.0100 0.0100 0.0100 0.0100 0.0100 0.0100 0.0100 0.0100 0.0100 0.0100 0.0200 0.0100 0.0100 0.0100 0.0100 0.0100 0.0100 0.0100 0.0100 0.0200 0.0100 0.0100 0.0100 0.0100 0.0100 0.0100 0.0200 0.0100 0.0100 0.0100 0.0100 0.0200 0.0100 0.0100 0.0200 0.0100 0.0300 0.0100 0.0100 0.0100 0.0100 0.0200 0.0100 0.0100 0.0100 0.0100 0.0200 0.0100 0.0100 0.0100 0.0100 0.0100 0.0100 0.0100 0.0100 0.0100 0.0100 0.0100 0.0100 0.0100 0.0100 0.0100 0.0100 0.0100 0.0100 0.0100 0.0100 0.0100 0.0100 0.0100 0.0100 0.0100 0.0100 0.0100 0.0200 0.0100 0.0100 0.0100 0.0100 0.0100 0.0100 0.0100 0.0100 0.0100 0.0100 0.0100
0.0773 0.0100 0.0370 0.0790 0.0100 0.1289 0.1030 0.0649 0.0100 0.1513 0.0100 0.0398 0.0100 0.0100 0.0100 0.3850 0.0541 0.0149 0.1336 0.6313 0.0100 0.0100 0.1281 0.3519 0.0100 0.0100 0.0974 0.0100 0.0100 0.0487 0.2818 0.0100 0.1657 0.0100 0.4809 0.0100 0.0965 0.1634 0.1215 0.0100 0.0212 0.2564 0.0100 0.1590 0.1590 0.1747 0.0100 0.2087 0.0718 0.0100 0.0100 0.0100 0.0100 0.0100 0.0610 0.0930 0.0100 0.0422 0.2213 0.0670 0.0730 0.1016 0.0707 0.0413 0.0358 0.2295 0.3045 0.0100 0.0717 0.0757 0.0882 0.0862 0.0202 0.1424 0.0918 0.0584 0.0100 0.0684 0.0395 0.0815 0.1219 0.0964 0.1336 0.1087 0.0100 0.0100 0.0597 0.0100 0.0505 0.0100 0.1468 0.2109 0.1451 0.0946 0.0100 0.0100 0.0396 0.0904 0.0493 0.0736 0.0855 0.0580 0.0100 0.0100 0.2653 0.0509 0.1936 0.0427 0.0506 0.0100 0.0615 0.3401 0.0100 0.0485 0.0100 0.0100 0.0111 0.0322 0.0347 0.0100 0.0428 0.0100 0.0134 0.0355 0.1330 0.0100 0.3007 0.0382 0.1254 0.0100 0.0789 0.0348 0.0830 0.1011 0.1145 0.0413 0.1049 0.0384 0.0266 0.0704 0.1001 0.0100 0.0170 0.0100 0.0100 0.0702 0.1734 0.0241 0.0714 0.0496 0.0885 0.0446 0.0100 0.0856 0.0235 0.0895 0.1872 0.0408 1.3097 0.0100 0.1747 0.0100 0.0372 0.0231 0.0507 0.0894 0.0336 0.0100 0.0100 0.0510 0.0397 0.0418 0.0100 0.0772 0.0898 0.0471 0.0119 0.0237 0.0383 0.0647 0.0100 0.0100 0.0675 0.0100 0.0754 0.0100 0.0529 0.0182 0.1768 0.0764 0.0208 0.0554 0.0346 0.0267 0.0308 0.0518 0.0330 0.0229 0.0527 0.0324
0.0699 0.0100 0.0335 0.0713 0.0100 0.1165 0.0931 0.0586 0.0100 0.1367 0.0100 0.0360 0.0100 0.0100 0.0100 0.3478 0.0488 0.0135 0.1207 0.5703 0.0100 0.0100 0.1158 0.3179 0.0100 0.0100 0.0880 0.0100 0.0100 0.0440 0.2546 0.0100 0.1497 0.0100 0.4344 0.0100 0.0872 0.1476 0.1097 0.0100 0.0192 0.2326 0.0100 0.1436 0.1436 0.1578 0.0100 0.1885 0.0648 0.0100 0.0100 0.0100 0.0100 0.0100 0.0551 0.0840 0.0100 0.0381 0.2000 0.0605 0.0660 0.0917 0.0639 0.0373 0.0323 0.2073 0.2751 0.0100 0.0648 0.0684 0.0796 0.0779 0.0182 0.1287 0.0829 0.0527 0.0100 0.0618 0.0357 0.0736 0.1101 0.0871 0.1207 0.0982 0.0100 0.0100 0.0540 0.0100 0.0456 0.0100 0.1326 0.1905 0.1311 0.0855 0.0100 0.0100 0.0357 0.0817 0.0446 0.0664 0.0772 0.0524 0.0100 0.0100 0.2397 0.0460 0.1758 0.0386 0.0457 0.0100 0.0556 0.3073 0.0100 0.0438 0.0100 0.0100 0.0100 0.0291 0.0314 0.0100 0.0387 0.0100 0.0121 0.0320 0.1201 0.0100 0.2716 0.0345 0.1133 0.0100 0.0713 0.0314 0.0750 0.0913 0.1034 0.0373 0.0947 0.0347 0.0240 0.0636 0.0914 0.0100 0.0153 0.0100 0.0100 0.0634 0.1567 0.0218 0.0655 0.0448 0.0819 0.0403 0.0100 0.0773 0.0213 0.0818 0.1691 0.0369 1.1832 0.0100 0.1578 0.0100 0.0336 0.0208 0.0458 0.0807 0.0304 0.0100 0.0100 0.0461 0.0358 0.0378 0.0100 0.0697 0.0811 0.0426 0.0108 0.0214 0.0346 0.0585 0.0100 0.0100 0.0610 0.0100 0.0681 0.0100 0.0478 0.0164 0.1597 0.0690 0.0188 0.0501 0.0312 0.0241 0.0278 0.0468 0.0298 0.0207 0.0476 0.0293
0.0100 0.0100 0.0100 0.0100 0.0100 0.0100 0.0100 0.0100 0.0100 0.0100 0.0100 0.0100 0.0100 0.0100 0.0100 0.0100 0.0100 0.0100 0.0100 0.0100 0.0100 0.0100 0.0100 0.0100 0.0100 0.0100 0.0100 0.0100 0.0100 0.0100 0.0100 0.0100 0.0100 0.0100 0.0100 0.0100 0.0100 0.0100 0.0100 0.0100 0.0100 0.0200 0.0100 0.0100 0.0100 0.0100 0.0100 0.0100 0.0100 0.0100 0.0100 0.0100 0.0100 0.0100 0.0100 0.0100 0.0100 0.0100 0.0100 0.0100 0.0100 0.0100 0.0100 0.0100 0.0100 0.0100 0.0100 0.0100 0.0100 0.0100 0.0100 0.0100 0.0100 0.0100 0.0100 0.0100 0.0100 0.0100 0.0100 0.0100 0.0100 0.0100 0.0100 0.0100 0.0100 0.0100 0.0100 0.0100 0.0100 0.0100 0.0100 0.0100 0.0100 0.0100 0.0100 0.0100 0.0100 0.0100 0.0100 0.0100 0.0100 0.0100 0.0100 0.0100 0.0100 0.0100 0.0200 0.0100 0.0100 0.0100 0.0100 0.0100 0.0100 0.0100 0.0100 0.0100 0.0100 0.0100 0.0100 0.0100 0.0100 0.0100 0.0100 0.0100 0.0200 0.0100 0.0100 0.0100 0.0100 0.0100 0.0100 0.0100 0.0100 0.0200 0.0100 0.0100 0.0100 0.0100 0.0100 0.0100 0.0200 0.0100 0.0100 0.0100 0.0100 0.0200 0.0100 0.0100 0.0200 0.0100 0.0300 0.0100 0.0100 0.0100 0.0100 0.0200 0.0100 0.0100 0.0100 0.0100 0.0200 0.0100 0.0100 0.0100 0.0100 0.0100 0.0100 0.0100 0.0100 0.0100 0.0100 0.0100 0.0100 0.0100 0.0100 0.0100 0.0100 0.0100 0.0100 0.0100 0.0100 0.0100 0.0100 0.0100 0.0100 0.0100 0.0100 0.0100 0.0200 0.0100 0.0100 0.0100 0.0100 0.0100 0.0100 0.0100 0.0100 0.0100 0.0100 0.0100
0.0100 0.0100 0.0100 0.0100 0.0100 0.0100 0.0100 0.0100 0.0100 0.0100 0.0100 0.0100 0.0100 0.0100 0.0100 0.0100 0.0100 0.0100 0.0100 0.0100 0.0100 0.0100 0.0100 0.0100 0.0100 0.0100 0.0100 0.0100 0.0100 0.0100 0.0100 0.0100 0.0100 0.0100 0.0100 0.0100 0.0100 0.0100 0.0100 0.0100 0.0100 0.0200 0.0100 0.0100 0.0100 0.0100 0.0100 0.0100 0.0100 0.0100 0.0100 0.0100 0.0100 0.0100 0.0100 0.0100 0.0100 0.0100 0.0100 0.0100 0.0100 0.0100 0.0100 0.0100 0.0100 0.0100 0.0100 0.0100 0.0100 0.0100 0.0100 0.0100 0.0100 0.0100 0.0100 0.0100 0.0100 0.0100 0.0100 0.0100 0.0100 0.0100 0.0100 0.0100 0.0100 0.0100 0.0100 0.0100 0.0100 0.0100 0.0100 0.0100 0.0100 0.0100 0.0100 0.0100 0.0100 0.0100 0.0100 0.0100 0.0100 0.0100 0.0100 0.0100 0.0100 0.0100 0.0200 0.0100 0.0100 0.0100 0.0100 0.0100 0.0100 0.0100 0.0100 0.0100 0.0100 0.0100 0.0100 0.0100 0.0100 0.0100 0.0100 0.0100 0.0200 0.0100 0.0100 0.0100 0.0100 0.0100 0.0100 0.0100 0.0100 0.0200 0.0100 0.0100 0.0100 0.0100 0.0100 0.0100 0.0200 0.0100 0.0100 0.0100 0.0100 0.0200 0.0100 0.0100 0.0200 0.0100 0.0300 0.0100 0.0100 0.0100 0.0100 0.0200 0.0100 0.0100 0.0116 0.0100 0.0200 0.0100 0.0100 0.0100 0.0100 0.0100 0.0100 0.0100 0.0100 0.0100 0.0100 0.0100 0.0100 0.0100 0.0100 0.0100 0.0100 0.0100 0.0100 0.0100 0.0100 0.0100 0.0100 0.0100 0.0100 0.0100 0.0100 0.0100 0.0200 0.0100 0.0100 0.0100 0.0100 0.0100 0.0100 0.0100 0.0100 0.0100 0.0100 0.0100
0.0100 0.0100 0.0100 0.0100 0.0100 0.0100 0.0100 0.0100 0.0100 0.0100 0.0100 0.0100 0.0100 0.0100 0.0100 0.0100 0.0100 0.0100 0.0100 0.0100 0.0100 0.0100 0.0100 0.0100 0.0100 0.0100 0.0100 0.0100 0.0100 0.0100 0.0100 0.0100 0.0100 0.0100 0.0100 0.0100 0.0100 0.0100 0.0100 0.0100 0.0100 0.0200 0.0100 0.0100 0.0100 0.0100 0.0100 0.0100 0.0100 0.0100 0.0100 0.0100 0.0100 0.0100 0.0100 0.0100 0.0100 0.0100 0.0100 0.0100 0.0100 0.0100 0.0100 0.0100 0.0100 0.0100 0.0100 0.0100 0.0100 0.0100 0.0100 0.0100 0.0100 0.0100 0.0100 0.0100 0.0100 0.0100 0.0100 0.0100 0.0100 0.0100 0.0100 0.0100 0.0100 0.0100 0.0100 0.0100 0.0100 0.0100 0.0100 0.0100 0.0100 0.0100 0.0100 0.0100 0.0100 0.0100 0.0100 0.0100 0.0100 0.0100 0.0100 0.0100 0.0100 0.0100 0.0200 0.0100 0.0100 0.0100 0.0100 0.0100 0.0100 0.0100 0.0100 0.0100 0.0100 0.0100 0.0100 0.0100 0.0100 0.0100 0.0100 0.0100 0.0200 0.0100 0.0100 0.0100 0.0100 0.0100 0.0100 0.0100 0.0100 0.0200 0.0100 0.0100 0.0100 0.0100 0.0100 0.0100 0.0200 0.0100 0.0100 0.0100 0.0100 0.0200 0.0100 0.0100 0.0200 0.0100 0.0300 0.0100 0.0100 0.0100 0.0100 0.0200 0.0100 0.0100 0.0490 0.0100 0.0200 0.0100 0.0100 0.0100 0.0100 0.0100 0.0100 0.0100 0.0100 0.0100 0.0100 0.0100 0.0100 0.0100 0.0100 0.0100 0.0100 0.0100 0.0100 0.0100 0.0100 0.0100 0.0100 0.0100 0.0100 0.0100 0.0100 0.0100 0.0200 0.0100 0.0100 0.0100 0.0100 0.0100 0.0100 0.0100 0.0100 0.0100 0.0100 0.0100
0.0100 0.0100 0.0100 0.0100 0.0100 0.0100 0.0100 0.0100 0.0100 0.0100 0.0100 0.0100 0.0100 0.0100 0.0100 0.0100 0.0100 0.0100 0.0100 0.0100 0.0100 0.0100 0.0100 0.0100 0.0100 0.0100 0.0100 0.0100 0.0100 0.0100 0.0100 0.0100 0.0100 0.0100 0.0100 0.0100 0.0100 0.0100 0.0100 0.0100 0.0100 0.0200 0.0100 0.0100 0.0100 0.0100 0.0100 0.0100 0.0100 0.0100 0.0100 0.0100 0.0100 0.0100 0.0100 0.0100 0.0100 0.0100 0.0100 0.0100 0.0100 0.0100 0.0100 0.0100 0.0100 0.0100 0.0100 0.0100 0.0100 0.0100 0.0100 0.0100 0.0100 0.0100 0.0100 0.0100 0.0100 0.0100 0.0100 0.0100 0.0100 0.0100 0.0100 0.0100 0.0100 0.0100 0.0100 0.0100 0.0100 0.0100 0.0100 0.0100 0.0100 0.0100 0.0100 0.0100 0.0100 0.0100 0.0100 0.0100 0.0100 0.0100 0.0100 0.0100 0.0100 0.0100 0.0200 0.0100 0.0100 0.0100 0.0100 0.0100 0.0100 0.0100 0.0100 0.0100 0.0100 0.0100 0.0100 0.0100 0.0100 0.0100 0.0100 0.0100 0.0200 0.0100 0.0100 0.0100 0.0100 0.0100 0.0100 0.0100 0.0100 0.0200 0.0100 0.0100 0.0100 0.0100 0.0100 0.0100 0.0200 0.0100 0.0100 0.0100 0.0100 0.0200 0.0100 0.0100 0.0200 0.0100 0.0300 0.0100 0.0100 0.0100 0.0100 0.0200 0.0100 0.0100 0.0100 0.0100 0.0200 0.0100 0.0100 0.0100 0.0100 0.0100 0.0100 0.0100 0.0100 0.0100 0.0100 0.0100 0.0100 0.0100 0.0100 0.0100 0.0100 0.0100 0.0100 0.0100 0.0100 0.0100 0.0100 0.0100 0.0100 0.0100 0.0100 0.0100 0.0200 0.0100 0.0100 0.0100 0.0100 0.0100 0.0100 0.0100 0.0100 0.0100 0.0100 0.0100
0.0100 0.0100 0.0100 0.0100 0.0100 0.0100 0.0100 0.0100 0.0100 0.0100 0.0100 0.0100 0.0100 0.0100 0.0100 0.0100 0.0100 0.0100 0.0100 0.0100 0.0100 0.0100 0.0100 0.0100 0.0100 0.0100 0.0100 0.0100 0.0100 0.0100 0.0100 0.0100 0.0100 0.0100 0.0100 0.0100 0.0100 0.0100 0.0100 0.0100 0.0100 0.0200 0.0100 0.0100 0.0100 0.0100 0.0100 0.0100 0.0100 0.0100 0.0100 0.0100 0.0100 0.0100 0.0100 0.0100 0.0100 0.0100 0.0100 0.0100 0.0100 0.0100 0.0100 0.0100 0.0100 0.0100 0.0100 0.0100 0.0100 0.0100 0.0100 0.0100 0.0100 0.0100 0.0100 0.0100 0.0100 0.0100 0.0100 0.0100 0.0100 0.0100 0.0100 0.0100 0.0100 0.0100 0.0100 0.0100 0.0100 0.0100 0.0100 0.0100 0.0100 0.0100 0.0100 0.0100 0.0100 0.0100 0.0100 0.0100 0.0100 0.0100 0.0100 0.0100 0.0100 0.0100 0.0200 0.0100 0.0100 0.0100 0.0100 0.0100 0.0100 0.0100 0.0100 0.0100 0.0100 0.0100 0.0100 0.0100 0.0100 0.0100 0.0100 0.0100 0.0200 0.0100 0.0100 0.0100 0.0100 0.0100 0.0100 0.0100 0.0100 0.0200 0.0100 0.0100 0.0100 0.0100 0.0100 0.0100 0.0200 0.0100 0.0100 0.0100 0.0100 0.0200 0.0100 0.0100 0.0200 0.0100 0.0300 0.0100 0.0100 0.0100 0.0100 0.0200 0.0100 0.0100 0.0100 0.0100 0.0200 0.0100 0.0100 0.0100 0.0100 0.0100 0.0100 0.0100 0.0100 0.0100 0.0100 0.0100 0.0100 0.0100 0.0100 0.0100 0.0100 0.0100 0.0100 0.0100 0.0100 0.0100 0.0100 0.0100 0.0100 0.0100 0.0100 0.0100 0.0200 0.0100 0.0100 0.0100 0.0100 0.0100 0.0100 0.0100 0.0100 0.0100 0.0100 0.0100
0.0158 0.0100 0.0100 0.0161 0.0100 0.0136 0.0210 0.0132 0.0100 0.0309 0.0100 0.0100 0.0100 0.0100 0.0100 0.0405 0.0110 0.0100 0.0273 0.0664 0.0100 0.0100 0.0135 0.0370 0.0100 0.0100 0.0199 0.0100 0.0100 0.0100 0.0297 0.0100 0.0338 0.0100 0.0506 0.0100 0.0197 0.0333 0.0248 0.0100 0.0100 0.0603 0.0100 0.0167 0.0167 0.0184 0.0100 0.0220 0.0100 0.0100 0.0100 0.0100 0.0100 0.0100 0.0335 0.0190 0.0100 0.0100 0.0233 0.0100 0.0100 0.0558 0.0144 0.0100 0.0100 0.0242 0.0320 0.0100 0.0394 0.0241 0.0180 0.0176 0.0100 0.0150 0.0504 0.0321 0.0100 0.0218 0.0126 0.0100 0.0128 0.0101 0.0141 0.0597 0.0100 0.0100 0.0190 0.0100 0.0161 0.0100 0.0154 0.0222 0.0153 0.0100 0.0100 0.0100 0.0217 0.0497 0.0271 0.0234 0.0272 0.0184 0.0100 0.0100 0.0279 0.0280 0.1109 0.0235 0.0161 0.0100 0.0338 0.0358 0.0100 0.0267 0.0100 0.0100 0.0100 0.0102 0.0110 0.0100 0.0236 0.0100 0.0100 0.0195 0.0731 0.0100 0.1652 0.0121 0.0399 0.0100 0.0251 0.0191 0.0456 0.0555 0.0629 0.0227 0.0576 0.0211 0.0100 0.0387 0.0595 0.0100 0.0100 0.0100 0.0100 0.0264 0.0551 0.0132 0.0438 0.0273 0.0576 0.0245 0.0100 0.0272 0.0100 0.0353 0.0595 0.0130 0.8787 0.0100 0.1093 0.0100 0.0204 0.0127 0.0279 0.0491 0.0185 0.0100 0.0100 0.0348 0.0271 0.0230 0.0100 0.0245 0.0286 0.0321 0.0100 0.0162 0.0210 0.0356 0.0100 0.0100 0.0215 0.0100 0.0240 0.0100 0.0361 0.0124 0.0971 0.0420 0.0100 0.0176 0.0110 0.0100 0.0100 0.0165 0.0225 0.0156 0.0360 0.0103
0.0779 0.0100 0.0373 0.0795 0.0100 0.0192 0.1037 0.0654 0.0100 0.1523 0.0100 0.0401 0.0100 0.0100 0.0100 0.0573 0.0544 0.0100 0.1346 0.0940 0.0100 0.0100 0.0191 0.0524 0.0100 0.0100 0.0981 0.0100 0.0100 0.0491 0.0420 0.0100 0.1668 0.0100 0.0716 0.0100 0.0972 0.1645 0.1223 0.0100 0.0214 0.2581 0.0100 0.0237 0.0237 0.0260 0.0100 0.0311 0.0107 0.0100 0.0100 0.0100 0.0100 0.0100 0.0112 0.0936 0.0100 0.0425 0.0330 0.0100 0.0109 0.0186 0.0712 0.0416 0.0360 0.0342 0.0453 0.0100 0.0131 0.0328 0.0888 0.0868 0.0100 0.0212 0.0168 0.0107 0.0100 0.0297 0.0171 0.0121 0.0181 0.0143 0.0199 0.0199 0.0100 0.0100 0.0259 0.0100 0.0219 0.0100 0.0219 0.0314 0.0216 0.0141 0.0100 0.0100 0.0100 0.0166 0.0100 0.0319 0.0371 0.0252 0.0100 0.0100 0.0395 0.0100 0.0436 0.0100 0.0220 0.0100 0.0113 0.0507 0.0100 0.0100 0.0100 0.0100 0.0100 0.0140 0.0151 0.0100 0.0100 0.0100 0.0100 0.0100 0.0244 0.0100 0.0551 0.0166 0.0544 0.0100 0.0342 0.0100 0.0152 0.0200 0.0210 0.0100 0.0192 0.0100 0.0115 0.0129 0.0265 0.0100 0.0100 0.0100 0.0100 0.0323 0.0753 0.0100 0.0213 0.0100 0.0325 0.0100 0.0100 0.0371 0.0102 0.0445 0.0812 0.0177 0.4701 0.0100 0.0465 0.0100 0.0100 0.0100 0.0100 0.0164 0.0100 0.0100 0.0100 0.0168 0.0130 0.0100 0.0100 0.0335 0.0390 0.0155 0.0100 0.0100 0.0100 0.0119 0.0100 0.0100 0.0293 0.0100 0.0327 0.0100 0.0174 0.0100 0.0324 0.0140 0.0100 0.0240 0.0150 0.0116 0.0134 0.0225 0.0108 0.0100 0.0173 0.0141
0.0393 0.0100 0.0188 0.0401 0.0100 0.0100 0.0524 0.0330 0.0100 0.0769 0.0100 0.0202 0.0100 0.0100 0.0100 0.0289 0.0275 0.0100 0.0679 0.0475 0.0100 0.0100 0.0100 0.0265 0.0100 0.0100 0.0495 0.0100 0.0100 0.0248 0.0212 0.0100 0.0842 0.0100 0.0362 0.0100 0.0491 0.0831 0.0617 0.0100 0.0108 0.1352 0.0100 0.0120 0.0120 0.0131 0.0100 0.0157 0.0100 0.0100 0.0100 0.0100 0.0100 0.0100 0.0100 0.0473 0.0100 0.0215 0.0166 0.0100 0.0100 0.0100 0.0359 0.0210 0.0182 0.0173 0.0229 0.0100 0.0100 0.0166 0.0448 0.0438 0.0100 0.0107 0.0100 0.0100 0.0100 0.0150 0.0100 0.0100 0.0100 0.0100 0.0100 0.0100 0.0100 0.0100 0.0131 0.0100 0.0111 0.0100 0.0110 0.0158 0.0109 0.0100 0.0100 0.0100 0.0100 0.0100 0.0100 0.0161 0.0187 0.0127 0.0100 0.0100 0.0199 0.0100 0.0270 0.0100 0.0111 0.0100 0.0100 0.0256 0.0100 0.0100 0.0100 0.0100 0.0100 0.0100 0.0100 0.0100 0.0100 0.0100 0.0100 0.0100 0.0200 0.0100 0.0278 0.0100 0.0275 0.0100 0.0173 0.0100 0.0100 0.0200 0.0106 0.0100 0.0100 0.0100 0.0100 0.0100 0.0200 0.0100 0.0100 0.0100 0.0100 0.0213 0.0380 0.0100 0.0200 0.0100 0.0300 0.0100 0.0100 0.0187 0.0100 0.0274 0.0410 0.0100 0.2373 0.0100 0.0266 0.0100 0.0100 0.0100 0.0100 0.0100 0.0100 0.0100 0.0100 0.0100 0.0100 0.0100 0.0100 0.0169 0.0197 0.0100 0.0100 0.0100 0.0100 0.0100 0.0100 0.0100 0.0148 0.0100 0.0165 0.0100 0.0100 0.0100 0.0208 0.0100 0.0100 0.0121 0.0100 0.0100 0.0100 0.0114 0.0100 0.0100 0.0100 0.0100
0.3911 0.0100 0.1873 0.3993 0.0100 0.0964 0.5210 0.3283 0.0100 0.7650 0.0100 0.2012 0.0100 0.0100 0.0100 0.2880 0.2733 0.0112 0.6759 0.4723 0.0100 0.0100 0.0959 0.2632 0.0100 0.0100 0.4927 0.0100 0.0100 0.2465 0.2109 0.0100 0.8378 0.0100 0.3597 0.0100 0.4881 0.8265 0.6143 0.0100 0.1073 1.2561 0.0100 0.1190 0.1189 0.1307 0.0100 0.1561 0.0537 0.0100 0.0100 0.0100 0.0100 0.0100 0.0561 0.4703 0.0100 0.2135 0.1656 0.0501 0.0546 0.0935 0.3577 0.2090 0.1809 0.1717 0.2278 0.0100 0.0660 0.1650 0.4459 0.4360 0.0151 0.1066 0.0845 0.0537 0.0100 0.1492 0.0861 0.0610 0.0912 0.0721 0.0999 0.1001 0.0100 0.0100 0.1303 0.0100 0.1101 0.0100 0.1098 0.1577 0.1086 0.0708 0.0100 0.0100 0.0364 0.0832 0.0454 0.1604 0.1864 0.1264 0.0100 0.0100 0.1985 0.0469 0.1790 0.0393 0.1104 0.0179 0.0566 0.2545 0.0100 0.0446 0.0100 0.0100 0.0102 0.0702 0.0757 0.0100 0.0394 0.0100 0.0100 0.0326 0.1224 0.0100 0.2768 0.0832 0.2733 0.0204 0.1720 0.0320 0.0764 0.0930 0.1054 0.0380 0.0965 0.0354 0.0579 0.0648 0.0929 0.0100 0.0370 0.0100 0.0110 0.1529 0.3781 0.0222 0.0666 0.0457 0.0830 0.0410 0.0100 0.1866 0.0513 0.1834 0.4081 0.0890 2.3612 0.0100 0.2339 0.0100 0.0343 0.0212 0.0467 0.0823 0.0309 0.0100 0.0104 0.0842 0.0654 0.0385 0.0100 0.1683 0.1958 0.0777 0.0197 0.0391 0.0353 0.0596 0.0100 0.0100 0.1471 0.0100 0.1643 0.0100 0.0872 0.0300 0.1627 0.0703 0.0454 0.1208 0.0754 0.0581 0.0671 0.1129 0.0544 0.0377 0.0869 0.0707
0.1829 0.0100 0.0876 0.1867 0.0100 0.3049 0.2437 0.1535 0.0100 0.3578 0.0100 0.0941 0.0100 0.0100 0.0100 0.9104 0.1278 0.0353 0.3161 1.4931 0.0100 0.0100 0.3031 0.8322 0.0100 0.0100 0.2304 0.0100 0.0100 0.1153 0.6666 0.0100 0.3918 0.0100 1.1373 0.0100 0.2283 0.3865 0.2873 0.0100 0.0502 0.5928 0.0100 0.3761 0.3760 0.4131 0.0100 0.4935 0.1698 0.0100 0.0100 0.0100 0.0100 0.0100 0.1442 0.2199 0.0100 0.0998 0.5235 0.1585 0.1727 0.2402 0.1673 0.0978 0.0846 0.5428 0.7201 0.0197 0.1697 0.1790 0.2086 0.2039 0.0477 0.3369 0.2170 0.1381 0.0100 0.1618 0.0934 0.1927 0.2883 0.2280 0.3160 0.2571 0.0100 0.0100 0.1413 0.0100 0.1195 0.0100 0.3472 0.4987 0.3432 0.2237 0.0100 0.0213 0.0935 0.2138 0.1167 0.1740 0.2023 0.1371 0.0173 0.0139 0.6274 0.1204 0.4442 0.1011 0.1198 0.0195 0.1455 0.8044 0.0122 0.1147 0.0100 0.0100 0.0262 0.0761 0.0821 0.0100 0.1014 0.0100 0.0316 0.0839 0.3145 0.0100 0.7111 0.0903 0.2965 0.0222 0.1866 0.0823 0.1963 0.2391 0.2707 0.0977 0.2480 0.0909 0.0629 0.1665 0.2231 0.0167 0.0401 0.0100 0.0120 0.1659 0.4101 0.0571 0.1553 0.1173 0.1819 0.1054 0.0212 0.2024 0.0556 0.1981 0.4427 0.0966 3.0976 0.0100 0.4131 0.0100 0.0880 0.0546 0.1200 0.2113 0.0795 0.0100 0.0113 0.1207 0.0938 0.0989 0.0100 0.1826 0.2124 0.1114 0.0282 0.0560 0.0906 0.1531 0.0100 0.0100 0.1596 0.0100 0.1783 0.0100 0.1251 0.0431 0.4181 0.1806 0.0493 0.1311 0.0818 0.0631 0.0728 0.1225 0.0780 0.0541 0.1247 0.0767
0.0391 0.0100 0.0187 0.0399 0.0100 0.0651 0.0521 0.0328 0.0100 0.0765 0.0100 0.0201 0.0100 0.0100 0.0100 0.1945 0.0273 0.0100 0.0675 0.3190 0.0100 0.0100 0.0648 0.1778 0.0100 0.0100 0.0492 0.0100 0.0100 0.0246 0.1424 0.0100 0.0837 0.0100 0.2430 0.0100 0.0488 0.0826 0.0614 0.0100 0.0107 0.1345 0.0100 0.0804 0.0804 0.0883 0.0100 0.1054 0.0363 0.0100 0.0100 0.0100 0.0100 0.0100 0.0308 0.0470 0.0100 0.0213 0.1119 0.0339 0.0369 0.0513 0.0357 0.0209 0.0181 0.1160 0.1539 0.0100 0.0362 0.0382 0.0446 0.0436 0.0102 0.0720 0.0464 0.0295 0.0100 0.0346 0.0199 0.0412 0.0616 0.0487 0.0675 0.0549 0.0100 0.0100 0.0302 0.0100 0.0255 0.0100 0.0742 0.1066 0.0733 0.0478 0.0100 0.0100 0.0200 0.0457 0.0249 0.0372 0.0432 0.0293 0.0100 0.0100 0.1341 0.0257 0.1028 0.0216 0.0256 0.0100 0.0311 0.1719 0.0100 0.0245 0.0100 0.0100 0.0100 0.0163 0.0175 0.0100 0.0216 0.0100 0.0100 0.0179 0.0672 0.0100 0.1520 0.0193 0.0634 0.0100 0.0399 0.0176 0.0419 0.0511 0.0578 0.0209 0.0530 0.0194 0.0134 0.0356 0.0555 0.0100 0.0100 0.0100 0.0100 0.0360 0.0876 0.0122 0.0411 0.0251 0.0546 0.0225 0.0100 0.0432 0.0119 0.0502 0.0946 0.0206 0.6619 0.0100 0.0883 0.0100 0.0188 0.0117 0.0256 0.0452 0.0170 0.0100 0.0100 0.0258 0.0200 0.0211 0.0100 0.0390 0.0454 0.0238 0.0100 0.0120 0.0193 0.0327 0.0100 0.0100 0.0341 0.0100 0.0381 0.0100 0.0267 0.0100 0.0893 0.0386 0.0105 0.0280 0.0175 0.0135 0.0155 0.0262 0.0167 0.0116 0.0266 0.0164
0.0185 0.0100 0.0100 0.0189 0.0100 0.0309 0.0247 0.0156 0.0100 0.0363 0.0100 0.0100 0.0100 0.0100 0.0100 0.0923 0.0130 0.0100 0.0320 0.1514 0.0100 0.0100 0.0307 0.0844 0.0100 0.0100 0.0234 0.0100 0.0100 0.0117 0.0676 0.0100 0.0397 0.0100 0.1153 0.0100 0.0231 0.0392 0.0291 0.0100 0.0100 0.0691 0.0100 0.0381 0.0381 0.0419 0.0100 0.0500 0.0172 0.0100 0.0100 0.0100 0.0100 0.0100 0.0146 0.0223 0.0100 0.0101 0.0531 0.0161 0.0175 0.0244 0.0169 0.0100 0.0100 0.0550 0.0730 0.0100 0.0172 0.0181 0.0211 0.0207 0.0100 0.0341 0.0220 0.0140 0.0100 0.0164 0.0100 0.0195 0.0292 0.0231 0.0320 0.0261 0.0100 0.0100 0.0143 0.0100 0.0121 0.0100 0.0352 0.0505 0.0348 0.0227 0.0100 0.0100 0.0100 0.0217 0.0118 0.0176 0.0205 0.0139 0.0100 0.0100 0.0636 0.0122 0.0540 0.0102 0.0121 0.0100 0.0147 0.0815 0.0100 0.0116 0.0100 0.0100 0.0100 0.0100 0.0100 0.0100 0.0103 0.0100 0.0100 0.0100 0.0319 0.0100 0.0721 0.0100 0.0301 0.0100 0.0189 0.0100 0.0199 0.0242 0.0274 0.0100 0.0251 0.0100 0.0100 0.0169 0.0316 0.0100 0.0100 0.0100 0.0100 0.0223 0.0416 0.0100 0.0247 0.0119 0.0364 0.0107 0.0100 0.0205 0.0100 0.0291 0.0449 0.0100 0.3140 0.0100 0.0419 0.0100 0.0100 0.0100 0.0122 0.0214 0.0100 0.0100 0.0100 0.0122 0.0100 0.0100 0.0100 0.0185 0.0215 0.0113 0.0100 0.0100 0.0100 0.0155 0.0100 0.0100 0.0162 0.0100 0.0181 0.0100 0.0127 0.0100 0.0424 0.0183 0.0100 0.0133 0.0100 0.0100 0.0100 0.0124 0.0100 0.0100 0.0126 0.0100
0.0444 0.0100 0.0213 0.0454 0.0100 0.0382 0.0592 0.0373 0.0100 0.0869 0.0100 0.0228 0.0100 0.0100 0.0100 0.1140 0.0310 0.0100 0.0768 0.1870 0.0100 0.0100 0.0380 0.1042 0.0100 0.0100 0.0560 0.0100 0.0100 0.0280 0.0835 0.0100 0.0951 0.0100 0.1424 0.0100 0.0554 0.0939 0.0698 0.0100 0.0122 0.1515 0.0100 0.0471 0.0471 0.0517 0.0100 0.0618 0.0213 0.0100 0.0100 0.0100 0.0100 0.0100 0.0943 0.0534 0.0100 0.0242 0.0656 0.0198 0.0216 0.1571 0.0406 0.0237 0.0205 0.0680 0.0902 0.0129 0.1110 0.0678 0.0506 0.0495 0.0100 0.0422 0.1419 0.0903 0.0100 0.0612 0.0353 0.0241 0.0361 0.0285 0.0396 0.1681 0.0100 0.0100 0.0535 0.0100 0.0452 0.0100 0.0435 0.0625 0.0430 0.0280 0.0100 0.0100 0.0612 0.1398 0.0763 0.0659 0.0766 0.0519 0.0100 0.0100 0.0786 0.0788 0.2939 0.0661 0.0453 0.0100 0.0951 0.1008 0.0100 0.0750 0.0100 0.0100 0.0171 0.0288 0.0311 0.0100 0.0663 0.0100 0.0100 0.0549 0.2057 0.0100 0.4651 0.0342 0.1122 0.0100 0.0706 0.0538 0.1283 0.1563 0.1771 0.0639 0.1622 0.0595 0.0238 0.1089 0.1494 0.0109 0.0152 0.0100 0.0100 0.0628 0.1552 0.0373 0.1051 0.0767 0.1259 0.0689 0.0138 0.0766 0.0210 0.0812 0.1675 0.0365 2.4731 0.0100 0.3076 0.0100 0.0576 0.0357 0.0784 0.1382 0.0520 0.0100 0.0100 0.0980 0.0762 0.0647 0.0100 0.0691 0.0804 0.0905 0.0229 0.0455 0.0592 0.1001 0.0100 0.0100 0.0604 0.0100 0.0675 0.0100 0.1015 0.0350 0.2734 0.1181 0.0186 0.0496 0.0309 0.0239 0.0276 0.0464 0.0633 0.0439 0.1012 0.0290
0.2567 0.0100 0.1230 0.2621 0.0100 0.0633 0.3420 0.2155 0.0100 0.5021 0.0100 0.1321 0.0100 0.0100 0.0100 0.1890 0.1794 0.0100 0.4436 0.3100 0.0100 0.0100 0.0629 0.1728 0.0100 0.0100 0.3234 0.0100 0.0100 0.1618 0.1384 0.0100 0.5499 0.0100 0.2361 0.0100 0.3204 0.5425 0.4032 0.0100 0.0704 0.8279 0.0100 0.0781 0.0781 0.0858 0.0100 0.1024 0.0352 0.0100 0.0100 0.0100 0.0100 0.0100 0.0369 0.3087 0.0100 0.1401 0.1087 0.0329 0.0358 0.0614 0.2348 0.1372 0.1188 0.1127 0.1495 0.0100 0.0433 0.1083 0.2927 0.2862 0.0100 0.0699 0.0554 0.0353 0.0100 0.0979 0.0565 0.0400 0.0599 0.0473 0.0656 0.0657 0.0100 0.0100 0.0855 0.0100 0.0723 0.0100 0.0721 0.1035 0.0712 0.0464 0.0100 0.0100 0.0239 0.0546 0.0298 0.1053 0.1224 0.0830 0.0100 0.0100 0.1303 0.0308 0.1209 0.0258 0.0725 0.0118 0.0372 0.1670 0.0100 0.0293 0.0100 0.0100 0.0100 0.0461 0.0497 0.0100 0.0259 0.0100 0.0100 0.0214 0.0803 0.0100 0.1817 0.0546 0.1794 0.0134 0.1129 0.0210 0.0501 0.0611 0.0692 0.0249 0.0634 0.0232 0.0380 0.0425 0.0644 0.0100 0.0243 0.0100 0.0100 0.1004 0.2482 0.0146 0.0471 0.0300 0.0614 0.0269 0.0100 0.1225 0.0337 0.1238 0.2678 0.0584 1.5498 0.0100 0.1535 0.0100 0.0225 0.0139 0.0306 0.0540 0.0203 0.0100 0.0100 0.0553 0.0430 0.0253 0.0100 0.1105 0.1285 0.0510 0.0129 0.0256 0.0231 0.0391 0.0100 0.0100 0.0966 0.0100 0.1079 0.0100 0.0572 0.0197 0.1068 0.0461 0.0298 0.0793 0.0495 0.0382 0.0440 0.0741 0.0357 0.0248 0.0571 0.0464
0.0740 0.0100 0.0354 0.0755 0.0100 0.0182 0.0985 0.0621 0.0100 0.1447 0.0100 0.0381 0.0100 0.0100 0.0100 0.0545 0.0517 0.0100 0.1278 0.0893 0.0100 0.0100 0.0181 0.0498 0.0100 0.0100 0.0932 0.0100 0.0100 0.0466 0.0399 0.0100 0.1585 0.0100 0.0680 0.0100 0.0923 0.1563 0.1162 0.0100 0.0203 0.2457 0.0100 0.0225 0.0225 0.0247 0.0100 0.0295 0.0101 0.0100 0.0100 0.0100 0.0100 0.0100 0.0106 0.0890 0.0100 0.0404 0.0313 0.0100 0.0103 0.0177 0.0677 0.0395 0.0342 0.0325 0.0431 0.0100 0.0125 0.0312 0.0843 0.0825 0.0100 0.0202 0.0160 0.0102 0.0100 0.0282 0.0163 0.0115 0.0173 0.0136 0.0189 0.0189 0.0100 0.0100 0.0246 0.0100 0.0208 0.0100 0.0208 0.0298 0.0205 0.0134 0.0100 0.0100 0.0100 0.0157 0.0100 0.0303 0.0353 0.0239 0.0100 0.0100 0.0375 0.0100 0.0420 0.0100 0.0209 0.0100 0.0107 0.0481 0.0100 0.0100 0.0100 0.0100 0.0100 0.0133 0.0143 0.0100 0.0100 0.0100 0.0100 0.0100 0.0232 0.0100 0.0524 0.0157 0.0517 0.0100 0.0325 0.0100 0.0144 0.0200 0.0199 0.0100 0.0183 0.0100 0.0110 0.0123 0.0257 0.0100 0.0100 0.0100 0.0100 0.0312 0.0715 0.0100 0.0207 0.0100 0.0319 0.0100 0.0100 0.0353 0.0100 0.0428 0.0772 0.0168 0.4466 0.0100 0.0442 0.0100 0.0100 0.0100 0.0100 0.0156 0.0100 0.0100 0.0100 0.0159 0.0124 0.0100 0.0100 0.0318 0.0370 0.0147 0.0100 0.0100 0.0100 0.0113 0.0100 0.0100 0.0278 0.0100 0.0311 0.0100 0.0165 0.0100 0.0308 0.0133 0.0100 0.0228 0.0143 0.0110 0.0127 0.0214 0.0103 0.0100 0.0164 0.0134
0.3721 0.0100 0.1783 0.3800 0.0100 0.0918 0.4958 0.3124 0.0100 0.7280 0.0100 0.1915 0.0100 0.0100 0.0100 0.2740 0.2601 0.0106 0.6432 0.4494 0.0100 0.0100 0.0912 0.2505 0.0100 0.0100 0.4688 0.0100 0.0100 0.2346 0.2006 0.0100 0.7972 0.0100 0.3423 0.0100 0.4645 0.7865 0.5846 0.0100 0.1021 1.1958 0.0100 0.1132 0.1132 0.1244 0.0100 0.1485 0.0511 0.0100 0.0100 0.0100 0.0100 0.0100 0.0534 0.4475 0.0100 0.2031 0.1576 0.0477 0.0520 0.0890 0.3403 0.1989 0.1722 0.1634 0.2167 0.0100 0.0628 0.1570 0.4243 0.4149 0.0143 0.1014 0.0804 0.0511 0.0100 0.1420 0.0819 0.0580 0.0868 0.0686 0.0951 0.0952 0.0100 0.0100 0.1240 0.0100 0.1048 0.0100 0.1045 0.1501 0.1033 0.0673 0.0100 0.0100 0.0347 0.0792 0.0432 0.1526 0.1774 0.1203 0.0100 0.0100 0.1888 0.0446 0.1708 0.0374 0.1051 0.0171 0.0539 0.2421 0.0100 0.0425 0.0100 0.0100 0.0100 0.0668 0.0720 0.0100 0.0375 0.0100 0.0100 0.0311 0.1165 0.0100 0.2634 0.0792 0.2601 0.0194 0.1637 0.0305 0.0727 0.0885 0.1003 0.0362 0.0919 0.0337 0.0551 0.0617 0.0889 0.0100 0.0352 0.0100 0.0105 0.1455 0.3598 0.0211 0.0638 0.0435 0.0800 0.0391 0.0100 0.1776 0.0488 0.1750 0.3883 0.0847 2.2468 0.0100 0.2225 0.0100 0.0326 0.0202 0.0444 0.0783 0.0295 0.0100 0.0100 0.0801 0.0623 0.0366 0.0100 0.1601 0.1863 0.0740 0.0187 0.0372 0.0336 0.0567 0.0100 0.0100 0.1400 0.0100 0.1564 0.0100 0.0830 0.0286 0.1548 0.0669 0.0432 0.1150 0.0717 0.0553 0.0639 0.1075 0.0517 0.0359 0.0827 0.0673
0.1912 0.0100 0.0916 0.1953 0.0100 0.3188 0.2548 0.1605 0.0100 0.3741 0.0100 0.0984 0.0100 0.0100 0.0100 0.9519 0.1336 0.0369 0.3305 1.5610 0.0100 0.0100 0.3169 0.8701 0.0100 0.0100 0.2409 0.0100 0.0100 0.1205 0.6969 0.0100 0.4097 0.0100 1.1891 0.0100 0.2387 0.4041 0.3004 0.0100 0.0524 0.6193 0.0100 0.3932 0.3931 0.4320 0.0100 0.5159 0.1775 0.0100 0.0100 0.0100 0.0100 0.0100 0.1508 0.2299 0.0100 0.1044 0.5474 0.1657 0.1806 0.2512 0.1749 0.1022 0.0885 0.5675 0.7529 0.0206 0.1774 0.1872 0.2180 0.2132 0.0499 0.3522 0.2269 0.1443 0.0100 0.1692 0.0976 0.2015 0.3015 0.2384 0.3303 0.2688 0.0100 0.0100 0.1477 0.0100 0.1249 0.0100 0.3629 0.5214 0.3588 0.2339 0.0100 0.0222 0.0978 0.2236 0.1220 0.1819 0.2115 0.1434 0.0181 0.0146 0.6560 0.1259 0.4639 0.1057 0.1252 0.0203 0.1521 0.8410 0.0127 0.1199 0.0100 0.0100 0.0274 0.0796 0.0858 0.0100 0.1060 0.0100 0.0330 0.0877 0.3288 0.0100 0.7435 0.0944 0.3100 0.0232 0.1951 0.0860 0.2052 0.2499 0.2831 0.1021 0.2593 0.0950 0.0657 0.1741 0.2328 0.0174 0.0420 0.0100 0.0125 0.1735 0.4288 0.0597 0.1620 0.1227 0.1893 0.1102 0.0221 0.2116 0.0582 0.2066 0.4628 0.1010 3.2386 0.0100 0.4319 0.0100 0.0920 0.0570 0.1254 0.2210 0.0831 0.0100 0.0118 0.1262 0.0981 0.1035 0.0100 0.1909 0.2221 0.1165 0.0295 0.0586 0.0947 0.1601 0.0100 0.0100 0.1669 0.0100 0.1864 0.0100 0.1308 0.0450 0.4371 0.1888 0.0515 0.1370 0.0855 0.0659 0.0761 0.1281 0.0815 0.0566 0.1303 0.0803
0.1526 0.0100 0.0731 0.1558 0.0100 0.2544 0.2033 0.1281 0.0100 0.2985 0.0100 0.0785 0.0100 0.0100 0.0100 0.7595 0.1066 0.0295 0.2637 1.2456 0.0100 0.0100 0.2528 0.6943 0.0100 0.0100 0.1922 0.0100 0.0100 0.0962 0.5561 0.0100 0.3269 0.0100 0.9488 0.0100 0.1905 0.3225 0.2397 0.0100 0.0418 0.4962 0.0100 0.3137 0.3137 0.3447 0.0100 0.4117 0.1416 0.0100 0.0100 0.0100 0.0100 0.0100 0.1203 0.1835 0.0100 0.0833 0.4367 0.1322 0.1441 0.2004 0.1396 0.0815 0.0706 0.4528 0.6007 0.0164 0.1416 0.1493 0.1740 0.1701 0.0398 0.2811 0.1811 0.1152 0.0100 0.1350 0.0779 0.1608 0.2405 0.1902 0.2636 0.2145 0.0100 0.0100 0.1179 0.0100 0.0997 0.0100 0.2896 0.4160 0.2863 0.1867 0.0100 0.0178 0.0780 0.1784 0.0973 0.1451 0.1687 0.1144 0.0144 0.0116 0.5234 0.1005 0.3722 0.0843 0.0999 0.0162 0.1214 0.6711 0.0102 0.0957 0.0100 0.0100 0.0219 0.0635 0.0685 0.0100 0.0846 0.0100 0.0263 0.0700 0.2624 0.0100 0.5933 0.0753 0.2473 0.0185 0.1557 0.0686 0.1637 0.1994 0.2258 0.0815 0.2069 0.0758 0.0524 0.1389 0.1878 0.0139 0.0335 0.0100 0.0100 0.1384 0.3422 0.0476 0.1313 0.0979 0.1551 0.0880 0.0177 0.1689 0.0464 0.1669 0.3693 0.0805 2.5841 0.0100 0.3446 0.0100 0.0734 0.0455 0.1001 0.1763 0.0663 0.0100 0.0100 0.1007 0.0783 0.0825 0.0100 0.1523 0.1772 0.0930 0.0235 0.0467 0.0756 0.1277 0.0100 0.0100 0.1331 0.0100 0.1487 0.0100 0.1043 0.0359 0.3488 0.1507 0.0411 0.1093 0.0682 0.0526 0.0607 0.1022 0.0650 0.0451 0.1040 0.0640
0.0284 0.0100 0.0136 0.0290 0.0100 0.0244 0.0378 0.0238 0.0100 0.0556 0.0100 0.0146 0.0100 0.0100 0.0100 0.0729 0.0198 0.0100 0.0491 0.1196 0.0100 0.0100 0.0243 0.0667 0.0100 0.0100 0.0358 0.0100 0.0100 0.0179 0.0534 0.0100 0.0608 0.0100 0.0911 0.0100 0.0355 0.0600 0.0446 0.0100 0.0100 0.1005 0.0100 0.0301 0.0301 0.0331 0.0100 0.0395 0.0136 0.0100 0.0100 0.0100 0.0100 0.0100 0.0603 0.0341 0.0100 0.0155 0.0419 0.0127 0.0138 0.1004 0.0260 0.0152 0.0131 0.0435 0.0577 0.0100 0.0709 0.0433 0.0324 0.0317 0.0100 0.0270 0.0908 0.0577 0.0100 0.0392 0.0226 0.0154 0.0231 0.0183 0.0253 0.1075 0.0100 0.0100 0.0342 0.0100 0.0289 0.0100 0.0278 0.0399 0.0275 0.0179 0.0100 0.0100 0.0391 0.0894 0.0488 0.0421 0.0490 0.0332 0.0100 0.0100 0.0503 0.0504 0.1916 0.0423 0.0290 0.0100 0.0608 0.0644 0.0100 0.0480 0.0100 0.0100 0.0110 0.0184 0.0199 0.0100 0.0424 0.0100 0.0100 0.0351 0.1315 0.0100 0.2974 0.0219 0.0717 0.0100 0.0452 0.0344 0.0821 0.1000 0.1132 0.0408 0.1037 0.0380 0.0152 0.0696 0.0991 0.0100 0.0100 0.0100 0.0100 0.0401 0.0993 0.0239 0.0708 0.0491 0.0877 0.0441 0.0100 0.0490 0.0135 0.0555 0.1071 0.0234 1.5814 0.0100 0.1967 0.0100 0.0368 0.0228 0.0502 0.0884 0.0333 0.0100 0.0100 0.0627 0.0487 0.0414 0.0100 0.0442 0.0514 0.0579 0.0146 0.0291 0.0379 0.0640 0.0100 0.0100 0.0386 0.0100 0.0431 0.0100 0.0649 0.0224 0.1748 0.0755 0.0119 0.0317 0.0198 0.0153 0.0176 0.0296 0.0405 0.0281 0.0647 0.0186
0.0218 0.0100 0.0104 0.0223 0.0100 0.0187 0.0291 0.0183 0.0100 0.0427 0.0100 0.0112 0.0100 0.0100 0.0100 0.0560 0.0152 0.0100 0.0377 0.0919 0.0100 0.0100 0.0186 0.0512 0.0100 0.0100 0.0275 0.0100 0.0100 0.0138 0.0410 0.0100 0.0467 0.0100 0.0700 0.0100 0.0272 0.0461 0.0343 0.0100 0.0100 0.0795 0.0100 0.0231 0.0231 0.0254 0.0100 0.0304 0.0104 0.0100 0.0100 0.0100 0.0100 0.0100 0.0463 0.0262 0.0100 0.0119 0.0322 0.0100 0.0106 0.0772 0.0199 0.0117 0.0101 0.0334 0.0443 0.0100 0.0545 0.0333 0.0249 0.0243 0.0100 0.0207 0.0697 0.0443 0.0100 0.0301 0.0174 0.0118 0.0177 0.0140 0.0194 0.0826 0.0100 0.0100 0.0263 0.0100 0.0222 0.0100 0.0214 0.0307 0.0211 0.0138 0.0100 0.0100 0.0301 0.0687 0.0375 0.0323 0.0376 0.0255 0.0100 0.0100 0.0386 0.0387 0.1495 0.0325 0.0223 0.0100 0.0467 0.0495 0.0100 0.0368 0.0100 0.0100 0.0100 0.0141 0.0153 0.0100 0.0326 0.0100 0.0100 0.0269 0.1010 0.0100 0.2284 0.0168 0.0551 0.0100 0.0347 0.0264 0.0630 0.0768 0.0870 0.0314 0.0797 0.0292 0.0117 0.0535 0.0785 0.0100 0.0100 0.0100 0.0100 0.0326 0.0762 0.0183 0.0567 0.0377 0.0720 0.0339 0.0100 0.0376 0.0103 0.0450 0.0823 0.0180 1.2147 0.0100 0.1511 0.0100 0.0283 0.0175 0.0385 0.0679 0.0255 0.0100 0.0100 0.0481 0.0374 0.0318 0.0100 0.0339 0.0395 0.0444 0.0112 0.0223 0.0291 0.0492 0.0100 0.0100 0.0297 0.0100 0.0331 0.0100 0.0499 0.0172 0.1343 0.0580 0.0100 0.0244 0.0152 0.0117 0.0135 0.0228 0.0311 0.0216 0.0497 0.0143
0.0864 0.0100 0.0414 0.0882 0.0100 0.0523 0.1151 0.0725 0.0100 0.1690 0.0100 0.0445 0.0100 0.0100 0.0100 0.1562 0.0604 0.0100 0.1493 0.2562 0.0100 0.0100 0.0520 0.1428 0.0100 0.0100 0.1089 0.0100 0.0100 0.0545 0.1144 0.0100 0.1851 0.0100 0.1952 0.0100 0.1079 0.1826 0.1357 0.0100 0.0237 0.2853 0.0100 0.0645 0.0645 0.0709 0.0100 0.0847 0.0291 0.0100 0.0100 0.0100 0.0100 0.0100 0.0699 0.1039 0.0100 0.0472 0.0898 0.0272 0.0296 0.1163 0.0790 0.0462 0.0400 0.0932 0.1236 0.0100 0.0822 0.3530 0.0985 0.0963 0.0100 0.0578 0.1051 0.0669 0.0100 0.3191 0.1841 0.0331 0.0495 0.0391 0.0542 0.1245 0.0100 0.0100 0.2786 0.0100 0.2355 0.0100 0.0596 0.0856 0.0589 0.0384 0.0100 0.0100 0.0453 0.1036 0.0565 0.3431 0.3988 0.2704 0.0100 0.0100 0.1077 0.0583 0.2203 0.0490 0.2361 0.0384 0.0705 0.1381 0.0100 0.0556 0.0100 0.0100 0.0127 0.1502 0.1619 0.0100 0.0491 0.0100 0.0100 0.0406 0.1523 0.0100 0.3444 0.1780 0.5846 0.0437 0.3680 0.0398 0.0950 0.1158 0.1311 0.0473 0.1201 0.0440 0.1240 0.0806 0.1132 0.0100 0.0791 0.0100 0.0236 0.3272 0.8087 0.0276 0.0804 0.0568 0.0984 0.0511 0.0103 0.3991 0.1097 0.3808 0.8728 0.1904 4.4576 0.0100 0.3746 0.0100 0.0426 0.0264 0.0581 0.1023 0.0385 0.0100 0.0224 0.1473 0.1145 0.0479 0.0100 0.3600 0.4188 0.1360 0.0344 0.0684 0.0439 0.0741 0.0100 0.0100 0.3147 0.0100 0.3515 0.0100 0.1526 0.0526 0.2025 0.0875 0.0972 0.2584 0.1612 0.1244 0.1436 0.2416 0.0952 0.0660 0.1522 0.1513
0.2888 0.0100 0.1384 0.2949 0.0100 0.0712 0.3847 0.2424 0.0100 0.5649 0.0100 0.1486 0.0100 0.0100 0.0100 0.2127 0.2018 0.0100 0.4991 0.3487 0.0100 0.0100 0.0708 0.1944 0.0100 0.0100 0.3638 0.0100 0.0100 0.1820 0.1557 0.0100 0.6186 0.0100 0.2656 0.0100 0.3604 0.6103 0.4536 0.0100 0.0792 0.9302 0.0100 0.0878 0.0878 0.0965 0.0100 0.1153 0.0396 0.0100 0.0100 0.0100 0.0100 0.0100 0.0415 0.3473 0.0100 0.1576 0.1223 0.0370 0.0403 0.0690 0.2641 0.1543 0.1336 0.1268 0.1682 0.0100 0.0488 0.1218 0.3293 0.3219 0.0111 0.0787 0.0624 0.0397 0.0100 0.1102 0.0635 0.0450 0.0673 0.0532 0.0738 0.0739 0.0100 0.0100 0.0962 0.0100 0.0813 0.0100 0.0811 0.1165 0.0802 0.0523 0.0100 0.0100 0.0269 0.0614 0.0335 0.1184 0.1377 0.0934 0.0100 0.0100 0.1466 0.0346 0.1348 0.0290 0.0815 0.0132 0.0418 0.1879 0.0100 0.0330 0.0100 0.0100 0.0100 0.0518 0.0559 0.0100 0.0291 0.0100 0.0100 0.0241 0.0904 0.0100 0.2044 0.0615 0.2018 0.0151 0.1270 0.0236 0.0564 0.0687 0.0778 0.0281 0.0713 0.0261 0.0428 0.0478 0.0712 0.0100 0.0273 0.0100 0.0100 0.1129 0.2792 0.0164 0.0518 0.0337 0.0665 0.0303 0.0100 0.1378 0.0379 0.1380 0.3013 0.0657 1.7435 0.0100 0.1727 0.0100 0.0253 0.0157 0.0345 0.0607 0.0228 0.0100 0.0100 0.0622 0.0483 0.0284 0.0100 0.1243 0.1446 0.0574 0.0145 0.0288 0.0260 0.0440 0.0100 0.0100 0.1086 0.0100 0.1213 0.0100 0.0644 0.0222 0.1202 0.0519 0.0335 0.0892 0.0557 0.0429 0.0495 0.0834 0.0401 0.0278 0.0642 0.0522
0.2789 0.0100 0.1336 0.2847 0.0100 0.0688 0.3715 0.2341 0.0100 0.5455 0.0100 0.1435 0.0100 0.0100 0.0100 0.2054 0.1949 0.0100 0.4820 0.3368 0.0100 0.0100 0.0684 0.1877 0.0100 0.0100 0.3513 0.0100 0.0100 0.1758 0.1504 0.0100 0.5974 0.0100 0.2565 0.0100 0.3481 0.5894 0.4381 0.0100 0.0765 0.8986 0.0100 0.0848 0.0848 0.0932 0.0100 0.1113 0.0383 0.0100 0.0100 0.0100 0.0100 0.0100 0.0400 0.3353 0.0100 0.1522 0.1181 0.0357 0.0389 0.0667 0.2550 0.1490 0.1290 0.1224 0.1624 0.0100 0.0471 0.1177 0.3180 0.3109 0.0108 0.0760 0.0602 0.0383 0.0100 0.1064 0.0614 0.0435 0.0650 0.0514 0.0713 0.0714 0.0100 0.0100 0.0929 0.0100 0.0785 0.0100 0.0783 0.1125 0.0774 0.0505 0.0100 0.0100 0.0260 0.0593 0.0324 0.1144 0.1330 0.0901 0.0100 0.0100 0.1415 0.0334 0.1305 0.0280 0.0787 0.0128 0.0404 0.1815 0.0100 0.0318 0.0100 0.0100 0.0100 0.0500 0.0540 0.0100 0.0281 0.0100 0.0100 0.0233 0.0873 0.0100 0.1974 0.0593 0.1949 0.0146 0.1227 0.0228 0.0545 0.0663 0.0751 0.0271 0.0688 0.0252 0.0413 0.0462 0.0691 0.0100 0.0264 0.0100 0.0100 0.1091 0.2696 0.0158 0.0503 0.0326 0.0649 0.0293 0.0100 0.1331 0.0366 0.1336 0.2910 0.0635 1.6837 0.0100 0.1668 0.0100 0.0244 0.0151 0.0333 0.0587 0.0221 0.0100 0.0100 0.0600 0.0467 0.0275 0.0100 0.1200 0.1396 0.0554 0.0140 0.0278 0.0251 0.0425 0.0100 0.0100 0.1049 0.0100 0.1172 0.0100 0.0622 0.0214 0.1160 0.0501 0.0324 0.0862 0.0537 0.0415 0.0478 0.0805 0.0388 0.0269 0.0620 0.0505
0.0360 0.0100 0.0172 0.0368 0.0100 0.0600 0.0480 0.0302 0.0100 0.0704 0.0100 0.0185 0.0100 0.0100 0.0100 0.1792 0.0252 0.0100 0.0622 0.2939 0.0100 0.0100 0.0597 0.1638 0.0100 0.0100 0.0454 0.0100 0.0100 0.0227 0.1312 0.0100 0.0771 0.0100 0.2239 0.0100 0.0449 0.0761 0.0566 0.0100 0.0100 0.1247 0.0100 0.0740 0.0740 0.0813 0.0100 0.0971 0.0334 0.0100 0.0100 0.0100 0.0100 0.0100 0.0284 0.0433 0.0100 0.0197 0.1031 0.0312 0.0340 0.0473 0.0329 0.0192 0.0167 0.1069 0.1417 0.0100 0.0334 0.0352 0.0411 0.0401 0.0100 0.0663 0.0427 0.0272 0.0100 0.0319 0.0184 0.0379 0.0568 0.0449 0.0622 0.0506 0.0100 0.0100 0.0278 0.0100 0.0235 0.0100 0.0683 0.0982 0.0675 0.0440 0.0100 0.0100 0.0184 0.0421 0.0230 0.0342 0.0398 0.0270 0.0100 0.0100 0.1235 0.0237 0.0955 0.0199 0.0236 0.0100 0.0286 0.1583 0.0100 0.0226 0.0100 0.0100 0.0100 0.0150 0.0162 0.0100 0.0199 0.0100 0.0100 0.0165 0.0619 0.0100 0.1400 0.0178 0.0584 0.0100 0.0367 0.0162 0.0386 0.0470 0.0533 0.0192 0.0488 0.0179 0.0124 0.0328 0.0519 0.0100 0.0100 0.0100 0.0100 0.0340 0.0807 0.0112 0.0386 0.0231 0.0519 0.0208 0.0100 0.0398 0.0109 0.0470 0.0871 0.0190 0.6097 0.0100 0.0813 0.0100 0.0173 0.0107 0.0236 0.0416 0.0157 0.0100 0.0100 0.0238 0.0185 0.0195 0.0100 0.0359 0.0418 0.0219 0.0100 0.0110 0.0178 0.0301 0.0100 0.0100 0.0314 0.0100 0.0351 0.0100 0.0246 0.0100 0.0823 0.0355 0.0100 0.0258 0.0161 0.0124 0.0143 0.0241 0.0153 0.0106 0.0245 0.0151
0.0377 0.0100 0.0181 0.0385 0.0100 0.0628 0.0502 0.0316 0.0100 0.0737 0.0100 0.0194 0.0100 0.0100 0.0100 0.1875 0.0263 0.0100 0.0651 0.3076 0.0100 0.0100 0.0624 0.1714 0.0100 0.0100 0.0475 0.0100 0.0100 0.0237 0.1373 0.0100 0.0807 0.0100 0.2343 0.0100 0.0470 0.0796 0.0592 0.0100 0.0103 0.1300 0.0100 0.0775 0.0775 0.0851 0.0100 0.1017 0.0350 0.0100 0.0100 0.0100 0.0100 0.0100 0.0297 0.0453 0.0100 0.0206 0.1078 0.0326 0.0356 0.0495 0.0345 0.0201 0.0174 0.1118 0.1483 0.0100 0.0350 0.0369 0.0430 0.0420 0.0100 0.0694 0.0447 0.0284 0.0100 0.0333 0.0192 0.0397 0.0594 0.0470 0.0651 0.0530 0.0100 0.0100 0.0291 0.0100 0.0246 0.0100 0.0715 0.1027 0.0707 0.0461 0.0100 0.0100 0.0193 0.0440 0.0240 0.0358 0.0417 0.0283 0.0100 0.0100 0.1293 0.0248 0.0994 0.0208 0.0247 0.0100 0.0300 0.1657 0.0100 0.0236 0.0100 0.0100 0.0100 0.0157 0.0169 0.0100 0.0209 0.0100 0.0100 0.0173 0.0648 0.0100 0.1465 0.0186 0.0611 0.0100 0.0384 0.0169 0.0404 0.0492 0.0558 0.0201 0.0511 0.0187 0.0129 0.0343 0.0539 0.0100 0.0100 0.0100 0.0100 0.0351 0.0845 0.0118 0.0399 0.0242 0.0534 0.0217 0.0100 0.0417 0.0115 0.0487 0.0912 0.0199 0.6381 0.0100 0.0851 0.0100 0.0181 0.0112 0.0247 0.0435 0.0164 0.0100 0.0100 0.0249 0.0193 0.0204 0.0100 0.0376 0.0437 0.0230 0.0100 0.0115 0.0187 0.0315 0.0100 0.0100 0.0329 0.0100 0.0367 0.0100 0.0258 0.0100 0.0861 0.0372 0.0101 0.0270 0.0168 0.0130 0.0150 0.0252 0.0161 0.0111 0.0257 0.0158
0.0388 0.0100 0.0186 0.0396 0.0100 0.0334 0.0517 0.0326 0.0100 0.0760 0.0100 0.0200 0.0100 0.0100 0.0100 0.0997 0.0271 0.0100 0.0671 0.1635 0.0100 0.0100 0.0332 0.0911 0.0100 0.0100 0.0489 0.0100 0.0100 0.0245 0.0730 0.0100 0.0832 0.0100 0.1245 0.0100 0.0485 0.0821 0.0610 0.0100 0.0106 0.1337 0.0100 0.0412 0.0412 0.0452 0.0100 0.0540 0.0186 0.0100 0.0100 0.0100 0.0100 0.0100 0.0825 0.0467 0.0100 0.0212 0.0573 0.0174 0.0189 0.1373 0.0355 0.0208 0.0180 0.0594 0.0789 0.0113 0.0970 0.0592 0.0443 0.0433 0.0100 0.0369 0.1241 0.0789 0.0100 0.0536 0.0309 0.0211 0.0316 0.0250 0.0346 0.1470 0.0100 0.0100 0.0468 0.0100 0.0395 0.0100 0.0380 0.0546 0.0376 0.0245 0.0100 0.0100 0.0535 0.1223 0.0667 0.0576 0.0669 0.0454 0.0100 0.0100 0.0687 0.0689 0.2582 0.0578 0.0396 0.0100 0.0832 0.0881 0.0100 0.0656 0.0100 0.0100 0.0150 0.0252 0.0272 0.0100 0.0580 0.0100 0.0100 0.0479 0.1798 0.0100 0.4066 0.0299 0.0981 0.0100 0.0617 0.0470 0.1122 0.1367 0.1548 0.0558 0.1418 0.0520 0.0208 0.0952 0.1318 0.0100 0.0133 0.0100 0.0100 0.0549 0.1357 0.0326 0.0931 0.0671 0.1126 0.0603 0.0121 0.0670 0.0184 0.0722 0.1465 0.0319 2.1623 0.0100 0.2690 0.0100 0.0503 0.0312 0.0686 0.1208 0.0455 0.0100 0.0100 0.0857 0.0666 0.0566 0.0100 0.0604 0.0703 0.0791 0.0200 0.0398 0.0518 0.0875 0.0100 0.0100 0.0528 0.0100 0.0590 0.0100 0.0888 0.0306 0.2391 0.1033 0.0163 0.0434 0.0271 0.0209 0.0241 0.0405 0.0553 0.0384 0.0885 0.0254
0.0100 0.0100 0.0100 0.0100 0.0100 0.0100 0.0125 0.0100 0.0100 0.0184 0.0100 0.0100 0.0100 0.0100 0.0100 0.0242 0.0100 0.0100 0.0163 0.0396 0.0100 0.0100 0.0100 0.0221 0.0100 0.0100 0.0119 0.0100 0.0100 0.0100 0.0177 0.0100 0.0202 0.0100 0.0302 0.0100 0.0118 0.0199 0.0148 0.0100 0.0100 0.0400 0.0100 0.0100 0.0100 0.0110 0.0100 0.0131 0.0100 0.0100 0.0100 0.0100 0.0100 0.0100 0.0200 0.0113 0.0100 0.0100 0.0139 0.0100 0.0100 0.0333 0.0100 0.0100 0.0100 0.0144 0.0191 0.0100 0.0235 0.0144 0.0107 0.0105 0.0100 0.0100 0.0301 0.0191 0.0100 0.0130 0.0100 0.0100 0.0100 0.0100 0.0100 0.0357 0.0100 0.0100 0.0113 0.0100 0.0100 0.0100 0.0100 0.0132 0.0100 0.0100 0.0100 0.0100 0.0130 0.0296 0.0162 0.0140 0.0162 0.0110 0.0100 0.0100 0.0167 0.0167 0.0702 0.0140 0.0100 0.0100 0.0202 0.0214 0.0100 0.0159 0.0100 0.0100 0.0100 0.0100 0.0100 0.0100 0.0140 0.0100 0.0100 0.0116 0.0436 0.0100 0.0986 0.0100 0.0238 0.0100 0.0150 0.0114 0.0272 0.0331 0.0375 0.0135 0.0344 0.0126 0.0100 0.0231 0.0395 0.0100 0.0100 0.0100 0.0100 0.0200 0.0329 0.0100 0.0301 0.0163 0.0425 0.0146 0.0100 0.0162 0.0100 0.0251 0.0355 0.0100 0.5243 0.0100 0.0652 0.0100 0.0122 0.0100 0.0166 0.0293 0.0110 0.0100 0.0100 0.0208 0.0162 0.0137 0.0100 0.0146 0.0170 0.0192 0.0100 0.0100 0.0126 0.0212 0.0100 0.0100 0.0128 0.0100 0.0143 0.0100 0.0215 0.0100 0.0580 0.0250 0.0100 0.0105 0.0100 0.0100 0.0100 0.0100 0.0134 0.0100 0.0215 0.0100
0.0100 0.0100 0.0100 0.0100 0.0100 0.0100 0.0100 0.0100 0.0100 0.0100 0.0100 0.0100 0.0100 0.0100 0.0100 0.0100 0.0100 0.0100 0.0100 0.0100 0.0100 0.0100 0.0100 0.0100 0.0100 0.0100 0.0100 0.0100 0.0100 0.0100 0.0100 0.0100 0.0100 0.0100 0.0100 0.0100 0.0100 0.0100 0.0100 0.0100 0.0100 0.0200 0.0100 0.0100 0.0100 0.0100 0.0100 0.0100 0.0100 0.0100 0.0100 0.0100 0.0100 0.0100 0.0100 0.0100 0.0100 0.0100 0.0100 0.0100 0.0100 0.0100 0.0100 0.0100 0.0100 0.0100 0.0100 0.0100 0.0100 0.0100 0.0100 0.0100 0.0100 0.0100 0.0100 0.0100 0.0100 0.0100 0.0100 0.0100 0.0100 0.0100 0.0100 0.0100 0.0100 0.0100 0.0100 0.0100 0.0100 0.0100 0.0100 0.0100 0.0100 0.0100 0.0100 0.0100 0.0100 0.0100 0.0100 0.0100 0.0100 0.0100 0.0100 0.0100 0.0100 0.0100 0.0200 0.0100 0.0100 0.0100 0.0100 0.0100 0.0100 0.0100 0.0100 0.0100 0.0100 0.0100 0.0100 0.0100 0.0100 0.0100 0.0100 0.0100 0.0200 0.0100 0.0100 0.0100 0.0100 0.0100 0.0100 0.0100 0.0100 0.0200 0.0100 0.0100 0.0100 0.0100 0.0100 0.0100 0.0200 0.0100 0.0100 0.0100 0.0100 0.0200 0.0100 0.0100 0.0200 0.0100 0.0300 0.0100 0.0100 0.0100 0.0100 0.0200 0.0100 0.0100 0.0100 0.0100 0.0200 0.0100 0.0100 0.0100 0.0100 0.0100 0.0100 0.0100 0.0100 0.0100 0.0100 0.0100 0.0100 0.0100 0.0100 0.0100 0.0100 0.0100 0.0100 0.0100 0.0100 0.0100 0.0100 0.0100 0.0100 0.0100 0.0100 0.0100 0.0200 0.0100 0.0100 0.0100 0.0100 0.0100 0.0100 0.0100 0.0100 0.0100 0.0100 0.0100
0.0393 0.0100 0.0188 0.0401 0.0100 0.0238 0.0524 0.0330 0.0100 0.0769 0.0100 0.0202 0.0100 0.0100 0.0100 0.0711 0.0275 0.0100 0.0679 0.1166 0.0100 0.0100 0.0237 0.0650 0.0100 0.0100 0.0495 0.0100 0.0100 0.0248 0.0520 0.0100 0.0842 0.0100 0.0888 0.0100 0.0491 0.0831 0.0618 0.0100 0.0108 0.1353 0.0100 0.0294 0.0294 0.0323 0.0100 0.0385 0.0132 0.0100 0.0100 0.0100 0.0100 0.0100 0.0318 0.0473 0.0100 0.0215 0.0409 0.0124 0.0135 0.0529 0.0360 0.0210 0.0182 0.0424 0.0562 0.0100 0.0374 0.1606 0.0448 0.0438 0.0100 0.0263 0.0478 0.0304 0.0100 0.1452 0.0838 0.0150 0.0225 0.0178 0.0247 0.0567 0.0100 0.0100 0.1268 0.0100 0.1072 0.0100 0.0271 0.0389 0.0268 0.0175 0.0100 0.0100 0.0206 0.0471 0.0257 0.1561 0.1815 0.1231 0.0100 0.0100 0.0490 0.0265 0.1057 0.0223 0.1075 0.0175 0.0321 0.0628 0.0100 0.0253 0.0100 0.0100 0.0100 0.0683 0.0737 0.0100 0.0223 0.0100 0.0100 0.0185 0.0693 0.0100 0.1567 0.0810 0.2660 0.0199 0.1674 0.0181 0.0432 0.0527 0.0597 0.0215 0.0546 0.0200 0.0564 0.0367 0.0570 0.0100 0.0360 0.0100 0.0107 0.1489 0.3680 0.0126 0.0420 0.0259 0.0557 0.0232 0.0100 0.1816 0.0499 0.1787 0.3972 0.0866 2.0283 0.0100 0.1704 0.0100 0.0194 0.0120 0.0264 0.0466 0.0175 0.0100 0.0102 0.0670 0.0521 0.0218 0.0100 0.1638 0.1906 0.0619 0.0157 0.0311 0.0200 0.0337 0.0100 0.0100 0.1432 0.0100 0.1599 0.0100 0.0694 0.0239 0.0921 0.0398 0.0442 0.1176 0.0734 0.0566 0.0653 0.1099 0.0433 0.0300 0.0692 0.0689
0.0523 0.0100 0.0251 0.0534 0.0100 0.0317 0.0697 0.0439 0.0100 0.1024 0.0100 0.0269 0.0100 0.0100 0.0100 0.0946 0.0366 0.0100 0.0905 0.1552 0.0100 0.0100 0.0315 0.0865 0.0100 0.0100 0.0659 0.0100 0.0100 0.0330 0.0693 0.0100 0.1121 0.0100 0.1182 0.0100 0.0653 0.1106 0.0822 0.0100 0.0143 0.1768 0.0100 0.0391 0.0391 0.0430 0.0100 0.0513 0.0176 0.0100 0.0100 0.0100 0.0100 0.0100 0.0423 0.0629 0.0100 0.0286 0.0544 0.0165 0.0180 0.0705 0.0479 0.0280 0.0242 0.0564 0.0749 0.0100 0.0498 0.2138 0.0597 0.0583 0.0100 0.0350 0.0637 0.0405 0.0100 0.1933 0.1115 0.0200 0.0300 0.0237 0.0328 0.0754 0.0100 0.0100 0.1688 0.0100 0.1427 0.0100 0.0361 0.0519 0.0357 0.0233 0.0100 0.0100 0.0274 0.0627 0.0342 0.2078 0.2416 0.1638 0.0100 0.0100 0.0652 0.0353 0.1374 0.0296 0.1431 0.0232 0.0427 0.0836 0.0100 0.0336 0.0100 0.0100 0.0100 0.0910 0.0981 0.0100 0.0297 0.0100 0.0100 0.0246 0.0923 0.0100 0.2086 0.1079 0.3542 0.0265 0.2229 0.0241 0.0576 0.0701 0.0794 0.0286 0.0728 0.0267 0.0751 0.0488 0.0725 0.0100 0.0479 0.0100 0.0143 0.1982 0.4899 0.0167 0.0526 0.0344 0.0675 0.0309 0.0100 0.2418 0.0665 0.2346 0.5288 0.1153 2.7003 0.0100 0.2270 0.0100 0.0258 0.0160 0.0352 0.0620 0.0233 0.0100 0.0135 0.0892 0.0694 0.0290 0.0100 0.2181 0.2537 0.0824 0.0208 0.0414 0.0266 0.0449 0.0100 0.0100 0.1906 0.0100 0.2129 0.0100 0.0925 0.0319 0.1226 0.0530 0.0588 0.1565 0.0977 0.0753 0.0870 0.1464 0.0576 0.0400 0.0922 0.0917
0.0516 0.0100 0.0247 0.0527 0.0100 0.0860 0.0687 0.0433 0.0100 0.1009 0.0100 0.0265 0.0100 0.0100 0.0100 0.2567 0.0360 0.0100 0.0891 0.4209 0.0100 0.0100 0.0854 0.2346 0.0100 0.0100 0.0650 0.0100 0.0100 0.0325 0.1879 0.0100 0.1105 0.0100 0.3206 0.0100 0.0644 0.1090 0.0810 0.0100 0.0141 0.1743 0.0100 0.1060 0.1060 0.1165 0.0100 0.1391 0.0479 0.0100 0.0100 0.0100 0.0100 0.0100 0.0407 0.0620 0.0100 0.0281 0.1476 0.0447 0.0487 0.0677 0.0472 0.0276 0.0239 0.1530 0.2030 0.0100 0.0478 0.0505 0.0588 0.0575 0.0134 0.0950 0.0612 0.0389 0.0100 0.0456 0.0263 0.0543 0.0813 0.0643 0.0891 0.0725 0.0100 0.0100 0.0398 0.0100 0.0337 0.0100 0.0979 0.1406 0.0968 0.0631 0.0100 0.0100 0.0264 0.0603 0.0329 0.0491 0.0570 0.0387 0.0100 0.0100 0.1769 0.0340 0.1324 0.0285 0.0338 0.0100 0.0410 0.2268 0.0100 0.0323 0.0100 0.0100 0.0100 0.0215 0.0232 0.0100 0.0286 0.0100 0.0100 0.0236 0.0887 0.0100 0.2005 0.0255 0.0836 0.0100 0.0526 0.0232 0.0553 0.0674 0.0763 0.0275 0.0699 0.0256 0.0177 0.0469 0.0701 0.0100 0.0113 0.0100 0.0100 0.0468 0.1156 0.0161 0.0510 0.0331 0.0657 0.0297 0.0100 0.0571 0.0157 0.0630 0.1248 0.0272 0.8733 0.0100 0.1165 0.0100 0.0248 0.0154 0.0338 0.0596 0.0224 0.0100 0.0100 0.0340 0.0265 0.0279 0.0100 0.0515 0.0599 0.0314 0.0100 0.0158 0.0255 0.0432 0.0100 0.0100 0.0450 0.0100 0.0503 0.0100 0.0353 0.0121 0.1179 0.0509 0.0139 0.0369 0.0231 0.0178 0.0205 0.0345 0.0220 0.0152 0.0351 0.0216
0.0815 0.0100 0.0391 0.0832 0.0100 0.1359 0.1086 0.0684 0.0100 0.1595 0.0100 0.0420 0.0100 0.0100 0.0100 0.4058 0.0570 0.0158 0.1409 0.6656 0.0100 0.0100 0.1351 0.3710 0.0100 0.0100 0.1027 0.0100 0.0100 0.0514 0.2971 0.0100 0.1747 0.0100 0.5070 0.0100 0.1018 0.1723 0.1281 0.0100 0.0224 0.2698 0.0100 0.1676 0.1676 0.1842 0.0100 0.2200 0.0757 0.0100 0.0100 0.0100 0.0100 0.0100 0.0643 0.0980 0.0100 0.0445 0.2334 0.0706 0.0770 0.1071 0.0746 0.0436 0.0377 0.2420 0.3210 0.0100 0.0756 0.0798 0.0930 0.0909 0.0213 0.1502 0.0968 0.0615 0.0100 0.0721 0.0416 0.0859 0.1285 0.1016 0.1408 0.1146 0.0100 0.0100 0.0630 0.0100 0.0532 0.0100 0.1547 0.2223 0.1530 0.0997 0.0100 0.0100 0.0417 0.0953 0.0520 0.0775 0.0902 0.0611 0.0100 0.0100 0.2797 0.0537 0.2035 0.0451 0.0534 0.0100 0.0649 0.3586 0.0100 0.0511 0.0100 0.0100 0.0117 0.0339 0.0366 0.0100 0.0452 0.0100 0.0141 0.0374 0.1402 0.0100 0.3170 0.0403 0.1322 0.0100 0.0832 0.0367 0.0875 0.1066 0.1207 0.0435 0.1106 0.0405 0.0280 0.0742 0.1050 0.0100 0.0179 0.0100 0.0100 0.0740 0.1828 0.0254 0.0748 0.0523 0.0922 0.0470 0.0100 0.0902 0.0248 0.0938 0.1973 0.0430 1.3808 0.0100 0.1842 0.0100 0.0392 0.0243 0.0535 0.0942 0.0354 0.0100 0.0100 0.0538 0.0418 0.0441 0.0100 0.0814 0.0947 0.0497 0.0126 0.0250 0.0404 0.0683 0.0100 0.0100 0.0711 0.0100 0.0795 0.0100 0.0558 0.0192 0.1864 0.0805 0.0220 0.0584 0.0365 0.0281 0.0324 0.0546 0.0348 0.0241 0.0556 0.0342
0.0327 0.0100 0.0157 0.0333 0.0100 0.0545 0.0435 0.0274 0.0100 0.0639 0.0100 0.0168 0.0100 0.0100 0.0100 0.1626 0.0228 0.0100 0.0565 0.2667 0.0100 0.0100 0.0541 0.1487 0.0100 0.0100 0.0412 0.0100 0.0100 0.0206 0.1191 0.0100 0.0700 0.0100 0.2031 0.0100 0.0408 0.0690 0.0513 0.0100 0.0100 0.1141 0.0100 0.0672 0.0672 0.0738 0.0100 0.0881 0.0303 0.0100 0.0100 0.0100 0.0100 0.0100 0.0258 0.0393 0.0100 0.0178 0.0935 0.0283 0.0308 0.0429 0.0299 0.0175 0.0151 0.0970 0.1286 0.0100 0.0303 0.0320 0.0372 0.0364 0.0100 0.0602 0.0388 0.0247 0.0100 0.0289 0.0167 0.0344 0.0515 0.0407 0.0564 0.0459 0.0100 0.0100 0.0252 0.0100 0.0213 0.0100 0.0620 0.0891 0.0613 0.0400 0.0100 0.0100 0.0167 0.0382 0.0208 0.0311 0.0361 0.0245 0.0100 0.0100 0.1121 0.0215 0.0876 0.0181 0.0214 0.0100 0.0260 0.1437 0.0100 0.0205 0.0100 0.0100 0.0100 0.0136 0.0147 0.0100 0.0181 0.0100 0.0100 0.0150 0.0562 0.0100 0.1270 0.0161 0.0530 0.0100 0.0333 0.0147 0.0350 0.0427 0.0484 0.0174 0.0443 0.0162 0.0112 0.0297 0.0481 0.0100 0.0100 0.0100 0.0100 0.0317 0.0733 0.0102 0.0360 0.0210 0.0489 0.0188 0.0100 0.0362 0.0100 0.0436 0.0791 0.0172 0.5533 0.0100 0.0738 0.0100 0.0157 0.0100 0.0214 0.0377 0.0142 0.0100 0.0100 0.0216 0.0168 0.0177 0.0100 0.0326 0.0379 0.0199 0.0100 0.0100 0.0162 0.0273 0.0100 0.0100 0.0285 0.0100 0.0318 0.0100 0.0223 0.0100 0.0747 0.0323 0.0100 0.0234 0.0146 0.0113 0.0130 0.0219 0.0139 0.0100 0.0223 0.0137
0.0452 0.0100 0.0216 0.0461 0.0100 0.0753 0.0602 0.0379 0.0100 0.0884 0.0100 0.0232 0.0100 0.0100 0.0100 0.2248 0.0316 0.0100 0.0781 0.3687 0.0100 0.0100 0.0748 0.2055 0.0100 0.0100 0.0569 0.0100 0.0100 0.0285 0.1646 0.0100 0.0968 0.0100 0.2809 0.0100 0.0564 0.0955 0.0709 0.0100 0.0124 0.1539 0.0100 0.0929 0.0929 0.1020 0.0100 0.1219 0.0419 0.0100 0.0100 0.0100 0.0100 0.0100 0.0356 0.0543 0.0100 0.0246 0.1293 0.0391 0.0427 0.0593 0.0413 0.0241 0.0209 0.1341 0.1778 0.0100 0.0419 0.0442 0.0515 0.0503 0.0118 0.0832 0.0536 0.0341 0.0100 0.0400 0.0231 0.0476 0.0712 0.0563 0.0780 0.0635 0.0100 0.0100 0.0349 0.0100 0.0295 0.0100 0.0857 0.1231 0.0848 0.0553 0.0100 0.0100 0.0231 0.0528 0.0288 0.0430 0.0500 0.0339 0.0100 0.0100 0.1550 0.0297 0.1172 0.0250 0.0296 0.0100 0.0359 0.1987 0.0100 0.0283 0.0100 0.0100 0.0100 0.0188 0.0203 0.0100 0.0250 0.0100 0.0100 0.0207 0.0777 0.0100 0.1756 0.0223 0.0732 0.0100 0.0461 0.0203 0.0485 0.0590 0.0669 0.0241 0.0612 0.0225 0.0155 0.0411 0.0626 0.0100 0.0100 0.0100 0.0100 0.0410 0.1013 0.0141 0.0459 0.0290 0.0600 0.0260 0.0100 0.0500 0.0137 0.0564 0.1093 0.0238 0.7650 0.0100 0.1020 0.0100 0.0217 0.0135 0.0296 0.0522 0.0196 0.0100 0.0100 0.0298 0.0232 0.0244 0.0100 0.0451 0.0524 0.0275 0.0100 0.0138 0.0224 0.0378 0.0100 0.0100 0.0394 0.0100 0.0440 0.0100 0.0309 0.0106 0.1032 0.0446 0.0122 0.0324 0.0202 0.0156 0.0180 0.0302 0.0192 0.0134 0.0308 0.0190
0.0469 0.0100 0.0225 0.0479 0.0100 0.0403 0.0625 0.0394 0.0100 0.0918 0.0100 0.0242 0.0100 0.0100 0.0100 0.1205 0.0328 0.0100 0.0811 0.1976 0.0100 0.0100 0.0401 0.1101 0.0100 0.0100 0.0591 0.0100 0.0100 0.0296 0.0882 0.0100 0.1005 0.0100 0.1505 0.0100 0.0586 0.0992 0.0737 0.0100 0.0129 0.1595 0.0100 0.0498 0.0498 0.0547 0.0100 0.0653 0.0225 0.0100 0.0100 0.0100 0.0100 0.0100 0.0997 0.0564 0.0100 0.0256 0.0693 0.0210 0.0228 0.1660 0.0429 0.0251 0.0217 0.0718 0.0953 0.0136 0.1172 0.0716 0.0535 0.0523 0.0100 0.0446 0.1500 0.0954 0.0100 0.0647 0.0373 0.0255 0.0382 0.0302 0.0418 0.1777 0.0100 0.0100 0.0565 0.0100 0.0478 0.0100 0.0459 0.0660 0.0454 0.0296 0.0100 0.0100 0.0646 0.1478 0.0806 0.0696 0.0809 0.0549 0.0100 0.0100 0.0830 0.0832 0.3100 0.0699 0.0479 0.0100 0.1005 0.1065 0.0100 0.0793 0.0100 0.0100 0.0181 0.0305 0.0328 0.0100 0.0700 0.0100 0.0100 0.0580 0.2173 0.0100 0.4914 0.0361 0.1186 0.0100 0.0746 0.0568 0.1356 0.1652 0.1871 0.0675 0.1714 0.0628 0.0251 0.1151 0.1573 0.0115 0.0160 0.0100 0.0100 0.0664 0.1640 0.0394 0.1104 0.0811 0.1319 0.0729 0.0146 0.0809 0.0222 0.0852 0.1770 0.0386 2.6133 0.0100 0.3250 0.0100 0.0608 0.0377 0.0829 0.1460 0.0549 0.0100 0.0100 0.1036 0.0805 0.0684 0.0100 0.0730 0.0849 0.0956 0.0242 0.0481 0.0626 0.1058 0.0100 0.0100 0.0638 0.0100 0.0713 0.0100 0.1073 0.0369 0.2889 0.1248 0.0197 0.0524 0.0327 0.0252 0.0291 0.0490 0.0669 0.0464 0.1070 0.0307
0.0100 0.0100 0.0100 0.0100 0.0100 0.0100 0.0100 0.0100 0.0100 0.0100 0.0100 0.0100 0.0100 0.0100 0.0100 0.0100 0.0100 0.0100 0.0100 0.0100 0.0100 0.0100 0.0100 0.0100 0.0100 0.0100 0.0100 0.0100 0.0100 0.0100 0.0100 0.0100 0.0100 0.0100 0.0100 0.0100 0.0100 0.0100 0.0100 0.0100 0.0100 0.0200 0.0100 0.0100 0.0100 0.0100 0.0100 0.0100 0.0100 0.0100 0.0100 0.0100 0.0100 0.0100 0.0100 0.0100 0.0100 0.0100 0.0100 0.0100 0.0100 0.0100 0.0100 0.0100 0.0100 0.0100 0.0100 0.0100 0.0100 0.0100 0.0100 0.0100 0.0100 0.0100 0.0100 0.0100 0.0100 0.0100 0.0100 0.0100 0.0100 0.0100 0.0100 0.0100 0.0100 0.0100 0.0100 0.0100 0.0100 0.0100 0.0100 0.0100 0.0100 0.0100 0.0100 0.0100 0.0100 0.0100 0.0100 0.0100 0.0100 0.0100 0.0100 0.0100 0.0100 0.0100 0.0200 0.0100 0.0100 0.0100 0.0100 0.0100 0.0100 0.0100 0.0100 0.0100 0.0100 0.0100 0.0100 0.0100 0.0100 0.0100 0.0100 0.0100 0.0200 0.0100 0.0100 0.0100 0.0100 0.0100 0.0100 0.0100 0.0100 0.0200 0.0100 0.0100 0.0100 0.0100 0.0100 0.0100 0.0200 0.0100 0.0100 0.0100 0.0100 0.0200 0.0100 0.0100 0.0200 0.0100 0.0300 0.0100 0.0100 0.0100 0.0100 0.0200 0.0100 0.0100 0.0100 0.0100 0.0200 0.0100 0.0100 0.0100 0.0100 0.0100 0.0100 0.0100 0.0100 0.0100 0.0100 0.0100 0.0100 0.0100 0.0100 0.0100 0.0100 0.0100 0.0100 0.0100 0.0100 0.0100 0.0100 0.0100 0.0100 0.0100 0.0100 0.0100 0.0200 0.0100 0.0100 0.0100 0.0100 0.0100 0.0100 0.0100 0.0100 0.0100 0.0100 0.0100
0.0100 0.0100 0.0100 0.0100 0.0100 0.0100 0.0100 0.0100 0.0100 0.0100 0.0100 0.0100 0.0100 0.0100 0.0100 0.0100 0.0100 0.0100 0.0100 0.0100 0.0100 0.0100 0.0100 0.0100 0.0100 0.0100 0.0100 0.0100 0.0100 0.0100 0.0100 0.0100 0.0100 0.0100 0.0100 0.0100 0.0100 0.0100 0.0100 0.0100 0.0100 0.0200 0.0100 0.0100 0.0100 0.0100 0.0100 0.0100 0.0100 0.0100 0.0100 0.0100 0.0100 0.0100 0.0100 0.0100 0.0100 0.0100 0.0100 0.0100 0.0100 0.0100 0.0100 0.0100 0.0100 0.0100 0.0100 0.0100 0.0100 0.0100 0.0100 0.0100 0.0100 0.0100 0.0100 0.0100 0.0100 0.0100 0.0100 0.0100 0.0100 0.0100 0.0100 0.0100 0.0100 0.0100 0.0100 0.0100 0.0100 0.0100 0.0100 0.0100 0.0100 0.0100 0.0100 0.0100 0.0100 0.0100 0.0100 0.0100 0.0100 0.0100 0.0100 0.0100 0.0100 0.0100 0.0200 0.0100 0.0100 0.0100 0.0100 0.0100 0.0100 0.0100 0.0100 0.0100 0.0100 0.0100 0.0100 0.0100 0.0100 0.0100 0.0100 0.0100 0.0200 0.0100 0.0100 0.0100 0.0100 0.0100 0.0100 0.0100 0.0100 0.0200 0.0100 0.0100 0.0100 0.0100 0.0100 0.0100 0.0200 0.0100 0.0100 0.0100 0.0100 0.0200 0.0100 0.0100 0.0200 0.0100 0.0300 0.0100 0.0100 0.0100 0.0100 0.0200 0.0100 0.0100 0.0276 0.0100 0.0200 0.0100 0.0100 0.0100 0.0100 0.0100 0.0100 0.0100 0.0100 0.0100 0.0100 0.0100 0.0100 0.0100 0.0100 0.0100 0.0100 0.0100 0.0100 0.0100 0.0100 0.0100 0.0100 0.0100 0.0100 0.0100 0.0100 0.0100 0.0200 0.0100 0.0100 0.0100 0.0100 0.0100 0.0100 0.0100 0.0100 0.0100 0.0100 0.0100
0.0229 0.0100 0.0110 0.0234 0.0100 0.0139 0.0306 0.0193 0.0100 0.0449 0.0100 0.0118 0.0100 0.0100 0.0100 0.0415 0.0160 0.0100 0.0396 0.0680 0.0100 0.0100 0.0138 0.0379 0.0100 0.0100 0.0289 0.0100 0.0100 0.0145 0.0304 0.0100 0.0491 0.0100 0.0518 0.0100 0.0286 0.0485 0.0360 0.0100 0.0100 0.0831 0.0100 0.0171 0.0171 0.0188 0.0100 0.0225 0.0100 0.0100 0.0100 0.0100 0.0100 0.0100 0.0186 0.0276 0.0100 0.0125 0.0238 0.0100 0.0100 0.0309 0.0210 0.0123 0.0106 0.0247 0.0328 0.0100 0.0218 0.0937 0.0262 0.0256 0.0100 0.0154 0.0279 0.0177 0.0100 0.0847 0.0489 0.0100 0.0131 0.0104 0.0144 0.0331 0.0100 0.0100 0.0740 0.0100 0.0625 0.0100 0.0158 0.0227 0.0156 0.0102 0.0100 0.0100 0.0120 0.0275 0.0150 0.0911 0.1059 0.0718 0.0100 0.0100 0.0286 0.0155 0.0658 0.0130 0.0627 0.0102 0.0187 0.0367 0.0100 0.0147 0.0100 0.0100 0.0100 0.0399 0.0430 0.0100 0.0130 0.0100 0.0100 0.0108 0.0404 0.0100 0.0915 0.0473 0.1552 0.0116 0.0977 0.0106 0.0252 0.0307 0.0348 0.0126 0.0319 0.0117 0.0329 0.0214 0.0374 0.0100 0.0210 0.0100 0.0100 0.0869 0.2147 0.0100 0.0287 0.0151 0.0408 0.0136 0.0100 0.1060 0.0291 0.1085 0.2318 0.0505 1.1837 0.0100 0.0995 0.0100 0.0113 0.0100 0.0154 0.0272 0.0102 0.0100 0.0100 0.0391 0.0304 0.0127 0.0100 0.0956 0.1112 0.0361 0.0100 0.0181 0.0117 0.0197 0.0100 0.0100 0.0836 0.0100 0.0933 0.0100 0.0405 0.0140 0.0537 0.0232 0.0258 0.0686 0.0428 0.0330 0.0381 0.0641 0.0253 0.0175 0.0404 0.0402
0.0100 0.0100 0.0100 0.0100 0.0100 0.0100 0.0100 0.0100 0.0100 0.0100 0.0100 0.0100 0.0100 0.0100 0.0100 0.0100 0.0100 0.0100 0.0100 0.0146 0.0100 0.0100 0.0100 0.0100 0.0100 0.0100 0.0100 0.0100 0.0100 0.0100 0.0100 0.0100 0.0106 0.0100 0.0112 0.0100 0.0100 0.0104 0.0100 0.0100 0.0100 0.0257 0.0100 0.0100 0.0100 0.0100 0.0100 0.0100 0.0100 0.0100 0.0100 0.0100 0.0100 0.0100 0.0100 0.0100 0.0100 0.0100 0.0100 0.0100 0.0100 0.0100 0.0100 0.0100 0.0100 0.0100 0.0100 0.0100 0.0100 0.0202 0.0100 0.0100 0.0100 0.0100 0.0100 0.0100 0.0100 0.0182 0.0105 0.0100 0.0100 0.0100 0.0100 0.0100 0.0100 0.0100 0.0159 0.0100 0.0135 0.0100 0.0100 0.0100 0.0100 0.0100 0.0100 0.0100 0.0100 0.0100 0.0100 0.0196 0.0228 0.0155 0.0100 0.0100 0.0100 0.0100 0.0220 0.0100 0.0135 0.0100 0.0100 0.0100 0.0100 0.0100 0.0100 0.0100 0.0100 0.0100 0.0100 0.0100 0.0100 0.0100 0.0100 0.0100 0.0200 0.0100 0.0197 0.0102 0.0334 0.0100 0.0210 0.0100 0.0100 0.0200 0.0100 0.0100 0.0100 0.0100 0.0100 0.0100 0.0200 0.0100 0.0100 0.0100 0.0100 0.0237 0.0463 0.0100 0.0200 0.0100 0.0300 0.0100 0.0100 0.0228 0.0100 0.0312 0.0499 0.0109 0.2550 0.0100 0.0266 0.0100 0.0100 0.0100 0.0100 0.0100 0.0100 0.0100 0.0100 0.0100 0.0100 0.0100 0.0100 0.0206 0.0239 0.0100 0.0100 0.0100 0.0100 0.0100 0.0100 0.0100 0.0180 0.0100 0.0201 0.0100 0.0100 0.0100 0.0200 0.0100 0.0100 0.0148 0.0100 0.0100 0.0100 0.0138 0.0100 0.0100 0.0100 0.0100
0.0361 0.0100 0.0173 0.0369 0.0100 0.0219 0.0481 0.0303 0.0100 0.0707 0.0100 0.0186 0.0100 0.0100 0.0100 0.0653 0.0252 0.0100 0.0624 0.1071 0.0100 0.0100 0.0217 0.0597 0.0100 0.0100 0.0455 0.0100 0.0100 0.0228 0.0478 0.0100 0.0774 0.0100 0.0816 0.0100 0.0451 0.0763 0.0567 0.0100 0.0100 0.1251 0.0100 0.0270 0.0270 0.0296 0.0100 0.0354 0.0122 0.0100 0.0100 0.0100 0.0100 0.0100 0.0292 0.0434 0.0100 0.0197 0.0376 0.0114 0.0124 0.0486 0.0330 0.0193 0.0167 0.0389 0.0517 0.0100 0.0343 0.1475 0.0412 0.0403 0.0100 0.0242 0.0439 0.0279 0.0100 0.1334 0.0770 0.0138 0.0207 0.0163 0.0227 0.0520 0.0100 0.0100 0.1165 0.0100 0.0984 0.0100 0.0249 0.0358 0.0246 0.0160 0.0100 0.0100 0.0189 0.0433 0.0236 0.1434 0.1667 0.1130 0.0100 0.0100 0.0450 0.0244 0.0979 0.0205 0.0987 0.0160 0.0295 0.0577 0.0100 0.0232 0.0100 0.0100 0.0100 0.0628 0.0677 0.0100 0.0205 0.0100 0.0100 0.0170 0.0637 0.0100 0.1440 0.0744 0.2444 0.0183 0.1538 0.0167 0.0397 0.0484 0.0548 0.0198 0.0502 0.0184 0.0518 0.0337 0.0531 0.0100 0.0331 0.0100 0.0100 0.1368 0.3380 0.0115 0.0394 0.0238 0.0528 0.0213 0.0100 0.1668 0.0459 0.1650 0.3649 0.0796 1.8633 0.0100 0.1566 0.0100 0.0178 0.0110 0.0243 0.0428 0.0161 0.0100 0.0100 0.0616 0.0479 0.0200 0.0100 0.1505 0.1751 0.0569 0.0144 0.0286 0.0183 0.0310 0.0100 0.0100 0.1315 0.0100 0.1469 0.0100 0.0638 0.0220 0.0846 0.0366 0.0406 0.1080 0.0674 0.0520 0.0600 0.1010 0.0398 0.0276 0.0636 0.0633
0.0100 0.0100 0.0100 0.0100 0.0100 0.0126 0.0101 0.0100 0.0100 0.0148 0.0100 0.0100 0.0100 0.0100 0.0100 0.0376 0.0100 0.0100 0.0131 0.0617 0.0100 0.0100 0.0125 0.0344 0.0100 0.0100 0.0100 0.0100 0.0100 0.0100 0.0275 0.0100 0.0162 0.0100 0.0470 0.0100 0.0100 0.0160 0.0119 0.0100 0.0100 0.0341 0.0100 0.0155 0.0155 0.0171 0.0100 0.0204 0.0100 0.0100 0.0100 0.0100 0.0100 0.0100 0.0100 0.0100 0.0100 0.0100 0.0216 0.0100 0.0100 0.0100 0.0100 0.0100 0.0100 0.0224 0.0297 0.0100 0.0100 0.0100 0.0100 0.0100 0.0100 0.0139 0.0100 0.0100 0.0100 0.0100 0.0100 0.0100 0.0119 0.0100 0.0130 0.0106 0.0100 0.0100 0.0100 0.0100 0.0100 0.0100 0.0143 0.0206 0.0142 0.0100 0.0100 0.0100 0.0100 0.0100 0.0100 0.0100 0.0100 0.0100 0.0100 0.0100 0.0259 0.0100 0.0279 0.0100 0.0100 0.0100 0.0100 0.0332 0.0100 0.0100 0.0100 0.0100 0.0100 0.0100 0.0100 0.0100 0.0100 0.0100 0.0100 0.0100 0.0200 0.0100 0.0294 0.0100 0.0122 0.0100 0.0100 0.0100 0.0100 0.0200 0.0112 0.0100 0.0102 0.0100 0.0100 0.0100 0.0200 0.0100 0.0100 0.0100 0.0100 0.0200 0.0169 0.0100 0.0200 0.0100 0.0300 0.0100 0.0100 0.0100 0.0100 0.0200 0.0183 0.0100 0.1279 0.0100 0.0200 0.0100 0.0100 0.0100 0.0100 0.0100 0.0100 0.0100 0.0100 0.0100 0.0100 0.0100 0.0100 0.0100 0.0100 0.0100 0.0100 0.0100 0.0100 0.0100 0.0100 0.0100 0.0100 0.0100 0.0100 0.0100 0.0100 0.0100 0.0214 0.0100 0.0100 0.0100 0.0100 0.0100 0.0100 0.0100 0.0100 0.0100 0.0100 0.0100
0.0464 0.0100 0.0222 0.0474 0.0100 0.0773 0.0618 0.0389 0.0100 0.0907 0.0100 0.0239 0.0100 0.0100 0.0100 0.2309 0.0324 0.0100 0.0802 0.3787 0.0100 0.0100 0.0769 0.2111 0.0100 0.0100 0.0584 0.0100 0.0100 0.0292 0.1691 0.0100 0.0994 0.0100 0.2885 0.0100 0.0579 0.0980 0.0729 0.0100 0.0127 0.1578 0.0100 0.0954 0.0954 0.1048 0.0100 0.1252 0.0431 0.0100 0.0100 0.0100 0.0100 0.0100 0.0366 0.0558 0.0100 0.0253 0.1328 0.0402 0.0438 0.0609 0.0424 0.0248 0.0215 0.1377 0.1826 0.0100 0.0430 0.0454 0.0529 0.0517 0.0121 0.0854 0.0550 0.0350 0.0100 0.0411 0.0237 0.0489 0.0731 0.0578 0.0801 0.0652 0.0100 0.0100 0.0358 0.0100 0.0303 0.0100 0.0881 0.1265 0.0870 0.0568 0.0100 0.0100 0.0237 0.0542 0.0296 0.0441 0.0513 0.0348 0.0100 0.0100 0.1591 0.0305 0.1201 0.0256 0.0304 0.0100 0.0369 0.2040 0.0100 0.0291 0.0100 0.0100 0.0100 0.0193 0.0208 0.0100 0.0257 0.0100 0.0100 0.0213 0.0798 0.0100 0.1804 0.0229 0.0752 0.0100 0.0473 0.0209 0.0498 0.0606 0.0687 0.0248 0.0629 0.0231 0.0159 0.0422 0.0640 0.0100 0.0102 0.0100 0.0100 0.0421 0.1040 0.0145 0.0469 0.0298 0.0611 0.0267 0.0100 0.0513 0.0141 0.0577 0.1123 0.0245 0.7856 0.0100 0.1048 0.0100 0.0223 0.0138 0.0304 0.0536 0.0202 0.0100 0.0100 0.0306 0.0238 0.0251 0.0100 0.0463 0.0539 0.0283 0.0100 0.0142 0.0230 0.0388 0.0100 0.0100 0.0405 0.0100 0.0452 0.0100 0.0317 0.0109 0.1060 0.0458 0.0125 0.0332 0.0207 0.0160 0.0185 0.0311 0.0198 0.0137 0.0316 0.0195
0.1602 0.0100 0.0767 0.1636 0.0100 0.2670 0.2134 0.1345 0.0100 0.3134 0.0100 0.0824 0.0100 0.0100 0.0100 0.7974 0.1120 0.0309 0.2768 1.3077 0.0100 0.0100 0.2654 0.7289 0.0100 0.0100 0.2018 0.0100 0.0100 0.1010 0.5838 0.0100 0.3432 0.0100 0.9961 0.0100 0.1999 0.3385 0.2516 0.0100 0.0439 0.5204 0.0100 0.3294 0.3293 0.3618 0.0100 0.4322 0.1487 0.0100 0.0100 0.0100 0.0100 0.0100 0.1263 0.1926 0.0100 0.0874 0.4585 0.1388 0.1512 0.2104 0.1465 0.0856 0.0741 0.4754 0.6307 0.0173 0.1486 0.1568 0.1827 0.1786 0.0418 0.2951 0.1901 0.1209 0.0100 0.1417 0.0818 0.1688 0.2525 0.1997 0.2767 0.2252 0.0100 0.0100 0.1238 0.0100 0.1046 0.0100 0.3040 0.4368 0.3006 0.1960 0.0100 0.0186 0.0819 0.1873 0.1022 0.1524 0.1771 0.1201 0.0152 0.0122 0.5495 0.1055 0.3902 0.0885 0.1049 0.0170 0.1274 0.7045 0.0107 0.1005 0.0100 0.0100 0.0230 0.0667 0.0719 0.0100 0.0888 0.0100 0.0277 0.0735 0.2754 0.0100 0.6228 0.0791 0.2597 0.0194 0.1634 0.0721 0.1719 0.2094 0.2371 0.0855 0.2172 0.0796 0.0551 0.1458 0.1966 0.0146 0.0351 0.0100 0.0105 0.1453 0.3592 0.0500 0.1373 0.1028 0.1618 0.0924 0.0186 0.1773 0.0487 0.1747 0.3877 0.0846 2.7129 0.0100 0.3618 0.0100 0.0771 0.0478 0.1051 0.1851 0.0696 0.0100 0.0100 0.1057 0.0822 0.0867 0.0100 0.1599 0.1860 0.0976 0.0247 0.0491 0.0793 0.1341 0.0100 0.0100 0.1398 0.0100 0.1561 0.0100 0.1095 0.0377 0.3662 0.1582 0.0432 0.1148 0.0716 0.0552 0.0638 0.1073 0.0683 0.0474 0.1092 0.0672
0.1220 0.0100 0.0584 0.1245 0.0100 0.2034 0.1625 0.1024 0.0100 0.2386 0.0100 0.0628 0.0100 0.0100 0.0100 0.6072 0.0853 0.0236 0.2108 0.9958 0.0100 0.0100 0.2021 0.5551 0.0100 0.0100 0.1537 0.0100 0.0100 0.0769 0.4446 0.0100 0.2613 0.0100 0.7585 0.0100 0.1523 0.2578 0.1916 0.0100 0.0335 0.3987 0.0100 0.2508 0.2508 0.2755 0.0100 0.3291 0.1132 0.0100 0.0100 0.0100 0.0100 0.0100 0.0962 0.1467 0.0100 0.0666 0.3492 0.1057 0.1152 0.1602 0.1116 0.0652 0.0564 0.3620 0.4803 0.0132 0.1132 0.1194 0.1391 0.1360 0.0318 0.2247 0.1447 0.0921 0.0100 0.1079 0.0623 0.1285 0.1923 0.1521 0.2107 0.1715 0.0100 0.0100 0.0942 0.0100 0.0797 0.0100 0.2315 0.3326 0.2289 0.1492 0.0100 0.0142 0.0624 0.1426 0.0778 0.1160 0.1349 0.0915 0.0115 0.0100 0.4185 0.0803 0.2996 0.0674 0.0799 0.0130 0.0970 0.5365 0.0100 0.0765 0.0100 0.0100 0.0175 0.0508 0.0548 0.0100 0.0676 0.0100 0.0211 0.0559 0.2097 0.0100 0.4743 0.0602 0.1977 0.0148 0.1245 0.0549 0.1309 0.1594 0.1806 0.0651 0.1654 0.0606 0.0419 0.1110 0.1521 0.0111 0.0268 0.0100 0.0100 0.1107 0.2735 0.0381 0.1069 0.0783 0.1280 0.0703 0.0141 0.1350 0.0371 0.1354 0.2952 0.0644 2.0659 0.0100 0.2755 0.0100 0.0587 0.0364 0.0800 0.1410 0.0530 0.0100 0.0100 0.0805 0.0626 0.0660 0.0100 0.1218 0.1417 0.0743 0.0188 0.0374 0.0604 0.1021 0.0100 0.0100 0.1065 0.0100 0.1189 0.0100 0.0834 0.0287 0.2788 0.1205 0.0329 0.0874 0.0545 0.0421 0.0486 0.0817 0.0520 0.0361 0.0832 0.0512
0.0296 0.0100 0.0142 0.0302 0.0100 0.0493 0.0394 0.0248 0.0100 0.0579 0.0100 0.0152 0.0100 0.0100 0.0100 0.1473 0.0207 0.0100 0.0512 0.2416 0.0100 0.0100 0.0490 0.1347 0.0100 0.0100 0.0373 0.0100 0.0100 0.0186 0.1079 0.0100 0.0634 0.0100 0.1840 0.0100 0.0369 0.0625 0.0465 0.0100 0.0100 0.1043 0.0100 0.0609 0.0608 0.0669 0.0100 0.0799 0.0275 0.0100 0.0100 0.0100 0.0100 0.0100 0.0233 0.0356 0.0100 0.0162 0.0847 0.0256 0.0279 0.0389 0.0271 0.0158 0.0137 0.0878 0.1165 0.0100 0.0274 0.0290 0.0337 0.0330 0.0100 0.0545 0.0351 0.0223 0.0100 0.0262 0.0151 0.0312 0.0466 0.0369 0.0511 0.0416 0.0100 0.0100 0.0229 0.0100 0.0193 0.0100 0.0562 0.0807 0.0555 0.0362 0.0100 0.0100 0.0151 0.0346 0.0189 0.0282 0.0327 0.0222 0.0100 0.0100 0.1015 0.0195 0.0803 0.0163 0.0194 0.0100 0.0235 0.1302 0.0100 0.0186 0.0100 0.0100 0.0100 0.0123 0.0133 0.0100 0.0164 0.0100 0.0100 0.0136 0.0509 0.0100 0.1151 0.0146 0.0480 0.0100 0.0302 0.0133 0.0318 0.0387 0.0438 0.0158 0.0401 0.0147 0.0102 0.0269 0.0445 0.0100 0.0100 0.0100 0.0100 0.0297 0.0664 0.0100 0.0335 0.0190 0.0462 0.0171 0.0100 0.0328 0.0100 0.0404 0.0716 0.0156 0.5012 0.0100 0.0668 0.0100 0.0142 0.0100 0.0194 0.0342 0.0129 0.0100 0.0100 0.0195 0.0152 0.0160 0.0100 0.0295 0.0344 0.0180 0.0100 0.0100 0.0147 0.0248 0.0100 0.0100 0.0258 0.0100 0.0288 0.0100 0.0202 0.0100 0.0676 0.0292 0.0100 0.0212 0.0132 0.0102 0.0118 0.0198 0.0126 0.0100 0.0202 0.0124
0.0100 0.0100 0.0100 0.0100 0.0100 0.0100 0.0100 0.0100 0.0100 0.0100 0.0100 0.0100 0.0100 0.0100 0.0100 0.0239 0.0100 0.0100 0.0100 0.0392 0.0100 0.0100 0.0100 0.0218 0.0100 0.0100 0.0100 0.0100 0.0100 0.0100 0.0175 0.0100 0.0103 0.0100 0.0298 0.0100 0.0100 0.0101 0.0100 0.0100 0.0100 0.0253 0.0100 0.0100 0.0100 0.0108 0.0100 0.0129 0.0100 0.0100 0.0100 0.0100 0.0100 0.0100 0.0100 0.0100 0.0100 0.0100 0.0137 0.0100 0.0100 0.0100 0.0100 0.0100 0.0100 0.0142 0.0189 0.0100 0.0100 0.0100 0.0100 0.0100 0.0100 0.0100 0.0100 0.0100 0.0100 0.0100 0.0100 0.0100 0.0100 0.0100 0.0100 0.0100 0.0100 0.0100 0.0100 0.0100 0.0100 0.0100 0.0100 0.0131 0.0100 0.0100 0.0100 0.0100 0.0100 0.0100 0.0100 0.0100 0.0100 0.0100 0.0100 0.0100 0.0164 0.0100 0.0214 0.0100 0.0100 0.0100 0.0100 0.0211 0.0100 0.0100 0.0100 0.0100 0.0100 0.0100 0.0100 0.0100 0.0100 0.0100 0.0100 0.0100 0.0200 0.0100 0.0186 0.0100 0.0100 0.0100 0.0100 0.0100 0.0100 0.0200 0.0100 0.0100 0.0100 0.0100 0.0100 0.0100 0.0200 0.0100 0.0100 0.0100 0.0100 0.0200 0.0107 0.0100 0.0200 0.0100 0.0300 0.0100 0.0100 0.0100 0.0100 0.0200 0.0116 0.0100 0.0812 0.0100 0.0200 0.0100 0.0100 0.0100 0.0100 0.0100 0.0100 0.0100 0.0100 0.0100 0.0100 0.0100 0.0100 0.0100 0.0100 0.0100 0.0100 0.0100 0.0100 0.0100 0.0100 0.0100 0.0100 0.0100 0.0100 0.0100 0.0100 0.0100 0.0200 0.0100 0.0100 0.0100 0.0100 0.0100 0.0100 0.0100 0.0100 0.0100 0.0100 0.0100
0.0258 0.0100 0.0123 0.0263 0.0100 0.0430 0.0344 0.0216 0.0100 0.0505 0.0100 0.0133 0.0100 0.0100 0.0100 0.1284 0.0180 0.0100 0.0446 0.2106 0.0100 0.0100 0.0427 0.1174 0.0100 0.0100 0.0325 0.0100 0.0100 0.0163 0.0940 0.0100 0.0553 0.0100 0.1604 0.0100 0.0322 0.0545 0.0405 0.0100 0.0100 0.0922 0.0100 0.0530 0.0530 0.0583 0.0100 0.0696 0.0239 0.0100 0.0100 0.0100 0.0100 0.0100 0.0203 0.0310 0.0100 0.0141 0.0738 0.0223 0.0244 0.0339 0.0236 0.0138 0.0119 0.0766 0.1016 0.0100 0.0239 0.0252 0.0294 0.0288 0.0100 0.0475 0.0306 0.0195 0.0100 0.0228 0.0132 0.0272 0.0407 0.0321 0.0445 0.0363 0.0100 0.0100 0.0199 0.0100 0.0168 0.0100 0.0490 0.0703 0.0484 0.0316 0.0100 0.0100 0.0132 0.0301 0.0164 0.0245 0.0285 0.0193 0.0100 0.0100 0.0885 0.0170 0.0712 0.0143 0.0169 0.0100 0.0205 0.1134 0.0100 0.0162 0.0100 0.0100 0.0100 0.0107 0.0116 0.0100 0.0143 0.0100 0.0100 0.0118 0.0443 0.0100 0.1003 0.0127 0.0418 0.0100 0.0263 0.0116 0.0277 0.0337 0.0382 0.0138 0.0350 0.0128 0.0100 0.0235 0.0401 0.0100 0.0100 0.0100 0.0100 0.0272 0.0578 0.0100 0.0305 0.0165 0.0428 0.0149 0.0100 0.0285 0.0100 0.0365 0.0624 0.0136 0.4368 0.0100 0.0583 0.0100 0.0124 0.0100 0.0169 0.0298 0.0112 0.0100 0.0100 0.0170 0.0132 0.0140 0.0100 0.0257 0.0300 0.0157 0.0100 0.0100 0.0128 0.0216 0.0100 0.0100 0.0225 0.0100 0.0251 0.0100 0.0176 0.0100 0.0590 0.0255 0.0100 0.0185 0.0115 0.0100 0.0103 0.0173 0.0110 0.0100 0.0176 0.0108
0.0118 0.0100 0.0100 0.0120 0.0100 0.0101 0.0157 0.0100 0.0100 0.0230 0.0100 0.0100 0.0100 0.0100 0.0100 0.0302 0.0100 0.0100 0.0204 0.0496 0.0100 0.0100 0.0101 0.0276 0.0100 0.0100 0.0148 0.0100 0.0100 0.0100 0.0221 0.0100 0.0252 0.0100 0.0378 0.0100 0.0147 0.0249 0.0185 0.0100 0.0100 0.0475 0.0100 0.0125 0.0125 0.0137 0.0100 0.0164 0.0100 0.0100 0.0100 0.0100 0.0100 0.0100 0.0250 0.0141 0.0100 0.0100 0.0174 0.0100 0.0100 0.0416 0.0108 0.0100 0.0100 0.0180 0.0239 0.0100 0.0294 0.0180 0.0134 0.0131 0.0100 0.0112 0.0376 0.0239 0.0100 0.0162 0.0100 0.0100 0.0100 0.0100 0.0105 0.0446 0.0100 0.0100 0.0142 0.0100 0.0120 0.0100 0.0115 0.0165 0.0114 0.0100 0.0100 0.0100 0.0162 0.0371 0.0202 0.0175 0.0203 0.0138 0.0100 0.0100 0.0208 0.0209 0.0853 0.0175 0.0120 0.0100 0.0252 0.0267 0.0100 0.0199 0.0100 0.0100 0.0100 0.0100 0.0100 0.0100 0.0176 0.0100 0.0100 0.0145 0.0545 0.0100 0.1233 0.0100 0.0297 0.0100 0.0187 0.0143 0.0340 0.0414 0.0469 0.0169 0.0430 0.0158 0.0100 0.0289 0.0469 0.0100 0.0100 0.0100 0.0100 0.0222 0.0411 0.0100 0.0352 0.0203 0.0481 0.0183 0.0100 0.0203 0.0100 0.0289 0.0444 0.0100 0.6556 0.0100 0.0815 0.0100 0.0153 0.0100 0.0208 0.0366 0.0138 0.0100 0.0100 0.0260 0.0202 0.0171 0.0100 0.0183 0.0213 0.0240 0.0100 0.0120 0.0157 0.0265 0.0100 0.0100 0.0160 0.0100 0.0179 0.0100 0.0269 0.0100 0.0725 0.0313 0.0100 0.0132 0.0100 0.0100 0.0100 0.0123 0.0168 0.0116 0.0268 0.0100
0.0334 0.0100 0.0160 0.0341 0.0100 0.0287 0.0445 0.0280 0.0100 0.0653 0.0100 0.0172 0.0100 0.0100 0.0100 0.0857 0.0233 0.0100 0.0577 0.1406 0.0100 0.0100 0.0285 0.0784 0.0100 0.0100 0.0421 0.0100 0.0100 0.0210 0.0628 0.0100 0.0715 0.0100 0.1071 0.0100 0.0417 0.0706 0.0524 0.0100 0.0100 0.1164 0.0100 0.0354 0.0354 0.0389 0.0100 0.0465 0.0160 0.0100 0.0100 0.0100 0.0100 0.0100 0.0709 0.0401 0.0100 0.0182 0.0493 0.0149 0.0163 0.1181 0.0305 0.0178 0.0155 0.0511 0.0678 0.0100 0.0834 0.0509 0.0381 0.0372 0.0100 0.0317 0.1067 0.0679 0.0100 0.0461 0.0266 0.0181 0.0272 0.0215 0.0297 0.1264 0.0100 0.0100 0.0402 0.0100 0.0340 0.0100 0.0327 0.0470 0.0323 0.0211 0.0100 0.0100 0.0460 0.1051 0.0574 0.0495 0.0575 0.0390 0.0100 0.0100 0.0591 0.0592 0.2235 0.0497 0.0341 0.0100 0.0715 0.0757 0.0100 0.0564 0.0100 0.0100 0.0129 0.0217 0.0234 0.0100 0.0498 0.0100 0.0100 0.0412 0.1546 0.0100 0.3497 0.0257 0.0844 0.0100 0.0531 0.0404 0.0965 0.1175 0.1331 0.0480 0.1219 0.0447 0.0179 0.0819 0.1148 0.0100 0.0114 0.0100 0.0100 0.0472 0.1167 0.0280 0.0815 0.0577 0.0996 0.0518 0.0104 0.0576 0.0158 0.0635 0.1260 0.0275 1.8593 0.0100 0.2313 0.0100 0.0433 0.0268 0.0590 0.1039 0.0391 0.0100 0.0100 0.0737 0.0573 0.0486 0.0100 0.0520 0.0604 0.0680 0.0172 0.0342 0.0445 0.0753 0.0100 0.0100 0.0454 0.0100 0.0507 0.0100 0.0763 0.0263 0.2056 0.0888 0.0140 0.0373 0.0233 0.0179 0.0207 0.0349 0.0476 0.0330 0.0761 0.0218
0.0104 0.0100 0.0100 0.0106 0.0100 0.0100 0.0138 0.0100 0.0100 0.0203 0.0100 0.0100 0.0100 0.0100 0.0100 0.0267 0.0100 0.0100 0.0180 0.0437 0.0100 0.0100 0.0100 0.0244 0.0100 0.0100 0.0131 0.0100 0.0100 0.0100 0.0195 0.0100 0.0222 0.0100 0.0333 0.0100 0.0130 0.0220 0.0163 0.0100 0.0100 0.0431 0.0100 0.0110 0.0110 0.0121 0.0100 0.0144 0.0100 0.0100 0.0100 0.0100 0.0100 0.0100 0.0221 0.0125 0.0100 0.0100 0.0153 0.0100 0.0100 0.0367 0.0100 0.0100 0.0100 0.0159 0.0211 0.0100 0.0260 0.0158 0.0118 0.0116 0.0100 0.0100 0.0332 0.0211 0.0100 0.0143 0.0100 0.0100 0.0100 0.0100 0.0100 0.0393 0.0100 0.0100 0.0125 0.0100 0.0106 0.0100 0.0102 0.0146 0.0100 0.0100 0.0100 0.0100 0.0143 0.0327 0.0178 0.0154 0.0179 0.0121 0.0100 0.0100 0.0184 0.0184 0.0764 0.0155 0.0106 0.0100 0.0222 0.0236 0.0100 0.0175 0.0100 0.0100 0.0100 0.0100 0.0100 0.0100 0.0155 0.0100 0.0100 0.0128 0.0481 0.0100 0.1088 0.0100 0.0262 0.0100 0.0165 0.0126 0.0300 0.0366 0.0414 0.0149 0.0379 0.0139 0.0100 0.0255 0.0426 0.0100 0.0100 0.0100 0.0100 0.0208 0.0363 0.0100 0.0322 0.0180 0.0448 0.0161 0.0100 0.0179 0.0100 0.0266 0.0392 0.0100 0.5785 0.0100 0.0719 0.0100 0.0135 0.0100 0.0183 0.0323 0.0122 0.0100 0.0100 0.0229 0.0178 0.0151 0.0100 0.0162 0.0188 0.0212 0.0100 0.0106 0.0138 0.0234 0.0100 0.0100 0.0141 0.0100 0.0158 0.0100 0.0238 0.0100 0.0639 0.0276 0.0100 0.0116 0.0100 0.0100 0.0100 0.0108 0.0148 0.0103 0.0237 0.0100
0.0572 0.0100 0.0274 0.0584 0.0100 0.0346 0.0761 0.0480 0.0100 0.1118 0.0100 0.0294 0.0100 0.0100 0.0100 0.1034 0.0399 0.0100 0.0988 0.1695 0.0100 0.0100 0.0344 0.0945 0.0100 0.0100 0.0720 0.0100 0.0100 0.0360 0.0757 0.0100 0.1224 0.0100 0.1291 0.0100 0.0713 0.1208 0.0898 0.0100 0.0157 0.1921 0.0100 0.0427 0.0427 0.0469 0.0100 0.0560 0.0193 0.0100 0.0100 0.0100 0.0100 0.0100 0.0462 0.0687 0.0100 0.0312 0.0594 0.0180 0.0196 0.0770 0.0523 0.0305 0.0264 0.0616 0.0818 0.0100 0.0544 0.2335 0.0652 0.0637 0.0100 0.0382 0.0695 0.0442 0.0100 0.2111 0.1218 0.0219 0.0327 0.0259 0.0359 0.0824 0.0100 0.0100 0.1843 0.0100 0.1558 0.0100 0.0394 0.0566 0.0390 0.0254 0.0100 0.0100 0.0300 0.0685 0.0374 0.2269 0.2638 0.1789 0.0100 0.0100 0.0712 0.0386 0.1491 0.0324 0.1562 0.0254 0.0466 0.0913 0.0100 0.0367 0.0100 0.0100 0.0100 0.0993 0.1071 0.0100 0.0325 0.0100 0.0100 0.0269 0.1007 0.0100 0.2278 0.1178 0.3867 0.0289 0.2434 0.0263 0.0629 0.0766 0.0867 0.0313 0.0795 0.0291 0.0820 0.0533 0.0783 0.0100 0.0523 0.0100 0.0156 0.2164 0.5349 0.0183 0.0566 0.0376 0.0719 0.0338 0.0100 0.2640 0.0726 0.2553 0.5774 0.1259 2.9486 0.0100 0.2478 0.0100 0.0282 0.0175 0.0384 0.0677 0.0255 0.0100 0.0148 0.0974 0.0757 0.0317 0.0100 0.2381 0.2770 0.0900 0.0227 0.0452 0.0290 0.0490 0.0100 0.0100 0.2082 0.0100 0.2325 0.0100 0.1010 0.0348 0.1339 0.0579 0.0643 0.1709 0.1066 0.0823 0.0950 0.1598 0.0629 0.0437 0.1006 0.1001
0.2567 0.0100 0.1230 0.2621 0.0100 0.1554 0.3419 0.2155 0.0100 0.5021 0.0100 0.1321 0.0100 0.0100 0.0100 0.4641 0.1794 0.0180 0.4436 0.7611 0.0100 0.0100 0.1545 0.4243 0.0100 0.0100 0.3234 0.0100 0.0100 0.1618 0.3398 0.0100 0.5498 0.0100 0.5798 0.0100 0.3204 0.5424 0.4032 0.0100 0.0704 0.8278 0.0100 0.1917 0.1917 0.2106 0.0100 0.2516 0.0866 0.0100 0.0100 0.0100 0.0100 0.0100 0.2075 0.3086 0.0100 0.1401 0.2669 0.0808 0.0880 0.3456 0.2347 0.1372 0.1188 0.2767 0.3671 0.0284 0.2441 1.0484 0.2927 0.2861 0.0243 0.1717 0.3122 0.1986 0.0100 0.9479 0.5468 0.0983 0.1470 0.1162 0.1611 0.3699 0.0100 0.0100 0.8276 0.0100 0.6996 0.0100 0.1770 0.2542 0.1749 0.1141 0.0100 0.0109 0.1346 0.3076 0.1678 1.0190 1.1845 0.8032 0.0100 0.0100 0.3199 0.1732 0.6345 0.1454 0.7014 0.1140 0.2093 0.4101 0.0100 0.1650 0.0100 0.0100 0.0377 0.4460 0.4809 0.0208 0.1458 0.0100 0.0161 0.1206 0.4524 0.0100 1.0230 0.5288 1.7364 0.1299 1.0930 0.1183 0.2823 0.3439 0.3894 0.1405 0.3568 0.1308 0.3682 0.2395 0.3165 0.0240 0.2350 0.0100 0.0700 0.9718 2.4020 0.0821 0.2191 0.1688 0.2543 0.1517 0.0305 1.1856 0.3259 1.1114 2.5925 0.5655 13.2401 0.0100 1.1128 0.0100 0.1266 0.0785 0.1726 0.3040 0.1144 0.0100 0.0664 0.4376 0.3402 0.1423 0.0100 1.0693 1.2440 0.4041 0.1022 0.2031 0.1303 0.2203 0.0100 0.0100 0.9347 0.0100 1.0440 0.0100 0.4534 0.1562 0.6014 0.2598 0.2886 0.7676 0.4789 0.3694 0.4264 0.7176 0.2827 0.1961 0.4519 0.4495
0.0342 0.0100 0.0164 0.0349 0.0100 0.0207 0.0456 0.0287 0.0100 0.0669 0.0100 0.0176 0.0100 0.0100 0.0100 0.0619 0.0239 0.0100 0.0592 0.1015 0.0100 0.0100 0.0206 0.0566 0.0100 0.0100 0.0431 0.0100 0.0100 0.0216 0.0453 0.0100 0.0733 0.0100 0.0773 0.0100 0.0427 0.0723 0.0538 0.0100 0.0100 0.1191 0.0100 0.0256 0.0256 0.0281 0.0100 0.0335 0.0115 0.0100 0.0100 0.0100 0.0100 0.0100 0.0277 0.0412 0.0100 0.0187 0.0356 0.0108 0.0117 0.0461 0.0313 0.0183 0.0158 0.0369 0.0490 0.0100 0.0326 0.1398 0.0390 0.0382 0.0100 0.0229 0.0416 0.0265 0.0100 0.1264 0.0729 0.0131 0.0196 0.0155 0.0215 0.0493 0.0100 0.0100 0.1104 0.0100 0.0933 0.0100 0.0236 0.0339 0.0233 0.0152 0.0100 0.0100 0.0179 0.0410 0.0224 0.1359 0.1580 0.1071 0.0100 0.0100 0.0427 0.0231 0.0933 0.0194 0.0935 0.0152 0.0279 0.0547 0.0100 0.0220 0.0100 0.0100 0.0100 0.0595 0.0641 0.0100 0.0194 0.0100 0.0100 0.0161 0.0603 0.0100 0.1364 0.0705 0.2316 0.0173 0.1458 0.0158 0.0376 0.0459 0.0519 0.0187 0.0476 0.0174 0.0491 0.0319 0.0509 0.0100 0.0313 0.0100 0.0100 0.1296 0.3203 0.0109 0.0379 0.0225 0.0511 0.0202 0.0100 0.1581 0.0435 0.1569 0.3458 0.0754 1.7657 0.0100 0.1484 0.0100 0.0169 0.0105 0.0230 0.0405 0.0152 0.0100 0.0100 0.0584 0.0454 0.0190 0.0100 0.1426 0.1659 0.0539 0.0136 0.0271 0.0174 0.0294 0.0100 0.0100 0.1247 0.0100 0.1392 0.0100 0.0605 0.0208 0.0802 0.0347 0.0385 0.1024 0.0639 0.0493 0.0569 0.0957 0.0377 0.0261 0.0603 0.0600
0.0175 0.0100 0.0100 0.0178 0.0100 0.0291 0.0233 0.0147 0.0100 0.0342 0.0100 0.0100 0.0100 0.0100 0.0100 0.0870 0.0122 0.0100 0.0302 0.1427 0.0100 0.0100 0.0290 0.0795 0.0100 0.0100 0.0220 0.0100 0.0100 0.0110 0.0637 0.0100 0.0374 0.0100 0.1087 0.0100 0.0218 0.0369 0.0274 0.0100 0.0100 0.0657 0.0100 0.0359 0.0359 0.0395 0.0100 0.0471 0.0162 0.0100 0.0100 0.0100 0.0100 0.0100 0.0138 0.0210 0.0100 0.0100 0.0500 0.0151 0.0165 0.0230 0.0160 0.0100 0.0100 0.0519 0.0688 0.0100 0.0162 0.0171 0.0199 0.0195 0.0100 0.0322 0.0207 0.0132 0.0100 0.0155 0.0100 0.0184 0.0276 0.0218 0.0302 0.0246 0.0100 0.0100 0.0135 0.0100 0.0114 0.0100 0.0332 0.0476 0.0328 0.0214 0.0100 0.0100 0.0100 0.0204 0.0111 0.0166 0.0193 0.0131 0.0100 0.0100 0.0600 0.0115 0.0515 0.0100 0.0114 0.0100 0.0139 0.0769 0.0100 0.0110 0.0100 0.0100 0.0100 0.0100 0.0100 0.0100 0.0100 0.0100 0.0100 0.0100 0.0300 0.0100 0.0680 0.0100 0.0283 0.0100 0.0178 0.0100 0.0187 0.0228 0.0259 0.0100 0.0237 0.0100 0.0100 0.0159 0.0304 0.0100 0.0100 0.0100 0.0100 0.0216 0.0392 0.0100 0.0239 0.0112 0.0355 0.0101 0.0100 0.0193 0.0100 0.0280 0.0423 0.0100 0.2960 0.0100 0.0395 0.0100 0.0100 0.0100 0.0115 0.0202 0.0100 0.0100 0.0100 0.0115 0.0100 0.0100 0.0100 0.0174 0.0203 0.0106 0.0100 0.0100 0.0100 0.0146 0.0100 0.0100 0.0152 0.0100 0.0170 0.0100 0.0120 0.0100 0.0399 0.0173 0.0100 0.0125 0.0100 0.0100 0.0100 0.0117 0.0100 0.0100 0.0119 0.0100
0.0152 0.0100 0.0100 0.0156 0.0100 0.0254 0.0203 0.0128 0.0100 0.0298 0.0100 0.0100 0.0100 0.0100 0.0100 0.0759 0.0106 0.0100 0.0263 0.1244 0.0100 0.0100 0.0253 0.0693 0.0100 0.0100 0.0192 0.0100 0.0100 0.0100 0.0555 0.0100 0.0326 0.0100 0.0948 0.0100 0.0190 0.0322 0.0239 0.0100 0.0100 0.0586 0.0100 0.0313 0.0313 0.0344 0.0100 0.0411 0.0141 0.0100 0.0100 0.0100 0.0100 0.0100 0.0120 0.0183 0.0100 0.0100 0.0436 0.0132 0.0144 0.0200 0.0139 0.0100 0.0100 0.0452 0.0600 0.0100 0.0141 0.0149 0.0174 0.0170 0.0100 0.0281 0.0181 0.0115 0.0100 0.0135 0.0100 0.0161 0.0240 0.0190 0.0263 0.0214 0.0100 0.0100 0.0118 0.0100 0.0100 0.0100 0.0289 0.0415 0.0286 0.0186 0.0100 0.0100 0.0100 0.0178 0.0100 0.0145 0.0169 0.0114 0.0100 0.0100 0.0523 0.0100 0.0462 0.0100 0.0100 0.0100 0.0121 0.0670 0.0100 0.0100 0.0100 0.0100 0.0100 0.0100 0.0100 0.0100 0.0100 0.0100 0.0100 0.0100 0.0262 0.0100 0.0592 0.0100 0.0247 0.0100 0.0155 0.0100 0.0163 0.0204 0.0226 0.0100 0.0207 0.0100 0.0100 0.0139 0.0278 0.0100 0.0100 0.0100 0.0100 0.0201 0.0342 0.0100 0.0221 0.0100 0.0335 0.0100 0.0100 0.0169 0.0100 0.0257 0.0369 0.0100 0.2581 0.0100 0.0344 0.0100 0.0100 0.0100 0.0100 0.0176 0.0100 0.0100 0.0100 0.0100 0.0100 0.0100 0.0100 0.0152 0.0177 0.0100 0.0100 0.0100 0.0100 0.0127 0.0100 0.0100 0.0133 0.0100 0.0149 0.0100 0.0104 0.0100 0.0348 0.0150 0.0100 0.0109 0.0100 0.0100 0.0100 0.0102 0.0100 0.0100 0.0104 0.0100
0.0475 0.0100 0.0227 0.0485 0.0100 0.0791 0.0632 0.0398 0.0100 0.0929 0.0100 0.0244 0.0100 0.0100 0.0100 0.2363 0.0332 0.0100 0.0820 0.3875 0.0100 0.0100 0.0787 0.2160 0.0100 0.0100 0.0598 0.0100 0.0100 0.0299 0.1730 0.0100 0.1017 0.0100 0.2952 0.0100 0.0592 0.1003 0.0746 0.0100 0.0130 0.1613 0.0100 0.0976 0.0976 0.1072 0.0100 0.1281 0.0441 0.0100 0.0100 0.0100 0.0100 0.0100 0.0374 0.0571 0.0100 0.0259 0.1359 0.0411 0.0448 0.0624 0.0434 0.0254 0.0220 0.1409 0.1869 0.0100 0.0440 0.0465 0.0541 0.0529 0.0124 0.0874 0.0563 0.0358 0.0100 0.0420 0.0242 0.0500 0.0748 0.0592 0.0820 0.0667 0.0100 0.0100 0.0367 0.0100 0.0310 0.0100 0.0901 0.1294 0.0891 0.0581 0.0100 0.0100 0.0243 0.0555 0.0303 0.0452 0.0525 0.0356 0.0100 0.0100 0.1628 0.0312 0.1227 0.0262 0.0311 0.0100 0.0378 0.2088 0.0100 0.0298 0.0100 0.0100 0.0100 0.0198 0.0213 0.0100 0.0263 0.0100 0.0100 0.0218 0.0816 0.0100 0.1846 0.0234 0.0770 0.0100 0.0484 0.0214 0.0509 0.0620 0.0703 0.0253 0.0644 0.0236 0.0163 0.0432 0.0653 0.0100 0.0104 0.0100 0.0100 0.0431 0.1065 0.0148 0.0477 0.0305 0.0620 0.0274 0.0100 0.0525 0.0144 0.0588 0.1149 0.0251 0.8040 0.0100 0.1072 0.0100 0.0228 0.0142 0.0311 0.0549 0.0206 0.0100 0.0100 0.0313 0.0244 0.0257 0.0100 0.0474 0.0551 0.0289 0.0100 0.0145 0.0235 0.0397 0.0100 0.0100 0.0414 0.0100 0.0463 0.0100 0.0325 0.0112 0.1085 0.0469 0.0128 0.0340 0.0212 0.0164 0.0189 0.0318 0.0202 0.0140 0.0323 0.0199
0.0554 0.0100 0.0266 0.0566 0.0100 0.0477 0.0739 0.0465 0.0100 0.1085 0.0100 0.0285 0.0100 0.0100 0.0100 0.1423 0.0387 0.0100 0.0958 0.2334 0.0100 0.0100 0.0474 0.1301 0.0100 0.0100 0.0698 0.0100 0.0100 0.0349 0.1042 0.0100 0.1188 0.0100 0.1778 0.0100 0.0692 0.1172 0.0871 0.0100 0.0152 0.1867 0.0100 0.0588 0.0588 0.0646 0.0100 0.0771 0.0265 0.0100 0.0100 0.0100 0.0100 0.0100 0.1177 0.0667 0.0100 0.0303 0.0818 0.0248 0.0270 0.1961 0.0507 0.0296 0.0256 0.0849 0.1126 0.0161 0.1385 0.0846 0.0632 0.0618 0.0100 0.0527 0.1772 0.1127 0.0100 0.0765 0.0441 0.0301 0.0451 0.0356 0.0494 0.2099 0.0100 0.0100 0.0668 0.0100 0.0564 0.0100 0.0543 0.0780 0.0537 0.0350 0.0100 0.0100 0.0764 0.1745 0.0952 0.0822 0.0955 0.0648 0.0100 0.0100 0.0981 0.0983 0.3644 0.0825 0.0566 0.0100 0.1188 0.1258 0.0100 0.0936 0.0100 0.0100 0.0214 0.0360 0.0388 0.0100 0.0827 0.0100 0.0100 0.0685 0.2567 0.0100 0.5805 0.0427 0.1401 0.0105 0.0882 0.0672 0.1602 0.1951 0.2210 0.0797 0.2025 0.0742 0.0297 0.1359 0.1839 0.0136 0.0190 0.0100 0.0100 0.0784 0.1938 0.0466 0.1286 0.0958 0.1522 0.0861 0.0173 0.0956 0.0263 0.0988 0.2091 0.0456 3.0869 0.0100 0.3840 0.0100 0.0718 0.0445 0.0979 0.1725 0.0649 0.0100 0.0100 0.1223 0.0951 0.0808 0.0100 0.0862 0.1003 0.1129 0.0286 0.0568 0.0740 0.1250 0.0100 0.0100 0.0754 0.0100 0.0842 0.0100 0.1267 0.0437 0.3413 0.1474 0.0233 0.0619 0.0386 0.0298 0.0344 0.0579 0.0790 0.0548 0.1263 0.0363
0.0993 0.0200 0.0528 0.1012 0.0200 0.0868 0.1309 0.0850 0.0200 0.1922 0.0200 0.0560 0.0200 0.0200 0.0200 0.2523 0.0724 0.0200 0.1698 0.4138 0.0200 0.0200 0.0863 0.2306 0.0200 0.0200 0.1238 0.0200 0.0200 0.0663 0.1847 0.0200 0.2105 0.0200 0.3152 0.0200 0.1226 0.2077 0.1544 0.0200 0.0345 0.3331 0.0200 0.1047 0.1047 0.1145 0.0200 0.1368 0.0528 0.0200 0.0200 0.0200 0.0200 0.0200 0.2087 0.1182 0.0200 0.0588 0.1451 0.0499 0.0535 0.3476 0.0917 0.0577 0.0513 0.1504 0.1996 0.0359 0.2455 0.1499 0.1120 0.1096 0.0220 0.0949 0.3140 0.1998 0.0200 0.1355 0.0811 0.0585 0.0826 0.0674 0.0896 0.3720 0.0200 0.0200 0.1183 0.0200 0.1009 0.0200 0.0974 0.1382 0.0964 0.0664 0.0200 0.0200 0.1354 0.3094 0.1688 0.1457 0.1694 0.1148 0.0200 0.0200 0.1739 0.1742 0.6482 0.1463 0.1012 0.0248 0.2105 0.2229 0.0200 0.1660 0.0200 0.0200 0.0445 0.0680 0.0725 0.0200 0.1467 0.0200 0.0200 0.1213 0.4550 0.0200 1.0290 0.0787 0.2483 0.0269 0.1563 0.1190 0.2839 0.3459 0.3917 0.1413 0.3589 0.1315 0.0578 0.2409 0.3283 0.0319 0.0405 0.0200 0.0200 0.1463 0.3434 0.0851 0.2303 0.1698 0.2747 0.1526 0.0379 0.1695 0.0524 0.1775 0.3707 0.0835 5.4718 0.0200 0.6806 0.0200 0.1273 0.0818 0.1736 0.3058 0.1150 0.0200 0.0200 0.2168 0.1686 0.1432 0.0200 0.1529 0.1779 0.2002 0.0560 0.1015 0.1311 0.2215 0.0200 0.0200 0.1336 0.0200 0.1493 0.0200 0.2246 0.0803 0.6049 0.2614 0.0475 0.1098 0.0722 0.0580 0.0654 0.1033 0.1401 0.0983 0.2239 0.0684
0.0177 0.0100 0.0100 0.0181 0.0100 0.0152 0.0236 0.0149 0.0100 0.0347 0.0100 0.0100 0.0100 0.0100 0.0100 0.0455 0.0124 0.0100 0.0306 0.0746 0.0100 0.0100 0.0151 0.0416 0.0100 0.0100 0.0223 0.0100 0.0100 0.0112 0.0333 0.0100 0.0380 0.0100 0.0568 0.0100 0.0221 0.0374 0.0278 0.0100 0.0100 0.0665 0.0100 0.0188 0.0188 0.0206 0.0100 0.0247 0.0100 0.0100 0.0100 0.0100 0.0100 0.0100 0.0376 0.0213 0.0100 0.0100 0.0262 0.0100 0.0100 0.0627 0.0162 0.0100 0.0100 0.0271 0.0360 0.0100 0.0443 0.0270 0.0202 0.0198 0.0100 0.0168 0.0566 0.0360 0.0100 0.0244 0.0141 0.0100 0.0144 0.0114 0.0158 0.0671 0.0100 0.0100 0.0213 0.0100 0.0180 0.0100 0.0173 0.0249 0.0171 0.0112 0.0100 0.0100 0.0244 0.0558 0.0304 0.0263 0.0305 0.0207 0.0100 0.0100 0.0314 0.0314 0.1233 0.0264 0.0181 0.0100 0.0380 0.0402 0.0100 0.0299 0.0100 0.0100 0.0100 0.0115 0.0124 0.0100 0.0265 0.0100 0.0100 0.0219 0.0821 0.0100 0.1856 0.0136 0.0448 0.0100 0.0282 0.0215 0.0512 0.0624 0.0706 0.0255 0.0647 0.0237 0.0100 0.0434 0.0656 0.0100 0.0100 0.0100 0.0100 0.0284 0.0619 0.0149 0.0479 0.0306 0.0622 0.0275 0.0100 0.0306 0.0100 0.0384 0.0669 0.0146 0.9868 0.0100 0.1227 0.0100 0.0230 0.0142 0.0313 0.0551 0.0208 0.0100 0.0100 0.0391 0.0304 0.0258 0.0100 0.0276 0.0321 0.0361 0.0100 0.0181 0.0236 0.0399 0.0100 0.0100 0.0241 0.0100 0.0269 0.0100 0.0405 0.0140 0.1091 0.0471 0.0100 0.0198 0.0123 0.0100 0.0110 0.0185 0.0253 0.0175 0.0404 0.0116
0.0322 0.0100 0.0154 0.0329 0.0100 0.0195 0.0430 0.0271 0.0100 0.0631 0.0100 0.0166 0.0100 0.0100 0.0100 0.0583 0.0225 0.0100 0.0557 0.0956 0.0100 0.0100 0.0194 0.0533 0.0100 0.0100 0.0406 0.0100 0.0100 0.0203 0.0427 0.0100 0.0691 0.0100 0.0728 0.0100 0.0402 0.0681 0.0506 0.0100 0.0100 0.1127 0.0100 0.0241 0.0241 0.0265 0.0100 0.0316 0.0109 0.0100 0.0100 0.0100 0.0100 0.0100 0.0261 0.0388 0.0100 0.0176 0.0335 0.0101 0.0111 0.0434 0.0295 0.0172 0.0149 0.0348 0.0461 0.0100 0.0307 0.1317 0.0368 0.0359 0.0100 0.0216 0.0392 0.0249 0.0100 0.1191 0.0687 0.0123 0.0185 0.0146 0.0202 0.0465 0.0100 0.0100 0.1040 0.0100 0.0879 0.0100 0.0222 0.0319 0.0220 0.0143 0.0100 0.0100 0.0169 0.0386 0.0211 0.1280 0.1488 0.1009 0.0100 0.0100 0.0402 0.0218 0.0885 0.0183 0.0881 0.0143 0.0263 0.0515 0.0100 0.0207 0.0100 0.0100 0.0100 0.0560 0.0604 0.0100 0.0183 0.0100 0.0100 0.0152 0.0568 0.0100 0.1285 0.0664 0.2181 0.0163 0.1373 0.0149 0.0355 0.0432 0.0489 0.0176 0.0448 0.0164 0.0462 0.0301 0.0485 0.0100 0.0295 0.0100 0.0100 0.1221 0.3017 0.0103 0.0363 0.0212 0.0493 0.0191 0.0100 0.1489 0.0409 0.1484 0.3257 0.0710 1.6632 0.0100 0.1398 0.0100 0.0159 0.0100 0.0217 0.0382 0.0144 0.0100 0.0100 0.0550 0.0427 0.0179 0.0100 0.1343 0.1563 0.0508 0.0128 0.0255 0.0164 0.0277 0.0100 0.0100 0.1174 0.0100 0.1311 0.0100 0.0570 0.0196 0.0755 0.0326 0.0362 0.0964 0.0602 0.0464 0.0536 0.0901 0.0355 0.0246 0.0568 0.0565
0.0370 0.0100 0.0177 0.0378 0.0100 0.0224 0.0493 0.0311 0.0100 0.0725 0.0100 0.0191 0.0100 0.0100 0.0100 0.0670 0.0259 0.0100 0.0640 0.1099 0.0100 0.0100 0.0223 0.0612 0.0100 0.0100 0.0467 0.0100 0.0100 0.0233 0.0490 0.0100 0.0794 0.0100 0.0837 0.0100 0.0462 0.0783 0.0582 0.0100 0.0102 0.1280 0.0100 0.0277 0.0277 0.0304 0.0100 0.0363 0.0125 0.0100 0.0100 0.0100 0.0100 0.0100 0.0300 0.0445 0.0100 0.0202 0.0385 0.0117 0.0127 0.0499 0.0339 0.0198 0.0171 0.0399 0.0530 0.0100 0.0352 0.1513 0.0422 0.0413 0.0100 0.0248 0.0451 0.0287 0.0100 0.1368 0.0789 0.0142 0.0212 0.0168 0.0232 0.0534 0.0100 0.0100 0.1195 0.0100 0.1010 0.0100 0.0255 0.0367 0.0253 0.0165 0.0100 0.0100 0.0194 0.0444 0.0242 0.1471 0.1710 0.1159 0.0100 0.0100 0.0462 0.0250 0.1001 0.0210 0.1012 0.0164 0.0302 0.0592 0.0100 0.0238 0.0100 0.0100 0.0100 0.0644 0.0694 0.0100 0.0210 0.0100 0.0100 0.0174 0.0653 0.0100 0.1477 0.0763 0.2506 0.0187 0.1578 0.0171 0.0407 0.0496 0.0562 0.0203 0.0515 0.0189 0.0531 0.0346 0.0542 0.0100 0.0339 0.0100 0.0101 0.1403 0.3467 0.0118 0.0402 0.0244 0.0536 0.0219 0.0100 0.1711 0.0470 0.1690 0.3742 0.0816 1.9111 0.0100 0.1606 0.0100 0.0183 0.0113 0.0249 0.0439 0.0165 0.0100 0.0100 0.0632 0.0491 0.0205 0.0100 0.1543 0.1796 0.0583 0.0147 0.0293 0.0188 0.0318 0.0100 0.0100 0.1349 0.0100 0.1507 0.0100 0.0654 0.0225 0.0868 0.0375 0.0416 0.1108 0.0691 0.0533 0.0615 0.1036 0.0408 0.0283 0.0652 0.0649
0.0328 0.0100 0.0157 0.0335 0.0100 0.0282 0.0437 0.0275 0.0100 0.0641 0.0100 0.0169 0.0100 0.0100 0.0100 0.0842 0.0229 0.0100 0.0566 0.1380 0.0100 0.0100 0.0280 0.0769 0.0100 0.0100 0.0413 0.0100 0.0100 0.0207 0.0616 0.0100 0.0702 0.0100 0.1051 0.0100 0.0409 0.0693 0.0515 0.0100 0.0100 0.1144 0.0100 0.0348 0.0348 0.0382 0.0100 0.0456 0.0157 0.0100 0.0100 0.0100 0.0100 0.0100 0.0696 0.0394 0.0100 0.0179 0.0484 0.0146 0.0160 0.1159 0.0300 0.0175 0.0152 0.0502 0.0666 0.0100 0.0819 0.0500 0.0374 0.0365 0.0100 0.0311 0.1047 0.0666 0.0100 0.0452 0.0261 0.0178 0.0267 0.0211 0.0292 0.1241 0.0100 0.0100 0.0395 0.0100 0.0334 0.0100 0.0321 0.0461 0.0317 0.0207 0.0100 0.0100 0.0452 0.1032 0.0563 0.0486 0.0565 0.0383 0.0100 0.0100 0.0580 0.0581 0.2195 0.0488 0.0335 0.0100 0.0702 0.0743 0.0100 0.0554 0.0100 0.0100 0.0126 0.0213 0.0229 0.0100 0.0489 0.0100 0.0100 0.0405 0.1518 0.0100 0.3432 0.0252 0.0828 0.0100 0.0521 0.0397 0.0947 0.1154 0.1306 0.0471 0.1197 0.0439 0.0175 0.0804 0.1128 0.0100 0.0112 0.0100 0.0100 0.0463 0.1145 0.0275 0.0801 0.0566 0.0982 0.0509 0.0102 0.0565 0.0155 0.0625 0.1236 0.0270 1.8251 0.0100 0.2270 0.0100 0.0425 0.0263 0.0579 0.1020 0.0384 0.0100 0.0100 0.0723 0.0562 0.0478 0.0100 0.0510 0.0593 0.0668 0.0169 0.0336 0.0437 0.0739 0.0100 0.0100 0.0446 0.0100 0.0498 0.0100 0.0749 0.0258 0.2018 0.0872 0.0138 0.0366 0.0228 0.0176 0.0203 0.0342 0.0467 0.0324 0.0747 0.0214
0.0793 0.0100 0.0380 0.0810 0.0100 0.1322 0.1057 0.0666 0.0100 0.1552 0.0100 0.0408 0.0100 0.0100 0.0100 0.3948 0.0554 0.0153 0.1371 0.6475 0.0100 0.0100 0.1314 0.3609 0.0100 0.0100 0.0999 0.0100 0.0100 0.0500 0.2891 0.0100 0.1699 0.0100 0.4932 0.0100 0.0990 0.1676 0.1246 0.0100 0.0217 0.2627 0.0100 0.1631 0.1631 0.1792 0.0100 0.2140 0.0736 0.0100 0.0100 0.0100 0.0100 0.0100 0.0626 0.0954 0.0100 0.0433 0.2270 0.0687 0.0749 0.1042 0.0725 0.0424 0.0367 0.2354 0.3123 0.0100 0.0736 0.0776 0.0904 0.0884 0.0207 0.1461 0.0941 0.0599 0.0100 0.0702 0.0405 0.0836 0.1250 0.0989 0.1370 0.1115 0.0100 0.0100 0.0613 0.0100 0.0518 0.0100 0.1505 0.2163 0.1488 0.0970 0.0100 0.0100 0.0406 0.0927 0.0506 0.0755 0.0877 0.0595 0.0100 0.0100 0.2721 0.0522 0.1983 0.0438 0.0519 0.0100 0.0631 0.3488 0.0100 0.0497 0.0100 0.0100 0.0114 0.0330 0.0356 0.0100 0.0440 0.0100 0.0137 0.0364 0.1364 0.0100 0.3084 0.0391 0.1286 0.0100 0.0809 0.0357 0.0851 0.1037 0.1174 0.0423 0.1076 0.0394 0.0273 0.0722 0.1024 0.0100 0.0174 0.0100 0.0100 0.0720 0.1779 0.0247 0.0730 0.0509 0.0902 0.0457 0.0100 0.0878 0.0241 0.0916 0.1920 0.0419 1.3433 0.0100 0.1792 0.0100 0.0382 0.0237 0.0520 0.0916 0.0345 0.0100 0.0100 0.0524 0.0407 0.0429 0.0100 0.0792 0.0921 0.0483 0.0122 0.0243 0.0393 0.0664 0.0100 0.0100 0.0692 0.0100 0.0773 0.0100 0.0542 0.0187 0.1813 0.0783 0.0214 0.0568 0.0355 0.0273 0.0316 0.0531 0.0338 0.0235 0.0541 0.0333
0.0106 0.0100 0.0100 0.0108 0.0100 0.0176 0.0141 0.0100 0.0100 0.0207 0.0100 0.0100 0.0100 0.0100 0.0100 0.0527 0.0100 0.0100 0.0183 0.0864 0.0100 0.0100 0.0175 0.0481 0.0100 0.0100 0.0133 0.0100 0.0100 0.0100 0.0386 0.0100 0.0227 0.0100 0.0658 0.0100 0.0132 0.0224 0.0166 0.0100 0.0100 0.0437 0.0100 0.0218 0.0218 0.0239 0.0100 0.0285 0.0100 0.0100 0.0100 0.0100 0.0100 0.0100 0.0100 0.0127 0.0100 0.0100 0.0303 0.0100 0.0100 0.0139 0.0100 0.0100 0.0100 0.0314 0.0417 0.0100 0.0100 0.0103 0.0121 0.0118 0.0100 0.0195 0.0126 0.0100 0.0100 0.0100 0.0100 0.0112 0.0167 0.0132 0.0183 0.0149 0.0100 0.0100 0.0100 0.0100 0.0100 0.0100 0.0201 0.0289 0.0199 0.0129 0.0100 0.0100 0.0100 0.0124 0.0100 0.0101 0.0117 0.0100 0.0100 0.0100 0.0363 0.0100 0.0351 0.0100 0.0100 0.0100 0.0100 0.0466 0.0100 0.0100 0.0100 0.0100 0.0100 0.0100 0.0100 0.0100 0.0100 0.0100 0.0100 0.0100 0.0200 0.0100 0.0411 0.0100 0.0171 0.0100 0.0108 0.0100 0.0114 0.0200 0.0157 0.0100 0.0143 0.0100 0.0100 0.0100 0.0223 0.0100 0.0100 0.0100 0.0100 0.0200 0.0237 0.0100 0.0200 0.0100 0.0300 0.0100 0.0100 0.0117 0.0100 0.0209 0.0256 0.0100 0.1792 0.0100 0.0239 0.0100 0.0100 0.0100 0.0100 0.0122 0.0100 0.0100 0.0100 0.0100 0.0100 0.0100 0.0100 0.0106 0.0123 0.0100 0.0100 0.0100 0.0100 0.0100 0.0100 0.0100 0.0100 0.0100 0.0103 0.0100 0.0100 0.0100 0.0260 0.0104 0.0100 0.0100 0.0100 0.0100 0.0100 0.0100 0.0100 0.0100 0.0100 0.0100
0.0125 0.0100 0.0100 0.0128 0.0100 0.0107 0.0167 0.0105 0.0100 0.0245 0.0100 0.0100 0.0100 0.0100 0.0100 0.0321 0.0100 0.0100 0.0216 0.0527 0.0100 0.0100 0.0107 0.0294 0.0100 0.0100 0.0158 0.0100 0.0100 0.0100 0.0235 0.0100 0.0268 0.0100 0.0401 0.0100 0.0156 0.0264 0.0197 0.0100 0.0100 0.0499 0.0100 0.0133 0.0133 0.0146 0.0100 0.0174 0.0100 0.0100 0.0100 0.0100 0.0100 0.0100 0.0266 0.0150 0.0100 0.0100 0.0185 0.0100 0.0100 0.0442 0.0114 0.0100 0.0100 0.0191 0.0254 0.0100 0.0312 0.0191 0.0143 0.0139 0.0100 0.0119 0.0400 0.0254 0.0100 0.0173 0.0100 0.0100 0.0102 0.0100 0.0111 0.0474 0.0100 0.0100 0.0151 0.0100 0.0127 0.0100 0.0122 0.0176 0.0121 0.0100 0.0100 0.0100 0.0172 0.0394 0.0215 0.0185 0.0215 0.0146 0.0100 0.0100 0.0221 0.0222 0.0900 0.0186 0.0128 0.0100 0.0268 0.0284 0.0100 0.0211 0.0100 0.0100 0.0100 0.0100 0.0100 0.0100 0.0187 0.0100 0.0100 0.0154 0.0579 0.0100 0.1310 0.0100 0.0316 0.0100 0.0199 0.0152 0.0361 0.0440 0.0499 0.0180 0.0457 0.0167 0.0100 0.0307 0.0492 0.0100 0.0100 0.0100 0.0100 0.0230 0.0437 0.0105 0.0368 0.0216 0.0498 0.0194 0.0100 0.0216 0.0100 0.0300 0.0472 0.0103 0.6965 0.0100 0.0866 0.0100 0.0162 0.0100 0.0221 0.0389 0.0146 0.0100 0.0100 0.0276 0.0215 0.0182 0.0100 0.0195 0.0226 0.0255 0.0100 0.0128 0.0167 0.0282 0.0100 0.0100 0.0170 0.0100 0.0190 0.0100 0.0286 0.0100 0.0770 0.0333 0.0100 0.0140 0.0100 0.0100 0.0100 0.0131 0.0178 0.0124 0.0285 0.0100
0.0100 0.0100 0.0100 0.0100 0.0100 0.0100 0.0100 0.0100 0.0100 0.0100 0.0100 0.0100 0.0100 0.0100 0.0100 0.0100 0.0100 0.0100 0.0100 0.0100 0.0100 0.0100 0.0100 0.0100 0.0100 0.0100 0.0100 0.0100 0.0100 0.0100 0.0100 0.0100 0.0100 0.0100 0.0100 0.0100 0.0100 0.0100 0.0100 0.0100 0.0100 0.0200 0.0100 0.0100 0.0100 0.0100 0.0100 0.0100 0.0100 0.0100 0.0100 0.0100 0.0100 0.0100 0.0100 0.0100 0.0100 0.0100 0.0100 0.0100 0.0100 0.0100 0.0100 0.0100 0.0100 0.0100 0.0100 0.0100 0.0100 0.0100 0.0100 0.0100 0.0100 0.0100 0.0100 0.0100 0.0100 0.0100 0.0100 0.0100 0.0100 0.0100 0.0100 0.0100 0.0100 0.0100 0.0100 0.0100 0.0100 0.0100 0.0100 0.0100 0.0100 0.0100 0.0100 0.0100 0.0100 0.0100 0.0100 0.0100 0.0100 0.0100 0.0100 0.0100 0.0100 0.0100 0.0200 0.0100 0.0100 0.0100 0.0100 0.0100 0.0100 0.0100 0.0100 0.0100 0.0100 0.0100 0.0100 0.0100 0.0100 0.0100 0.0100 0.0100 0.0200 0.0100 0.0100 0.0100 0.0100 0.0100 0.0100 0.0100 0.0100 0.0200 0.0100 0.0100 0.0100 0.0100 0.0100 0.0100 0.0200 0.0100 0.0100 0.0100 0.0100 0.0200 0.0100 0.0100 0.0200 0.0100 0.0300 0.0100 0.0100 0.0100 0.0100 0.0200 0.0100 0.0100 0.0276 0.0100 0.0200 0.0100 0.0100 0.0100 0.0100 0.0100 0.0100 0.0100 0.0100 0.0100 0.0100 0.0100 0.0100 0.0100 0.0100 0.0100 0.0100 0.0100 0.0100 0.0100 0.0100 0.0100 0.0100 0.0100 0.0100 0.0100 0.0100 0.0100 0.0200 0.0100 0.0100 0.0100 0.0100 0.0100 0.0100 0.0100 0.0100 0.0100 0.0100 0.0100
0.0100 0.0100 0.0100 0.0100 0.0100 0.0100 0.0100 0.0100 0.0100 0.0100 0.0100 0.0100 0.0100 0.0100 0.0100 0.0100 0.0100 0.0100 0.0100 0.0100 0.0100 0.0100 0.0100 0.0100 0.0100 0.0100 0.0100 0.0100 0.0100 0.0100 0.0100 0.0100 0.0100 0.0100 0.0100 0.0100 0.0100 0.0100 0.0100 0.0100 0.0100 0.0200 0.0100 0.0100 0.0100 0.0100 0.0100 0.0100 0.0100 0.0100 0.0100 0.0100 0.0100 0.0100 0.0100 0.0100 0.0100 0.0100 0.0100 0.0100 0.0100 0.0100 0.0100 0.0100 0.0100 0.0100 0.0100 0.0100 0.0100 0.0100 0.0100 0.0100 0.0100 0.0100 0.0100 0.0100 0.0100 0.0100 0.0100 0.0100 0.0100 0.0100 0.0100 0.0100 0.0100 0.0100 0.0100 0.0100 0.0100 0.0100 0.0100 0.0100 0.0100 0.0100 0.0100 0.0100 0.0100 0.0100 0.0100 0.0100 0.0100 0.0100 0.0100 0.0100 0.0100 0.0100 0.0200 0.0100 0.0100 0.0100 0.0100 0.0100 0.0100 0.0100 0.0100 0.0100 0.0100 0.0100 0.0100 0.0100 0.0100 0.0100 0.0100 0.0100 0.0200 0.0100 0.0100 0.0100 0.0100 0.0100 0.0100 0.0100 0.0100 0.0200 0.0100 0.0100 0.0100 0.0100 0.0100 0.0100 0.0200 0.0100 0.0100 0.0100 0.0100 0.0200 0.0100 0.0100 0.0200 0.0100 0.0300 0.0100 0.0100 0.0100 0.0100 0.0200 0.0100 0.0100 0.0115 0.0100 0.0200 0.0100 0.0100 0.0100 0.0100 0.0100 0.0100 0.0100 0.0100 0.0100 0.0100 0.0100 0.0100 0.0100 0.0100 0.0100 0.0100 0.0100 0.0100 0.0100 0.0100 0.0100 0.0100 0.0100 0.0100 0.0100 0.0100 0.0100 0.0200 0.0100 0.0100 0.0100 0.0100 0.0100 0.0100 0.0100 0.0100 0.0100 0.0100 0.0100
0.0415 0.0100 0.0199 0.0424 0.0100 0.0357 0.0554 0.0349 0.0100 0.0813 0.0100 0.0214 0.0100 0.0100 0.0100 0.1067 0.0290 0.0100 0.0718 0.1749 0.0100 0.0100 0.0355 0.0975 0.0100 0.0100 0.0523 0.0100 0.0100 0.0262 0.0781 0.0100 0.0890 0.0100 0.1333 0.0100 0.0519 0.0878 0.0653 0.0100 0.0114 0.1424 0.0100 0.0441 0.0440 0.0484 0.0100 0.0578 0.0199 0.0100 0.0100 0.0100 0.0100 0.0100 0.0882 0.0500 0.0100 0.0227 0.0613 0.0186 0.0202 0.1469 0.0380 0.0222 0.0192 0.0636 0.0844 0.0121 0.1038 0.0634 0.0474 0.0463 0.0100 0.0395 0.1328 0.0844 0.0100 0.0573 0.0331 0.0226 0.0338 0.0267 0.0370 0.1573 0.0100 0.0100 0.0500 0.0100 0.0423 0.0100 0.0407 0.0584 0.0402 0.0262 0.0100 0.0100 0.0572 0.1308 0.0714 0.0616 0.0716 0.0486 0.0100 0.0100 0.0735 0.0737 0.2756 0.0618 0.0424 0.0100 0.0890 0.0943 0.0100 0.0702 0.0100 0.0100 0.0160 0.0270 0.0291 0.0100 0.0620 0.0100 0.0100 0.0513 0.1924 0.0100 0.4350 0.0320 0.1050 0.0100 0.0661 0.0503 0.1201 0.1462 0.1656 0.0597 0.1517 0.0556 0.0222 0.1019 0.1404 0.0102 0.0142 0.0100 0.0100 0.0587 0.1452 0.0349 0.0989 0.0718 0.1191 0.0645 0.0130 0.0717 0.0197 0.0766 0.1567 0.0342 2.3134 0.0100 0.2878 0.0100 0.0538 0.0334 0.0734 0.1293 0.0486 0.0100 0.0100 0.0917 0.0713 0.0605 0.0100 0.0646 0.0752 0.0846 0.0214 0.0425 0.0554 0.0937 0.0100 0.0100 0.0565 0.0100 0.0631 0.0100 0.0950 0.0327 0.2558 0.1105 0.0174 0.0464 0.0290 0.0223 0.0258 0.0434 0.0592 0.0411 0.0947 0.0272
0.0100 0.0100 0.0100 0.0100 0.0100 0.0100 0.0118 0.0100 0.0100 0.0173 0.0100 0.0100 0.0100 0.0100 0.0100 0.0160 0.0100 0.0100 0.0153 0.0262 0.0100 0.0100 0.0100 0.0146 0.0100 0.0100 0.0112 0.0100 0.0100 0.0100 0.0117 0.0100 0.0190 0.0100 0.0200 0.0100 0.0110 0.0187 0.0139 0.0100 0.0100 0.0382 0.0100 0.0100 0.0100 0.0100 0.0100 0.0100 0.0100 0.0100 0.0100 0.0100 0.0100 0.0100 0.0100 0.0106 0.0100 0.0100 0.0100 0.0100 0.0100 0.0119 0.0100 0.0100 0.0100 0.0100 0.0127 0.0100 0.0100 0.0362 0.0101 0.0100 0.0100 0.0100 0.0108 0.0100 0.0100 0.0327 0.0188 0.0100 0.0100 0.0100 0.0100 0.0127 0.0100 0.0100 0.0285 0.0100 0.0241 0.0100 0.0100 0.0100 0.0100 0.0100 0.0100 0.0100 0.0100 0.0106 0.0100 0.0351 0.0408 0.0277 0.0100 0.0100 0.0110 0.0100 0.0315 0.0100 0.0242 0.0100 0.0100 0.0141 0.0100 0.0100 0.0100 0.0100 0.0100 0.0154 0.0166 0.0100 0.0100 0.0100 0.0100 0.0100 0.0200 0.0100 0.0353 0.0182 0.0599 0.0100 0.0377 0.0100 0.0100 0.0200 0.0134 0.0100 0.0123 0.0100 0.0127 0.0100 0.0206 0.0100 0.0100 0.0100 0.0100 0.0346 0.0828 0.0100 0.0200 0.0100 0.0300 0.0100 0.0100 0.0409 0.0112 0.0480 0.0894 0.0195 0.4566 0.0100 0.0396 0.0100 0.0100 0.0100 0.0100 0.0105 0.0100 0.0100 0.0100 0.0151 0.0117 0.0100 0.0100 0.0369 0.0429 0.0139 0.0100 0.0100 0.0100 0.0100 0.0100 0.0100 0.0322 0.0100 0.0360 0.0100 0.0156 0.0100 0.0237 0.0100 0.0100 0.0265 0.0165 0.0127 0.0147 0.0247 0.0100 0.0100 0.0156 0.0155
0.0291 0.0100 0.0139 0.0297 0.0100 0.0176 0.0387 0.0244 0.0100 0.0568 0.0100 0.0149 0.0100 0.0100 0.0100 0.0525 0.0203 0.0100 0.0502 0.0862 0.0100 0.0100 0.0175 0.0480 0.0100 0.0100 0.0366 0.0100 0.0100 0.0183 0.0385 0.0100 0.0622 0.0100 0.0656 0.0100 0.0363 0.0614 0.0457 0.0100 0.0100 0.1026 0.0100 0.0217 0.0217 0.0238 0.0100 0.0285 0.0100 0.0100 0.0100 0.0100 0.0100 0.0100 0.0235 0.0349 0.0100 0.0159 0.0302 0.0100 0.0100 0.0391 0.0266 0.0155 0.0134 0.0313 0.0416 0.0100 0.0276 0.1187 0.0331 0.0324 0.0100 0.0194 0.0353 0.0225 0.0100 0.1073 0.0619 0.0111 0.0166 0.0132 0.0182 0.0419 0.0100 0.0100 0.0937 0.0100 0.0792 0.0100 0.0200 0.0288 0.0198 0.0129 0.0100 0.0100 0.0152 0.0348 0.0190 0.1154 0.1341 0.0909 0.0100 0.0100 0.0362 0.0196 0.0807 0.0165 0.0794 0.0129 0.0237 0.0464 0.0100 0.0187 0.0100 0.0100 0.0100 0.0505 0.0544 0.0100 0.0165 0.0100 0.0100 0.0137 0.0512 0.0100 0.1158 0.0599 0.1966 0.0147 0.1237 0.0134 0.0320 0.0389 0.0441 0.0159 0.0404 0.0148 0.0417 0.0271 0.0447 0.0100 0.0266 0.0100 0.0100 0.1100 0.2720 0.0100 0.0337 0.0191 0.0464 0.0172 0.0100 0.1342 0.0369 0.1347 0.2935 0.0640 1.4991 0.0100 0.1260 0.0100 0.0143 0.0100 0.0195 0.0344 0.0129 0.0100 0.0100 0.0495 0.0385 0.0161 0.0100 0.1211 0.1409 0.0457 0.0116 0.0230 0.0147 0.0249 0.0100 0.0100 0.1058 0.0100 0.1182 0.0100 0.0513 0.0177 0.0681 0.0294 0.0327 0.0869 0.0542 0.0418 0.0483 0.0813 0.0320 0.0222 0.0512 0.0509
0.0100 0.0100 0.0100 0.0100 0.0100 0.0100 0.0124 0.0100 0.0100 0.0183 0.0100 0.0100 0.0100 0.0100 0.0100 0.0169 0.0100 0.0100 0.0162 0.0277 0.0100 0.0100 0.0100 0.0155 0.0100 0.0100 0.0118 0.0100 0.0100 0.0100 0.0124 0.0100 0.0200 0.0100 0.0211 0.0100 0.0117 0.0198 0.0147 0.0100 0.0100 0.0398 0.0100 0.0100 0.0100 0.0100 0.0100 0.0100 0.0100 0.0100 0.0100 0.0100 0.0100 0.0100 0.0100 0.0112 0.0100 0.0100 0.0100 0.0100 0.0100 0.0126 0.0100 0.0100 0.0100 0.0101 0.0134 0.0100 0.0100 0.0382 0.0107 0.0104 0.0100 0.0100 0.0114 0.0100 0.0100 0.0345 0.0199 0.0100 0.0100 0.0100 0.0100 0.0135 0.0100 0.0100 0.0301 0.0100 0.0255 0.0100 0.0100 0.0100 0.0100 0.0100 0.0100 0.0100 0.0100 0.0112 0.0100 0.0371 0.0432 0.0293 0.0100 0.0100 0.0117 0.0100 0.0328 0.0100 0.0255 0.0100 0.0100 0.0149 0.0100 0.0100 0.0100 0.0100 0.0100 0.0162 0.0175 0.0100 0.0100 0.0100 0.0100 0.0100 0.0200 0.0100 0.0373 0.0193 0.0633 0.0100 0.0398 0.0100 0.0103 0.0200 0.0142 0.0100 0.0130 0.0100 0.0134 0.0100 0.0212 0.0100 0.0100 0.0100 0.0100 0.0360 0.0875 0.0100 0.0200 0.0100 0.0300 0.0100 0.0100 0.0432 0.0119 0.0501 0.0944 0.0206 0.4823 0.0100 0.0413 0.0100 0.0100 0.0100 0.0100 0.0111 0.0100 0.0100 0.0100 0.0159 0.0124 0.0100 0.0100 0.0389 0.0453 0.0147 0.0100 0.0100 0.0100 0.0100 0.0100 0.0100 0.0340 0.0100 0.0380 0.0100 0.0165 0.0100 0.0245 0.0100 0.0105 0.0280 0.0174 0.0135 0.0155 0.0261 0.0103 0.0100 0.0165 0.0164
0.0231 0.0100 0.0111 0.0236 0.0100 0.0199 0.0308 0.0194 0.0100 0.0452 0.0100 0.0119 0.0100 0.0100 0.0100 0.0593 0.0161 0.0100 0.0399 0.0973 0.0100 0.0100 0.0197 0.0542 0.0100 0.0100 0.0291 0.0100 0.0100 0.0146 0.0434 0.0100 0.0495 0.0100 0.0741 0.0100 0.0288 0.0488 0.0363 0.0100 0.0100 0.0836 0.0100 0.0245 0.0245 0.0269 0.0100 0.0321 0.0111 0.0100 0.0100 0.0100 0.0100 0.0100 0.0491 0.0278 0.0100 0.0126 0.0341 0.0103 0.0112 0.0817 0.0211 0.0123 0.0107 0.0354 0.0469 0.0100 0.0577 0.0352 0.0263 0.0257 0.0100 0.0219 0.0738 0.0470 0.0100 0.0319 0.0184 0.0126 0.0188 0.0149 0.0206 0.0875 0.0100 0.0100 0.0278 0.0100 0.0235 0.0100 0.0226 0.0325 0.0223 0.0146 0.0100 0.0100 0.0318 0.0727 0.0397 0.0343 0.0398 0.0270 0.0100 0.0100 0.0409 0.0410 0.1577 0.0344 0.0236 0.0100 0.0495 0.0524 0.0100 0.0390 0.0100 0.0100 0.0100 0.0150 0.0162 0.0100 0.0345 0.0100 0.0100 0.0285 0.1070 0.0100 0.2419 0.0178 0.0584 0.0100 0.0367 0.0280 0.0668 0.0813 0.0921 0.0332 0.0844 0.0309 0.0124 0.0566 0.0825 0.0100 0.0100 0.0100 0.0100 0.0340 0.0807 0.0194 0.0594 0.0399 0.0751 0.0359 0.0100 0.0398 0.0109 0.0470 0.0871 0.0190 1.2864 0.0100 0.1600 0.0100 0.0299 0.0186 0.0408 0.0719 0.0270 0.0100 0.0100 0.0510 0.0396 0.0336 0.0100 0.0359 0.0418 0.0471 0.0119 0.0237 0.0308 0.0521 0.0100 0.0100 0.0314 0.0100 0.0351 0.0100 0.0528 0.0182 0.1422 0.0614 0.0100 0.0258 0.0161 0.0124 0.0143 0.0241 0.0329 0.0228 0.0526 0.0151
0.0118 0.0100 0.0100 0.0120 0.0100 0.0101 0.0157 0.0100 0.0100 0.0230 0.0100 0.0100 0.0100 0.0100 0.0100 0.0302 0.0100 0.0100 0.0203 0.0495 0.0100 0.0100 0.0100 0.0276 0.0100 0.0100 0.0148 0.0100 0.0100 0.0100 0.0221 0.0100 0.0252 0.0100 0.0377 0.0100 0.0147 0.0249 0.0185 0.0100 0.0100 0.0475 0.0100 0.0125 0.0125 0.0137 0.0100 0.0164 0.0100 0.0100 0.0100 0.0100 0.0100 0.0100 0.0250 0.0141 0.0100 0.0100 0.0174 0.0100 0.0100 0.0416 0.0107 0.0100 0.0100 0.0180 0.0239 0.0100 0.0294 0.0179 0.0134 0.0131 0.0100 0.0112 0.0376 0.0239 0.0100 0.0162 0.0100 0.0100 0.0100 0.0100 0.0105 0.0445 0.0100 0.0100 0.0142 0.0100 0.0120 0.0100 0.0115 0.0165 0.0114 0.0100 0.0100 0.0100 0.0162 0.0370 0.0202 0.0174 0.0203 0.0137 0.0100 0.0100 0.0208 0.0209 0.0852 0.0175 0.0120 0.0100 0.0252 0.0267 0.0100 0.0199 0.0100 0.0100 0.0100 0.0100 0.0100 0.0100 0.0175 0.0100 0.0100 0.0145 0.0544 0.0100 0.1231 0.0100 0.0297 0.0100 0.0187 0.0142 0.0340 0.0414 0.0469 0.0169 0.0429 0.0157 0.0100 0.0288 0.0469 0.0100 0.0100 0.0100 0.0100 0.0222 0.0411 0.0100 0.0352 0.0203 0.0480 0.0182 0.0100 0.0203 0.0100 0.0288 0.0444 0.0100 0.6548 0.0100 0.0814 0.0100 0.0152 0.0100 0.0208 0.0366 0.0138 0.0100 0.0100 0.0260 0.0202 0.0171 0.0100 0.0183 0.0213 0.0239 0.0100 0.0120 0.0157 0.0265 0.0100 0.0100 0.0160 0.0100 0.0179 0.0100 0.0269 0.0100 0.0724 0.0313 0.0100 0.0131 0.0100 0.0100 0.0100 0.0123 0.0168 0.0116 0.0268 0.0100
0.0257 0.0100 0.0123 0.0262 0.0100 0.0428 0.0342 0.0216 0.0100 0.0502 0.0100 0.0132 0.0100 0.0100 0.0100 0.1278 0.0180 0.0100 0.0444 0.2097 0.0100 0.0100 0.0426 0.1169 0.0100 0.0100 0.0324 0.0100 0.0100 0.0162 0.0936 0.0100 0.0550 0.0100 0.1597 0.0100 0.0321 0.0543 0.0403 0.0100 0.0100 0.0918 0.0100 0.0528 0.0528 0.0580 0.0100 0.0693 0.0238 0.0100 0.0100 0.0100 0.0100 0.0100 0.0203 0.0309 0.0100 0.0140 0.0735 0.0222 0.0243 0.0337 0.0235 0.0137 0.0119 0.0762 0.1011 0.0100 0.0238 0.0251 0.0293 0.0286 0.0100 0.0473 0.0305 0.0194 0.0100 0.0227 0.0131 0.0271 0.0405 0.0320 0.0444 0.0361 0.0100 0.0100 0.0198 0.0100 0.0168 0.0100 0.0488 0.0700 0.0482 0.0314 0.0100 0.0100 0.0131 0.0300 0.0164 0.0244 0.0284 0.0193 0.0100 0.0100 0.0881 0.0169 0.0710 0.0142 0.0168 0.0100 0.0204 0.1130 0.0100 0.0161 0.0100 0.0100 0.0100 0.0107 0.0115 0.0100 0.0142 0.0100 0.0100 0.0118 0.0442 0.0100 0.0999 0.0127 0.0416 0.0100 0.0262 0.0115 0.0276 0.0336 0.0380 0.0137 0.0348 0.0128 0.0100 0.0234 0.0399 0.0100 0.0100 0.0100 0.0100 0.0271 0.0576 0.0100 0.0304 0.0165 0.0427 0.0148 0.0100 0.0284 0.0100 0.0364 0.0622 0.0136 0.4350 0.0100 0.0580 0.0100 0.0124 0.0100 0.0168 0.0297 0.0112 0.0100 0.0100 0.0169 0.0132 0.0139 0.0100 0.0256 0.0298 0.0157 0.0100 0.0100 0.0127 0.0215 0.0100 0.0100 0.0224 0.0100 0.0250 0.0100 0.0176 0.0100 0.0587 0.0254 0.0100 0.0184 0.0115 0.0100 0.0102 0.0172 0.0109 0.0100 0.0175 0.0108
0.0106 0.0100 0.0100 0.0109 0.0100 0.0100 0.0142 0.0100 0.0100 0.0208 0.0100 0.0100 0.0100 0.0100 0.0100 0.0273 0.0100 0.0100 0.0184 0.0448 0.0100 0.0100 0.0100 0.0250 0.0100 0.0100 0.0134 0.0100 0.0100 0.0100 0.0200 0.0100 0.0228 0.0100 0.0341 0.0100 0.0133 0.0225 0.0167 0.0100 0.0100 0.0439 0.0100 0.0113 0.0113 0.0124 0.0100 0.0148 0.0100 0.0100 0.0100 0.0100 0.0100 0.0100 0.0226 0.0128 0.0100 0.0100 0.0157 0.0100 0.0100 0.0377 0.0100 0.0100 0.0100 0.0163 0.0216 0.0100 0.0266 0.0162 0.0121 0.0119 0.0100 0.0101 0.0340 0.0216 0.0100 0.0147 0.0100 0.0100 0.0100 0.0100 0.0100 0.0403 0.0100 0.0100 0.0128 0.0100 0.0108 0.0100 0.0104 0.0150 0.0103 0.0100 0.0100 0.0100 0.0147 0.0335 0.0183 0.0158 0.0183 0.0124 0.0100 0.0100 0.0188 0.0189 0.0780 0.0158 0.0109 0.0100 0.0228 0.0242 0.0100 0.0180 0.0100 0.0100 0.0100 0.0100 0.0100 0.0100 0.0159 0.0100 0.0100 0.0131 0.0493 0.0100 0.1115 0.0100 0.0269 0.0100 0.0169 0.0129 0.0308 0.0375 0.0424 0.0153 0.0389 0.0143 0.0100 0.0261 0.0434 0.0100 0.0100 0.0100 0.0100 0.0210 0.0372 0.0100 0.0328 0.0184 0.0454 0.0165 0.0100 0.0184 0.0100 0.0271 0.0401 0.0100 0.5928 0.0100 0.0737 0.0100 0.0138 0.0100 0.0188 0.0331 0.0125 0.0100 0.0100 0.0235 0.0183 0.0155 0.0100 0.0166 0.0193 0.0217 0.0100 0.0109 0.0142 0.0240 0.0100 0.0100 0.0145 0.0100 0.0162 0.0100 0.0243 0.0100 0.0655 0.0283 0.0100 0.0119 0.0100 0.0100 0.0100 0.0111 0.0152 0.0105 0.0243 0.0100
0.0645 0.0200 0.0342 0.0658 0.0200 0.0554 0.0859 0.0541 0.0200 0.1262 0.0200 0.0360 0.0200 0.0200 0.0200 0.1656 0.0453 0.0200 0.1115 0.2716 0.0200 0.0200 0.0551 0.1514 0.0200 0.0200 0.0813 0.0200 0.0200 0.0418 0.1212 0.0200 0.1382 0.0200 0.2069 0.0200 0.0805 0.1363 0.1013 0.0200 0.0238 0.2255 0.0200 0.0684 0.0684 0.0751 0.0200 0.0897 0.0342 0.0200 0.0200 0.0200 0.0200 0.0200 0.1370 0.0775 0.0200 0.0376 0.0952 0.0326 0.0346 0.2281 0.0590 0.0370 0.0334 0.0987 0.1310 0.0247 0.1611 0.0984 0.0735 0.0719 0.0200 0.0613 0.2061 0.1311 0.0200 0.0889 0.0513 0.0374 0.0524 0.0425 0.0575 0.2442 0.0200 0.0200 0.0777 0.0200 0.0656 0.0200 0.0631 0.0907 0.0624 0.0419 0.0200 0.0200 0.0888 0.2031 0.1108 0.0956 0.1111 0.0754 0.0200 0.0200 0.1141 0.1144 0.4323 0.0960 0.0658 0.0200 0.1382 0.1463 0.0200 0.1089 0.0200 0.0200 0.0295 0.0428 0.0453 0.0200 0.0963 0.0200 0.0200 0.0796 0.2987 0.0200 0.6753 0.0496 0.1629 0.0200 0.1026 0.0781 0.1864 0.2270 0.2571 0.0927 0.2355 0.0863 0.0370 0.1581 0.2224 0.0224 0.0273 0.0200 0.0200 0.0959 0.2254 0.0542 0.1580 0.1114 0.1938 0.1001 0.0257 0.1112 0.0339 0.1234 0.2433 0.0531 3.5913 0.0200 0.4467 0.0200 0.0836 0.0518 0.1139 0.2007 0.0755 0.0200 0.0200 0.1423 0.1106 0.0940 0.0200 0.1003 0.1167 0.1314 0.0360 0.0660 0.0860 0.1454 0.0200 0.0200 0.0877 0.0200 0.0980 0.0200 0.1474 0.0508 0.3970 0.1715 0.0312 0.0720 0.0452 0.0371 0.0413 0.0673 0.0919 0.0638 0.1470 0.0430
0.0100 0.0100 0.0100 0.0100 0.0100 0.0100 0.0100 0.0100 0.0100 0.0100 0.0100 0.0100 0.0100 0.0100 0.0100 0.0100 0.0100 0.0100 0.0100 0.0100 0.0100 0.0100 0.0100 0.0100 0.0100 0.0100 0.0100 0.0100 0.0100 0.0100 0.0100 0.0100 0.0100 0.0100 0.0100 0.0100 0.0100 0.0100 0.0100 0.0100 0.0100 0.0200 0.0100 0.0100 0.0100 0.0100 0.0100 0.0100 0.0100 0.0100 0.0100 0.0100 0.0100 0.0100 0.0100 0.0100 0.0100 0.0100 0.0100 0.0100 0.0100 0.0100 0.0100 0.0100 0.0100 0.0100 0.0100 0.0100 0.0100 0.0100 0.0100 0.0100 0.0100 0.0100 0.0100 0.0100 0.0100 0.0100 0.0100 0.0100 0.0100 0.0100 0.0100 0.0100 0.0100 0.0100 0.0100 0.0100 0.0100 0.0100 0.0100 0.0100 0.0100 0.0100 0.0100 0.0100 0.0100 0.0100 0.0100 0.0100 0.0100 0.0100 0.0100 0.0100 0.0100 0.0100 0.0200 0.0100 0.0100 0.0100 0.0100 0.0100 0.0100 0.0100 0.0100 0.0100 0.0100 0.0100 0.0100 0.0100 0.0100 0.0100 0.0100 0.0100 0.0200 0.0100 0.0100 0.0100 0.0100 0.0100 0.0100 0.0100 0.0100 0.0200 0.0100 0.0100 0.0100 0.0100 0.0100 0.0100 0.0200 0.0100 0.0100 0.0100 0.0100 0.0200 0.0100 0.0100 0.0200 0.0100 0.0300 0.0100 0.0100 0.0100 0.0100 0.0200 0.0100 0.0100 0.0100 0.0100 0.0200 0.0100 0.0100 0.0100 0.0100 0.0100 0.0100 0.0100 0.0100 0.0100 0.0100 0.0100 0.0100 0.0100 0.0100 0.0100 0.0100 0.0100 0.0100 0.0100 0.0100 0.0100 0.0100 0.0100 0.0100 0.0100 0.0100 0.0100 0.0200 0.0100 0.0100 0.0100 0.0100 0.0100 0.0100 0.0100 0.0100 0.0100 0.0100 0.0100
0.1067 0.0100 0.0511 0.1089 0.0100 0.0917 0.1421 0.0895 0.0100 0.2086 0.0100 0.0549 0.0100 0.0100 0.0100 0.2738 0.0745 0.0106 0.1843 0.4491 0.0100 0.0100 0.0911 0.2503 0.0100 0.0100 0.1344 0.0100 0.0100 0.0672 0.2005 0.0100 0.2285 0.0100 0.3421 0.0100 0.1331 0.2254 0.1675 0.0100 0.0293 0.3499 0.0100 0.1131 0.1131 0.1243 0.0100 0.1484 0.0511 0.0100 0.0100 0.0100 0.0100 0.0100 0.2265 0.1283 0.0100 0.0582 0.1575 0.0477 0.0519 0.3772 0.0975 0.0570 0.0493 0.1633 0.2166 0.0310 0.2665 0.1627 0.1216 0.1189 0.0143 0.1013 0.3408 0.2168 0.0100 0.1471 0.0849 0.0580 0.0867 0.0686 0.0950 0.4038 0.0100 0.0100 0.1284 0.0100 0.1086 0.0100 0.1044 0.1500 0.1032 0.0673 0.0100 0.0100 0.1469 0.3358 0.1832 0.1581 0.1838 0.1246 0.0100 0.0100 0.1887 0.1891 0.6918 0.1588 0.1088 0.0177 0.2285 0.2419 0.0100 0.1801 0.0100 0.0100 0.0412 0.0692 0.0746 0.0100 0.1592 0.0102 0.0100 0.1317 0.4939 0.0100 1.1168 0.0821 0.2695 0.0202 0.1696 0.1292 0.3082 0.3754 0.4251 0.1533 0.3895 0.1428 0.0571 0.2615 0.3446 0.0262 0.0365 0.0100 0.0109 0.1508 0.3727 0.0896 0.2382 0.1843 0.2767 0.1656 0.0333 0.1840 0.0506 0.1809 0.4023 0.0878 5.9386 0.0100 0.7387 0.0100 0.1382 0.0857 0.1884 0.3319 0.1249 0.0100 0.0103 0.2354 0.1830 0.1554 0.0100 0.1659 0.1930 0.2173 0.0550 0.1092 0.1423 0.2404 0.0100 0.0100 0.1451 0.0100 0.1620 0.0100 0.2438 0.0840 0.6566 0.2837 0.0448 0.1191 0.0743 0.0573 0.0662 0.1114 0.1520 0.1055 0.2430 0.0698
0.0273 0.0100 0.0131 0.0279 0.0100 0.0165 0.0364 0.0229 0.0100 0.0534 0.0100 0.0140 0.0100 0.0100 0.0100 0.0494 0.0191 0.0100 0.0472 0.0810 0.0100 0.0100 0.0164 0.0451 0.0100 0.0100 0.0344 0.0100 0.0100 0.0172 0.0362 0.0100 0.0585 0.0100 0.0617 0.0100 0.0341 0.0577 0.0429 0.0100 0.0100 0.0970 0.0100 0.0204 0.0204 0.0224 0.0100 0.0268 0.0100 0.0100 0.0100 0.0100 0.0100 0.0100 0.0221 0.0328 0.0100 0.0149 0.0284 0.0100 0.0100 0.0368 0.0250 0.0146 0.0126 0.0294 0.0391 0.0100 0.0260 0.1115 0.0311 0.0304 0.0100 0.0183 0.0332 0.0211 0.0100 0.1009 0.0582 0.0104 0.0156 0.0124 0.0171 0.0394 0.0100 0.0100 0.0881 0.0100 0.0744 0.0100 0.0188 0.0271 0.0186 0.0121 0.0100 0.0100 0.0143 0.0327 0.0179 0.1084 0.1260 0.0855 0.0100 0.0100 0.0340 0.0184 0.0765 0.0155 0.0746 0.0121 0.0223 0.0436 0.0100 0.0175 0.0100 0.0100 0.0100 0.0474 0.0512 0.0100 0.0155 0.0100 0.0100 0.0128 0.0481 0.0100 0.1088 0.0563 0.1848 0.0138 0.1163 0.0126 0.0300 0.0366 0.0414 0.0149 0.0380 0.0139 0.0392 0.0255 0.0426 0.0100 0.0250 0.0100 0.0100 0.1034 0.2556 0.0100 0.0322 0.0180 0.0448 0.0161 0.0100 0.1262 0.0347 0.1272 0.2759 0.0602 1.4088 0.0100 0.1184 0.0100 0.0135 0.0100 0.0184 0.0323 0.0122 0.0100 0.0100 0.0466 0.0362 0.0151 0.0100 0.1138 0.1324 0.0430 0.0109 0.0216 0.0139 0.0234 0.0100 0.0100 0.0995 0.0100 0.1111 0.0100 0.0482 0.0166 0.0640 0.0276 0.0307 0.0817 0.0510 0.0393 0.0454 0.0764 0.0301 0.0209 0.0481 0.0478
0.2412 0.0100 0.1155 0.2462 0.0100 0.1460 0.3213 0.2024 0.0100 0.4717 0.0100 0.1241 0.0100 0.0100 0.0100 0.4361 0.1686 0.0169 0.4168 0.7151 0.0100 0.0100 0.1452 0.3986 0.0100 0.0100 0.3038 0.0100 0.0100 0.1520 0.3193 0.0100 0.5166 0.0100 0.5447 0.0100 0.3010 0.5097 0.3788 0.0100 0.0662 0.7784 0.0100 0.1801 0.1801 0.1979 0.0100 0.2364 0.0813 0.0100 0.0100 0.0100 0.0100 0.0100 0.1950 0.2900 0.0100 0.1316 0.2507 0.0759 0.0827 0.3247 0.2206 0.1289 0.1116 0.2600 0.3449 0.0267 0.2293 0.9851 0.2750 0.2688 0.0228 0.1614 0.2933 0.1866 0.0100 0.8906 0.5138 0.0923 0.1381 0.1092 0.1513 0.3475 0.0100 0.0100 0.7776 0.0100 0.6573 0.0100 0.1663 0.2389 0.1644 0.1072 0.0100 0.0102 0.1265 0.2890 0.1577 0.9574 1.1130 0.7547 0.0100 0.0100 0.3005 0.1628 0.5968 0.1366 0.6590 0.1071 0.1966 0.3853 0.0100 0.1550 0.0100 0.0100 0.0354 0.4190 0.4519 0.0195 0.1370 0.0100 0.0151 0.1134 0.4251 0.0100 0.9611 0.4969 1.6315 0.1220 1.0269 0.1112 0.2652 0.3231 0.3659 0.1320 0.3352 0.1229 0.3459 0.2250 0.2980 0.0225 0.2208 0.0100 0.0658 0.9131 2.2569 0.0771 0.2064 0.1586 0.2395 0.1425 0.0286 1.1139 0.3062 1.0449 2.4359 0.5314 12.4402 0.0100 1.0455 0.0100 0.1190 0.0737 0.1621 0.2856 0.1075 0.0100 0.0624 0.4112 0.3196 0.1337 0.0100 1.0047 1.1689 0.3796 0.0960 0.1908 0.1225 0.2069 0.0100 0.0100 0.8783 0.0100 0.9809 0.0100 0.4260 0.1467 0.5651 0.2441 0.2711 0.7212 0.4500 0.3471 0.4006 0.6742 0.2656 0.1843 0.4246 0.4224
0.0257 0.0100 0.0123 0.0262 0.0100 0.0155 0.0342 0.0216 0.0100 0.0502 0.0100 0.0132 0.0100 0.0100 0.0100 0.0464 0.0180 0.0100 0.0444 0.0762 0.0100 0.0100 0.0155 0.0425 0.0100 0.0100 0.0324 0.0100 0.0100 0.0162 0.0340 0.0100 0.0550 0.0100 0.0580 0.0100 0.0321 0.0543 0.0403 0.0100 0.0100 0.0919 0.0100 0.0192 0.0192 0.0211 0.0100 0.0252 0.0100 0.0100 0.0100 0.0100 0.0100 0.0100 0.0208 0.0309 0.0100 0.0140 0.0267 0.0100 0.0100 0.0346 0.0235 0.0137 0.0119 0.0277 0.0367 0.0100 0.0244 0.1049 0.0293 0.0286 0.0100 0.0172 0.0312 0.0199 0.0100 0.0949 0.0547 0.0100 0.0147 0.0116 0.0161 0.0370 0.0100 0.0100 0.0828 0.0100 0.0700 0.0100 0.0177 0.0254 0.0175 0.0114 0.0100 0.0100 0.0135 0.0308 0.0168 0.1020 0.1186 0.0804 0.0100 0.0100 0.0320 0.0173 0.0725 0.0146 0.0702 0.0114 0.0209 0.0410 0.0100 0.0165 0.0100 0.0100 0.0100 0.0446 0.0481 0.0100 0.0146 0.0100 0.0100 0.0121 0.0453 0.0100 0.1024 0.0529 0.1738 0.0130 0.1094 0.0118 0.0283 0.0344 0.0390 0.0140 0.0357 0.0131 0.0368 0.0240 0.0407 0.0100 0.0235 0.0100 0.0100 0.0973 0.2404 0.0100 0.0309 0.0169 0.0433 0.0152 0.0100 0.1187 0.0326 0.1202 0.2595 0.0566 1.3251 0.0100 0.1114 0.0100 0.0127 0.0100 0.0173 0.0304 0.0114 0.0100 0.0100 0.0438 0.0340 0.0142 0.0100 0.1070 0.1245 0.0404 0.0102 0.0203 0.0130 0.0220 0.0100 0.0100 0.0935 0.0100 0.1045 0.0100 0.0454 0.0156 0.0602 0.0260 0.0289 0.0768 0.0479 0.0370 0.0427 0.0718 0.0283 0.0196 0.0452 0.0450
0.1237 0.0100 0.0592 0.1263 0.0100 0.0749 0.1648 0.1038 0.0100 0.2419 0.0100 0.0636 0.0100 0.0100 0.0100 0.2236 0.0864 0.0100 0.2137 0.3668 0.0100 0.0100 0.0744 0.2044 0.0100 0.0100 0.1558 0.0100 0.0100 0.0780 0.1637 0.0100 0.2649 0.0100 0.2794 0.0100 0.1544 0.2614 0.1943 0.0100 0.0339 0.4041 0.0100 0.0924 0.0924 0.1015 0.0100 0.1212 0.0417 0.0100 0.0100 0.0100 0.0100 0.0100 0.1000 0.1487 0.0100 0.0675 0.1286 0.0389 0.0424 0.1665 0.1131 0.0661 0.0572 0.1333 0.1769 0.0137 0.1176 0.5052 0.1410 0.1379 0.0117 0.0828 0.1504 0.0957 0.0100 0.4567 0.2635 0.0473 0.0708 0.0560 0.0776 0.1782 0.0100 0.0100 0.3988 0.0100 0.3371 0.0100 0.0853 0.1225 0.0843 0.0550 0.0100 0.0100 0.0649 0.1482 0.0809 0.4910 0.5708 0.3871 0.0100 0.0100 0.1541 0.0835 0.3109 0.0701 0.3380 0.0549 0.1008 0.1976 0.0100 0.0795 0.0100 0.0100 0.0182 0.2149 0.2317 0.0100 0.0703 0.0100 0.0100 0.0581 0.2180 0.0100 0.4929 0.2548 0.8367 0.0626 0.5267 0.0570 0.1360 0.1657 0.1877 0.0677 0.1719 0.0630 0.1774 0.1154 0.1577 0.0115 0.1132 0.0100 0.0337 0.4683 1.1575 0.0396 0.1107 0.0813 0.1323 0.0731 0.0147 0.5713 0.1570 0.5407 1.2493 0.2725 6.3800 0.0100 0.5362 0.0100 0.0610 0.0378 0.0831 0.1465 0.0551 0.0100 0.0320 0.2109 0.1639 0.0686 0.0100 0.5152 0.5995 0.1947 0.0492 0.0979 0.0628 0.1061 0.0100 0.0100 0.4504 0.0100 0.5031 0.0100 0.2185 0.0752 0.2898 0.1252 0.1391 0.3699 0.2308 0.1780 0.2055 0.3458 0.1362 0.0945 0.2178 0.2166
0.0510 0.0100 0.0244 0.0521 0.0100 0.0439 0.0680 0.0428 0.0100 0.0998 0.0100 0.0263 0.0100 0.0100 0.0100 0.1310 0.0357 0.0100 0.0882 0.2149 0.0100 0.0100 0.0436 0.1198 0.0100 0.0100 0.0643 0.0100 0.0100 0.0322 0.0959 0.0100 0.1094 0.0100 0.1637 0.0100 0.0637 0.1079 0.0802 0.0100 0.0140 0.1726 0.0100 0.0541 0.0541 0.0595 0.0100 0.0710 0.0244 0.0100 0.0100 0.0100 0.0100 0.0100 0.1084 0.0614 0.0100 0.0279 0.0754 0.0228 0.0249 0.1805 0.0467 0.0273 0.0236 0.0781 0.1037 0.0148 0.1275 0.0779 0.0582 0.0569 0.0100 0.0485 0.1631 0.1038 0.0100 0.0704 0.0406 0.0277 0.0415 0.0328 0.0455 0.1933 0.0100 0.0100 0.0615 0.0100 0.0520 0.0100 0.0500 0.0718 0.0494 0.0322 0.0100 0.0100 0.0703 0.1607 0.0877 0.0757 0.0880 0.0597 0.0100 0.0100 0.0903 0.0905 0.3363 0.0760 0.0521 0.0100 0.1094 0.1158 0.0100 0.0862 0.0100 0.0100 0.0197 0.0331 0.0357 0.0100 0.0762 0.0100 0.0100 0.0630 0.2364 0.0100 0.5345 0.0393 0.1290 0.0100 0.0812 0.0618 0.1475 0.1797 0.2035 0.0734 0.1864 0.0683 0.0273 0.1251 0.1701 0.0125 0.0175 0.0100 0.0100 0.0722 0.1784 0.0429 0.1192 0.0882 0.1417 0.0792 0.0159 0.0880 0.0242 0.0918 0.1925 0.0420 2.8421 0.0100 0.3535 0.0100 0.0662 0.0410 0.0901 0.1588 0.0598 0.0100 0.0100 0.1126 0.0876 0.0744 0.0100 0.0794 0.0924 0.1040 0.0263 0.0523 0.0681 0.1151 0.0100 0.0100 0.0694 0.0100 0.0775 0.0100 0.1167 0.0402 0.3142 0.1358 0.0214 0.0570 0.0356 0.0274 0.0317 0.0533 0.0727 0.0505 0.1163 0.0334
0.0444 0.0100 0.0213 0.0453 0.0100 0.0381 0.0591 0.0372 0.0100 0.0868 0.0100 0.0228 0.0100 0.0100 0.0100 0.1139 0.0310 0.0100 0.0767 0.1868 0.0100 0.0100 0.0379 0.1041 0.0100 0.0100 0.0559 0.0100 0.0100 0.0280 0.0834 0.0100 0.0950 0.0100 0.1423 0.0100 0.0554 0.0938 0.0697 0.0100 0.0122 0.1514 0.0100 0.0471 0.0470 0.0517 0.0100 0.0617 0.0212 0.0100 0.0100 0.0100 0.0100 0.0100 0.0942 0.0534 0.0100 0.0242 0.0655 0.0198 0.0216 0.1569 0.0406 0.0237 0.0205 0.0679 0.0901 0.0129 0.1108 0.0677 0.0506 0.0495 0.0100 0.0421 0.1418 0.0902 0.0100 0.0612 0.0353 0.0241 0.0361 0.0285 0.0395 0.1680 0.0100 0.0100 0.0534 0.0100 0.0452 0.0100 0.0434 0.0624 0.0429 0.0280 0.0100 0.0100 0.0611 0.1397 0.0762 0.0658 0.0765 0.0519 0.0100 0.0100 0.0785 0.0787 0.2936 0.0660 0.0453 0.0100 0.0950 0.1007 0.0100 0.0749 0.0100 0.0100 0.0171 0.0288 0.0310 0.0100 0.0662 0.0100 0.0100 0.0548 0.2054 0.0100 0.4646 0.0341 0.1121 0.0100 0.0706 0.0537 0.1282 0.1562 0.1769 0.0638 0.1620 0.0594 0.0238 0.1088 0.1492 0.0109 0.0152 0.0100 0.0100 0.0627 0.1551 0.0373 0.1050 0.0767 0.1258 0.0689 0.0138 0.0765 0.0210 0.0811 0.1674 0.0365 2.4705 0.0100 0.3073 0.0100 0.0575 0.0357 0.0784 0.1381 0.0519 0.0100 0.0100 0.0979 0.0761 0.0646 0.0100 0.0690 0.0803 0.0904 0.0229 0.0454 0.0592 0.1000 0.0100 0.0100 0.0603 0.0100 0.0674 0.0100 0.1014 0.0349 0.2731 0.1180 0.0186 0.0495 0.0309 0.0238 0.0275 0.0463 0.0632 0.0439 0.1011 0.0290
0.0583 0.0200 0.0279 0.0595 0.0200 0.0501 0.0777 0.0489 0.0200 0.1140 0.0200 0.0300 0.0200 0.0200 0.0200 0.1497 0.0407 0.0200 0.1008 0.2455 0.0200 0.0200 0.0498 0.1368 0.0200 0.0200 0.0735 0.0200 0.0200 0.0367 0.1096 0.0200 0.1249 0.0200 0.1870 0.0200 0.0728 0.1232 0.0916 0.0200 0.0200 0.2058 0.0200 0.0618 0.0618 0.0679 0.0200 0.0811 0.0279 0.0200 0.0200 0.0200 0.0200 0.0200 0.1238 0.0701 0.0200 0.0318 0.0861 0.0260 0.0284 0.2062 0.0533 0.0312 0.0270 0.0892 0.1184 0.0200 0.1457 0.0889 0.0665 0.0650 0.0200 0.0554 0.1863 0.1185 0.0200 0.0804 0.0464 0.0317 0.0474 0.0375 0.0519 0.2207 0.0200 0.0200 0.0702 0.0200 0.0593 0.0200 0.0571 0.0820 0.0564 0.0368 0.0200 0.0200 0.0803 0.1836 0.1002 0.0864 0.1005 0.0681 0.0200 0.0200 0.1032 0.1034 0.3927 0.0868 0.0595 0.0200 0.1249 0.1323 0.0200 0.0985 0.0200 0.0200 0.0230 0.0378 0.0408 0.0200 0.0870 0.0200 0.0200 0.0720 0.2700 0.0200 0.6105 0.0449 0.1473 0.0200 0.0927 0.0706 0.1685 0.2052 0.2324 0.0838 0.2129 0.0780 0.0312 0.1429 0.2029 0.0200 0.0215 0.0200 0.0200 0.0831 0.2038 0.0490 0.1448 0.1007 0.1790 0.0905 0.0205 0.1006 0.0276 0.1134 0.2199 0.0480 3.2465 0.0200 0.4038 0.0200 0.0756 0.0468 0.1030 0.1814 0.0683 0.0200 0.0200 0.1286 0.1000 0.0849 0.0200 0.0907 0.1055 0.1188 0.0300 0.0597 0.0778 0.1314 0.0200 0.0200 0.0793 0.0200 0.0886 0.0200 0.1333 0.0459 0.3589 0.1551 0.0245 0.0651 0.0406 0.0313 0.0362 0.0609 0.0831 0.0577 0.1329 0.0381
0.0600 0.0100 0.0288 0.0613 0.0100 0.0516 0.0800 0.0504 0.0100 0.1174 0.0100 0.0309 0.0100 0.0100 0.0100 0.1542 0.0420 0.0100 0.1038 0.2528 0.0100 0.0100 0.0513 0.1409 0.0100 0.0100 0.0756 0.0100 0.0100 0.0378 0.1129 0.0100 0.1286 0.0100 0.1926 0.0100 0.0749 0.1269 0.0943 0.0100 0.0165 0.2013 0.0100 0.0637 0.0637 0.0699 0.0100 0.0835 0.0287 0.0100 0.0100 0.0100 0.0100 0.0100 0.1275 0.0722 0.0100 0.0328 0.0886 0.0268 0.0292 0.2124 0.0549 0.0321 0.0278 0.0919 0.1219 0.0174 0.1500 0.0916 0.0685 0.0669 0.0100 0.0570 0.1919 0.1221 0.0100 0.0828 0.0478 0.0326 0.0488 0.0386 0.0535 0.2273 0.0100 0.0100 0.0723 0.0100 0.0611 0.0100 0.0588 0.0844 0.0581 0.0379 0.0100 0.0100 0.0827 0.1890 0.1031 0.0890 0.1035 0.0702 0.0100 0.0100 0.1062 0.1065 0.3938 0.0894 0.0613 0.0100 0.1286 0.1362 0.0100 0.1014 0.0100 0.0100 0.0232 0.0390 0.0420 0.0100 0.0896 0.0100 0.0100 0.0741 0.2780 0.0100 0.6287 0.0462 0.1517 0.0113 0.0955 0.0727 0.1735 0.2113 0.2393 0.0863 0.2193 0.0804 0.0322 0.1472 0.1984 0.0147 0.0205 0.0100 0.0100 0.0849 0.2098 0.0504 0.1385 0.1037 0.1632 0.0932 0.0187 0.1036 0.0285 0.1062 0.2265 0.0494 3.3432 0.0100 0.4158 0.0100 0.0778 0.0482 0.1060 0.1868 0.0703 0.0100 0.0100 0.1325 0.1030 0.0875 0.0100 0.0934 0.1087 0.1223 0.0309 0.0615 0.0801 0.1354 0.0100 0.0100 0.0817 0.0100 0.0912 0.0100 0.1373 0.0473 0.3696 0.1597 0.0252 0.0670 0.0418 0.0323 0.0372 0.0627 0.0856 0.0594 0.1368 0.0393
0.0220 0.0100 0.0105 0.0224 0.0100 0.0189 0.0293 0.0184 0.0100 0.0430 0.0100 0.0113 0.0100 0.0100 0.0100 0.0564 0.0154 0.0100 0.0380 0.0925 0.0100 0.0100 0.0188 0.0515 0.0100 0.0100 0.0277 0.0100 0.0100 0.0138 0.0413 0.0100 0.0471 0.0100 0.0705 0.0100 0.0274 0.0464 0.0345 0.0100 0.0100 0.0800 0.0100 0.0233 0.0233 0.0256 0.0100 0.0306 0.0105 0.0100 0.0100 0.0100 0.0100 0.0100 0.0467 0.0264 0.0100 0.0120 0.0324 0.0100 0.0107 0.0777 0.0201 0.0117 0.0102 0.0336 0.0446 0.0100 0.0549 0.0335 0.0250 0.0245 0.0100 0.0209 0.0702 0.0447 0.0100 0.0303 0.0175 0.0119 0.0179 0.0141 0.0196 0.0832 0.0100 0.0100 0.0265 0.0100 0.0224 0.0100 0.0215 0.0309 0.0213 0.0139 0.0100 0.0100 0.0303 0.0692 0.0377 0.0326 0.0379 0.0257 0.0100 0.0100 0.0389 0.0389 0.1504 0.0327 0.0224 0.0100 0.0471 0.0498 0.0100 0.0371 0.0100 0.0100 0.0100 0.0143 0.0154 0.0100 0.0328 0.0100 0.0100 0.0271 0.1017 0.0100 0.2300 0.0169 0.0555 0.0100 0.0349 0.0266 0.0635 0.0773 0.0876 0.0316 0.0802 0.0294 0.0118 0.0539 0.0789 0.0100 0.0100 0.0100 0.0100 0.0328 0.0768 0.0185 0.0570 0.0380 0.0724 0.0341 0.0100 0.0379 0.0104 0.0452 0.0829 0.0181 1.2232 0.0100 0.1521 0.0100 0.0285 0.0176 0.0388 0.0684 0.0257 0.0100 0.0100 0.0485 0.0377 0.0320 0.0100 0.0342 0.0398 0.0447 0.0113 0.0225 0.0293 0.0495 0.0100 0.0100 0.0299 0.0100 0.0334 0.0100 0.0502 0.0173 0.1352 0.0584 0.0100 0.0245 0.0153 0.0118 0.0136 0.0229 0.0313 0.0217 0.0501 0.0144
0.0919 0.0100 0.0440 0.0938 0.0100 0.0790 0.1224 0.0771 0.0100 0.1797 0.0100 0.0473 0.0100 0.0100 0.0100 0.2358 0.0642 0.0100 0.1587 0.3867 0.0100 0.0100 0.0785 0.2155 0.0100 0.0100 0.1157 0.0100 0.0100 0.0579 0.1726 0.0100 0.1968 0.0100 0.2946 0.0100 0.1146 0.1941 0.1443 0.0100 0.0252 0.3027 0.0100 0.0974 0.0974 0.1070 0.0100 0.1278 0.0440 0.0100 0.0100 0.0100 0.0100 0.0100 0.1951 0.1105 0.0100 0.0501 0.1356 0.0410 0.0447 0.3249 0.0840 0.0491 0.0425 0.1406 0.1865 0.0267 0.2294 0.1401 0.1047 0.1024 0.0123 0.0872 0.2935 0.1867 0.0100 0.1267 0.0731 0.0499 0.0747 0.0590 0.0818 0.3477 0.0100 0.0100 0.1106 0.0100 0.0935 0.0100 0.0899 0.1292 0.0889 0.0580 0.0100 0.0100 0.1265 0.2892 0.1578 0.1362 0.1583 0.1073 0.0100 0.0100 0.1625 0.1629 0.5971 0.1367 0.0937 0.0152 0.1968 0.2083 0.0100 0.1551 0.0100 0.0100 0.0355 0.0596 0.0643 0.0100 0.1371 0.0100 0.0100 0.1134 0.4253 0.0100 0.9617 0.0707 0.2320 0.0174 0.1461 0.1113 0.2654 0.3233 0.3661 0.1321 0.3354 0.1229 0.0492 0.2252 0.2982 0.0225 0.0314 0.0100 0.0100 0.1298 0.3210 0.0772 0.2066 0.1587 0.2397 0.1426 0.0286 0.1584 0.0435 0.1572 0.3464 0.0756 5.1139 0.0100 0.6361 0.0100 0.1190 0.0738 0.1622 0.2858 0.1075 0.0100 0.0100 0.2027 0.1575 0.1338 0.0100 0.1429 0.1662 0.1871 0.0473 0.0940 0.1225 0.2071 0.0100 0.0100 0.1249 0.0100 0.1395 0.0100 0.2100 0.0723 0.5654 0.2443 0.0386 0.1026 0.0640 0.0494 0.0570 0.0959 0.1309 0.0908 0.2093 0.0601
0.0100 0.0100 0.0100 0.0100 0.0100 0.0100 0.0100 0.0100 0.0100 0.0135 0.0100 0.0100 0.0100 0.0100 0.0100 0.0177 0.0100 0.0100 0.0119 0.0290 0.0100 0.0100 0.0100 0.0162 0.0100 0.0100 0.0100 0.0100 0.0100 0.0100 0.0129 0.0100 0.0147 0.0100 0.0221 0.0100 0.0100 0.0146 0.0108 0.0100 0.0100 0.0319 0.0100 0.0100 0.0100 0.0100 0.0100 0.0100 0.0100 0.0100 0.0100 0.0100 0.0100 0.0100 0.0146 0.0100 0.0100 0.0100 0.0102 0.0100 0.0100 0.0244 0.0100 0.0100 0.0100 0.0105 0.0140 0.0100 0.0172 0.0105 0.0100 0.0100 0.0100 0.0100 0.0220 0.0140 0.0100 0.0100 0.0100 0.0100 0.0100 0.0100 0.0100 0.0261 0.0100 0.0100 0.0100 0.0100 0.0100 0.0100 0.0100 0.0100 0.0100 0.0100 0.0100 0.0100 0.0100 0.0217 0.0118 0.0102 0.0119 0.0100 0.0100 0.0100 0.0122 0.0122 0.0540 0.0102 0.0100 0.0100 0.0147 0.0156 0.0100 0.0116 0.0100 0.0100 0.0100 0.0100 0.0100 0.0100 0.0103 0.0100 0.0100 0.0100 0.0319 0.0100 0.0721 0.0100 0.0174 0.0100 0.0109 0.0100 0.0199 0.0242 0.0274 0.0100 0.0251 0.0100 0.0100 0.0169 0.0316 0.0100 0.0100 0.0100 0.0100 0.0200 0.0241 0.0100 0.0247 0.0119 0.0364 0.0107 0.0100 0.0119 0.0100 0.0210 0.0260 0.0100 0.3834 0.0100 0.0477 0.0100 0.0100 0.0100 0.0122 0.0214 0.0100 0.0100 0.0100 0.0152 0.0118 0.0100 0.0100 0.0107 0.0125 0.0140 0.0100 0.0100 0.0100 0.0155 0.0100 0.0100 0.0100 0.0100 0.0104 0.0100 0.0157 0.0100 0.0424 0.0183 0.0100 0.0100 0.0100 0.0100 0.0100 0.0100 0.0100 0.0100 0.0157 0.0100
0.0891 0.0100 0.0427 0.0910 0.0100 0.0540 0.1187 0.0748 0.0100 0.1744 0.0100 0.0459 0.0100 0.0100 0.0100 0.1612 0.0623 0.0100 0.1540 0.2643 0.0100 0.0100 0.0537 0.1473 0.0100 0.0100 0.1123 0.0100 0.0100 0.0562 0.1180 0.0100 0.1909 0.0100 0.2013 0.0100 0.1113 0.1884 0.1400 0.0100 0.0244 0.2940 0.0100 0.0666 0.0666 0.0731 0.0100 0.0874 0.0301 0.0100 0.0100 0.0100 0.0100 0.0100 0.0721 0.1072 0.0100 0.0486 0.0927 0.0280 0.0306 0.1200 0.0815 0.0476 0.0412 0.0961 0.1275 0.0100 0.0848 0.3641 0.1016 0.0994 0.0100 0.0596 0.1084 0.0690 0.0100 0.3292 0.1899 0.0341 0.0510 0.0404 0.0559 0.1284 0.0100 0.0100 0.2874 0.0100 0.2429 0.0100 0.0614 0.0883 0.0607 0.0396 0.0100 0.0100 0.0467 0.1068 0.0583 0.3538 0.4113 0.2789 0.0100 0.0100 0.1111 0.0602 0.2269 0.0505 0.2436 0.0396 0.0727 0.1424 0.0100 0.0573 0.0100 0.0100 0.0131 0.1549 0.1670 0.0100 0.0506 0.0100 0.0100 0.0419 0.1571 0.0100 0.3552 0.1836 0.6030 0.0451 0.3795 0.0411 0.0980 0.1194 0.1352 0.0488 0.1239 0.0454 0.1278 0.0832 0.1164 0.0100 0.0816 0.0100 0.0243 0.3375 0.8341 0.0285 0.0826 0.0586 0.1009 0.0527 0.0106 0.4117 0.1132 0.3925 0.9003 0.1964 4.5978 0.0100 0.3864 0.0100 0.0440 0.0273 0.0599 0.1056 0.0397 0.0100 0.0231 0.1520 0.1181 0.0494 0.0100 0.3713 0.4320 0.1403 0.0355 0.0705 0.0452 0.0765 0.0100 0.0100 0.3246 0.0100 0.3625 0.0100 0.1574 0.0542 0.2088 0.0902 0.1002 0.2666 0.1663 0.1283 0.1481 0.2492 0.0982 0.0681 0.1569 0.1561
0.0662 0.0100 0.0317 0.0676 0.0100 0.0569 0.0882 0.0556 0.0100 0.1295 0.0100 0.0341 0.0100 0.0100 0.0100 0.1700 0.0463 0.0100 0.1144 0.2788 0.0100 0.0100 0.0566 0.1554 0.0100 0.0100 0.0834 0.0100 0.0100 0.0417 0.1245 0.0100 0.1419 0.0100 0.2124 0.0100 0.0827 0.1399 0.1040 0.0100 0.0182 0.2210 0.0100 0.0702 0.0702 0.0771 0.0100 0.0921 0.0317 0.0100 0.0100 0.0100 0.0100 0.0100 0.1406 0.0796 0.0100 0.0361 0.0978 0.0296 0.0322 0.2342 0.0606 0.0354 0.0306 0.1013 0.1345 0.0192 0.1654 0.1010 0.0755 0.0738 0.0100 0.0629 0.2116 0.1346 0.0100 0.0913 0.0527 0.0360 0.0538 0.0426 0.0590 0.2507 0.0100 0.0100 0.0797 0.0100 0.0674 0.0100 0.0648 0.0931 0.0641 0.0418 0.0100 0.0100 0.0912 0.2085 0.1137 0.0982 0.1141 0.0774 0.0100 0.0100 0.1172 0.1174 0.4333 0.0986 0.0676 0.0110 0.1419 0.1502 0.0100 0.1118 0.0100 0.0100 0.0255 0.0430 0.0463 0.0100 0.0988 0.0100 0.0100 0.0818 0.3066 0.0100 0.6933 0.0509 0.1673 0.0125 0.1053 0.0802 0.1913 0.2331 0.2639 0.0952 0.2418 0.0886 0.0355 0.1623 0.2177 0.0162 0.0226 0.0100 0.0100 0.0936 0.2314 0.0556 0.1517 0.1144 0.1779 0.1028 0.0207 0.1142 0.0314 0.1161 0.2498 0.0545 3.6869 0.0100 0.4586 0.0100 0.0858 0.0532 0.1169 0.2061 0.0775 0.0100 0.0100 0.1461 0.1136 0.0965 0.0100 0.1030 0.1198 0.1349 0.0341 0.0678 0.0883 0.1493 0.0100 0.0100 0.0901 0.0100 0.1006 0.0100 0.1514 0.0521 0.4076 0.1761 0.0278 0.0740 0.0461 0.0356 0.0411 0.0691 0.0944 0.0655 0.1509 0.0433
0.0515 0.0200 0.0299 0.0524 0.0200 0.0457 0.0653 0.0448 0.0200 0.0911 0.0200 0.0313 0.0200 0.0200 0.0200 0.1165 0.0390 0.0200 0.0817 0.1846 0.0200 0.0200 0.0454 0.1073 0.0200 0.0200 0.0622 0.0200 0.0200 0.0361 0.0880 0.0200 0.0988 0.0200 0.1430 0.0200 0.0618 0.0977 0.0751 0.0200 0.0214 0.1622 0.0200 0.0540 0.0540 0.0583 0.0200 0.0677 0.0299 0.0200 0.0200 0.0200 0.0200 0.0200 0.0981 0.0599 0.0200 0.0326 0.0712 0.0285 0.0302 0.1567 0.0479 0.0322 0.0292 0.0735 0.0942 0.0220 0.1136 0.0733 0.0573 0.0562 0.0200 0.0494 0.1425 0.0943 0.0200 0.0672 0.0430 0.0325 0.0437 0.0367 0.0469 0.1670 0.0200 0.0200 0.0599 0.0200 0.0522 0.0200 0.0506 0.0683 0.0501 0.0362 0.0200 0.0200 0.0671 0.1406 0.0812 0.0715 0.0815 0.0585 0.0200 0.0200 0.0834 0.0835 0.2951 0.0717 0.0523 0.0200 0.0988 0.1041 0.0200 0.0800 0.0200 0.0200 0.0260 0.0369 0.0390 0.0200 0.0719 0.0200 0.0200 0.0612 0.2120 0.0200 0.4493 0.0419 0.1148 0.0200 0.0760 0.0602 0.1298 0.1660 0.1753 0.0696 0.1615 0.0655 0.0322 0.1117 0.1601 0.0202 0.0242 0.0200 0.0200 0.0786 0.1550 0.0448 0.1188 0.0817 0.1489 0.0744 0.0229 0.0815 0.0297 0.0965 0.1664 0.0441 2.3892 0.0200 0.3073 0.0200 0.0638 0.0433 0.0833 0.1391 0.0586 0.0200 0.0200 0.1015 0.0811 0.0704 0.0200 0.0745 0.0851 0.0945 0.0314 0.0525 0.0653 0.1035 0.0200 0.0200 0.0664 0.0200 0.0730 0.0200 0.1048 0.0427 0.2753 0.1203 0.0274 0.0563 0.0389 0.0323 0.0357 0.0533 0.0691 0.0510 0.1045 0.0371
0.0867 0.0100 0.0415 0.0886 0.0100 0.0746 0.1155 0.0728 0.0100 0.1697 0.0100 0.0446 0.0100 0.0100 0.0100 0.2227 0.0606 0.0100 0.1499 0.3652 0.0100 0.0100 0.0741 0.2035 0.0100 0.0100 0.1093 0.0100 0.0100 0.0547 0.1630 0.0100 0.1858 0.0100 0.2782 0.0100 0.1083 0.1833 0.1362 0.0100 0.0238 0.2864 0.0100 0.0920 0.0920 0.1010 0.0100 0.1207 0.0415 0.0100 0.0100 0.0100 0.0100 0.0100 0.1842 0.1043 0.0100 0.0473 0.1280 0.0388 0.0422 0.3068 0.0793 0.0464 0.0401 0.1328 0.1761 0.0252 0.2167 0.1323 0.0989 0.0967 0.0117 0.0824 0.2772 0.1763 0.0100 0.1196 0.0690 0.0471 0.0705 0.0558 0.0773 0.3284 0.0100 0.0100 0.1044 0.0100 0.0883 0.0100 0.0849 0.1220 0.0839 0.0547 0.0100 0.0100 0.1195 0.2731 0.1490 0.1286 0.1495 0.1014 0.0100 0.0100 0.1535 0.1538 0.5644 0.1291 0.0885 0.0144 0.1858 0.1967 0.0100 0.1465 0.0100 0.0100 0.0335 0.0563 0.0607 0.0100 0.1294 0.0100 0.0100 0.1071 0.4016 0.0100 0.9081 0.0667 0.2191 0.0164 0.1379 0.1051 0.2506 0.3053 0.3457 0.1247 0.3167 0.1161 0.0465 0.2126 0.2821 0.0213 0.0296 0.0100 0.0100 0.1226 0.3031 0.0729 0.1956 0.1499 0.2269 0.1346 0.0271 0.1496 0.0411 0.1490 0.3271 0.0714 4.8292 0.0100 0.6007 0.0100 0.1124 0.0697 0.1532 0.2699 0.1015 0.0100 0.0100 0.1914 0.1488 0.1264 0.0100 0.1349 0.1570 0.1767 0.0447 0.0888 0.1157 0.1955 0.0100 0.0100 0.1179 0.0100 0.1317 0.0100 0.1983 0.0683 0.5339 0.2307 0.0364 0.0969 0.0604 0.0466 0.0538 0.0906 0.1236 0.0858 0.1976 0.0567
0.0321 0.0100 0.0154 0.0328 0.0100 0.0195 0.0428 0.0270 0.0100 0.0629 0.0100 0.0165 0.0100 0.0100 0.0100 0.0581 0.0225 0.0100 0.0556 0.0954 0.0100 0.0100 0.0193 0.0531 0.0100 0.0100 0.0405 0.0100 0.0100 0.0203 0.0426 0.0100 0.0689 0.0100 0.0726 0.0100 0.0401 0.0679 0.0505 0.0100 0.0100 0.1124 0.0100 0.0240 0.0240 0.0264 0.0100 0.0315 0.0108 0.0100 0.0100 0.0100 0.0100 0.0100 0.0260 0.0387 0.0100 0.0175 0.0334 0.0101 0.0110 0.0433 0.0294 0.0172 0.0149 0.0347 0.0460 0.0100 0.0306 0.1313 0.0367 0.0358 0.0100 0.0215 0.0391 0.0249 0.0100 0.1187 0.0685 0.0123 0.0184 0.0146 0.0202 0.0463 0.0100 0.0100 0.1037 0.0100 0.0876 0.0100 0.0222 0.0318 0.0219 0.0143 0.0100 0.0100 0.0169 0.0385 0.0210 0.1276 0.1484 0.1006 0.0100 0.0100 0.0401 0.0217 0.0882 0.0182 0.0879 0.0143 0.0262 0.0514 0.0100 0.0207 0.0100 0.0100 0.0100 0.0559 0.0602 0.0100 0.0183 0.0100 0.0100 0.0151 0.0567 0.0100 0.1281 0.0662 0.2175 0.0163 0.1369 0.0148 0.0354 0.0431 0.0488 0.0176 0.0447 0.0164 0.0461 0.0300 0.0484 0.0100 0.0294 0.0100 0.0100 0.1217 0.3009 0.0103 0.0362 0.0211 0.0492 0.0190 0.0100 0.1485 0.0408 0.1480 0.3248 0.0708 1.6586 0.0100 0.1394 0.0100 0.0159 0.0100 0.0216 0.0381 0.0143 0.0100 0.0100 0.0548 0.0426 0.0178 0.0100 0.1340 0.1558 0.0506 0.0128 0.0254 0.0163 0.0276 0.0100 0.0100 0.1171 0.0100 0.1308 0.0100 0.0568 0.0196 0.0753 0.0326 0.0362 0.0962 0.0600 0.0463 0.0534 0.0899 0.0354 0.0246 0.0566 0.0563
0.0100 0.0100 0.0100 0.0100 0.0100 0.0100 0.0100 0.0100 0.0100 0.0100 0.0100 0.0100 0.0100 0.0100 0.0100 0.0100 0.0100 0.0100 0.0100 0.0119 0.0100 0.0100 0.0100 0.0100 0.0100 0.0100 0.0100 0.0100 0.0100 0.0100 0.0100 0.0100 0.0100 0.0100 0.0100 0.0100 0.0100 0.0100 0.0100 0.0100 0.0100 0.0228 0.0100 0.0100 0.0100 0.0100 0.0100 0.0100 0.0100 0.0100 0.0100 0.0100 0.0100 0.0100 0.0100 0.0100 0.0100 0.0100 0.0100 0.0100 0.0100 0.0100 0.0100 0.0100 0.0100 0.0100 0.0100 0.0100 0.0100 0.0164 0.0100 0.0100 0.0100 0.0100 0.0100 0.0100 0.0100 0.0148 0.0100 0.0100 0.0100 0.0100 0.0100 0.0100 0.0100 0.0100 0.0129 0.0100 0.0109 0.0100 0.0100 0.0100 0.0100 0.0100 0.0100 0.0100 0.0100 0.0100 0.0100 0.0159 0.0185 0.0125 0.0100 0.0100 0.0100 0.0100 0.0200 0.0100 0.0109 0.0100 0.0100 0.0100 0.0100 0.0100 0.0100 0.0100 0.0100 0.0100 0.0100 0.0100 0.0100 0.0100 0.0100 0.0100 0.0200 0.0100 0.0160 0.0100 0.0271 0.0100 0.0171 0.0100 0.0100 0.0200 0.0100 0.0100 0.0100 0.0100 0.0100 0.0100 0.0200 0.0100 0.0100 0.0100 0.0100 0.0211 0.0375 0.0100 0.0200 0.0100 0.0300 0.0100 0.0100 0.0185 0.0100 0.0272 0.0405 0.0100 0.2068 0.0100 0.0234 0.0100 0.0100 0.0100 0.0100 0.0100 0.0100 0.0100 0.0100 0.0100 0.0100 0.0100 0.0100 0.0167 0.0194 0.0100 0.0100 0.0100 0.0100 0.0100 0.0100 0.0100 0.0146 0.0100 0.0163 0.0100 0.0100 0.0100 0.0200 0.0100 0.0100 0.0120 0.0100 0.0100 0.0100 0.0112 0.0100 0.0100 0.0100 0.0100
0.0223 0.0100 0.0107 0.0227 0.0100 0.0135 0.0297 0.0187 0.0100 0.0436 0.0100 0.0115 0.0100 0.0100 0.0100 0.0403 0.0156 0.0100 0.0385 0.0661 0.0100 0.0100 0.0134 0.0368 0.0100 0.0100 0.0281 0.0100 0.0100 0.0140 0.0295 0.0100 0.0477 0.0100 0.0503 0.0100 0.0278 0.0471 0.0350 0.0100 0.0100 0.0810 0.0100 0.0166 0.0166 0.0183 0.0100 0.0218 0.0100 0.0100 0.0100 0.0100 0.0100 0.0100 0.0180 0.0268 0.0100 0.0122 0.0232 0.0100 0.0100 0.0300 0.0204 0.0119 0.0103 0.0240 0.0319 0.0100 0.0212 0.0910 0.0254 0.0248 0.0100 0.0149 0.0271 0.0172 0.0100 0.0823 0.0475 0.0100 0.0128 0.0101 0.0140 0.0321 0.0100 0.0100 0.0719 0.0100 0.0607 0.0100 0.0154 0.0221 0.0152 0.0100 0.0100 0.0100 0.0117 0.0267 0.0146 0.0885 0.1028 0.0697 0.0100 0.0100 0.0278 0.0150 0.0642 0.0126 0.0609 0.0100 0.0182 0.0356 0.0100 0.0143 0.0100 0.0100 0.0100 0.0387 0.0418 0.0100 0.0127 0.0100 0.0100 0.0105 0.0393 0.0100 0.0888 0.0459 0.1508 0.0113 0.0949 0.0103 0.0245 0.0299 0.0338 0.0122 0.0310 0.0114 0.0320 0.0208 0.0366 0.0100 0.0204 0.0100 0.0100 0.0844 0.2086 0.0100 0.0282 0.0146 0.0402 0.0132 0.0100 0.1029 0.0283 0.1056 0.2251 0.0491 1.1496 0.0100 0.0966 0.0100 0.0110 0.0100 0.0150 0.0264 0.0100 0.0100 0.0100 0.0380 0.0295 0.0123 0.0100 0.0928 0.1080 0.0351 0.0100 0.0176 0.0113 0.0191 0.0100 0.0100 0.0812 0.0100 0.0906 0.0100 0.0394 0.0136 0.0522 0.0226 0.0250 0.0667 0.0416 0.0321 0.0370 0.0623 0.0245 0.0170 0.0392 0.0390
0.0630 0.0200 0.0332 0.0644 0.0200 0.0393 0.0840 0.0529 0.0200 0.1233 0.0200 0.0349 0.0200 0.0200 0.0200 0.1140 0.0441 0.0200 0.1090 0.1870 0.0200 0.0200 0.0391 0.1042 0.0200 0.0200 0.0794 0.0200 0.0200 0.0405 0.0835 0.0200 0.1351 0.0200 0.1424 0.0200 0.0787 0.1333 0.0990 0.0200 0.0233 0.2209 0.0200 0.0471 0.0471 0.0517 0.0200 0.0618 0.0263 0.0200 0.0200 0.0200 0.0200 0.0200 0.0510 0.0758 0.0200 0.0364 0.0655 0.0252 0.0266 0.0849 0.0577 0.0359 0.0324 0.0680 0.0902 0.0200 0.0600 0.2575 0.0719 0.0703 0.0200 0.0424 0.0767 0.0488 0.0200 0.2329 0.1343 0.0285 0.0377 0.0319 0.0404 0.0909 0.0200 0.0200 0.2033 0.0200 0.1719 0.0200 0.0435 0.0624 0.0430 0.0315 0.0200 0.0200 0.0354 0.0756 0.0417 0.2503 0.2910 0.1973 0.0200 0.0200 0.0786 0.0427 0.1734 0.0374 0.1723 0.0315 0.0514 0.1007 0.0200 0.0411 0.0200 0.0200 0.0200 0.1095 0.1181 0.0200 0.0375 0.0200 0.0200 0.0328 0.1111 0.0200 0.2513 0.1299 0.4266 0.0345 0.2685 0.0323 0.0693 0.0852 0.0957 0.0365 0.0876 0.0347 0.0904 0.0588 0.0953 0.0200 0.0577 0.0200 0.0232 0.2387 0.5901 0.0255 0.0713 0.0419 0.0972 0.0386 0.0200 0.2912 0.0800 0.2906 0.6369 0.1389 3.2526 0.0200 0.2733 0.0200 0.0339 0.0248 0.0426 0.0747 0.0316 0.0200 0.0225 0.1075 0.0836 0.0369 0.0200 0.2627 0.3056 0.0993 0.0293 0.0499 0.0346 0.0541 0.0200 0.0200 0.2296 0.0200 0.2565 0.0200 0.1114 0.0395 0.1477 0.0638 0.0709 0.1886 0.1176 0.0907 0.1047 0.1763 0.0694 0.0482 0.1110 0.1104
0.3458 0.0100 0.1656 0.3530 0.0100 0.2094 0.4606 0.2902 0.0100 0.6764 0.0100 0.1779 0.0100 0.0100 0.0100 0.6252 0.2417 0.0243 0.5976 1.0254 0.0100 0.0100 0.2081 0.5715 0.0100 0.0100 0.4356 0.0100 0.0100 0.2179 0.4578 0.0100 0.7407 0.0100 0.7810 0.0100 0.4316 0.7307 0.5431 0.0100 0.0948 1.1118 0.0100 0.2583 0.2582 0.2837 0.0100 0.3389 0.1166 0.0100 0.0100 0.0100 0.0100 0.0100 0.2795 0.4158 0.0100 0.1887 0.3595 0.1088 0.1186 0.4655 0.3162 0.1848 0.1600 0.3728 0.4945 0.0382 0.3288 1.4124 0.3942 0.3855 0.0328 0.2314 0.4206 0.2675 0.0100 1.2769 0.7367 0.1324 0.1980 0.1566 0.2170 0.4983 0.0100 0.0100 1.1149 0.0100 0.9424 0.0100 0.2384 0.3425 0.2357 0.1537 0.0100 0.0146 0.1813 0.4144 0.2261 1.3727 1.5958 1.0821 0.0119 0.0100 0.4309 0.2334 0.8537 0.1959 0.9449 0.1535 0.2819 0.5524 0.0100 0.2223 0.0100 0.0100 0.0508 0.6008 0.6479 0.0280 0.1964 0.0125 0.0217 0.1625 0.6094 0.0100 1.3781 0.7124 2.3392 0.1749 1.4724 0.1594 0.3803 0.4632 0.5246 0.1892 0.4806 0.1762 0.4960 0.3227 0.4229 0.0323 0.3166 0.0100 0.0943 1.3091 3.2359 0.1106 0.2917 0.2274 0.3391 0.2043 0.0411 1.5971 0.4390 1.4938 3.4925 0.7619 17.8363 0.0100 1.4990 0.0100 0.1706 0.1057 0.2324 0.4096 0.1541 0.0100 0.0895 0.5895 0.4583 0.1917 0.0100 1.4405 1.6759 0.5443 0.1377 0.2736 0.1756 0.2967 0.0100 0.0100 1.2592 0.0100 1.4064 0.0100 0.6108 0.2104 0.8102 0.3500 0.3887 1.0341 0.6452 0.4976 0.5744 0.9667 0.3808 0.2642 0.6088 0.6056
0.0368 0.0100 0.0176 0.0376 0.0100 0.0316 0.0490 0.0309 0.0100 0.0720 0.0100 0.0189 0.0100 0.0100 0.0100 0.0944 0.0257 0.0100 0.0636 0.1549 0.0100 0.0100 0.0314 0.0863 0.0100 0.0100 0.0463 0.0100 0.0100 0.0232 0.0691 0.0100 0.0788 0.0100 0.1180 0.0100 0.0459 0.0777 0.0578 0.0100 0.0101 0.1272 0.0100 0.0390 0.0390 0.0428 0.0100 0.0512 0.0176 0.0100 0.0100 0.0100 0.0100 0.0100 0.0781 0.0442 0.0100 0.0201 0.0543 0.0164 0.0179 0.1301 0.0336 0.0197 0.0170 0.0563 0.0747 0.0107 0.0919 0.0561 0.0419 0.0410 0.0100 0.0349 0.1176 0.0748 0.0100 0.0507 0.0293 0.0200 0.0299 0.0237 0.0328 0.1393 0.0100 0.0100 0.0443 0.0100 0.0374 0.0100 0.0360 0.0517 0.0356 0.0232 0.0100 0.0100 0.0507 0.1158 0.0632 0.0545 0.0634 0.0430 0.0100 0.0100 0.0651 0.0652 0.2452 0.0548 0.0375 0.0100 0.0788 0.0834 0.0100 0.0621 0.0100 0.0100 0.0142 0.0239 0.0257 0.0100 0.0549 0.0100 0.0100 0.0454 0.1703 0.0100 0.3852 0.0283 0.0929 0.0100 0.0585 0.0446 0.1063 0.1295 0.1466 0.0529 0.1343 0.0492 0.0197 0.0902 0.1254 0.0100 0.0126 0.0100 0.0100 0.0520 0.1286 0.0309 0.0887 0.0636 0.1077 0.0571 0.0115 0.0635 0.0174 0.0689 0.1388 0.0303 2.0482 0.0100 0.2548 0.0100 0.0477 0.0295 0.0650 0.1145 0.0431 0.0100 0.0100 0.0812 0.0631 0.0536 0.0100 0.0572 0.0666 0.0749 0.0190 0.0377 0.0491 0.0829 0.0100 0.0100 0.0500 0.0100 0.0559 0.0100 0.0841 0.0290 0.2264 0.0978 0.0154 0.0411 0.0256 0.0198 0.0228 0.0384 0.0524 0.0364 0.0838 0.0241
0.0640 0.0200 0.0359 0.0651 0.0200 0.0564 0.0819 0.0553 0.0200 0.1156 0.0200 0.0378 0.0200 0.0200 0.0200 0.1486 0.0477 0.0200 0.1033 0.2387 0.0200 0.0200 0.0561 0.1367 0.0200 0.0200 0.0780 0.0200 0.0200 0.0440 0.1115 0.0200 0.1257 0.0200 0.1832 0.0200 0.0774 0.1241 0.0948 0.0200 0.0248 0.2020 0.0200 0.0673 0.0672 0.0729 0.0200 0.0851 0.0358 0.0200 0.0200 0.0200 0.0200 0.0200 0.1247 0.0749 0.0200 0.0395 0.0897 0.0341 0.0363 0.2009 0.0594 0.0389 0.0350 0.0926 0.1196 0.0257 0.1449 0.0924 0.0716 0.0702 0.0200 0.0613 0.1825 0.1197 0.0200 0.0844 0.0529 0.0393 0.0539 0.0447 0.0581 0.2147 0.0200 0.0200 0.0750 0.0200 0.0649 0.0200 0.0629 0.0859 0.0622 0.0441 0.0200 0.0200 0.0844 0.1800 0.1027 0.0900 0.1030 0.0731 0.0200 0.0200 0.1055 0.1057 0.3825 0.0904 0.0651 0.0200 0.1257 0.1325 0.0200 0.1012 0.0200 0.0200 0.0308 0.0450 0.0478 0.0200 0.0906 0.0200 0.0200 0.0767 0.2700 0.0200 0.5937 0.0515 0.1464 0.0202 0.0959 0.0754 0.1660 0.2100 0.2260 0.0876 0.2072 0.0823 0.0389 0.1424 0.1994 0.0232 0.0285 0.0200 0.0200 0.0963 0.1987 0.0554 0.1455 0.1033 0.1787 0.0938 0.0268 0.1031 0.0356 0.1165 0.2139 0.0544 3.1571 0.0200 0.3957 0.0200 0.0800 0.0534 0.1053 0.1780 0.0732 0.0200 0.0200 0.1291 0.1026 0.0887 0.0200 0.0940 0.1077 0.1200 0.0378 0.0653 0.0820 0.1317 0.0200 0.0200 0.0834 0.0200 0.0920 0.0200 0.1334 0.0525 0.3534 0.1536 0.0327 0.0703 0.0476 0.0390 0.0435 0.0664 0.0869 0.0634 0.1330 0.0453
0.1159 0.0100 0.0555 0.1183 0.0100 0.0996 0.1544 0.0973 0.0100 0.2267 0.0100 0.0596 0.0100 0.0100 0.0100 0.2975 0.0810 0.0115 0.2003 0.4879 0.0100 0.0100 0.0990 0.2719 0.0100 0.0100 0.1460 0.0100 0.0100 0.0730 0.2178 0.0100 0.2482 0.0100 0.3716 0.0100 0.1446 0.2449 0.1820 0.0100 0.0318 0.3792 0.0100 0.1229 0.1229 0.1350 0.0100 0.1612 0.0555 0.0100 0.0100 0.0100 0.0100 0.0100 0.2461 0.1393 0.0100 0.0632 0.1711 0.0518 0.0564 0.4098 0.1060 0.0619 0.0536 0.1774 0.2353 0.0336 0.2895 0.1767 0.1321 0.1292 0.0156 0.1101 0.3703 0.2355 0.0100 0.1598 0.0922 0.0630 0.0942 0.0745 0.1032 0.4387 0.0100 0.0100 0.1395 0.0100 0.1179 0.0100 0.1134 0.1629 0.1121 0.0731 0.0100 0.0100 0.1596 0.3648 0.1990 0.1718 0.1997 0.1354 0.0100 0.0100 0.2050 0.2055 0.7516 0.1725 0.1182 0.0192 0.2482 0.2628 0.0100 0.1957 0.0100 0.0100 0.0447 0.0752 0.0811 0.0100 0.1729 0.0110 0.0103 0.1431 0.5365 0.0100 1.2132 0.0891 0.2927 0.0219 0.1843 0.1404 0.3348 0.4078 0.4619 0.1666 0.4231 0.1551 0.0621 0.2841 0.3735 0.0284 0.0396 0.0100 0.0118 0.1638 0.4049 0.0974 0.2580 0.2002 0.2997 0.1799 0.0361 0.1999 0.0549 0.1957 0.4371 0.0953 6.4516 0.0100 0.8025 0.0100 0.1502 0.0931 0.2046 0.3606 0.1357 0.0100 0.0112 0.2557 0.1988 0.1688 0.0100 0.1803 0.2097 0.2361 0.0597 0.1186 0.1546 0.2612 0.0100 0.0100 0.1576 0.0100 0.1760 0.0100 0.2649 0.0912 0.7133 0.3082 0.0486 0.1294 0.0807 0.0623 0.0719 0.1210 0.1651 0.1146 0.2641 0.0758
0.8794 0.0300 0.4265 0.8976 0.0300 0.7574 1.1711 0.7398 0.0300 1.7196 0.0300 0.4573 0.0300 0.0300 0.0300 2.2568 0.6176 0.1026 1.5193 3.7011 0.0300 0.0300 0.7530 2.0629 0.0300 0.0300 1.1075 0.0300 0.0300 0.5580 1.6523 0.0300 1.8831 0.0300 2.8192 0.0300 1.0972 1.8578 1.3809 0.0300 0.2485 2.8310 0.0300 0.9323 0.9321 1.0241 0.0300 1.2232 0.4262 0.0300 0.0300 0.0300 0.0300 0.0300 1.8670 1.0571 0.0300 0.4845 1.2977 0.3985 0.4334 3.1091 0.8051 0.4746 0.4123 1.3455 1.7850 0.2625 2.1961 1.3409 1.0023 0.9800 0.1315 0.8359 2.8090 1.7869 0.0300 1.2123 0.7016 0.4825 0.7169 0.5690 0.7846 3.3279 0.0300 0.0300 1.0585 0.0300 0.8949 0.0300 0.8610 1.2362 0.8513 0.5585 0.0300 0.0698 1.2109 2.7675 1.5099 1.3032 1.5150 1.0273 0.0605 0.0526 1.5553 1.5587 5.7172 1.3084 0.8972 0.1574 1.8831 1.9940 0.0485 1.4845 0.0300 0.0300 0.3455 0.5741 0.6183 0.0451 1.3119 0.0990 0.0938 1.0855 4.0704 0.0300 9.2040 0.6788 2.2208 0.1766 1.3978 1.0648 2.5400 3.0940 3.5039 1.2639 3.2101 1.1767 0.4757 2.1550 2.7879 0.2233 0.3073 0.0300 0.1044 1.2492 3.0721 0.7404 1.9111 1.5189 2.2422 1.3647 0.2812 1.5163 0.4222 1.4387 3.3157 0.7253 48.9440 0.0300 6.0880 0.0300 1.1392 0.7085 1.5526 2.7353 1.0292 0.0300 0.1001 1.9397 1.5078 1.2807 0.0300 1.3675 1.5911 1.7909 0.4580 0.9001 1.1726 1.9817 0.0300 0.0300 1.1955 0.0300 1.3352 0.0300 2.0095 0.6946 5.4112 2.3378 0.3750 0.9817 0.6157 0.4772 0.5493 0.9177 1.2528 0.8697 2.0032 0.5786
0.0349 0.0100 0.0167 0.0356 0.0100 0.0300 0.0465 0.0293 0.0100 0.0682 0.0100 0.0180 0.0100 0.0100 0.0100 0.0896 0.0244 0.0100 0.0603 0.1469 0.0100 0.0100 0.0298 0.0819 0.0100 0.0100 0.0439 0.0100 0.0100 0.0220 0.0656 0.0100 0.0747 0.0100 0.1119 0.0100 0.0435 0.0737 0.0548 0.0100 0.0100 0.1211 0.0100 0.0370 0.0370 0.0406 0.0100 0.0485 0.0167 0.0100 0.0100 0.0100 0.0100 0.0100 0.0741 0.0419 0.0100 0.0190 0.0515 0.0156 0.0170 0.1234 0.0319 0.0186 0.0161 0.0534 0.0708 0.0101 0.0871 0.0532 0.0398 0.0389 0.0100 0.0331 0.1115 0.0709 0.0100 0.0481 0.0278 0.0190 0.0284 0.0224 0.0311 0.1321 0.0100 0.0100 0.0420 0.0100 0.0355 0.0100 0.0341 0.0491 0.0338 0.0220 0.0100 0.0100 0.0480 0.1098 0.0599 0.0517 0.0601 0.0408 0.0100 0.0100 0.0617 0.0619 0.2330 0.0519 0.0356 0.0100 0.0747 0.0791 0.0100 0.0589 0.0100 0.0100 0.0135 0.0226 0.0244 0.0100 0.0520 0.0100 0.0100 0.0431 0.1615 0.0100 0.3652 0.0268 0.0881 0.0100 0.0555 0.0423 0.1008 0.1228 0.1390 0.0502 0.1274 0.0467 0.0187 0.0855 0.1194 0.0100 0.0119 0.0100 0.0100 0.0493 0.1219 0.0293 0.0846 0.0603 0.1032 0.0541 0.0109 0.0602 0.0165 0.0659 0.1316 0.0287 1.9422 0.0100 0.2416 0.0100 0.0452 0.0280 0.0616 0.1085 0.0408 0.0100 0.0100 0.0770 0.0598 0.0508 0.0100 0.0543 0.0631 0.0711 0.0180 0.0357 0.0465 0.0786 0.0100 0.0100 0.0474 0.0100 0.0530 0.0100 0.0797 0.0275 0.2147 0.0928 0.0146 0.0389 0.0243 0.0187 0.0216 0.0364 0.0497 0.0345 0.0795 0.0228
0.0261 0.0100 0.0125 0.0266 0.0100 0.0224 0.0348 0.0219 0.0100 0.0510 0.0100 0.0134 0.0100 0.0100 0.0100 0.0670 0.0182 0.0100 0.0451 0.1099 0.0100 0.0100 0.0223 0.0612 0.0100 0.0100 0.0329 0.0100 0.0100 0.0164 0.0491 0.0100 0.0559 0.0100 0.0837 0.0100 0.0326 0.0552 0.0410 0.0100 0.0100 0.0932 0.0100 0.0277 0.0277 0.0304 0.0100 0.0363 0.0125 0.0100 0.0100 0.0100 0.0100 0.0100 0.0554 0.0314 0.0100 0.0142 0.0385 0.0117 0.0127 0.0923 0.0239 0.0139 0.0121 0.0399 0.0530 0.0100 0.0652 0.0398 0.0298 0.0291 0.0100 0.0248 0.0834 0.0530 0.0100 0.0360 0.0208 0.0142 0.0212 0.0168 0.0232 0.0988 0.0100 0.0100 0.0314 0.0100 0.0266 0.0100 0.0255 0.0367 0.0253 0.0165 0.0100 0.0100 0.0360 0.0822 0.0448 0.0387 0.0450 0.0305 0.0100 0.0100 0.0462 0.0463 0.1768 0.0388 0.0266 0.0100 0.0559 0.0592 0.0100 0.0441 0.0100 0.0100 0.0101 0.0169 0.0183 0.0100 0.0389 0.0100 0.0100 0.0322 0.1208 0.0100 0.2733 0.0201 0.0659 0.0100 0.0415 0.0316 0.0754 0.0919 0.1040 0.0375 0.0953 0.0349 0.0140 0.0640 0.0919 0.0100 0.0100 0.0100 0.0100 0.0371 0.0912 0.0219 0.0659 0.0451 0.0822 0.0405 0.0100 0.0450 0.0124 0.0518 0.0984 0.0215 1.4532 0.0100 0.1807 0.0100 0.0338 0.0210 0.0461 0.0812 0.0306 0.0100 0.0100 0.0576 0.0448 0.0380 0.0100 0.0406 0.0472 0.0532 0.0134 0.0267 0.0348 0.0588 0.0100 0.0100 0.0355 0.0100 0.0396 0.0100 0.0597 0.0205 0.1606 0.0694 0.0109 0.0291 0.0182 0.0140 0.0162 0.0272 0.0372 0.0258 0.0595 0.0171
0.0785 0.0100 0.0376 0.0802 0.0100 0.0475 0.1046 0.0659 0.0100 0.1536 0.0100 0.0404 0.0100 0.0100 0.0100 0.1420 0.0549 0.0100 0.1357 0.2328 0.0100 0.0100 0.0473 0.1298 0.0100 0.0100 0.0989 0.0100 0.0100 0.0495 0.1039 0.0100 0.1682 0.0100 0.1774 0.0100 0.0980 0.1659 0.1233 0.0100 0.0215 0.2602 0.0100 0.0587 0.0586 0.0644 0.0100 0.0770 0.0265 0.0100 0.0100 0.0100 0.0100 0.0100 0.0635 0.0944 0.0100 0.0428 0.0816 0.0247 0.0269 0.1057 0.0718 0.0420 0.0363 0.0846 0.1123 0.0100 0.0747 0.3207 0.0895 0.0875 0.0100 0.0525 0.0955 0.0607 0.0100 0.2900 0.1673 0.0301 0.0450 0.0355 0.0493 0.1131 0.0100 0.0100 0.2532 0.0100 0.2140 0.0100 0.0541 0.0778 0.0535 0.0349 0.0100 0.0100 0.0412 0.0941 0.0513 0.3117 0.3624 0.2457 0.0100 0.0100 0.0978 0.0530 0.2010 0.0445 0.2146 0.0349 0.0640 0.1254 0.0100 0.0505 0.0100 0.0100 0.0115 0.1364 0.1471 0.0100 0.0446 0.0100 0.0100 0.0369 0.1384 0.0100 0.3129 0.1618 0.5312 0.0397 0.3343 0.0362 0.0863 0.1052 0.1191 0.0430 0.1091 0.0400 0.1126 0.0733 0.1038 0.0100 0.0719 0.0100 0.0214 0.2973 0.7348 0.0251 0.0740 0.0516 0.0913 0.0464 0.0100 0.3627 0.0997 0.3469 0.7931 0.1730 4.0502 0.0100 0.3404 0.0100 0.0387 0.0240 0.0528 0.0930 0.0350 0.0100 0.0203 0.1339 0.1041 0.0435 0.0100 0.3271 0.3805 0.1236 0.0313 0.0621 0.0399 0.0674 0.0100 0.0100 0.2859 0.0100 0.3194 0.0100 0.1387 0.0478 0.1840 0.0795 0.0883 0.2348 0.1465 0.1130 0.1304 0.2195 0.0865 0.0600 0.1383 0.1375
0.0326 0.0100 0.0156 0.0333 0.0100 0.0198 0.0435 0.0274 0.0100 0.0638 0.0100 0.0168 0.0100 0.0100 0.0100 0.0590 0.0228 0.0100 0.0564 0.0968 0.0100 0.0100 0.0196 0.0539 0.0100 0.0100 0.0411 0.0100 0.0100 0.0206 0.0432 0.0100 0.0699 0.0100 0.0737 0.0100 0.0407 0.0690 0.0513 0.0100 0.0100 0.1140 0.0100 0.0244 0.0244 0.0268 0.0100 0.0320 0.0110 0.0100 0.0100 0.0100 0.0100 0.0100 0.0264 0.0392 0.0100 0.0178 0.0339 0.0103 0.0112 0.0439 0.0298 0.0174 0.0151 0.0352 0.0467 0.0100 0.0310 0.1333 0.0372 0.0364 0.0100 0.0218 0.0397 0.0253 0.0100 0.1205 0.0695 0.0125 0.0187 0.0148 0.0205 0.0470 0.0100 0.0100 0.1052 0.0100 0.0890 0.0100 0.0225 0.0323 0.0222 0.0145 0.0100 0.0100 0.0171 0.0391 0.0213 0.1296 0.1506 0.1021 0.0100 0.0100 0.0407 0.0220 0.0894 0.0185 0.0892 0.0145 0.0266 0.0521 0.0100 0.0210 0.0100 0.0100 0.0100 0.0567 0.0612 0.0100 0.0185 0.0100 0.0100 0.0153 0.0575 0.0100 0.1301 0.0672 0.2208 0.0165 0.1390 0.0150 0.0359 0.0437 0.0495 0.0179 0.0454 0.0166 0.0468 0.0305 0.0490 0.0100 0.0299 0.0100 0.0100 0.1236 0.3054 0.0104 0.0366 0.0215 0.0496 0.0193 0.0100 0.1507 0.0414 0.1500 0.3297 0.0719 1.6836 0.0100 0.1415 0.0100 0.0161 0.0100 0.0219 0.0386 0.0145 0.0100 0.0100 0.0556 0.0432 0.0181 0.0100 0.1360 0.1582 0.0514 0.0130 0.0258 0.0166 0.0280 0.0100 0.0100 0.1189 0.0100 0.1328 0.0100 0.0576 0.0198 0.0765 0.0330 0.0367 0.0976 0.0609 0.0470 0.0542 0.0912 0.0359 0.0249 0.0575 0.0572
0.1398 0.0200 0.0670 0.1428 0.0200 0.0847 0.1863 0.1174 0.0200 0.2735 0.0200 0.0720 0.0200 0.0200 0.0200 0.2529 0.0977 0.0200 0.2417 0.4147 0.0200 0.0200 0.0842 0.2311 0.0200 0.0200 0.1762 0.0200 0.0200 0.0881 0.1851 0.0200 0.2995 0.0200 0.3159 0.0200 0.1745 0.2955 0.2197 0.0200 0.0384 0.4656 0.0200 0.1045 0.1044 0.1147 0.0200 0.1370 0.0471 0.0200 0.0200 0.0200 0.0200 0.0200 0.1130 0.1681 0.0200 0.0763 0.1454 0.0440 0.0480 0.1883 0.1279 0.0747 0.0647 0.1507 0.2000 0.0200 0.1330 0.5712 0.1594 0.1559 0.0200 0.0936 0.1701 0.1082 0.0200 0.5164 0.2979 0.0535 0.0801 0.0633 0.0877 0.2015 0.0200 0.0200 0.4509 0.0200 0.3811 0.0200 0.0964 0.1385 0.0953 0.0621 0.0200 0.0200 0.0733 0.1676 0.0914 0.5551 0.6453 0.4376 0.0200 0.0200 0.1742 0.0944 0.3602 0.0792 0.3821 0.0621 0.1140 0.2234 0.0200 0.0899 0.0200 0.0200 0.0221 0.2430 0.2620 0.0200 0.0794 0.0200 0.0200 0.0657 0.2465 0.0200 0.5573 0.2881 0.9460 0.0707 0.5955 0.0645 0.1538 0.1873 0.2122 0.0765 0.1944 0.0712 0.2006 0.1305 0.1870 0.0200 0.1280 0.0200 0.0381 0.5294 1.3086 0.0447 0.1339 0.0920 0.1669 0.0826 0.0200 0.6459 0.1775 0.6201 1.4124 0.3081 7.2133 0.0200 0.6062 0.0200 0.0690 0.0428 0.0940 0.1656 0.0623 0.0200 0.0362 0.2384 0.1853 0.0775 0.0200 0.5825 0.6777 0.2201 0.0557 0.1106 0.0710 0.1200 0.0200 0.0200 0.5092 0.0200 0.5688 0.0200 0.2470 0.0851 0.3276 0.1416 0.1572 0.4182 0.2609 0.2012 0.2323 0.3909 0.1540 0.1068 0.2462 0.2449
0.3144 0.0100 0.1506 0.3210 0.0100 0.1904 0.4188 0.2639 0.0100 0.6150 0.0100 0.1618 0.0100 0.0100 0.0100 0.5685 0.2197 0.0221 0.5433 0.9323 0.0100 0.0100 0.1892 0.5196 0.0100 0.0100 0.3961 0.0100 0.0100 0.1982 0.4162 0.0100 0.6734 0.0100 0.7101 0.0100 0.3924 0.6644 0.4938 0.0100 0.0862 1.0117 0.0100 0.2348 0.2348 0.2580 0.0100 0.3081 0.1060 0.0100 0.0100 0.0100 0.0100 0.0100 0.2542 0.3780 0.0100 0.1716 0.3269 0.0989 0.1078 0.4232 0.2875 0.1680 0.1455 0.3389 0.4496 0.0348 0.2989 1.2841 0.3584 0.3505 0.0298 0.2104 0.3824 0.2432 0.0100 1.1610 0.6698 0.1203 0.1800 0.1424 0.1973 0.4530 0.0100 0.0100 1.0137 0.0100 0.8569 0.0100 0.2168 0.3114 0.2143 0.1397 0.0100 0.0133 0.1648 0.3767 0.2056 1.2481 1.4509 0.9838 0.0108 0.0100 0.3918 0.2122 0.7762 0.1781 0.8591 0.1396 0.2564 0.5023 0.0100 0.2021 0.0100 0.0100 0.0462 0.5463 0.5891 0.0255 0.1786 0.0114 0.0197 0.1478 0.5541 0.0100 1.2529 0.6477 2.1268 0.1591 1.3387 0.1449 0.3458 0.4212 0.4770 0.1721 0.4370 0.1602 0.4509 0.2934 0.3854 0.0294 0.2878 0.0100 0.0858 1.1903 2.9421 0.1005 0.2661 0.2068 0.3092 0.1858 0.0373 1.4521 0.3991 1.3591 3.1754 0.6927 16.2169 0.0100 1.3629 0.0100 0.1551 0.0961 0.2114 0.3724 0.1401 0.0100 0.0814 0.5360 0.4167 0.1743 0.0100 1.3097 1.5237 0.4949 0.1252 0.2487 0.1596 0.2698 0.0100 0.0100 1.1449 0.0100 1.2787 0.0100 0.5553 0.1913 0.7366 0.3182 0.3534 0.9402 0.5866 0.4524 0.5223 0.8789 0.3462 0.2402 0.5536 0.5506
0.1164 0.0100 0.0558 0.1189 0.0100 0.0705 0.1551 0.0977 0.0100 0.2277 0.0100 0.0599 0.0100 0.0100 0.0100 0.2105 0.0814 0.0100 0.2012 0.3452 0.0100 0.0100 0.0701 0.1924 0.0100 0.0100 0.1467 0.0100 0.0100 0.0734 0.1541 0.0100 0.2494 0.0100 0.2630 0.0100 0.1453 0.2460 0.1829 0.0100 0.0319 0.3810 0.0100 0.0870 0.0869 0.0955 0.0100 0.1141 0.0393 0.0100 0.0100 0.0100 0.0100 0.0100 0.0941 0.1400 0.0100 0.0635 0.1211 0.0366 0.0399 0.1567 0.1065 0.0622 0.0539 0.1255 0.1665 0.0129 0.1107 0.4755 0.1327 0.1298 0.0110 0.0779 0.1416 0.0901 0.0100 0.4299 0.2480 0.0446 0.0667 0.0527 0.0731 0.1678 0.0100 0.0100 0.3754 0.0100 0.3173 0.0100 0.0803 0.1153 0.0794 0.0517 0.0100 0.0100 0.0610 0.1395 0.0761 0.4622 0.5373 0.3643 0.0100 0.0100 0.1451 0.0786 0.2933 0.0660 0.3181 0.0517 0.0949 0.1860 0.0100 0.0748 0.0100 0.0100 0.0171 0.2023 0.2181 0.0100 0.0661 0.0100 0.0100 0.0547 0.2052 0.0100 0.4640 0.2399 0.7876 0.0589 0.4958 0.0537 0.1280 0.1560 0.1766 0.0637 0.1618 0.0593 0.1670 0.1086 0.1490 0.0109 0.1066 0.0100 0.0318 0.4408 1.0895 0.0372 0.1048 0.0766 0.1257 0.0688 0.0138 0.5378 0.1478 0.5096 1.1760 0.2565 6.0056 0.0100 0.5047 0.0100 0.0574 0.0356 0.0783 0.1379 0.0519 0.0100 0.0301 0.1985 0.1543 0.0646 0.0100 0.4850 0.5643 0.1833 0.0464 0.0921 0.0591 0.0999 0.0100 0.0100 0.4240 0.0100 0.4736 0.0100 0.2056 0.0708 0.2728 0.1178 0.1309 0.3482 0.2172 0.1675 0.1934 0.3255 0.1282 0.0890 0.2050 0.2039
3.2907 0.0100 1.5765 3.3598 0.0100 2.1166 4.3840 2.7623 0.0100 6.4371 0.0100 1.6933 0.0100 0.0100 0.0100 6.3202 2.2999 0.2454 5.6871 10.3649 0.0100 0.0100 2.1039 5.7773 0.0100 0.0100 4.1457 0.0100 0.0100 2.0742 4.6274 0.0100 7.0492 0.0100 7.8952 0.0100 4.1073 6.9544 5.1691 0.0100 0.9026 10.4954 0.0100 2.6109 2.6104 2.8680 0.0100 3.4257 1.1786 0.0100 0.0100 0.0100 0.0100 0.0100 2.8651 3.9571 0.0279 1.7961 3.6343 1.1002 1.1989 4.7711 3.0096 1.7587 1.5226 3.7682 4.9989 0.3918 3.3700 5.1517 3.7521 3.6684 0.3312 2.3387 4.3106 2.7420 0.0100 4.6577 2.6871 1.3380 2.0017 1.5829 2.1934 5.1069 0.0100 0.0100 4.0667 0.0100 3.4376 0.0100 2.4099 3.4619 2.3825 1.5533 0.0100 0.1478 1.8582 4.2469 2.3171 5.0069 5.8206 3.9469 0.1202 0.0968 4.3557 2.3919 8.7499 2.0079 3.4466 0.5600 2.8898 5.5843 0.0847 2.2781 0.0100 0.0100 0.5207 2.1915 2.3632 0.1022 2.0132 0.1285 0.2193 1.6658 6.2463 0.0100 14.1240 2.5984 8.5324 0.6381 5.3706 1.6340 3.8977 4.7480 5.3769 1.9396 4.9261 1.8057 1.8091 3.3070 4.2422 0.3310 1.1548 0.0100 0.3441 4.7751 11.8030 1.1333 2.8967 2.3308 3.3831 2.0943 0.4208 5.8256 1.6012 5.4223 12.7392 2.7789 48.7962 0.0100 13.5979 0.0100 1.7482 1.0838 2.3825 4.1975 1.5794 0.0100 0.3264 5.1431 3.9980 1.9652 0.0100 5.2542 6.1129 4.7486 1.2011 2.3866 1.7994 3.0410 0.0100 0.0100 4.5932 0.0100 5.1300 0.0100 5.3283 1.8355 8.3039 3.5875 1.4180 3.7719 2.3533 1.8150 2.0952 3.5261 3.3219 2.3051 5.3115 2.2089
0.3437 0.0100 0.1647 0.3510 0.0100 0.2480 0.4579 0.2885 0.0100 0.6724 0.0100 0.1769 0.0100 0.0100 0.0100 0.7406 0.2402 0.0288 0.5941 1.2145 0.0100 0.0100 0.2465 0.6770 0.0100 0.0100 0.4330 0.0100 0.0100 0.2167 0.5422 0.0100 0.7363 0.0100 0.9251 0.0100 0.4290 0.7265 0.5400 0.0100 0.0943 1.1053 0.0100 0.3059 0.3059 0.3361 0.0100 0.4014 0.1381 0.0100 0.0100 0.0100 0.0100 0.0100 0.4710 0.4133 0.0100 0.1876 0.4258 0.1289 0.1405 0.7843 0.3144 0.1837 0.1590 0.4415 0.5857 0.0644 0.5540 0.8350 0.3919 0.3832 0.0388 0.2740 0.7086 0.4508 0.0100 0.7549 0.4355 0.1568 0.2345 0.1855 0.2570 0.8396 0.0100 0.0100 0.6591 0.0100 0.5572 0.0100 0.2824 0.4057 0.2792 0.1820 0.0100 0.0173 0.3055 0.6982 0.3809 0.8115 0.9434 0.6397 0.0141 0.0113 0.5104 0.3932 1.4384 0.3301 0.5586 0.0908 0.4751 0.6543 0.0100 0.3745 0.0100 0.0100 0.0856 0.3552 0.3830 0.0166 0.3310 0.0211 0.0257 0.2738 1.0269 0.0100 2.3219 0.4211 1.3829 0.1034 0.8705 0.2686 0.6408 0.7805 0.8839 0.3189 0.8098 0.2968 0.2932 0.5436 0.7057 0.0544 0.1872 0.0100 0.0558 0.7739 1.9130 0.1863 0.4846 0.3832 0.5645 0.3443 0.0692 0.9442 0.2595 0.8872 2.0648 0.4504 19.9692 0.0100 5.4813 0.0100 0.2874 0.1782 0.3917 0.6901 0.2596 0.0100 0.0529 2.4981 1.9419 0.3231 0.0100 0.8516 0.9908 2.3064 0.5834 1.1592 0.2958 0.4999 0.0100 0.0100 0.7444 0.0100 0.8315 0.0100 2.5880 0.8915 1.3651 0.5898 0.2298 0.6113 0.3814 0.2942 0.3396 0.5715 1.6135 1.1196 2.5798 0.3580
0.3396 0.0200 0.1627 0.3467 0.0200 0.2608 0.4524 0.2850 0.0200 0.6642 0.0200 0.1747 0.0200 0.0200 0.0200 0.7789 0.2373 0.0302 0.5868 1.2773 0.0200 0.0200 0.2593 0.7120 0.0200 0.0200 0.4278 0.0200 0.0200 0.2140 0.5703 0.0200 0.7274 0.0200 0.9730 0.0200 0.4238 0.7176 0.5334 0.0200 0.0931 1.1020 0.0200 0.3217 0.3217 0.3534 0.0200 0.4222 0.1452 0.0200 0.0200 0.0200 0.0200 0.0200 0.5516 0.4083 0.0200 0.1853 0.4479 0.1356 0.1477 0.9186 0.3105 0.1815 0.1571 0.4644 0.6160 0.0754 0.6489 0.7213 0.3872 0.3785 0.0408 0.2882 0.8299 0.5279 0.0200 0.6521 0.3762 0.1649 0.2467 0.1951 0.2703 0.9833 0.0200 0.0200 0.5694 0.0200 0.4813 0.0200 0.2970 0.4266 0.2936 0.1914 0.0200 0.0213 0.3578 0.8177 0.4461 0.7010 0.8149 0.5526 0.0200 0.0200 0.5368 0.4605 1.6847 0.3866 0.4825 0.0784 0.5564 0.6882 0.0200 0.4386 0.0200 0.0200 0.1002 0.3068 0.3309 0.0208 0.3876 0.0247 0.0270 0.3207 1.2026 0.0200 2.7194 0.3638 1.1946 0.0893 0.7519 0.3146 0.7504 0.9142 1.0353 0.3734 0.9485 0.3477 0.2533 0.6367 0.8349 0.0637 0.1617 0.0200 0.0482 0.6685 1.6525 0.2182 0.5758 0.4488 0.6694 0.4032 0.0810 0.8156 0.2242 0.7778 1.7836 0.3891 19.4497 0.0200 4.3811 0.0200 0.3366 0.2087 0.4587 0.8082 0.3041 0.0200 0.0457 1.8879 1.4675 0.3784 0.0200 0.7356 0.8558 1.7430 0.4409 0.8760 0.3464 0.5855 0.0200 0.0200 0.6431 0.0200 0.7182 0.0200 1.9558 0.6737 1.5988 0.6907 0.1985 0.5281 0.3295 0.2541 0.2933 0.4937 1.2193 0.8461 1.9496 0.3093
0.0399 0.0100 0.0191 0.0408 0.0100 0.0343 0.0532 0.0335 0.0100 0.0781 0.0100 0.0205 0.0100 0.0100 0.0100 0.1025 0.0279 0.0100 0.0690 0.1681 0.0100 0.0100 0.0341 0.0937 0.0100 0.0100 0.0503 0.0100 0.0100 0.0252 0.0750 0.0100 0.0855 0.0100 0.1280 0.0100 0.0498 0.0844 0.0627 0.0100 0.0109 0.1372 0.0100 0.0423 0.0423 0.0465 0.0100 0.0556 0.0191 0.0100 0.0100 0.0100 0.0100 0.0100 0.0848 0.0480 0.0100 0.0218 0.0589 0.0178 0.0194 0.1412 0.0365 0.0213 0.0185 0.0611 0.0811 0.0116 0.0997 0.0609 0.0455 0.0445 0.0100 0.0379 0.1276 0.0811 0.0100 0.0551 0.0318 0.0217 0.0324 0.0257 0.0356 0.1511 0.0100 0.0100 0.0481 0.0100 0.0406 0.0100 0.0391 0.0561 0.0386 0.0252 0.0100 0.0100 0.0550 0.1257 0.0686 0.0592 0.0688 0.0466 0.0100 0.0100 0.0706 0.0708 0.2652 0.0594 0.0407 0.0100 0.0855 0.0906 0.0100 0.0674 0.0100 0.0100 0.0154 0.0259 0.0279 0.0100 0.0596 0.0100 0.0100 0.0493 0.1848 0.0100 0.4180 0.0307 0.1008 0.0100 0.0635 0.0483 0.1153 0.1405 0.1591 0.0574 0.1458 0.0534 0.0214 0.0979 0.1352 0.0100 0.0137 0.0100 0.0100 0.0564 0.1395 0.0335 0.0954 0.0690 0.1152 0.0620 0.0124 0.0689 0.0189 0.0740 0.1506 0.0328 2.2227 0.0100 0.2765 0.0100 0.0517 0.0321 0.0705 0.1242 0.0467 0.0100 0.0100 0.0881 0.0685 0.0582 0.0100 0.0621 0.0722 0.0813 0.0206 0.0409 0.0532 0.0900 0.0100 0.0100 0.0543 0.0100 0.0606 0.0100 0.0912 0.0314 0.2457 0.1062 0.0168 0.0446 0.0278 0.0215 0.0248 0.0417 0.0569 0.0395 0.0910 0.0261
0.1026 0.0100 0.0492 0.1048 0.0100 0.0882 0.1368 0.0862 0.0100 0.2008 0.0100 0.0528 0.0100 0.0100 0.0100 0.2635 0.0717 0.0102 0.1774 0.4322 0.0100 0.0100 0.0877 0.2409 0.0100 0.0100 0.1293 0.0100 0.0100 0.0647 0.1929 0.0100 0.2199 0.0100 0.3292 0.0100 0.1281 0.2169 0.1612 0.0100 0.0282 0.3371 0.0100 0.1089 0.1088 0.1196 0.0100 0.1428 0.0491 0.0100 0.0100 0.0100 0.0100 0.0100 0.2180 0.1234 0.0100 0.0560 0.1515 0.0459 0.0500 0.3630 0.0939 0.0549 0.0475 0.1571 0.2084 0.0298 0.2564 0.1566 0.1170 0.1144 0.0138 0.0975 0.3280 0.2086 0.0100 0.1416 0.0817 0.0558 0.0835 0.0660 0.0915 0.3886 0.0100 0.0100 0.1236 0.0100 0.1045 0.0100 0.1005 0.1443 0.0993 0.0648 0.0100 0.0100 0.1414 0.3231 0.1763 0.1522 0.1769 0.1200 0.0100 0.0100 0.1816 0.1820 0.6661 0.1528 0.1047 0.0170 0.2199 0.2328 0.0100 0.1733 0.0100 0.0100 0.0396 0.0666 0.0718 0.0100 0.1532 0.0100 0.0100 0.1268 0.4753 0.0100 1.0747 0.0790 0.2593 0.0194 0.1632 0.1243 0.2966 0.3613 0.4091 0.1476 0.3748 0.1374 0.0550 0.2516 0.3320 0.0252 0.0351 0.0100 0.0104 0.1451 0.3587 0.0862 0.2296 0.1774 0.2667 0.1593 0.0320 0.1771 0.0487 0.1745 0.3872 0.0844 5.7151 0.0100 0.7109 0.0100 0.1330 0.0825 0.1813 0.3194 0.1202 0.0100 0.0100 0.2265 0.1761 0.1495 0.0100 0.1597 0.1858 0.2091 0.0529 0.1051 0.1369 0.2314 0.0100 0.0100 0.1396 0.0100 0.1559 0.0100 0.2346 0.0808 0.6319 0.2730 0.0431 0.1146 0.0715 0.0552 0.0637 0.1072 0.1463 0.1015 0.2339 0.0671
0.0100 0.0100 0.0100 0.0100 0.0100 0.0100 0.0100 0.0100 0.0100 0.0100 0.0100 0.0100 0.0100 0.0100 0.0100 0.0100 0.0100 0.0100 0.0100 0.0100 0.0100 0.0100 0.0100 0.0100 0.0100 0.0100 0.0100 0.0100 0.0100 0.0100 0.0100 0.0100 0.0100 0.0100 0.0100 0.0100 0.0100 0.0100 0.0100 0.0100 0.0100 0.0200 0.0100 0.0100 0.0100 0.0100 0.0100 0.0100 0.0100 0.0100 0.0100 0.0100 0.0100 0.0100 0.0100 0.0100 0.0100 0.0100 0.0100 0.0100 0.0100 0.0100 0.0100 0.0100 0.0100 0.0100 0.0100 0.0100 0.0100 0.0100 0.0100 0.0100 0.0100 0.0100 0.0100 0.0100 0.0100 0.0100 0.0100 0.0100 0.0100 0.0100 0.0100 0.0100 0.0100 0.0100 0.0100 0.0100 0.0100 0.0100 0.0100 0.0100 0.0100 0.0100 0.0100 0.0100 0.0100 0.0100 0.0100 0.0100 0.0100 0.0100 0.0100 0.0100 0.0100 0.0100 0.0236 0.0100 0.0100 0.0100 0.0100 0.0100 0.0100 0.0100 0.0100 0.0100 0.0100 0.0100 0.0100 0.0100 0.0100 0.0100 0.0100 0.0100 0.0200 0.0100 0.0222 0.0100 0.0100 0.0100 0.0100 0.0100 0.0100 0.0200 0.0100 0.0100 0.0100 0.0100 0.0100 0.0100 0.0200 0.0100 0.0100 0.0100 0.0100 0.0200 0.0100 0.0100 0.0200 0.0100 0.0300 0.0100 0.0100 0.0100 0.0100 0.0200 0.0100 0.0100 0.1183 0.0100 0.0200 0.0100 0.0100 0.0100 0.0100 0.0100 0.0100 0.0100 0.0100 0.0100 0.0100 0.0100 0.0100 0.0100 0.0100 0.0100 0.0100 0.0100 0.0100 0.0100 0.0100 0.0100 0.0100 0.0100 0.0100 0.0100 0.0100 0.0100 0.0200 0.0100 0.0100 0.0100 0.0100 0.0100 0.0100 0.0100 0.0100 0.0100 0.0100 0.0100
0.1202 0.0100 0.0576 0.1227 0.0100 0.1033 0.1601 0.1009 0.0100 0.2351 0.0100 0.0618 0.0100 0.0100 0.0100 0.3086 0.0840 0.0120 0.2077 0.5060 0.0100 0.0100 0.1027 0.2821 0.0100 0.0100 0.1514 0.0100 0.0100 0.0757 0.2259 0.0100 0.2575 0.0100 0.3855 0.0100 0.1500 0.2540 0.1888 0.0100 0.0330 0.3930 0.0100 0.1275 0.1274 0.1400 0.0100 0.1672 0.0575 0.0100 0.0100 0.0100 0.0100 0.0100 0.2553 0.1445 0.0100 0.0656 0.1774 0.0537 0.0585 0.4251 0.1099 0.0642 0.0556 0.1840 0.2440 0.0349 0.3003 0.1833 0.1370 0.1340 0.0162 0.1142 0.3841 0.2443 0.0100 0.1658 0.0956 0.0653 0.0977 0.0773 0.1071 0.4550 0.0100 0.0100 0.1447 0.0100 0.1223 0.0100 0.1177 0.1690 0.1163 0.0758 0.0100 0.0100 0.1656 0.3784 0.2064 0.1782 0.2071 0.1404 0.0100 0.0100 0.2126 0.2131 0.7796 0.1789 0.1226 0.0199 0.2575 0.2726 0.0100 0.2030 0.0100 0.0100 0.0464 0.0780 0.0841 0.0100 0.1794 0.0115 0.0107 0.1484 0.5565 0.0100 1.2584 0.0925 0.3036 0.0227 0.1911 0.1456 0.3473 0.4230 0.4791 0.1728 0.4389 0.1609 0.0644 0.2946 0.3871 0.0295 0.0411 0.0100 0.0122 0.1699 0.4200 0.1010 0.2672 0.2077 0.3105 0.1866 0.0375 0.2073 0.0570 0.2026 0.4533 0.0989 6.6918 0.0100 0.8324 0.0100 0.1558 0.0966 0.2123 0.3740 0.1407 0.0100 0.0116 0.2652 0.2061 0.1751 0.0100 0.1870 0.2175 0.2449 0.0619 0.1231 0.1603 0.2709 0.0100 0.0100 0.1635 0.0100 0.1825 0.0100 0.2747 0.0946 0.7398 0.3196 0.0505 0.1342 0.0837 0.0646 0.0746 0.1255 0.1713 0.1188 0.2739 0.0786
0.0971 0.0100 0.0465 0.0991 0.0100 0.0835 0.1294 0.0815 0.0100 0.1899 0.0100 0.0500 0.0100 0.0100 0.0100 0.2493 0.0679 0.0100 0.1678 0.4088 0.0100 0.0100 0.0830 0.2279 0.0100 0.0100 0.1223 0.0100 0.0100 0.0612 0.1825 0.0100 0.2080 0.0100 0.3114 0.0100 0.1212 0.2052 0.1525 0.0100 0.0266 0.3194 0.0100 0.1030 0.1029 0.1131 0.0100 0.1351 0.0465 0.0100 0.0100 0.0100 0.0100 0.0100 0.2062 0.1168 0.0100 0.0530 0.1433 0.0434 0.0473 0.3434 0.0888 0.0519 0.0449 0.1486 0.1972 0.0282 0.2426 0.1481 0.1107 0.1082 0.0131 0.0922 0.3103 0.1974 0.0100 0.1339 0.0772 0.0528 0.0790 0.0624 0.0865 0.3676 0.0100 0.0100 0.1169 0.0100 0.0988 0.0100 0.0950 0.1365 0.0940 0.0613 0.0100 0.0100 0.1338 0.3057 0.1668 0.1439 0.1673 0.1135 0.0100 0.0100 0.1718 0.1722 0.6307 0.1445 0.0991 0.0161 0.2080 0.2203 0.0100 0.1640 0.0100 0.0100 0.0375 0.0630 0.0679 0.0100 0.1449 0.0100 0.0100 0.1199 0.4496 0.0100 1.0166 0.0747 0.2453 0.0183 0.1544 0.1176 0.2806 0.3417 0.3870 0.1396 0.3546 0.1300 0.0520 0.2380 0.3146 0.0238 0.0332 0.0100 0.0100 0.1373 0.3393 0.0816 0.2178 0.1678 0.2528 0.1507 0.0303 0.1675 0.0460 0.1656 0.3663 0.0799 5.4062 0.0100 0.6725 0.0100 0.1258 0.0780 0.1715 0.3021 0.1137 0.0100 0.0100 0.2142 0.1665 0.1414 0.0100 0.1510 0.1757 0.1978 0.0500 0.0994 0.1295 0.2189 0.0100 0.0100 0.1321 0.0100 0.1475 0.0100 0.2220 0.0765 0.5977 0.2582 0.0408 0.1084 0.0677 0.0522 0.0602 0.1014 0.1384 0.0960 0.2213 0.0635
0.0559 0.0100 0.0268 0.0570 0.0100 0.0480 0.0744 0.0469 0.0100 0.1093 0.0100 0.0287 0.0100 0.0100 0.0100 0.1434 0.0390 0.0100 0.0965 0.2352 0.0100 0.0100 0.0477 0.1311 0.0100 0.0100 0.0704 0.0100 0.0100 0.0352 0.1050 0.0100 0.1197 0.0100 0.1791 0.0100 0.0697 0.1181 0.0877 0.0100 0.0153 0.1880 0.0100 0.0592 0.0592 0.0651 0.0100 0.0777 0.0267 0.0100 0.0100 0.0100 0.0100 0.0100 0.1186 0.0672 0.0100 0.0305 0.0825 0.0250 0.0272 0.1976 0.0511 0.0299 0.0258 0.0855 0.1134 0.0162 0.1396 0.0852 0.0637 0.0623 0.0100 0.0531 0.1785 0.1135 0.0100 0.0770 0.0444 0.0304 0.0454 0.0359 0.0498 0.2115 0.0100 0.0100 0.0673 0.0100 0.0568 0.0100 0.0547 0.0785 0.0541 0.0352 0.0100 0.0100 0.0769 0.1759 0.0959 0.0828 0.0963 0.0653 0.0100 0.0100 0.0988 0.0990 0.3671 0.0831 0.0570 0.0100 0.1197 0.1267 0.0100 0.0943 0.0100 0.0100 0.0216 0.0362 0.0391 0.0100 0.0834 0.0100 0.0100 0.0690 0.2586 0.0100 0.5849 0.0430 0.1411 0.0106 0.0888 0.0677 0.1614 0.1966 0.2227 0.0803 0.2040 0.0748 0.0299 0.1369 0.1852 0.0137 0.0191 0.0100 0.0100 0.0790 0.1952 0.0469 0.1295 0.0965 0.1532 0.0867 0.0174 0.0964 0.0265 0.0995 0.2107 0.0460 3.1102 0.0100 0.3869 0.0100 0.0724 0.0449 0.0987 0.1738 0.0654 0.0100 0.0100 0.1232 0.0958 0.0814 0.0100 0.0869 0.1011 0.1138 0.0288 0.0572 0.0745 0.1259 0.0100 0.0100 0.0760 0.0100 0.0848 0.0100 0.1277 0.0440 0.3439 0.1486 0.0234 0.0624 0.0389 0.0300 0.0347 0.0583 0.0796 0.0552 0.1273 0.0365
0.0100 0.0100 0.0100 0.0100 0.0100 0.0100 0.0100 0.0100 0.0100 0.0100 0.0100 0.0100 0.0100 0.0100 0.0100 0.0100 0.0100 0.0100 0.0100 0.0100 0.0100 0.0100 0.0100 0.0100 0.0100 0.0100 0.0100 0.0100 0.0100 0.0100 0.0100 0.0100 0.0100 0.0100 0.0100 0.0100 0.0100 0.0100 0.0100 0.0100 0.0100 0.0200 0.0100 0.0100 0.0100 0.0100 0.0100 0.0100 0.0100 0.0100 0.0100 0.0100 0.0100 0.0100 0.0100 0.0100 0.0100 0.0100 0.0100 0.0100 0.0100 0.0100 0.0100 0.0100 0.0100 0.0100 0.0100 0.0100 0.0100 0.0100 0.0100 0.0100 0.0100 0.0100 0.0100 0.0100 0.0100 0.0100 0.0100 0.0100 0.0100 0.0100 0.0100 0.0100 0.0100 0.0100 0.0100 0.0100 0.0100 0.0100 0.0100 0.0100 0.0100 0.0100 0.0100 0.0100 0.0100 0.0100 0.0100 0.0100 0.0100 0.0100 0.0100 0.0100 0.0100 0.0100 0.0200 0.0100 0.0100 0.0100 0.0100 0.0100 0.0100 0.0100 0.0100 0.0100 0.0100 0.0100 0.0100 0.0100 0.0100 0.0100 0.0100 0.0100 0.0200 0.0100 0.0100 0.0100 0.0100 0.0100 0.0100 0.0100 0.0100 0.0200 0.0100 0.0100 0.0100 0.0100 0.0100 0.0100 0.0200 0.0100 0.0100 0.0100 0.0100 0.0200 0.0100 0.0100 0.0200 0.0100 0.0300 0.0100 0.0100 0.0100 0.0100 0.0200 0.0100 0.0100 0.0100 0.0100 0.0200 0.0100 0.0100 0.0100 0.0100 0.0100 0.0100 0.0100 0.0100 0.0100 0.0100 0.0100 0.0100 0.0100 0.0100 0.0100 0.0100 0.0100 0.0100 0.0100 0.0100 0.0100 0.0100 0.0100 0.0100 0.0100 0.0100 0.0100 0.0200 0.0100 0.0100 0.0100 0.0100 0.0100 0.0100 0.0100 0.0100 0.0100 0.0100 0.0100
0.0242 0.0100 0.0116 0.0247 0.0100 0.0147 0.0323 0.0203 0.0100 0.0474 0.0100 0.0125 0.0100 0.0100 0.0100 0.0438 0.0169 0.0100 0.0419 0.0718 0.0100 0.0100 0.0146 0.0400 0.0100 0.0100 0.0305 0.0100 0.0100 0.0153 0.0321 0.0100 0.0519 0.0100 0.0547 0.0100 0.0302 0.0512 0.0381 0.0100 0.0100 0.0872 0.0100 0.0181 0.0181 0.0199 0.0100 0.0237 0.0100 0.0100 0.0100 0.0100 0.0100 0.0100 0.0196 0.0291 0.0100 0.0132 0.0252 0.0100 0.0100 0.0326 0.0221 0.0129 0.0112 0.0261 0.0347 0.0100 0.0230 0.0990 0.0276 0.0270 0.0100 0.0162 0.0295 0.0187 0.0100 0.0895 0.0516 0.0100 0.0139 0.0110 0.0152 0.0349 0.0100 0.0100 0.0781 0.0100 0.0660 0.0100 0.0167 0.0240 0.0165 0.0108 0.0100 0.0100 0.0127 0.0290 0.0158 0.0962 0.1118 0.0758 0.0100 0.0100 0.0302 0.0163 0.0689 0.0137 0.0662 0.0107 0.0198 0.0387 0.0100 0.0156 0.0100 0.0100 0.0100 0.0421 0.0454 0.0100 0.0138 0.0100 0.0100 0.0114 0.0427 0.0100 0.0966 0.0499 0.1639 0.0123 0.1032 0.0112 0.0266 0.0324 0.0368 0.0133 0.0337 0.0123 0.0348 0.0226 0.0389 0.0100 0.0222 0.0100 0.0100 0.0917 0.2267 0.0100 0.0297 0.0159 0.0420 0.0143 0.0100 0.1119 0.0307 0.1140 0.2447 0.0534 1.2498 0.0100 0.1050 0.0100 0.0120 0.0100 0.0163 0.0287 0.0108 0.0100 0.0100 0.0413 0.0321 0.0134 0.0100 0.1009 0.1174 0.0381 0.0100 0.0192 0.0123 0.0208 0.0100 0.0100 0.0882 0.0100 0.0985 0.0100 0.0428 0.0147 0.0568 0.0245 0.0272 0.0725 0.0452 0.0349 0.0402 0.0677 0.0267 0.0185 0.0427 0.0424
0.1035 0.0100 0.0496 0.1057 0.0100 0.0747 0.1379 0.0869 0.0100 0.2025 0.0100 0.0533 0.0100 0.0100 0.0100 0.2230 0.0723 0.0100 0.1789 0.3658 0.0100 0.0100 0.0742 0.2039 0.0100 0.0100 0.1304 0.0100 0.0100 0.0653 0.1633 0.0100 0.2218 0.0100 0.2786 0.0100 0.1292 0.2188 0.1626 0.0100 0.0284 0.3399 0.0100 0.0921 0.0921 0.1012 0.0100 0.1209 0.0416 0.0100 0.0100 0.0100 0.0100 0.0100 0.1419 0.1245 0.0100 0.0565 0.1283 0.0388 0.0423 0.2362 0.0947 0.0553 0.0479 0.1330 0.1764 0.0194 0.1668 0.2515 0.1180 0.1154 0.0117 0.0825 0.2134 0.1358 0.0100 0.2274 0.1312 0.0472 0.0706 0.0559 0.0774 0.2529 0.0100 0.0100 0.1985 0.0100 0.1678 0.0100 0.0850 0.1222 0.0841 0.0548 0.0100 0.0100 0.0920 0.2103 0.1147 0.2444 0.2841 0.1927 0.0100 0.0100 0.1537 0.1184 0.4369 0.0994 0.1682 0.0273 0.1431 0.1971 0.0100 0.1128 0.0100 0.0100 0.0258 0.1070 0.1153 0.0100 0.0997 0.0100 0.0100 0.0825 0.3093 0.0100 0.6993 0.1268 0.4165 0.0312 0.2622 0.0809 0.1930 0.2351 0.2662 0.0960 0.2439 0.0894 0.0883 0.1637 0.2195 0.0164 0.0564 0.0100 0.0168 0.2331 0.5762 0.0561 0.1529 0.1154 0.1792 0.1037 0.0208 0.2844 0.0782 0.2742 0.6219 0.1356 6.0143 0.0100 1.6508 0.0100 0.0866 0.0537 0.1180 0.2078 0.0782 0.0100 0.0159 0.7524 0.5848 0.0973 0.0100 0.2565 0.2984 0.6946 0.1757 0.3491 0.0891 0.1506 0.0100 0.0100 0.2242 0.0100 0.2504 0.0100 0.7794 0.2685 0.4111 0.1776 0.0692 0.1841 0.1149 0.0886 0.1023 0.1721 0.4859 0.3372 0.7770 0.1078
0.0466 0.0100 0.0223 0.0476 0.0100 0.0336 0.0621 0.0391 0.0100 0.0912 0.0100 0.0240 0.0100 0.0100 0.0100 0.1004 0.0326 0.0100 0.0805 0.1647 0.0100 0.0100 0.0334 0.0918 0.0100 0.0100 0.0587 0.0100 0.0100 0.0294 0.0735 0.0100 0.0998 0.0100 0.1254 0.0100 0.0582 0.0985 0.0732 0.0100 0.0128 0.1585 0.0100 0.0415 0.0415 0.0456 0.0100 0.0544 0.0187 0.0100 0.0100 0.0100 0.0100 0.0100 0.0639 0.0560 0.0100 0.0254 0.0577 0.0175 0.0190 0.1063 0.0426 0.0249 0.0216 0.0599 0.0794 0.0100 0.0751 0.1132 0.0531 0.0520 0.0100 0.0372 0.0961 0.0611 0.0100 0.1023 0.0590 0.0213 0.0318 0.0251 0.0348 0.1138 0.0100 0.0100 0.0894 0.0100 0.0755 0.0100 0.0383 0.0550 0.0379 0.0247 0.0100 0.0100 0.0414 0.0947 0.0516 0.1100 0.1279 0.0867 0.0100 0.0100 0.0692 0.0533 0.2022 0.0447 0.0757 0.0123 0.0644 0.0887 0.0100 0.0508 0.0100 0.0100 0.0116 0.0481 0.0519 0.0100 0.0449 0.0100 0.0100 0.0371 0.1392 0.0100 0.3148 0.0571 0.1875 0.0140 0.1180 0.0364 0.0869 0.1058 0.1198 0.0432 0.1098 0.0402 0.0398 0.0737 0.1043 0.0100 0.0254 0.0100 0.0100 0.1049 0.2594 0.0253 0.0743 0.0520 0.0917 0.0467 0.0100 0.1280 0.0352 0.1289 0.2799 0.0611 2.7076 0.0100 0.7432 0.0100 0.0390 0.0242 0.0531 0.0936 0.0352 0.0100 0.0100 0.3387 0.2633 0.0438 0.0100 0.1155 0.1343 0.3127 0.0791 0.1572 0.0401 0.0678 0.0100 0.0100 0.1009 0.0100 0.1127 0.0100 0.3509 0.1209 0.1851 0.0800 0.0312 0.0829 0.0517 0.0399 0.0460 0.0775 0.2188 0.1518 0.3498 0.0485
0.0559 0.0100 0.0268 0.0570 0.0100 0.0480 0.0744 0.0469 0.0100 0.1093 0.0100 0.0287 0.0100 0.0100 0.0100 0.1434 0.0390 0.0100 0.0965 0.2352 0.0100 0.0100 0.0477 0.1311 0.0100 0.0100 0.0704 0.0100 0.0100 0.0352 0.1050 0.0100 0.1197 0.0100 0.1792 0.0100 0.0697 0.1181 0.0877 0.0100 0.0153 0.1880 0.0100 0.0592 0.0592 0.0651 0.0100 0.0777 0.0267 0.0100 0.0100 0.0100 0.0100 0.0100 0.1187 0.0672 0.0100 0.0305 0.0825 0.0250 0.0272 0.1976 0.0511 0.0299 0.0258 0.0855 0.1134 0.0162 0.1396 0.0852 0.0637 0.0623 0.0100 0.0531 0.1785 0.1135 0.0100 0.0770 0.0444 0.0304 0.0454 0.0359 0.0498 0.2115 0.0100 0.0100 0.0673 0.0100 0.0569 0.0100 0.0547 0.0785 0.0541 0.0352 0.0100 0.0100 0.0770 0.1759 0.0959 0.0828 0.0963 0.0653 0.0100 0.0100 0.0988 0.0990 0.3671 0.0832 0.0570 0.0100 0.1197 0.1267 0.0100 0.0943 0.0100 0.0100 0.0216 0.0362 0.0391 0.0100 0.0834 0.0100 0.0100 0.0690 0.2587 0.0100 0.5849 0.0430 0.1411 0.0106 0.0888 0.0677 0.1614 0.1966 0.2227 0.0803 0.2040 0.0748 0.0299 0.1369 0.1853 0.0137 0.0191 0.0100 0.0100 0.0790 0.1952 0.0469 0.1295 0.0965 0.1532 0.0867 0.0174 0.0964 0.0265 0.0995 0.2107 0.0460 3.1104 0.0100 0.3869 0.0100 0.0724 0.0449 0.0987 0.1738 0.0654 0.0100 0.0100 0.1233 0.0958 0.0814 0.0100 0.0869 0.1011 0.1138 0.0288 0.0572 0.0745 0.1259 0.0100 0.0100 0.0760 0.0100 0.0848 0.0100 0.1277 0.0440 0.3439 0.1486 0.0234 0.0624 0.0389 0.0300 0.0347 0.0583 0.0796 0.0552 0.1273 0.0365
0.0100 0.0100 0.0100 0.0100 0.0100 0.0100 0.0100 0.0100 0.0100 0.0100 0.0100 0.0100 0.0100 0.0100 0.0100 0.0100 0.0100 0.0100 0.0100 0.0100 0.0100 0.0100 0.0100 0.0100 0.0100 0.0100 0.0100 0.0100 0.0100 0.0100 0.0100 0.0100 0.0100 0.0100 0.0100 0.0100 0.0100 0.0100 0.0100 0.0100 0.0100 0.0200 0.0100 0.0100 0.0100 0.0100 0.0100 0.0100 0.0100 0.0100 0.0100 0.0100 0.0100 0.0100 0.0100 0.0100 0.0100 0.0100 0.0100 0.0100 0.0100 0.0100 0.0100 0.0100 0.0100 0.0100 0.0100 0.0100 0.0100 0.0100 0.0100 0.0100 0.0100 0.0100 0.0100 0.0100 0.0100 0.0100 0.0100 0.0100 0.0100 0.0100 0.0100 0.0100 0.0100 0.0100 0.0100 0.0100 0.0100 0.0100 0.0100 0.0100 0.0100 0.0100 0.0100 0.0100 0.0100 0.0100 0.0100 0.0100 0.0100 0.0100 0.0100 0.0100 0.0100 0.0100 0.0200 0.0100 0.0100 0.0100 0.0100 0.0100 0.0100 0.0100 0.0100 0.0100 0.0100 0.0100 0.0100 0.0100 0.0100 0.0100 0.0100 0.0100 0.0200 0.0100 0.0100 0.0100 0.0100 0.0100 0.0100 0.0100 0.0100 0.0200 0.0100 0.0100 0.0100 0.0100 0.0100 0.0100 0.0200 0.0100 0.0100 0.0100 0.0100 0.0200 0.0100 0.0100 0.0200 0.0100 0.0300 0.0100 0.0100 0.0100 0.0100 0.0200 0.0100 0.0100 0.0100 0.0100 0.0200 0.0100 0.0100 0.0100 0.0100 0.0100 0.0100 0.0100 0.0100 0.0100 0.0100 0.0100 0.0100 0.0100 0.0100 0.0100 0.0100 0.0100 0.0100 0.0100 0.0100 0.0100 0.0100 0.0100 0.0100 0.0100 0.0100 0.0100 0.0200 0.0100 0.0100 0.0100 0.0100 0.0100 0.0100 0.0100 0.0100 0.0100 0.0100 0.0100
0.1275 0.0100 0.0611 0.1302 0.0100 0.0772 0.1698 0.1070 0.0100 0.2494 0.0100 0.0656 0.0100 0.0100 0.0100 0.2305 0.0891 0.0100 0.2203 0.3780 0.0100 0.0100 0.0767 0.2107 0.0100 0.0100 0.1606 0.0100 0.0100 0.0804 0.1688 0.0100 0.2731 0.0100 0.2880 0.0100 0.1591 0.2694 0.2003 0.0100 0.0350 0.4162 0.0100 0.0952 0.0952 0.1046 0.0100 0.1249 0.0430 0.0100 0.0100 0.0100 0.0100 0.0100 0.1031 0.1533 0.0100 0.0696 0.1326 0.0401 0.0437 0.1716 0.1166 0.0681 0.0590 0.1374 0.1823 0.0141 0.1212 0.5207 0.1454 0.1421 0.0121 0.0853 0.1551 0.0986 0.0100 0.4708 0.2716 0.0488 0.0730 0.0577 0.0800 0.1837 0.0100 0.0100 0.4111 0.0100 0.3475 0.0100 0.0879 0.1263 0.0869 0.0566 0.0100 0.0100 0.0668 0.1528 0.0833 0.5061 0.5883 0.3990 0.0100 0.0100 0.1589 0.0860 0.3202 0.0722 0.3484 0.0566 0.1040 0.2037 0.0100 0.0819 0.0100 0.0100 0.0187 0.2215 0.2389 0.0103 0.0724 0.0100 0.0100 0.0599 0.2247 0.0100 0.5081 0.2626 0.8625 0.0645 0.5429 0.0588 0.1402 0.1708 0.1934 0.0698 0.1772 0.0649 0.1829 0.1190 0.1622 0.0119 0.1167 0.0100 0.0348 0.4827 1.1930 0.0408 0.1138 0.0838 0.1357 0.0753 0.0151 0.5888 0.1618 0.5571 1.2877 0.2809 6.5761 0.0100 0.5527 0.0100 0.0629 0.0390 0.0857 0.1510 0.0568 0.0100 0.0330 0.2174 0.1690 0.0707 0.0100 0.5311 0.6179 0.2007 0.0508 0.1009 0.0647 0.1094 0.0100 0.0100 0.4643 0.0100 0.5185 0.0100 0.2252 0.0776 0.2987 0.1290 0.1433 0.3813 0.2379 0.1835 0.2118 0.3564 0.1404 0.0974 0.2245 0.2233
0.0563 0.0100 0.0269 0.0574 0.0100 0.0341 0.0749 0.0472 0.0100 0.1100 0.0100 0.0289 0.0100 0.0100 0.0100 0.1017 0.0393 0.0100 0.0972 0.1668 0.0100 0.0100 0.0339 0.0930 0.0100 0.0100 0.0709 0.0100 0.0100 0.0355 0.0745 0.0100 0.1205 0.0100 0.1271 0.0100 0.0702 0.1189 0.0884 0.0100 0.0154 0.1892 0.0100 0.0420 0.0420 0.0461 0.0100 0.0551 0.0190 0.0100 0.0100 0.0100 0.0100 0.0100 0.0455 0.0676 0.0100 0.0307 0.0585 0.0177 0.0193 0.0757 0.0514 0.0301 0.0260 0.0606 0.0804 0.0100 0.0535 0.2298 0.0641 0.0627 0.0100 0.0376 0.0684 0.0435 0.0100 0.2077 0.1198 0.0215 0.0322 0.0255 0.0353 0.0811 0.0100 0.0100 0.1814 0.0100 0.1533 0.0100 0.0388 0.0557 0.0383 0.0250 0.0100 0.0100 0.0295 0.0674 0.0368 0.2233 0.2596 0.1760 0.0100 0.0100 0.0701 0.0380 0.1469 0.0319 0.1537 0.0250 0.0459 0.0899 0.0100 0.0362 0.0100 0.0100 0.0100 0.0977 0.1054 0.0100 0.0319 0.0100 0.0100 0.0264 0.0991 0.0100 0.2242 0.1159 0.3806 0.0285 0.2395 0.0259 0.0619 0.0754 0.0853 0.0308 0.0782 0.0287 0.0807 0.0525 0.0772 0.0100 0.0515 0.0100 0.0153 0.2130 0.5264 0.0180 0.0558 0.0370 0.0711 0.0332 0.0100 0.2598 0.0714 0.2514 0.5682 0.1239 2.9018 0.0100 0.2439 0.0100 0.0278 0.0172 0.0378 0.0666 0.0251 0.0100 0.0146 0.0959 0.0746 0.0312 0.0100 0.2343 0.2726 0.0886 0.0224 0.0445 0.0286 0.0483 0.0100 0.0100 0.2049 0.0100 0.2288 0.0100 0.0994 0.0342 0.1318 0.0569 0.0632 0.1682 0.1050 0.0809 0.0935 0.1573 0.0619 0.0430 0.0990 0.0985
0.0340 0.0100 0.0163 0.0347 0.0100 0.0245 0.0453 0.0285 0.0100 0.0665 0.0100 0.0175 0.0100 0.0100 0.0100 0.0732 0.0238 0.0100 0.0587 0.1201 0.0100 0.0100 0.0244 0.0669 0.0100 0.0100 0.0428 0.0100 0.0100 0.0214 0.0536 0.0100 0.0728 0.0100 0.0915 0.0100 0.0424 0.0718 0.0534 0.0100 0.0100 0.1183 0.0100 0.0302 0.0302 0.0332 0.0100 0.0397 0.0137 0.0100 0.0100 0.0100 0.0100 0.0100 0.0466 0.0409 0.0100 0.0186 0.0421 0.0127 0.0139 0.0776 0.0311 0.0182 0.0157 0.0437 0.0579 0.0100 0.0548 0.0826 0.0388 0.0379 0.0100 0.0271 0.0701 0.0446 0.0100 0.0747 0.0431 0.0155 0.0232 0.0183 0.0254 0.0830 0.0100 0.0100 0.0652 0.0100 0.0551 0.0100 0.0279 0.0401 0.0276 0.0180 0.0100 0.0100 0.0302 0.0690 0.0377 0.0803 0.0933 0.0633 0.0100 0.0100 0.0505 0.0389 0.1502 0.0326 0.0552 0.0100 0.0470 0.0647 0.0100 0.0370 0.0100 0.0100 0.0100 0.0351 0.0379 0.0100 0.0327 0.0100 0.0100 0.0271 0.1015 0.0100 0.2296 0.0416 0.1368 0.0102 0.0861 0.0266 0.0634 0.0772 0.0874 0.0315 0.0801 0.0294 0.0290 0.0538 0.0788 0.0100 0.0185 0.0100 0.0100 0.0765 0.1892 0.0184 0.0569 0.0379 0.0723 0.0340 0.0100 0.0934 0.0257 0.0968 0.2042 0.0445 1.9749 0.0100 0.5421 0.0100 0.0284 0.0176 0.0387 0.0682 0.0257 0.0100 0.0100 0.2470 0.1920 0.0319 0.0100 0.0842 0.0980 0.2281 0.0577 0.1146 0.0293 0.0494 0.0100 0.0100 0.0736 0.0100 0.0822 0.0100 0.2560 0.0882 0.1350 0.0583 0.0227 0.0605 0.0377 0.0291 0.0336 0.0565 0.1596 0.1107 0.2551 0.0354
0.0366 0.0100 0.0175 0.0374 0.0100 0.0264 0.0488 0.0307 0.0100 0.0716 0.0100 0.0188 0.0100 0.0100 0.0100 0.0789 0.0256 0.0100 0.0633 0.1294 0.0100 0.0100 0.0263 0.0721 0.0100 0.0100 0.0461 0.0100 0.0100 0.0231 0.0578 0.0100 0.0784 0.0100 0.0985 0.0100 0.0457 0.0774 0.0575 0.0100 0.0100 0.1267 0.0100 0.0326 0.0326 0.0358 0.0100 0.0428 0.0147 0.0100 0.0100 0.0100 0.0100 0.0100 0.0502 0.0440 0.0100 0.0200 0.0454 0.0137 0.0150 0.0835 0.0335 0.0196 0.0169 0.0470 0.0624 0.0100 0.0590 0.0890 0.0418 0.0408 0.0100 0.0292 0.0755 0.0480 0.0100 0.0804 0.0464 0.0167 0.0250 0.0198 0.0274 0.0894 0.0100 0.0100 0.0702 0.0100 0.0593 0.0100 0.0301 0.0432 0.0297 0.0194 0.0100 0.0100 0.0325 0.0744 0.0406 0.0864 0.1005 0.0682 0.0100 0.0100 0.0544 0.0419 0.1610 0.0352 0.0595 0.0100 0.0506 0.0697 0.0100 0.0399 0.0100 0.0100 0.0100 0.0378 0.0408 0.0100 0.0352 0.0100 0.0100 0.0292 0.1094 0.0100 0.2473 0.0449 0.1473 0.0110 0.0927 0.0286 0.0683 0.0831 0.0942 0.0340 0.0863 0.0316 0.0312 0.0579 0.0841 0.0100 0.0199 0.0100 0.0100 0.0824 0.2038 0.0198 0.0605 0.0408 0.0763 0.0367 0.0100 0.1006 0.0276 0.1035 0.2200 0.0480 2.1273 0.0100 0.5839 0.0100 0.0306 0.0190 0.0417 0.0735 0.0277 0.0100 0.0100 0.2661 0.2069 0.0344 0.0100 0.0907 0.1055 0.2457 0.0621 0.1235 0.0315 0.0532 0.0100 0.0100 0.0793 0.0100 0.0886 0.0100 0.2757 0.0950 0.1454 0.0628 0.0245 0.0651 0.0406 0.0313 0.0362 0.0609 0.1719 0.1193 0.2748 0.0381
0.0157 0.0100 0.0100 0.0160 0.0100 0.0113 0.0209 0.0132 0.0100 0.0308 0.0100 0.0100 0.0100 0.0100 0.0100 0.0339 0.0110 0.0100 0.0272 0.0556 0.0100 0.0100 0.0113 0.0310 0.0100 0.0100 0.0198 0.0100 0.0100 0.0100 0.0248 0.0100 0.0337 0.0100 0.0423 0.0100 0.0196 0.0332 0.0247 0.0100 0.0100 0.0601 0.0100 0.0140 0.0140 0.0154 0.0100 0.0184 0.0100 0.0100 0.0100 0.0100 0.0100 0.0100 0.0215 0.0189 0.0100 0.0100 0.0195 0.0100 0.0100 0.0359 0.0144 0.0100 0.0100 0.0202 0.0268 0.0100 0.0254 0.0382 0.0179 0.0175 0.0100 0.0125 0.0324 0.0206 0.0100 0.0345 0.0199 0.0100 0.0107 0.0100 0.0118 0.0384 0.0100 0.0100 0.0302 0.0100 0.0255 0.0100 0.0129 0.0186 0.0128 0.0100 0.0100 0.0100 0.0140 0.0319 0.0174 0.0371 0.0432 0.0293 0.0100 0.0100 0.0233 0.0180 0.0749 0.0151 0.0256 0.0100 0.0217 0.0299 0.0100 0.0171 0.0100 0.0100 0.0100 0.0163 0.0175 0.0100 0.0151 0.0100 0.0100 0.0125 0.0470 0.0100 0.1062 0.0193 0.0633 0.0100 0.0398 0.0123 0.0293 0.0357 0.0404 0.0146 0.0370 0.0136 0.0134 0.0249 0.0418 0.0100 0.0100 0.0100 0.0100 0.0360 0.0875 0.0100 0.0317 0.0175 0.0442 0.0158 0.0100 0.0432 0.0119 0.0501 0.0945 0.0206 0.9138 0.0100 0.2508 0.0100 0.0132 0.0100 0.0179 0.0316 0.0119 0.0100 0.0100 0.1143 0.0888 0.0148 0.0100 0.0390 0.0453 0.1055 0.0267 0.0530 0.0135 0.0229 0.0100 0.0100 0.0341 0.0100 0.0380 0.0100 0.1184 0.0408 0.0625 0.0270 0.0105 0.0280 0.0175 0.0135 0.0155 0.0261 0.0738 0.0512 0.1181 0.0164
0.0245 0.0100 0.0117 0.0250 0.0100 0.0210 0.0326 0.0206 0.0100 0.0479 0.0100 0.0126 0.0100 0.0100 0.0100 0.0629 0.0171 0.0100 0.0423 0.1031 0.0100 0.0100 0.0209 0.0575 0.0100 0.0100 0.0308 0.0100 0.0100 0.0154 0.0460 0.0100 0.0525 0.0100 0.0785 0.0100 0.0306 0.0518 0.0385 0.0100 0.0100 0.0880 0.0100 0.0260 0.0260 0.0285 0.0100 0.0341 0.0117 0.0100 0.0100 0.0100 0.0100 0.0100 0.0520 0.0295 0.0100 0.0134 0.0362 0.0109 0.0119 0.0866 0.0224 0.0131 0.0113 0.0375 0.0497 0.0100 0.0612 0.0374 0.0279 0.0273 0.0100 0.0233 0.0783 0.0498 0.0100 0.0338 0.0195 0.0133 0.0199 0.0157 0.0218 0.0927 0.0100 0.0100 0.0295 0.0100 0.0249 0.0100 0.0240 0.0344 0.0237 0.0155 0.0100 0.0100 0.0337 0.0771 0.0421 0.0363 0.0422 0.0286 0.0100 0.0100 0.0433 0.0434 0.1666 0.0365 0.0250 0.0100 0.0525 0.0556 0.0100 0.0414 0.0100 0.0100 0.0100 0.0159 0.0171 0.0100 0.0365 0.0100 0.0100 0.0302 0.1134 0.0100 0.2565 0.0188 0.0619 0.0100 0.0389 0.0297 0.0708 0.0862 0.0976 0.0352 0.0894 0.0328 0.0131 0.0600 0.0868 0.0100 0.0100 0.0100 0.0100 0.0354 0.0856 0.0206 0.0624 0.0423 0.0784 0.0380 0.0100 0.0422 0.0116 0.0493 0.0924 0.0202 1.3637 0.0100 0.1696 0.0100 0.0317 0.0197 0.0432 0.0762 0.0287 0.0100 0.0100 0.0540 0.0420 0.0357 0.0100 0.0381 0.0443 0.0499 0.0126 0.0251 0.0327 0.0552 0.0100 0.0100 0.0333 0.0100 0.0372 0.0100 0.0560 0.0193 0.1508 0.0651 0.0103 0.0273 0.0171 0.0132 0.0152 0.0256 0.0349 0.0242 0.0558 0.0160
0.0330 0.0100 0.0158 0.0337 0.0100 0.0283 0.0439 0.0277 0.0100 0.0645 0.0100 0.0170 0.0100 0.0100 0.0100 0.0846 0.0230 0.0100 0.0570 0.1388 0.0100 0.0100 0.0282 0.0774 0.0100 0.0100 0.0415 0.0100 0.0100 0.0208 0.0620 0.0100 0.0706 0.0100 0.1057 0.0100 0.0411 0.0697 0.0518 0.0100 0.0100 0.1150 0.0100 0.0350 0.0350 0.0384 0.0100 0.0459 0.0158 0.0100 0.0100 0.0100 0.0100 0.0100 0.0700 0.0396 0.0100 0.0180 0.0487 0.0147 0.0160 0.1166 0.0301 0.0176 0.0152 0.0505 0.0669 0.0100 0.0824 0.0503 0.0376 0.0367 0.0100 0.0313 0.1053 0.0670 0.0100 0.0455 0.0262 0.0179 0.0268 0.0212 0.0294 0.1248 0.0100 0.0100 0.0397 0.0100 0.0336 0.0100 0.0323 0.0464 0.0319 0.0208 0.0100 0.0100 0.0454 0.1038 0.0566 0.0489 0.0568 0.0385 0.0100 0.0100 0.0583 0.0585 0.2208 0.0491 0.0336 0.0100 0.0706 0.0748 0.0100 0.0557 0.0100 0.0100 0.0127 0.0214 0.0231 0.0100 0.0492 0.0100 0.0100 0.0407 0.1527 0.0100 0.3452 0.0254 0.0833 0.0100 0.0524 0.0399 0.0953 0.1160 0.1314 0.0474 0.1204 0.0441 0.0177 0.0808 0.1134 0.0100 0.0113 0.0100 0.0100 0.0466 0.1152 0.0277 0.0805 0.0570 0.0986 0.0512 0.0103 0.0569 0.0156 0.0628 0.1244 0.0271 1.8357 0.0100 0.2283 0.0100 0.0427 0.0265 0.0582 0.1026 0.0386 0.0100 0.0100 0.0727 0.0566 0.0480 0.0100 0.0513 0.0597 0.0672 0.0170 0.0338 0.0440 0.0743 0.0100 0.0100 0.0448 0.0100 0.0501 0.0100 0.0754 0.0260 0.2029 0.0877 0.0138 0.0368 0.0230 0.0177 0.0204 0.0344 0.0470 0.0326 0.0751 0.0216
0.0100 0.0100 0.0100 0.0100 0.0100 0.0100 0.0100 0.0100 0.0100 0.0100 0.0100 0.0100 0.0100 0.0100 0.0100 0.0100 0.0100 0.0100 0.0100 0.0100 0.0100 0.0100 0.0100 0.0100 0.0100 0.0100 0.0100 0.0100 0.0100 0.0100 0.0100 0.0100 0.0100 0.0100 0.0100 0.0100 0.0100 0.0100 0.0100 0.0100 0.0100 0.0200 0.0100 0.0100 0.0100 0.0100 0.0100 0.0100 0.0100 0.0100 0.0100 0.0100 0.0100 0.0100 0.0100 0.0100 0.0100 0.0100 0.0100 0.0100 0.0100 0.0100 0.0100 0.0100 0.0100 0.0100 0.0100 0.0100 0.0100 0.0100 0.0100 0.0100 0.0100 0.0100 0.0100 0.0100 0.0100 0.0100 0.0100 0.0100 0.0100 0.0100 0.0100 0.0100 0.0100 0.0100 0.0100 0.0100 0.0100 0.0100 0.0100 0.0100 0.0100 0.0100 0.0100 0.0100 0.0100 0.0100 0.0100 0.0100 0.0100 0.0100 0.0100 0.0100 0.0100 0.0100 0.0200 0.0100 0.0100 0.0100 0.0100 0.0100 0.0100 0.0100 0.0100 0.0100 0.0100 0.0100 0.0100 0.0100 0.0100 0.0100 0.0100 0.0100 0.0200 0.0100 0.0100 0.0100 0.0100 0.0100 0.0100 0.0100 0.0100 0.0200 0.0100 0.0100 0.0100 0.0100 0.0100 0.0100 0.0200 0.0100 0.0100 0.0100 0.0100 0.0200 0.0100 0.0100 0.0200 0.0100 0.0300 0.0100 0.0100 0.0100 0.0100 0.0200 0.0100 0.0100 0.0191 0.0100 0.0200 0.0100 0.0100 0.0100 0.0100 0.0100 0.0100 0.0100 0.0100 0.0100 0.0100 0.0100 0.0100 0.0100 0.0100 0.0100 0.0100 0.0100 0.0100 0.0100 0.0100 0.0100 0.0100 0.0100 0.0100 0.0100 0.0100 0.0100 0.0200 0.0100 0.0100 0.0100 0.0100 0.0100 0.0100 0.0100 0.0100 0.0100 0.0100 0.0100
0.0100 0.0100 0.0100 0.0100 0.0100 0.0100 0.0100 0.0100 0.0100 0.0100 0.0100 0.0100 0.0100 0.0100 0.0100 0.0100 0.0100 0.0100 0.0100 0.0100 0.0100 0.0100 0.0100 0.0100 0.0100 0.0100 0.0100 0.0100 0.0100 0.0100 0.0100 0.0100 0.0100 0.0100 0.0100 0.0100 0.0100 0.0100 0.0100 0.0100 0.0100 0.0203 0.0100 0.0100 0.0100 0.0100 0.0100 0.0100 0.0100 0.0100 0.0100 0.0100 0.0100 0.0100 0.0100 0.0100 0.0100 0.0100 0.0100 0.0100 0.0100 0.0100 0.0100 0.0100 0.0100 0.0100 0.0100 0.0100 0.0100 0.0132 0.0100 0.0100 0.0100 0.0100 0.0100 0.0100 0.0100 0.0120 0.0100 0.0100 0.0100 0.0100 0.0100 0.0100 0.0100 0.0100 0.0104 0.0100 0.0100 0.0100 0.0100 0.0100 0.0100 0.0100 0.0100 0.0100 0.0100 0.0100 0.0100 0.0129 0.0149 0.0101 0.0100 0.0100 0.0100 0.0100 0.0200 0.0100 0.0100 0.0100 0.0100 0.0100 0.0100 0.0100 0.0100 0.0100 0.0100 0.0100 0.0100 0.0100 0.0100 0.0100 0.0100 0.0100 0.0200 0.0100 0.0129 0.0100 0.0219 0.0100 0.0138 0.0100 0.0100 0.0200 0.0100 0.0100 0.0100 0.0100 0.0100 0.0100 0.0200 0.0100 0.0100 0.0100 0.0100 0.0200 0.0303 0.0100 0.0200 0.0100 0.0300 0.0100 0.0100 0.0150 0.0100 0.0239 0.0327 0.0100 0.1671 0.0100 0.0209 0.0100 0.0100 0.0100 0.0100 0.0100 0.0100 0.0100 0.0100 0.0100 0.0100 0.0100 0.0100 0.0135 0.0157 0.0100 0.0100 0.0100 0.0100 0.0100 0.0100 0.0100 0.0118 0.0100 0.0132 0.0100 0.0100 0.0100 0.0200 0.0100 0.0100 0.0100 0.0100 0.0100 0.0100 0.0100 0.0100 0.0100 0.0100 0.0100
0.0732 0.0100 0.0350 0.0747 0.0100 0.0443 0.0975 0.0614 0.0100 0.1431 0.0100 0.0377 0.0100 0.0100 0.0100 0.1323 0.0511 0.0100 0.1265 0.2170 0.0100 0.0100 0.0440 0.1209 0.0100 0.0100 0.0922 0.0100 0.0100 0.0461 0.0969 0.0100 0.1567 0.0100 0.1653 0.0100 0.0913 0.1546 0.1149 0.0100 0.0201 0.2431 0.0100 0.0546 0.0546 0.0600 0.0100 0.0717 0.0247 0.0100 0.0100 0.0100 0.0100 0.0100 0.0592 0.0880 0.0100 0.0399 0.0761 0.0230 0.0251 0.0985 0.0669 0.0391 0.0338 0.0789 0.1046 0.0100 0.0696 0.2989 0.0834 0.0816 0.0100 0.0490 0.0890 0.0566 0.0100 0.2702 0.1559 0.0280 0.0419 0.0331 0.0459 0.1054 0.0100 0.0100 0.2359 0.0100 0.1994 0.0100 0.0505 0.0725 0.0499 0.0325 0.0100 0.0100 0.0384 0.0877 0.0478 0.2905 0.3377 0.2290 0.0100 0.0100 0.0912 0.0494 0.1880 0.0415 0.1999 0.0325 0.0597 0.1169 0.0100 0.0470 0.0100 0.0100 0.0107 0.1271 0.1371 0.0100 0.0416 0.0100 0.0100 0.0344 0.1290 0.0100 0.2916 0.1507 0.4950 0.0370 0.3116 0.0337 0.0805 0.0980 0.1110 0.0400 0.1017 0.0373 0.1050 0.0683 0.0974 0.0100 0.0670 0.0100 0.0200 0.2770 0.6847 0.0234 0.0696 0.0481 0.0864 0.0432 0.0100 0.3380 0.0929 0.3240 0.7391 0.1612 3.7744 0.0100 0.3172 0.0100 0.0361 0.0224 0.0492 0.0867 0.0326 0.0100 0.0189 0.1247 0.0970 0.0406 0.0100 0.3048 0.3546 0.1152 0.0291 0.0579 0.0372 0.0628 0.0100 0.0100 0.2665 0.0100 0.2976 0.0100 0.1292 0.0445 0.1714 0.0741 0.0823 0.2188 0.1365 0.1053 0.1216 0.2046 0.0806 0.0559 0.1288 0.1281
0.0100 0.0100 0.0100 0.0100 0.0100 0.0100 0.0100 0.0100 0.0100 0.0100 0.0100 0.0100 0.0100 0.0100 0.0100 0.0100 0.0100 0.0100 0.0100 0.0100 0.0100 0.0100 0.0100 0.0100 0.0100 0.0100 0.0100 0.0100 0.0100 0.0100 0.0100 0.0100 0.0100 0.0100 0.0100 0.0100 0.0100 0.0100 0.0100 0.0100 0.0100 0.0200 0.0100 0.0100 0.0100 0.0100 0.0100 0.0100 0.0100 0.0100 0.0100 0.0100 0.0100 0.0100 0.0100 0.0100 0.0100 0.0100 0.0100 0.0100 0.0100 0.0100 0.0100 0.0100 0.0100 0.0100 0.0100 0.0100 0.0100 0.0100 0.0100 0.0100 0.0100 0.0100 0.0100 0.0100 0.0100 0.0100 0.0100 0.0100 0.0100 0.0100 0.0100 0.0100 0.0100 0.0100 0.0100 0.0100 0.0100 0.0100 0.0100 0.0100 0.0100 0.0100 0.0100 0.0100 0.0100 0.0100 0.0100 0.0100 0.0100 0.0100 0.0100 0.0100 0.0100 0.0100 0.0200 0.0100 0.0100 0.0100 0.0100 0.0100 0.0100 0.0100 0.0100 0.0100 0.0100 0.0100 0.0100 0.0100 0.0100 0.0100 0.0100 0.0100 0.0200 0.0100 0.0100 0.0100 0.0100 0.0100 0.0100 0.0100 0.0100 0.0200 0.0100 0.0100 0.0100 0.0100 0.0100 0.0100 0.0200 0.0100 0.0100 0.0100 0.0100 0.0200 0.0100 0.0100 0.0200 0.0100 0.0300 0.0100 0.0100 0.0100 0.0100 0.0200 0.0100 0.0100 0.0100 0.0100 0.0200 0.0100 0.0100 0.0100 0.0100 0.0100 0.0100 0.0100 0.0100 0.0100 0.0100 0.0100 0.0100 0.0100 0.0100 0.0100 0.0100 0.0100 0.0100 0.0100 0.0100 0.0100 0.0100 0.0100 0.0100 0.0100 0.0100 0.0100 0.0200 0.0100 0.0100 0.0100 0.0100 0.0100 0.0100 0.0100 0.0100 0.0100 0.0100 0.0100
0.0371 0.0100 0.0178 0.0379 0.0100 0.0225 0.0494 0.0311 0.0100 0.0726 0.0100 0.0191 0.0100 0.0100 0.0100 0.0671 0.0259 0.0100 0.0641 0.1100 0.0100 0.0100 0.0223 0.0613 0.0100 0.0100 0.0467 0.0100 0.0100 0.0234 0.0491 0.0100 0.0795 0.0100 0.0838 0.0100 0.0463 0.0784 0.0583 0.0100 0.0102 0.1282 0.0100 0.0277 0.0277 0.0304 0.0100 0.0364 0.0125 0.0100 0.0100 0.0100 0.0100 0.0100 0.0300 0.0446 0.0100 0.0202 0.0386 0.0117 0.0127 0.0499 0.0339 0.0198 0.0172 0.0400 0.0531 0.0100 0.0353 0.1515 0.0423 0.0413 0.0100 0.0248 0.0451 0.0287 0.0100 0.1370 0.0790 0.0142 0.0212 0.0168 0.0233 0.0535 0.0100 0.0100 0.1196 0.0100 0.1011 0.0100 0.0256 0.0367 0.0253 0.0165 0.0100 0.0100 0.0194 0.0445 0.0243 0.1473 0.1712 0.1161 0.0100 0.0100 0.0462 0.0250 0.1003 0.0210 0.1014 0.0165 0.0302 0.0593 0.0100 0.0238 0.0100 0.0100 0.0100 0.0645 0.0695 0.0100 0.0211 0.0100 0.0100 0.0174 0.0654 0.0100 0.1479 0.0764 0.2510 0.0188 0.1580 0.0171 0.0408 0.0497 0.0563 0.0203 0.0516 0.0189 0.0532 0.0346 0.0543 0.0100 0.0340 0.0100 0.0101 0.1405 0.3472 0.0119 0.0402 0.0244 0.0537 0.0219 0.0100 0.1714 0.0471 0.1692 0.3747 0.0817 1.9138 0.0100 0.1608 0.0100 0.0183 0.0113 0.0249 0.0439 0.0165 0.0100 0.0100 0.0633 0.0492 0.0206 0.0100 0.1546 0.1798 0.0584 0.0148 0.0294 0.0188 0.0318 0.0100 0.0100 0.1351 0.0100 0.1509 0.0100 0.0655 0.0226 0.0869 0.0376 0.0417 0.1109 0.0692 0.0534 0.0616 0.1037 0.0408 0.0284 0.0653 0.0650
0.0100 0.0100 0.0100 0.0100 0.0100 0.0100 0.0100 0.0100 0.0100 0.0100 0.0100 0.0100 0.0100 0.0100 0.0100 0.0100 0.0100 0.0100 0.0100 0.0100 0.0100 0.0100 0.0100 0.0100 0.0100 0.0100 0.0100 0.0100 0.0100 0.0100 0.0100 0.0100 0.0100 0.0100 0.0100 0.0100 0.0100 0.0100 0.0100 0.0100 0.0100 0.0200 0.0100 0.0100 0.0100 0.0100 0.0100 0.0100 0.0100 0.0100 0.0100 0.0100 0.0100 0.0100 0.0100 0.0100 0.0100 0.0100 0.0100 0.0100 0.0100 0.0100 0.0100 0.0100 0.0100 0.0100 0.0100 0.0100 0.0100 0.0100 0.0100 0.0100 0.0100 0.0100 0.0100 0.0100 0.0100 0.0100 0.0100 0.0100 0.0100 0.0100 0.0100 0.0100 0.0100 0.0100 0.0100 0.0100 0.0100 0.0100 0.0100 0.0100 0.0100 0.0100 0.0100 0.0100 0.0100 0.0100 0.0100 0.0100 0.0100 0.0100 0.0100 0.0100 0.0100 0.0100 0.0200 0.0100 0.0100 0.0100 0.0100 0.0100 0.0100 0.0100 0.0100 0.0100 0.0100 0.0100 0.0100 0.0100 0.0100 0.0100 0.0100 0.0100 0.0200 0.0100 0.0100 0.0100 0.0100 0.0100 0.0100 0.0100 0.0100 0.0200 0.0100 0.0100 0.0100 0.0100 0.0100 0.0100 0.0200 0.0100 0.0100 0.0100 0.0100 0.0200 0.0100 0.0100 0.0200 0.0100 0.0300 0.0100 0.0100 0.0100 0.0100 0.0200 0.0100 0.0100 0.0100 0.0100 0.0200 0.0100 0.0100 0.0100 0.0100 0.0100 0.0100 0.0100 0.0100 0.0100 0.0100 0.0100 0.0100 0.0100 0.0100 0.0100 0.0100 0.0100 0.0100 0.0100 0.0100 0.0100 0.0100 0.0100 0.0100 0.0100 0.0100 0.0100 0.0200 0.0100 0.0100 0.0100 0.0100 0.0100 0.0100 0.0100 0.0100 0.0100 0.0100 0.0100
0.0902 0.0100 0.0432 0.0921 0.0100 0.0651 0.1202 0.0757 0.0100 0.1765 0.0100 0.0464 0.0100 0.0100 0.0100 0.1944 0.0630 0.0100 0.1559 0.3187 0.0100 0.0100 0.0647 0.1777 0.0100 0.0100 0.1137 0.0100 0.0100 0.0569 0.1423 0.0100 0.1933 0.0100 0.2428 0.0100 0.1126 0.1906 0.1417 0.0100 0.0247 0.2974 0.0100 0.0803 0.0803 0.0882 0.0100 0.1053 0.0362 0.0100 0.0100 0.0100 0.0100 0.0100 0.1236 0.1085 0.0100 0.0492 0.1118 0.0338 0.0369 0.2058 0.0825 0.0482 0.0417 0.1159 0.1537 0.0169 0.1454 0.2191 0.1029 0.1006 0.0102 0.0719 0.1860 0.1183 0.0100 0.1981 0.1143 0.0411 0.0616 0.0487 0.0674 0.2203 0.0100 0.0100 0.1730 0.0100 0.1462 0.0100 0.0741 0.1065 0.0733 0.0478 0.0100 0.0100 0.0802 0.1832 0.1000 0.2130 0.2476 0.1679 0.0100 0.0100 0.1339 0.1032 0.3820 0.0866 0.1466 0.0238 0.1247 0.1717 0.0100 0.0983 0.0100 0.0100 0.0225 0.0932 0.1005 0.0100 0.0868 0.0100 0.0100 0.0719 0.2695 0.0100 0.6094 0.1105 0.3629 0.0271 0.2284 0.0705 0.1682 0.2048 0.2320 0.0837 0.2125 0.0779 0.0770 0.1427 0.1926 0.0143 0.0491 0.0100 0.0146 0.2031 0.5021 0.0489 0.1345 0.1006 0.1588 0.0903 0.0181 0.2478 0.0681 0.2402 0.5419 0.1182 5.2409 0.0100 1.4386 0.0100 0.0754 0.0468 0.1028 0.1811 0.0681 0.0100 0.0139 0.6556 0.5096 0.0848 0.0100 0.2235 0.2600 0.6053 0.1531 0.3042 0.0776 0.1312 0.0100 0.0100 0.1954 0.0100 0.2182 0.0100 0.6792 0.2340 0.3583 0.1548 0.0603 0.1604 0.1001 0.0772 0.0891 0.1500 0.4234 0.2938 0.6771 0.0940
0.0100 0.0100 0.0100 0.0100 0.0100 0.0100 0.0114 0.0100 0.0100 0.0167 0.0100 0.0100 0.0100 0.0100 0.0100 0.0184 0.0100 0.0100 0.0148 0.0302 0.0100 0.0100 0.0100 0.0169 0.0100 0.0100 0.0108 0.0100 0.0100 0.0100 0.0135 0.0100 0.0183 0.0100 0.0230 0.0100 0.0107 0.0181 0.0134 0.0100 0.0100 0.0373 0.0100 0.0100 0.0100 0.0100 0.0100 0.0100 0.0100 0.0100 0.0100 0.0100 0.0100 0.0100 0.0117 0.0103 0.0100 0.0100 0.0106 0.0100 0.0100 0.0195 0.0100 0.0100 0.0100 0.0110 0.0146 0.0100 0.0138 0.0208 0.0100 0.0100 0.0100 0.0100 0.0176 0.0112 0.0100 0.0188 0.0108 0.0100 0.0100 0.0100 0.0100 0.0209 0.0100 0.0100 0.0164 0.0100 0.0139 0.0100 0.0100 0.0101 0.0100 0.0100 0.0100 0.0100 0.0100 0.0174 0.0100 0.0202 0.0235 0.0159 0.0100 0.0100 0.0127 0.0100 0.0453 0.0100 0.0139 0.0100 0.0118 0.0163 0.0100 0.0100 0.0100 0.0100 0.0100 0.0100 0.0100 0.0100 0.0100 0.0100 0.0100 0.0100 0.0255 0.0100 0.0578 0.0105 0.0344 0.0100 0.0217 0.0100 0.0159 0.0202 0.0220 0.0100 0.0202 0.0100 0.0100 0.0135 0.0273 0.0100 0.0100 0.0100 0.0100 0.0241 0.0476 0.0100 0.0218 0.0100 0.0332 0.0100 0.0100 0.0235 0.0100 0.0318 0.0514 0.0112 0.4971 0.0100 0.1364 0.0100 0.0100 0.0100 0.0100 0.0172 0.0100 0.0100 0.0100 0.0622 0.0483 0.0100 0.0100 0.0212 0.0247 0.0574 0.0145 0.0289 0.0100 0.0124 0.0100 0.0100 0.0185 0.0100 0.0207 0.0100 0.0644 0.0222 0.0340 0.0147 0.0100 0.0152 0.0100 0.0100 0.0100 0.0142 0.0402 0.0279 0.0642 0.0100
0.0962 0.0200 0.0494 0.0982 0.0200 0.0827 0.1282 0.0808 0.0200 0.1882 0.0200 0.0524 0.0200 0.0200 0.0200 0.2470 0.0675 0.0200 0.1663 0.4051 0.0200 0.0200 0.0822 0.2258 0.0200 0.0200 0.1212 0.0200 0.0200 0.0619 0.1808 0.0200 0.2061 0.0200 0.3085 0.0200 0.1201 0.2033 0.1511 0.0200 0.0326 0.3266 0.0200 0.1020 0.1020 0.1121 0.0200 0.1339 0.0494 0.0200 0.0200 0.0200 0.0200 0.0200 0.2043 0.1157 0.0200 0.0549 0.1420 0.0468 0.0501 0.3403 0.0880 0.0540 0.0481 0.1473 0.1953 0.0339 0.2403 0.1467 0.1097 0.1072 0.0211 0.0914 0.3074 0.1956 0.0200 0.1327 0.0765 0.0547 0.0782 0.0629 0.0857 0.3642 0.0200 0.0200 0.1158 0.0200 0.0979 0.0200 0.0942 0.1353 0.0931 0.0619 0.0200 0.0200 0.1325 0.3029 0.1653 0.1426 0.1658 0.1124 0.0200 0.0200 0.1702 0.1706 0.6350 0.1432 0.0982 0.0236 0.2061 0.2182 0.0200 0.1625 0.0200 0.0200 0.0418 0.0634 0.0676 0.0200 0.1436 0.0200 0.0200 0.1188 0.4455 0.0200 1.0073 0.0740 0.2430 0.0255 0.1530 0.1165 0.2780 0.3386 0.3835 0.1383 0.3513 0.1288 0.0541 0.2359 0.3218 0.0302 0.0381 0.0200 0.0200 0.1408 0.3362 0.0808 0.2259 0.1662 0.2694 0.1494 0.0357 0.1659 0.0490 0.1742 0.3629 0.0791 5.3567 0.0200 0.6663 0.0200 0.1247 0.0773 0.1699 0.2994 0.1126 0.0200 0.0200 0.2123 0.1650 0.1401 0.0200 0.1497 0.1741 0.1960 0.0524 0.0985 0.1283 0.2169 0.0200 0.0200 0.1308 0.0200 0.1461 0.0200 0.2199 0.0757 0.5922 0.2559 0.0445 0.1074 0.0673 0.0542 0.0611 0.1004 0.1371 0.0951 0.2192 0.0638
0.0327 0.0100 0.0157 0.0334 0.0100 0.0282 0.0436 0.0275 0.0100 0.0640 0.0100 0.0169 0.0100 0.0100 0.0100 0.0841 0.0229 0.0100 0.0566 0.1379 0.0100 0.0100 0.0280 0.0768 0.0100 0.0100 0.0413 0.0100 0.0100 0.0206 0.0616 0.0100 0.0701 0.0100 0.1050 0.0100 0.0409 0.0692 0.0514 0.0100 0.0100 0.1143 0.0100 0.0347 0.0347 0.0382 0.0100 0.0456 0.0157 0.0100 0.0100 0.0100 0.0100 0.0100 0.0696 0.0394 0.0100 0.0179 0.0483 0.0146 0.0159 0.1158 0.0299 0.0175 0.0152 0.0501 0.0665 0.0100 0.0818 0.0500 0.0373 0.0365 0.0100 0.0311 0.1046 0.0666 0.0100 0.0452 0.0261 0.0178 0.0266 0.0210 0.0292 0.1240 0.0100 0.0100 0.0394 0.0100 0.0333 0.0100 0.0321 0.0461 0.0317 0.0207 0.0100 0.0100 0.0451 0.1031 0.0562 0.0485 0.0564 0.0383 0.0100 0.0100 0.0579 0.0581 0.2193 0.0487 0.0334 0.0100 0.0702 0.0743 0.0100 0.0553 0.0100 0.0100 0.0126 0.0212 0.0229 0.0100 0.0489 0.0100 0.0100 0.0404 0.1516 0.0100 0.3429 0.0252 0.0827 0.0100 0.0521 0.0397 0.0946 0.1153 0.1305 0.0471 0.1196 0.0438 0.0175 0.0803 0.1127 0.0100 0.0112 0.0100 0.0100 0.0463 0.1144 0.0275 0.0801 0.0566 0.0981 0.0508 0.0102 0.0565 0.0155 0.0625 0.1235 0.0269 1.8233 0.0100 0.2268 0.0100 0.0424 0.0263 0.0578 0.1019 0.0383 0.0100 0.0100 0.0722 0.0562 0.0477 0.0100 0.0509 0.0593 0.0667 0.0169 0.0335 0.0437 0.0738 0.0100 0.0100 0.0445 0.0100 0.0497 0.0100 0.0748 0.0258 0.2016 0.0871 0.0137 0.0366 0.0228 0.0176 0.0203 0.0342 0.0467 0.0324 0.0746 0.0214
0.0180 0.0100 0.0100 0.0183 0.0100 0.0109 0.0239 0.0151 0.0100 0.0351 0.0100 0.0100 0.0100 0.0100 0.0100 0.0325 0.0126 0.0100 0.0311 0.0533 0.0100 0.0100 0.0108 0.0297 0.0100 0.0100 0.0226 0.0100 0.0100 0.0113 0.0238 0.0100 0.0385 0.0100 0.0406 0.0100 0.0224 0.0380 0.0282 0.0100 0.0100 0.0673 0.0100 0.0134 0.0134 0.0147 0.0100 0.0176 0.0100 0.0100 0.0100 0.0100 0.0100 0.0100 0.0145 0.0216 0.0100 0.0100 0.0187 0.0100 0.0100 0.0242 0.0164 0.0100 0.0100 0.0194 0.0257 0.0100 0.0171 0.0734 0.0205 0.0200 0.0100 0.0120 0.0219 0.0139 0.0100 0.0664 0.0383 0.0100 0.0103 0.0100 0.0113 0.0259 0.0100 0.0100 0.0579 0.0100 0.0490 0.0100 0.0124 0.0178 0.0122 0.0100 0.0100 0.0100 0.0100 0.0215 0.0117 0.0713 0.0829 0.0562 0.0100 0.0100 0.0224 0.0121 0.0537 0.0102 0.0491 0.0100 0.0146 0.0287 0.0100 0.0115 0.0100 0.0100 0.0100 0.0312 0.0337 0.0100 0.0102 0.0100 0.0100 0.0100 0.0317 0.0100 0.0716 0.0370 0.1216 0.0100 0.0765 0.0100 0.0198 0.0241 0.0273 0.0100 0.0250 0.0100 0.0258 0.0168 0.0314 0.0100 0.0164 0.0100 0.0100 0.0680 0.1681 0.0100 0.0246 0.0118 0.0363 0.0106 0.0100 0.0830 0.0228 0.0871 0.1815 0.0396 0.9269 0.0100 0.0779 0.0100 0.0100 0.0100 0.0121 0.0213 0.0100 0.0100 0.0100 0.0306 0.0238 0.0100 0.0100 0.0748 0.0871 0.0283 0.0100 0.0142 0.0100 0.0154 0.0100 0.0100 0.0654 0.0100 0.0731 0.0100 0.0317 0.0109 0.0421 0.0182 0.0202 0.0537 0.0335 0.0259 0.0299 0.0502 0.0198 0.0137 0.0316 0.0315
0.0548 0.0100 0.0263 0.0560 0.0100 0.0332 0.0731 0.0460 0.0100 0.1073 0.0100 0.0282 0.0100 0.0100 0.0100 0.0992 0.0383 0.0100 0.0948 0.1626 0.0100 0.0100 0.0330 0.0906 0.0100 0.0100 0.0691 0.0100 0.0100 0.0346 0.0726 0.0100 0.1175 0.0100 0.1239 0.0100 0.0684 0.1159 0.0861 0.0100 0.0150 0.1847 0.0100 0.0410 0.0410 0.0450 0.0100 0.0537 0.0185 0.0100 0.0100 0.0100 0.0100 0.0100 0.0443 0.0659 0.0100 0.0299 0.0570 0.0173 0.0188 0.0738 0.0502 0.0293 0.0254 0.0591 0.0784 0.0100 0.0521 0.2240 0.0625 0.0611 0.0100 0.0367 0.0667 0.0424 0.0100 0.2025 0.1168 0.0210 0.0314 0.0248 0.0344 0.0790 0.0100 0.0100 0.1768 0.0100 0.1495 0.0100 0.0378 0.0543 0.0374 0.0244 0.0100 0.0100 0.0288 0.0657 0.0358 0.2177 0.2531 0.1716 0.0100 0.0100 0.0683 0.0370 0.1434 0.0311 0.1499 0.0244 0.0447 0.0876 0.0100 0.0352 0.0100 0.0100 0.0100 0.0953 0.1027 0.0100 0.0312 0.0100 0.0100 0.0258 0.0966 0.0100 0.2186 0.1130 0.3710 0.0277 0.2335 0.0253 0.0603 0.0735 0.0832 0.0300 0.0762 0.0279 0.0787 0.0512 0.0755 0.0100 0.0502 0.0100 0.0150 0.2076 0.5132 0.0175 0.0547 0.0361 0.0698 0.0324 0.0100 0.2533 0.0696 0.2453 0.5539 0.1208 2.8288 0.0100 0.2377 0.0100 0.0271 0.0168 0.0369 0.0649 0.0244 0.0100 0.0142 0.0935 0.0727 0.0304 0.0100 0.2284 0.2658 0.0863 0.0218 0.0434 0.0278 0.0471 0.0100 0.0100 0.1997 0.0100 0.2231 0.0100 0.0969 0.0334 0.1285 0.0555 0.0617 0.1640 0.1023 0.0789 0.0911 0.1533 0.0604 0.0419 0.0966 0.0960
0.0216 0.0100 0.0103 0.0220 0.0100 0.0131 0.0288 0.0181 0.0100 0.0422 0.0100 0.0111 0.0100 0.0100 0.0100 0.0390 0.0151 0.0100 0.0373 0.0640 0.0100 0.0100 0.0130 0.0357 0.0100 0.0100 0.0272 0.0100 0.0100 0.0136 0.0286 0.0100 0.0462 0.0100 0.0488 0.0100 0.0269 0.0456 0.0339 0.0100 0.0100 0.0788 0.0100 0.0161 0.0161 0.0177 0.0100 0.0212 0.0100 0.0100 0.0100 0.0100 0.0100 0.0100 0.0175 0.0260 0.0100 0.0118 0.0224 0.0100 0.0100 0.0291 0.0197 0.0115 0.0100 0.0233 0.0309 0.0100 0.0205 0.0882 0.0246 0.0241 0.0100 0.0144 0.0263 0.0167 0.0100 0.0797 0.0460 0.0100 0.0124 0.0100 0.0135 0.0311 0.0100 0.0100 0.0696 0.0100 0.0588 0.0100 0.0149 0.0214 0.0147 0.0100 0.0100 0.0100 0.0113 0.0259 0.0141 0.0857 0.0996 0.0676 0.0100 0.0100 0.0269 0.0146 0.0625 0.0122 0.0590 0.0100 0.0176 0.0345 0.0100 0.0139 0.0100 0.0100 0.0100 0.0375 0.0404 0.0100 0.0123 0.0100 0.0100 0.0101 0.0380 0.0100 0.0861 0.0445 0.1461 0.0109 0.0919 0.0100 0.0237 0.0289 0.0328 0.0118 0.0300 0.0110 0.0310 0.0201 0.0358 0.0100 0.0198 0.0100 0.0100 0.0817 0.2021 0.0100 0.0276 0.0142 0.0396 0.0127 0.0100 0.0997 0.0274 0.1027 0.2181 0.0476 1.1137 0.0100 0.0936 0.0100 0.0106 0.0100 0.0145 0.0256 0.0100 0.0100 0.0100 0.0368 0.0286 0.0120 0.0100 0.0899 0.1046 0.0340 0.0100 0.0171 0.0110 0.0185 0.0100 0.0100 0.0786 0.0100 0.0878 0.0100 0.0381 0.0131 0.0506 0.0219 0.0243 0.0646 0.0403 0.0311 0.0359 0.0604 0.0238 0.0165 0.0380 0.0378
0.0142 0.0100 0.0100 0.0145 0.0100 0.0100 0.0189 0.0119 0.0100 0.0277 0.0100 0.0100 0.0100 0.0100 0.0100 0.0256 0.0100 0.0100 0.0245 0.0420 0.0100 0.0100 0.0100 0.0234 0.0100 0.0100 0.0179 0.0100 0.0100 0.0100 0.0188 0.0100 0.0303 0.0100 0.0320 0.0100 0.0177 0.0300 0.0223 0.0100 0.0100 0.0551 0.0100 0.0106 0.0106 0.0116 0.0100 0.0139 0.0100 0.0100 0.0100 0.0100 0.0100 0.0100 0.0115 0.0170 0.0100 0.0100 0.0147 0.0100 0.0100 0.0191 0.0130 0.0100 0.0100 0.0153 0.0203 0.0100 0.0135 0.0579 0.0162 0.0158 0.0100 0.0100 0.0172 0.0110 0.0100 0.0523 0.0302 0.0100 0.0100 0.0100 0.0100 0.0204 0.0100 0.0100 0.0457 0.0100 0.0386 0.0100 0.0100 0.0140 0.0100 0.0100 0.0100 0.0100 0.0100 0.0170 0.0100 0.0563 0.0654 0.0444 0.0100 0.0100 0.0177 0.0100 0.0445 0.0100 0.0387 0.0100 0.0115 0.0226 0.0100 0.0100 0.0100 0.0100 0.0100 0.0246 0.0266 0.0100 0.0100 0.0100 0.0100 0.0100 0.0250 0.0100 0.0565 0.0292 0.0959 0.0100 0.0603 0.0100 0.0156 0.0200 0.0215 0.0100 0.0197 0.0100 0.0203 0.0132 0.0269 0.0100 0.0130 0.0100 0.0100 0.0537 0.1326 0.0100 0.0215 0.0100 0.0329 0.0100 0.0100 0.0655 0.0180 0.0708 0.1431 0.0312 0.7310 0.0100 0.0614 0.0100 0.0100 0.0100 0.0100 0.0168 0.0100 0.0100 0.0100 0.0242 0.0188 0.0100 0.0100 0.0590 0.0687 0.0223 0.0100 0.0112 0.0100 0.0122 0.0100 0.0100 0.0516 0.0100 0.0576 0.0100 0.0250 0.0100 0.0332 0.0143 0.0159 0.0424 0.0264 0.0204 0.0235 0.0396 0.0156 0.0108 0.0249 0.0248
0.0137 0.0100 0.0100 0.0140 0.0100 0.0100 0.0182 0.0115 0.0100 0.0268 0.0100 0.0100 0.0100 0.0100 0.0100 0.0248 0.0100 0.0100 0.0237 0.0406 0.0100 0.0100 0.0100 0.0226 0.0100 0.0100 0.0173 0.0100 0.0100 0.0100 0.0181 0.0100 0.0293 0.0100 0.0309 0.0100 0.0171 0.0289 0.0215 0.0100 0.0100 0.0536 0.0100 0.0102 0.0102 0.0112 0.0100 0.0134 0.0100 0.0100 0.0100 0.0100 0.0100 0.0100 0.0111 0.0165 0.0100 0.0100 0.0142 0.0100 0.0100 0.0184 0.0125 0.0100 0.0100 0.0148 0.0196 0.0100 0.0130 0.0559 0.0156 0.0153 0.0100 0.0100 0.0167 0.0106 0.0100 0.0506 0.0292 0.0100 0.0100 0.0100 0.0100 0.0197 0.0100 0.0100 0.0442 0.0100 0.0373 0.0100 0.0100 0.0136 0.0100 0.0100 0.0100 0.0100 0.0100 0.0164 0.0100 0.0544 0.0632 0.0428 0.0100 0.0100 0.0171 0.0100 0.0433 0.0100 0.0374 0.0100 0.0112 0.0219 0.0100 0.0100 0.0100 0.0100 0.0100 0.0238 0.0256 0.0100 0.0100 0.0100 0.0100 0.0100 0.0241 0.0100 0.0546 0.0282 0.0926 0.0100 0.0583 0.0100 0.0151 0.0200 0.0208 0.0100 0.0190 0.0100 0.0196 0.0128 0.0263 0.0100 0.0125 0.0100 0.0100 0.0518 0.1281 0.0100 0.0211 0.0100 0.0324 0.0100 0.0100 0.0632 0.0174 0.0688 0.1383 0.0302 0.7063 0.0100 0.0593 0.0100 0.0100 0.0100 0.0100 0.0162 0.0100 0.0100 0.0100 0.0233 0.0181 0.0100 0.0100 0.0570 0.0664 0.0215 0.0100 0.0108 0.0100 0.0117 0.0100 0.0100 0.0499 0.0100 0.0557 0.0100 0.0242 0.0100 0.0321 0.0139 0.0154 0.0410 0.0255 0.0197 0.0227 0.0383 0.0151 0.0105 0.0241 0.0240
0.0570 0.0100 0.0273 0.0582 0.0100 0.0345 0.0759 0.0478 0.0100 0.1115 0.0100 0.0293 0.0100 0.0100 0.0100 0.1030 0.0398 0.0100 0.0985 0.1690 0.0100 0.0100 0.0343 0.0942 0.0100 0.0100 0.0718 0.0100 0.0100 0.0359 0.0754 0.0100 0.1221 0.0100 0.1287 0.0100 0.0711 0.1204 0.0895 0.0100 0.0156 0.1916 0.0100 0.0426 0.0426 0.0468 0.0100 0.0558 0.0192 0.0100 0.0100 0.0100 0.0100 0.0100 0.0461 0.0685 0.0100 0.0311 0.0592 0.0179 0.0195 0.0767 0.0521 0.0305 0.0264 0.0614 0.0815 0.0100 0.0542 0.2328 0.0650 0.0635 0.0100 0.0381 0.0693 0.0441 0.0100 0.2104 0.1214 0.0218 0.0326 0.0258 0.0358 0.0821 0.0100 0.0100 0.1837 0.0100 0.1553 0.0100 0.0393 0.0564 0.0388 0.0253 0.0100 0.0100 0.0299 0.0683 0.0373 0.2262 0.2630 0.1783 0.0100 0.0100 0.0710 0.0385 0.1487 0.0323 0.1557 0.0253 0.0465 0.0910 0.0100 0.0366 0.0100 0.0100 0.0100 0.0990 0.1068 0.0100 0.0324 0.0100 0.0100 0.0268 0.1004 0.0100 0.2271 0.1174 0.3855 0.0288 0.2427 0.0263 0.0627 0.0763 0.0865 0.0312 0.0792 0.0290 0.0817 0.0532 0.0780 0.0100 0.0522 0.0100 0.0155 0.2157 0.5333 0.0182 0.0564 0.0375 0.0717 0.0337 0.0100 0.2632 0.0723 0.2545 0.5756 0.1256 2.9396 0.0100 0.2470 0.0100 0.0281 0.0174 0.0383 0.0675 0.0254 0.0100 0.0147 0.0972 0.0755 0.0316 0.0100 0.2374 0.2762 0.0897 0.0227 0.0451 0.0289 0.0489 0.0100 0.0100 0.2075 0.0100 0.2318 0.0100 0.1007 0.0347 0.1335 0.0577 0.0641 0.1704 0.1063 0.0820 0.0947 0.1593 0.0628 0.0435 0.1003 0.0998
0.0100 0.0100 0.0100 0.0100 0.0100 0.0100 0.0100 0.0100 0.0100 0.0138 0.0100 0.0100 0.0100 0.0100 0.0100 0.0152 0.0100 0.0100 0.0122 0.0249 0.0100 0.0100 0.0100 0.0139 0.0100 0.0100 0.0100 0.0100 0.0100 0.0100 0.0111 0.0100 0.0151 0.0100 0.0190 0.0100 0.0100 0.0149 0.0111 0.0100 0.0100 0.0325 0.0100 0.0100 0.0100 0.0100 0.0100 0.0100 0.0100 0.0100 0.0100 0.0100 0.0100 0.0100 0.0100 0.0100 0.0100 0.0100 0.0100 0.0100 0.0100 0.0161 0.0100 0.0100 0.0100 0.0100 0.0120 0.0100 0.0114 0.0171 0.0100 0.0100 0.0100 0.0100 0.0146 0.0100 0.0100 0.0155 0.0100 0.0100 0.0100 0.0100 0.0100 0.0172 0.0100 0.0100 0.0135 0.0100 0.0114 0.0100 0.0100 0.0100 0.0100 0.0100 0.0100 0.0100 0.0100 0.0143 0.0100 0.0167 0.0194 0.0131 0.0100 0.0100 0.0105 0.0100 0.0391 0.0100 0.0115 0.0100 0.0100 0.0134 0.0100 0.0100 0.0100 0.0100 0.0100 0.0100 0.0100 0.0100 0.0100 0.0100 0.0100 0.0100 0.0214 0.0100 0.0477 0.0100 0.0284 0.0100 0.0179 0.0100 0.0132 0.0200 0.0181 0.0100 0.0166 0.0100 0.0100 0.0112 0.0243 0.0100 0.0100 0.0100 0.0100 0.0217 0.0393 0.0100 0.0200 0.0100 0.0308 0.0100 0.0100 0.0194 0.0100 0.0280 0.0424 0.0100 0.4101 0.0100 0.1126 0.0100 0.0100 0.0100 0.0100 0.0142 0.0100 0.0100 0.0100 0.0513 0.0399 0.0100 0.0100 0.0175 0.0203 0.0474 0.0120 0.0238 0.0100 0.0103 0.0100 0.0100 0.0153 0.0100 0.0171 0.0100 0.0532 0.0183 0.0285 0.0121 0.0100 0.0126 0.0100 0.0100 0.0100 0.0117 0.0331 0.0230 0.0530 0.0100
0.0128 0.0100 0.0100 0.0131 0.0100 0.0100 0.0170 0.0107 0.0100 0.0250 0.0100 0.0100 0.0100 0.0100 0.0100 0.0276 0.0100 0.0100 0.0221 0.0452 0.0100 0.0100 0.0100 0.0252 0.0100 0.0100 0.0161 0.0100 0.0100 0.0100 0.0202 0.0100 0.0274 0.0100 0.0344 0.0100 0.0160 0.0270 0.0201 0.0100 0.0100 0.0508 0.0100 0.0114 0.0114 0.0125 0.0100 0.0149 0.0100 0.0100 0.0100 0.0100 0.0100 0.0100 0.0175 0.0154 0.0100 0.0100 0.0158 0.0100 0.0100 0.0292 0.0117 0.0100 0.0100 0.0164 0.0218 0.0100 0.0206 0.0311 0.0146 0.0143 0.0100 0.0102 0.0264 0.0168 0.0100 0.0281 0.0162 0.0100 0.0100 0.0100 0.0100 0.0312 0.0100 0.0100 0.0245 0.0100 0.0207 0.0100 0.0105 0.0151 0.0104 0.0100 0.0100 0.0100 0.0114 0.0260 0.0142 0.0302 0.0351 0.0238 0.0100 0.0100 0.0190 0.0146 0.0628 0.0123 0.0208 0.0100 0.0177 0.0244 0.0100 0.0139 0.0100 0.0100 0.0100 0.0132 0.0143 0.0100 0.0123 0.0100 0.0100 0.0102 0.0382 0.0100 0.0864 0.0157 0.0515 0.0100 0.0324 0.0100 0.0238 0.0290 0.0329 0.0119 0.0301 0.0111 0.0109 0.0202 0.0359 0.0100 0.0100 0.0100 0.0100 0.0311 0.0712 0.0100 0.0277 0.0143 0.0397 0.0128 0.0100 0.0352 0.0100 0.0427 0.0769 0.0168 0.7435 0.0100 0.2041 0.0100 0.0107 0.0100 0.0146 0.0257 0.0100 0.0100 0.0100 0.0930 0.0723 0.0120 0.0100 0.0317 0.0369 0.0859 0.0217 0.0432 0.0110 0.0186 0.0100 0.0100 0.0277 0.0100 0.0309 0.0100 0.0964 0.0332 0.0508 0.0220 0.0100 0.0228 0.0142 0.0109 0.0126 0.0213 0.0601 0.0417 0.0960 0.0133
0.0324 0.0100 0.0155 0.0331 0.0100 0.0234 0.0432 0.0272 0.0100 0.0634 0.0100 0.0167 0.0100 0.0100 0.0100 0.0698 0.0226 0.0100 0.0560 0.1145 0.0100 0.0100 0.0232 0.0638 0.0100 0.0100 0.0408 0.0100 0.0100 0.0204 0.0511 0.0100 0.0694 0.0100 0.0872 0.0100 0.0405 0.0685 0.0509 0.0100 0.0100 0.1133 0.0100 0.0289 0.0288 0.0317 0.0100 0.0379 0.0130 0.0100 0.0100 0.0100 0.0100 0.0100 0.0444 0.0390 0.0100 0.0177 0.0401 0.0121 0.0132 0.0740 0.0296 0.0173 0.0150 0.0416 0.0552 0.0100 0.0522 0.0787 0.0370 0.0361 0.0100 0.0258 0.0668 0.0425 0.0100 0.0712 0.0411 0.0148 0.0221 0.0175 0.0242 0.0792 0.0100 0.0100 0.0621 0.0100 0.0525 0.0100 0.0266 0.0382 0.0263 0.0172 0.0100 0.0100 0.0288 0.0658 0.0359 0.0765 0.0890 0.0603 0.0100 0.0100 0.0481 0.0371 0.1437 0.0311 0.0527 0.0100 0.0448 0.0617 0.0100 0.0353 0.0100 0.0100 0.0100 0.0335 0.0361 0.0100 0.0312 0.0100 0.0100 0.0258 0.0968 0.0100 0.2190 0.0397 0.1304 0.0100 0.0821 0.0253 0.0604 0.0736 0.0834 0.0301 0.0764 0.0280 0.0277 0.0513 0.0756 0.0100 0.0176 0.0100 0.0100 0.0730 0.1804 0.0176 0.0548 0.0361 0.0699 0.0325 0.0100 0.0890 0.0245 0.0927 0.1947 0.0425 1.8832 0.0100 0.5169 0.0100 0.0271 0.0168 0.0369 0.0651 0.0245 0.0100 0.0100 0.2356 0.1831 0.0305 0.0100 0.0803 0.0934 0.2175 0.0550 0.1093 0.0279 0.0471 0.0100 0.0100 0.0702 0.0100 0.0784 0.0100 0.2441 0.0841 0.1287 0.0556 0.0217 0.0576 0.0360 0.0277 0.0320 0.0539 0.1522 0.1056 0.2433 0.0338
0.0194 0.0100 0.0100 0.0198 0.0100 0.0118 0.0259 0.0163 0.0100 0.0380 0.0100 0.0100 0.0100 0.0100 0.0100 0.0351 0.0136 0.0100 0.0336 0.0576 0.0100 0.0100 0.0117 0.0321 0.0100 0.0100 0.0245 0.0100 0.0100 0.0122 0.0257 0.0100 0.0416 0.0100 0.0439 0.0100 0.0243 0.0411 0.0305 0.0100 0.0100 0.0719 0.0100 0.0145 0.0145 0.0159 0.0100 0.0190 0.0100 0.0100 0.0100 0.0100 0.0100 0.0100 0.0157 0.0234 0.0100 0.0106 0.0202 0.0100 0.0100 0.0262 0.0178 0.0104 0.0100 0.0209 0.0278 0.0100 0.0185 0.0794 0.0221 0.0217 0.0100 0.0130 0.0236 0.0150 0.0100 0.0718 0.0414 0.0100 0.0111 0.0100 0.0122 0.0280 0.0100 0.0100 0.0627 0.0100 0.0530 0.0100 0.0134 0.0192 0.0132 0.0100 0.0100 0.0100 0.0102 0.0233 0.0127 0.0771 0.0897 0.0608 0.0100 0.0100 0.0242 0.0131 0.0573 0.0110 0.0531 0.0100 0.0158 0.0310 0.0100 0.0125 0.0100 0.0100 0.0100 0.0338 0.0364 0.0100 0.0110 0.0100 0.0100 0.0100 0.0342 0.0100 0.0775 0.0400 0.1315 0.0100 0.0828 0.0100 0.0214 0.0260 0.0295 0.0106 0.0270 0.0100 0.0279 0.0181 0.0332 0.0100 0.0178 0.0100 0.0100 0.0736 0.1819 0.0100 0.0258 0.0128 0.0376 0.0115 0.0100 0.0898 0.0247 0.0934 0.1963 0.0428 1.0025 0.0100 0.0843 0.0100 0.0100 0.0100 0.0131 0.0230 0.0100 0.0100 0.0100 0.0331 0.0257 0.0108 0.0100 0.0810 0.0942 0.0306 0.0100 0.0154 0.0100 0.0167 0.0100 0.0100 0.0708 0.0100 0.0790 0.0100 0.0343 0.0118 0.0455 0.0197 0.0218 0.0581 0.0363 0.0280 0.0323 0.0543 0.0214 0.0149 0.0342 0.0340
Lat Lon Places for 200 nodes
24497.0000 0.0000 AP_Node_1
24497.0000 10.0000 AP_Node_2
7205.0000 1448.0000 AP_Node_3
24497.0000 1448.0000 AP_Node_4
7205.0000 4344.0000 AP_Node_5
57640.0000 4344.0000 AP_Node_6
24497.0000 5792.0000 AP_Node_7
7205.0000 7240.0000 AP_Node_8
30261.0000 8688.0000 AP_Node_9
24497.0000 10136.0000 AP_Node_10
56199.0000 10136.0000 AP_Node_11
14410.0000 13032.0000 AP_Node_12
21615.0000 13032.0000 AP_Node_13
53317.0000 13032.0000 AP_Node_14
28820.0000 14480.0000 AP_Node_15
57640.0000 14480.0000 AP_Node_16
23056.0000 15928.0000 AP_Node_17
51876.0000 17376.0000 AP_Node_18
23056.0000 18824.0000 AP_Node_19
31702.0000 18824.0000 AP_Node_20
34584.0000 18824.0000 AP_Node_21
37466.0000 18824.0000 AP_Node_22
40348.0000 18824.0000 AP_Node_23
48994.0000 18824.0000 AP_Node_24
18733.0000 20272.0000 AP_Node_25
46112.0000 20272.0000 AP_Node_26
23056.0000 21720.0000 AP_Node_27
48994.0000 21720.0000 AP_Node_28
10087.0000 23168.0000 AP_Node_29
24497.0000 23168.0000 AP_Node_30
36025.0000 23168.0000 AP_Node_31
4323.0000 24616.0000 AP_Node_32
25938.0000 24616.0000 AP_Node_33
33143.0000 24616.0000 AP_Node_34
40348.0000 24616.0000 AP_Node_35
56199.0000 24616.0000 AP_Node_36
21615.0000 26064.0000 AP_Node_37
12969.0000 27512.0000 AP_Node_38
17292.0000 27512.0000 AP_Node_39
23056.0000 27512.0000 AP_Node_40
25938.0000 27512.0000 AP_Node_41
27379.0000 27512.0000 AP_Node_42
27389.0000 27512.0000 AP_Node_43
30261.0000 27512.0000 AP_Node_44
31702.0000 27512.0000 AP_Node_45
34584.0000 27512.0000 AP_Node_46
43230.0000 27512.0000 AP_Node_47
28820.0000 28960.0000 AP_Node_48
34584.0000 28960.0000 AP_Node_49
36025.0000 28960.0000 AP_Node_50
37466.0000 28960.0000 AP_Node_51
40348.0000 28960.0000 AP_Node_52
15851.0000 30408.0000 AP_Node_53
20174.0000 30408.0000 AP_Node_54
41789.0000 30408.0000 AP_Node_55
23056.0000 31856.0000 AP_Node_56
24497.0000 31856.0000 AP_Node_57
25938.0000 31856.0000 AP_Node_58
30261.0000 31856.0000 AP_Node_59
34584.0000 31856.0000 AP_Node_60
37466.0000 31856.0000 AP_Node_61
41789.0000 31856.0000 AP_Node_62
17292.0000 33304.0000 AP_Node_63
18733.0000 33304.0000 AP_Node_64
25938.0000 33304.0000 AP_Node_65
31702.0000 33304.0000 AP_Node_66
37466.0000 33304.0000 AP_Node_67
41789.0000 33304.0000 AP_Node_68
54758.0000 33304.0000 AP_Node_69
12969.0000 34752.0000 AP_Node_70
21615.0000 34752.0000 AP_Node_71
23056.0000 34752.0000 AP_Node_72
31702.0000 34752.0000 AP_Node_73
36025.0000 34752.0000 AP_Node_74
40348.0000 34752.0000 AP_Node_75
48994.0000 34752.0000 AP_Node_76
8646.0000 36200.0000 AP_Node_77
14410.0000 36200.0000 AP_Node_78
24497.0000 36200.0000 AP_Node_79
28820.0000 36200.0000 AP_Node_80
31702.0000 36200.0000 AP_Node_81
37466.0000 36200.0000 AP_Node_82
38907.0000 36200.0000 AP_Node_83
50435.0000 36200.0000 AP_Node_84
2882.0000 37648.0000 AP_Node_85
7205.0000 37648.0000 AP_Node_86
15851.0000 37648.0000 AP_Node_87
20174.0000 37648.0000 AP_Node_88
25938.0000 37648.0000 AP_Node_89
27379.0000 37648.0000 AP_Node_90
30261.0000 37648.0000 AP_Node_91
31702.0000 37648.0000 AP_Node_92
33143.0000 37648.0000 AP_Node_93
33153.0000 37648.0000 AP_Node_94
36025.0000 37648.0000 AP_Node_95
37466.0000 37648.0000 AP_Node_96
40348.0000 37648.0000 AP_Node_97
44671.0000 37648.0000 AP_Node_98
47553.0000 37648.0000 AP_Node_99
17292.0000 39096.0000 AP_Node_100
23056.0000 39096.0000 AP_Node_101
27379.0000 39096.0000 AP_Node_102
33143.0000 39096.0000 AP_Node_103
34584.0000 39096.0000 AP_Node_104
36025.0000 39096.0000 AP_Node_105
38907.0000 39096.0000 AP_Node_106
41789.0000 39096.0000 AP_Node_107
48994.0000 39096.0000 AP_Node_108
15851.0000 40544.0000 AP_Node_109
18733.0000 40544.0000 AP_Node_110
30261.0000 40544.0000 AP_Node_111
33143.0000 40544.0000 AP_Node_112
36025.0000 40544.0000 AP_Node_113
37466.0000 40544.0000 AP_Node_114
44671.0000 40544.0000 AP_Node_115
47553.0000 40544.0000 AP_Node_116
48994.0000 40544.0000 AP_Node_117
18733.0000 41992.0000 AP_Node_118
20174.0000 41992.0000 AP_Node_119
27379.0000 41992.0000 AP_Node_120
28820.0000 41992.0000 AP_Node_121
31702.0000 41992.0000 AP_Node_122
33143.0000 41992.0000 AP_Node_123
34584.0000 41992.0000 AP_Node_124
40348.0000 41992.0000 AP_Node_125
41789.0000 41992.0000 AP_Node_126
48994.0000 41992.0000 AP_Node_127
21615.0000 43440.0000 AP_Node_128
23056.0000 43440.0000 AP_Node_129
23066.0000 43440.0000 AP_Node_130
24497.0000 43440.0000 AP_Node_131
30261.0000 43440.0000 AP_Node_132
31702.0000 43440.0000 AP_Node_133
33143.0000 43440.0000 AP_Node_134
36025.0000 43440.0000 AP_Node_135
38907.0000 43440.0000 AP_Node_136
43230.0000 43440.0000 AP_Node_137
44671.0000 43440.0000 AP_Node_138
24497.0000 44888.0000 AP_Node_139
28820.0000 44888.0000 AP_Node_140
33143.0000 44888.0000 AP_Node_141
33153.0000 44888.0000 AP_Node_142
10087.0000 46336.0000 AP_Node_143
14410.0000 46336.0000 AP_Node_144
18733.0000 46336.0000 AP_Node_145
23056.0000 46336.0000 AP_Node_146
24497.0000 46336.0000 AP_Node_147
30261.0000 46336.0000 AP_Node_148
31702.0000 46336.0000 AP_Node_149
31712.0000 46336.0000 AP_Node_150
33143.0000 46336.0000 AP_Node_151
34584.0000 46336.0000 AP_Node_152
50435.0000 46336.0000 AP_Node_153
17292.0000 47784.0000 AP_Node_154
24497.0000 47784.0000 AP_Node_155
25938.0000 47784.0000 AP_Node_156
25948.0000 47784.0000 AP_Node_157
27379.0000 47784.0000 AP_Node_158
30261.0000 47784.0000 AP_Node_159
30271.0000 47784.0000 AP_Node_160
31702.0000 47784.0000 AP_Node_161
33143.0000 47784.0000 AP_Node_162
33153.0000 47784.0000 AP_Node_163
34584.0000 47784.0000 AP_Node_164
36025.0000 47784.0000 AP_Node_165
37466.0000 47784.0000 AP_Node_166
38907.0000 47784.0000 AP_Node_167
21615.0000 49232.0000 AP_Node_168
25938.0000 49232.0000 AP_Node_169
30261.0000 49232.0000 AP_Node_170
31702.0000 49232.0000 AP_Node_171
34584.0000 49232.0000 AP_Node_172
4323.0000 50680.0000 AP_Node_173
18733.0000 50680.0000 AP_Node_174
24497.0000 50680.0000 AP_Node_175
30261.0000 50680.0000 AP_Node_176
30271.0000 50680.0000 AP_Node_177
31702.0000 50680.0000 AP_Node_178
36025.0000 50680.0000 AP_Node_179
38907.0000 50680.0000 AP_Node_180
5764.0000 52128.0000 AP_Node_181
8646.0000 52128.0000 AP_Node_182
17292.0000 52128.0000 AP_Node_183
20174.0000 52128.0000 AP_Node_184
21615.0000 52128.0000 AP_Node_185
30261.0000 52128.0000 AP_Node_186
31702.0000 52128.0000 AP_Node_187
33143.0000 52128.0000 AP_Node_188
34584.0000 52128.0000 AP_Node_189
37466.0000 52128.0000 AP_Node_190
5764.0000 53576.0000 AP_Node_191
7205.0000 53576.0000 AP_Node_192
11528.0000 53576.0000 AP_Node_193
14410.0000 53576.0000 AP_Node_194
18733.0000 53576.0000 AP_Node_195
21615.0000 53576.0000 AP_Node_196
27379.0000 53576.0000 AP_Node_197
28820.0000 53576.0000 AP_Node_198
31702.0000 53576.0000 AP_Node_199
2882.0000 55024.0000 AP_Node_200
