Cost Matrix C for 82 nodes
0.0000 0.0000 0.0000 0.0000 0.0000 0.0000 0.0000 0.0000 0.0000 0.0000 0.0000 0.0000 0.0000 0.0000 0.0000 0.0000 0.0000 0.0000 0.0000 0.0000 0.0000 0.0000 0.0000 0.0000 0.0000 0.0000 0.0000 0.0000 0.0000 0.0000 0.0000 0.0000 0.0000 0.0000 0.0000 0.0000 0.0000 0.0000 0.0000 0.0000 0.0000 0.0000 0.0000 0.0000 0.0000 0.0000 0.0000 0.0000 0.0000 0.0000 0.0000 0.0000 0.0000 0.0000 0.0000 0.0000 0.0000 0.0000 0.0000 0.0000 0.0000 0.0000 0.0000 0.0000 0.0000 0.0000 0.0000 0.0000 0.0000 0.0000 0.0000 0.0000 0.0000 0.0000 0.0000 0.0000 0.0000 0.0000 0.0000 0.0000 0.0000 0.0000
0.0000 0.0000 329.0000 573.0000 961.0000 613.0000 490.0000 558.0000 1030.0000 894.0000 894.0000 768.0000 628.0000 727.0000 677.0000 671.0000 837.0000 1094.0000 576.0000 575.0000 768.0000 518.0000 1169.0000 486.0000 675.0000 804.0000 688.0000 205.0000 727.0000 786.0000 900.0000 191.0000 620.0000 69.0000 939.0000 900.0000 1007.0000 690.0000 333.0000 1150.0000 375.0000 828.0000 356.0000 673.0000 388.0000 882.0000 185.0000 530.0000 871.0000 738.0000 287.0000 205.0000 718.0000 926.0000 791.0000 729.0000 701.0000 871.0000 429.0000 1071.0000 499.0000 852.0000 621.0000 342.0000 689.0000 895.0000 473.0000 754.0000 265.0000 809.0000 290.0000 475.0000 614.0000 711.0000 769.0000 1036.0000 1064.0000 893.0000 701.0000 242.0000 85.0000 722.0000
0.0000 329.0000 0.0000 902.0000 648.0000 636.0000 755.0000 887.0000 755.0000 1223.0000 1223.0000 1057.0000 349.0000 414.0000 946.0000 1000.0000 1126.0000 1397.0000 785.0000 700.0000 1097.0000 205.0000 1438.0000 283.0000 548.0000 529.0000 977.0000 150.0000 712.0000 679.0000 667.0000 320.0000 949.0000 398.0000 1208.0000 1229.0000 732.0000 888.0000 437.0000 1419.0000 571.0000 1097.0000 685.0000 1002.0000 185.0000 1211.0000 164.0000 296.0000 1200.0000 463.0000 518.0000 534.0000 728.0000 853.0000 1060.0000 752.0000 388.0000 894.0000 414.0000 1340.0000 522.0000 779.0000 418.0000 110.0000 1018.0000 582.0000 612.0000 1023.0000 593.0000 654.0000 619.0000 684.0000 301.0000 478.0000 1038.0000 761.0000 751.0000 1162.0000 970.0000 209.0000 244.0000 991.0000
0.0000 573.0000 902.0000 0.0000 1308.0000 590.0000 256.0000 292.0000 1236.0000 351.0000 321.0000 210.0000 1102.0000 1295.0000 418.0000 170.0000 273.0000 521.0000 387.0000 498.0000 225.0000 1091.0000 682.0000 960.0000 938.0000 1127.0000 144.0000 778.0000 866.0000 1008.0000 1473.0000 764.0000 169.0000 565.0000 452.0000 327.0000 1327.0000 501.0000 521.0000 663.0000 429.0000 341.0000 223.0000 100.0000 862.0000 309.0000 758.0000 1103.0000 370.0000 1212.0000 440.0000 458.0000 822.0000 1077.0000 304.0000 670.0000 1274.0000 684.0000 696.0000 584.0000 634.0000 1003.0000 1068.0000 915.0000 116.0000 1435.0000 472.0000 487.0000 365.0000 1031.0000 336.0000 331.0000 1187.0000 1284.0000 515.0000 1345.0000 1418.0000 336.0000 447.0000 815.0000 658.0000 373.0000
0.0000 961.0000 648.0000 1308.0000 0.0000 735.0000 1052.0000 1429.0000 397.0000 1653.0000 1568.0000 1357.0000 359.0000 234.0000 1144.0000 1430.0000 1417.0000 1688.0000 983.0000 827.0000 1527.0000 443.0000 1636.0000 497.0000 370.0000 184.0000 1285.0000 756.0000 546.0000 384.0000 434.0000 952.0000 1379.0000 1030.0000 1406.0000 1631.0000 217.0000 987.0000 811.0000 1617.0000 941.0000 1295.0000 1115.0000 1363.0000 595.0000 1613.0000 812.0000 518.0000 1671.0000 245.0000 892.0000 939.0000 590.0000 548.0000 1258.0000 742.0000 331.0000 905.0000 616.0000 1538.0000 674.0000 484.0000 424.0000 619.0000 1420.0000 232.0000 840.0000 1221.0000 967.0000 306.0000 1114.0000 977.0000 369.0000 426.0000 1169.0000 310.0000 143.0000 1360.0000 1099.0000 815.0000 876.0000 1189.0000
0.0000 613.0000 636.0000 590.0000 735.0000 0.0000 334.0000 874.0000 694.0000 937.0000 833.0000 622.0000 636.0000 829.0000 409.0000 756.0000 682.0000 953.0000 248.0000 92.0000 811.0000 702.0000 901.0000 549.0000 365.0000 554.0000 567.0000 609.0000 324.0000 435.0000 1141.0000 705.0000 755.0000 639.0000 671.0000 913.0000 754.0000 252.0000 348.0000 882.0000 308.0000 560.0000 560.0000 645.0000 469.0000 895.0000 529.0000 797.0000 956.0000 746.0000 363.0000 441.0000 280.0000 535.0000 523.0000 131.0000 889.0000 258.0000 222.0000 803.0000 114.0000 461.0000 495.0000 720.0000 702.0000 967.0000 196.0000 486.0000 418.0000 458.0000 616.0000 259.0000 802.0000 984.0000 434.0000 778.0000 845.0000 625.0000 364.0000 668.0000 629.0000 454.0000
0.0000 490.0000 755.0000 256.0000 1052.0000 334.0000 0.0000 544.0000 980.0000 603.0000 530.0000 313.0000 899.0000 1092.0000 191.0000 422.0000 382.0000 653.0000 131.0000 242.0000 477.0000 910.0000 683.0000 757.0000 682.0000 871.0000 233.0000 671.0000 610.0000 752.0000 1366.0000 681.0000 421.0000 483.0000 453.0000 579.0000 1071.0000 245.0000 318.0000 664.0000 184.0000 342.0000 258.0000 311.0000 659.0000 561.0000 591.0000 996.0000 622.0000 1009.0000 275.0000 349.0000 566.0000 821.0000 305.0000 414.0000 1097.0000 428.0000 440.0000 585.0000 378.0000 747.0000 812.0000 808.0000 368.0000 1232.0000 216.0000 268.0000 225.0000 775.0000 369.0000 75.0000 1010.0000 1177.0000 283.0000 1089.0000 1162.0000 407.0000 215.0000 730.0000 575.0000 236.0000
0.0000 558.0000 887.0000 292.0000 1429.0000 874.0000 544.0000 0.0000 1466.0000 344.0000 510.0000 474.0000 1186.0000 1285.0000 682.0000 122.0000 537.0000 710.0000 675.0000 782.0000 222.0000 1076.0000 919.0000 1044.0000 1059.0000 1248.0000 424.0000 763.0000 1111.0000 1170.0000 1458.0000 749.0000 130.0000 489.0000 716.0000 446.0000 1448.0000 789.0000 618.0000 927.0000 572.0000 605.0000 322.0000 364.0000 946.0000 428.0000 743.0000 1088.0000 313.0000 1296.0000 537.0000 543.0000 1095.0000 1310.0000 568.0000 954.0000 1259.0000 972.0000 813.0000 848.0000 876.0000 1236.0000 1179.0000 900.0000 294.0000 1453.0000 684.0000 751.0000 462.0000 1193.0000 375.0000 615.0000 1172.0000 1269.0000 803.0000 1472.0000 1539.0000 600.0000 735.0000 800.0000 643.0000 637.0000
0.0000 1030.0000 755.0000 1236.0000 397.0000 694.0000 980.0000 1466.0000 0.0000 1583.0000 1462.0000 1251.0000 406.0000 562.0000 1038.0000 1402.0000 1311.0000 1582.0000 894.0000 738.0000 1457.0000 550.0000 1530.0000 544.0000 407.0000 226.0000 1213.0000 863.0000 370.0000 333.0000 771.0000 1021.0000 1401.0000 1099.0000 1300.0000 1559.0000 210.0000 864.0000 848.0000 1511.0000 952.0000 1189.0000 1152.0000 1291.0000 642.0000 1541.0000 865.0000 645.0000 1602.0000 479.0000 929.0000 976.0000 414.0000 159.0000 1152.0000 566.0000 659.0000 729.0000 653.0000 1432.0000 633.0000 233.0000 461.0000 726.0000 1348.0000 569.0000 840.0000 1115.0000 1004.0000 343.0000 1151.0000 905.0000 603.0000 754.0000 1046.0000 117.0000 344.0000 1254.0000 976.0000 922.0000 945.0000 1083.0000
0.0000 894.0000 1223.0000 351.0000 1653.0000 937.0000 603.0000 344.0000 1583.0000 0.0000 293.0000 523.0000 1423.0000 1616.0000 715.0000 272.0000 442.0000 449.0000 734.0000 845.0000 126.0000 1412.0000 658.0000 1281.0000 1283.0000 1472.0000 483.0000 1099.0000 1213.0000 1355.0000 1794.0000 1085.0000 293.0000 833.0000 681.0000 126.0000 1672.0000 848.0000 842.0000 675.0000 776.0000 570.0000 542.0000 413.0000 1183.0000 156.0000 1079.0000 1424.0000 99.0000 1533.0000 761.0000 779.0000 1169.0000 1424.0000 601.0000 1017.0000 1595.0000 1031.0000 1037.0000 629.0000 981.0000 1350.0000 1413.0000 1236.0000 278.0000 1756.0000 819.0000 784.0000 686.0000 1378.0000 648.0000 678.0000 1508.0000 1605.0000 862.0000 1692.0000 1763.0000 507.0000 794.0000 1136.0000 979.0000 670.0000
0.0000 894.0000 1223.0000 321.0000 1568.0000 833.0000 530.0000 510.0000 1462.0000 293.0000 0.0000 246.0000 1418.0000 1611.0000 424.0000 397.0000 151.0000 200.0000 659.0000 772.0000 288.0000 1412.0000 409.0000 1276.0000 1198.0000 1387.0000 297.0000 1099.0000 1092.0000 1254.0000 1794.0000 1085.0000 396.0000 886.0000 390.0000 173.0000 1587.0000 670.0000 837.0000 426.0000 703.0000 279.0000 544.0000 221.0000 1178.0000 137.0000 1079.0000 1424.0000 392.0000 1528.0000 761.0000 779.0000 1048.0000 1303.0000 310.0000 896.0000 1595.0000 853.0000 970.0000 380.0000 908.0000 1229.0000 1328.0000 1236.0000 225.0000 1751.0000 746.0000 493.0000 686.0000 1291.0000 657.0000 605.0000 1508.0000 1605.0000 582.0000 1571.0000 1678.0000 216.0000 558.0000 1136.0000 979.0000 379.0000
0.0000 768.0000 1057.0000 210.0000 1357.0000 622.0000 313.0000 474.0000 1251.0000 523.0000 246.0000 0.0000 1201.0000 1394.0000 213.0000 352.0000 95.0000 366.0000 444.0000 555.0000 397.0000 1212.0000 477.0000 1059.0000 987.0000 1176.0000 80.0000 973.0000 881.0000 1043.0000 1668.0000 959.0000 351.0000 760.0000 247.0000 417.0000 1376.0000 459.0000 620.0000 458.0000 486.0000 136.0000 418.0000 110.0000 961.0000 381.0000 893.0000 1298.0000 542.0000 1311.0000 577.0000 647.0000 837.0000 1092.0000 99.0000 685.0000 1399.0000 642.0000 753.0000 379.0000 691.0000 1018.0000 1117.0000 1110.0000 249.0000 1534.0000 529.0000 282.0000 523.0000 1080.0000 531.0000 388.0000 1312.0000 1479.0000 371.0000 1360.0000 1467.0000 126.0000 347.0000 1010.0000 853.0000 168.0000
0.0000 628.0000 349.0000 1102.0000 359.0000 636.0000 899.0000 1186.0000 406.0000 1423.0000 1418.0000 1201.0000 0.0000 197.0000 1045.0000 1200.0000 1270.0000 1541.0000 884.0000 728.0000 1297.0000 144.0000 1537.0000 142.0000 271.0000 180.0000 1121.0000 457.0000 545.0000 383.0000 509.0000 619.0000 1149.0000 697.0000 1307.0000 1429.0000 383.0000 888.0000 581.0000 1518.0000 715.0000 1196.0000 885.0000 1199.0000 240.0000 1411.0000 463.0000 239.0000 1441.0000 114.0000 662.0000 709.0000 589.0000 557.0000 1159.0000 715.0000 284.0000 868.0000 469.0000 1439.0000 575.0000 483.0000 141.0000 320.0000 1218.0000 337.0000 693.0000 1122.0000 737.0000 305.0000 884.0000 828.0000 197.0000 379.0000 1070.0000 412.0000 474.0000 1261.0000 1000.0000 516.0000 543.0000 1090.0000
0.0000 727.0000 414.0000 1295.0000 234.0000 829.0000 1092.0000 1285.0000 562.0000 1616.0000 1611.0000 1394.0000 197.0000 0.0000 1238.0000 1393.0000 1463.0000 1734.0000 1077.0000 921.0000 1490.0000 209.0000 1730.0000 335.0000 464.0000 349.0000 1314.0000 522.0000 711.0000 549.0000 340.0000 718.0000 1342.0000 796.0000 1500.0000 1622.0000 432.0000 1081.0000 774.0000 1711.0000 908.0000 1389.0000 1078.0000 1392.0000 433.0000 1604.0000 578.0000 284.0000 1598.0000 83.0000 855.0000 902.0000 755.0000 713.0000 1352.0000 907.0000 97.0000 1061.0000 662.0000 1632.0000 768.0000 649.0000 334.0000 385.0000 1411.0000 168.0000 886.0000 1315.0000 930.0000 471.0000 1017.0000 1021.0000 135.0000 192.0000 1263.0000 491.0000 337.0000 1454.0000 1193.0000 581.0000 642.0000 1283.0000
0.0000 677.0000 946.0000 418.0000 1144.0000 409.0000 191.0000 682.0000 1038.0000 715.0000 424.0000 213.0000 1045.0000 1238.0000 0.0000 560.0000 273.0000 544.0000 235.0000 352.0000 605.0000 1101.0000 492.0000 948.0000 774.0000 963.0000 288.0000 862.0000 668.0000 830.0000 1550.0000 868.0000 559.0000 670.0000 262.0000 595.0000 1163.0000 246.0000 509.0000 473.0000 375.0000 151.0000 445.0000 318.0000 850.0000 559.0000 782.0000 1187.0000 750.0000 1155.0000 466.0000 536.0000 624.0000 879.0000 114.0000 472.0000 1288.0000 429.0000 631.0000 394.0000 523.0000 805.0000 904.0000 999.0000 457.0000 1376.0000 407.0000 159.0000 412.0000 867.0000 556.0000 266.0000 1201.0000 1368.0000 174.0000 1147.0000 1254.0000 216.0000 134.0000 919.0000 762.0000 45.0000
0.0000 671.0000 1000.0000 170.0000 1430.0000 756.0000 422.0000 122.0000 1402.0000 272.0000 397.0000 352.0000 1200.0000 1393.0000 560.0000 0.0000 415.0000 597.0000 553.0000 664.0000 150.0000 1189.0000 806.0000 1058.0000 1060.0000 1249.0000 302.0000 876.0000 1032.0000 1171.0000 1571.0000 862.0000 51.0000 611.0000 594.0000 374.0000 1449.0000 667.0000 619.0000 805.0000 573.0000 483.0000 315.0000 242.0000 960.0000 356.0000 856.0000 1201.0000 241.0000 1310.0000 538.0000 556.0000 988.0000 1243.0000 446.0000 836.0000 1372.0000 850.0000 814.0000 726.0000 800.0000 1169.0000 1190.0000 1013.0000 172.0000 1533.0000 638.0000 629.0000 463.0000 1194.0000 421.0000 497.0000 1285.0000 1382.0000 681.0000 1473.0000 1540.0000 478.0000 613.0000 913.0000 756.0000 515.0000
0.0000 837.0000 1126.0000 273.0000 1417.0000 682.0000 382.0000 537.0000 1311.0000 442.0000 151.0000 95.0000 1270.0000 1463.0000 273.0000 415.0000 0.0000 271.0000 508.0000 624.0000 437.0000 1281.0000 420.0000 1128.0000 1047.0000 1236.0000 149.0000 1042.0000 941.0000 1103.0000 1737.0000 1028.0000 414.0000 829.0000 243.0000 322.0000 1436.0000 519.0000 689.0000 437.0000 555.0000 132.0000 487.0000 173.0000 1030.0000 286.0000 962.0000 1367.0000 541.0000 1380.0000 646.0000 716.0000 897.0000 1152.0000 159.0000 745.0000 1468.0000 702.0000 822.0000 375.0000 760.0000 1078.0000 1177.0000 1179.0000 311.0000 1603.0000 598.0000 342.0000 592.0000 1140.0000 600.0000 457.0000 1381.0000 1548.0000 431.0000 1420.0000 1527.0000 69.0000 407.0000 1079.0000 922.0000 228.0000
0.0000 1094.0000 1397.0000 521.0000 1688.0000 953.0000 653.0000 710.0000 1582.0000 449.0000 200.0000 366.0000 1541.0000 1734.0000 544.0000 597.0000 271.0000 0.0000 779.0000 895.0000 488.0000 1552.0000 217.0000 1399.0000 1318.0000 1507.0000 420.0000 1299.0000 1212.0000 1374.0000 1994.0000 1285.0000 596.0000 1086.0000 320.0000 325.0000 1707.0000 790.0000 960.0000 234.0000 826.0000 399.0000 744.0000 421.0000 1301.0000 335.0000 1233.0000 1624.0000 548.0000 1651.0000 917.0000 979.0000 1168.0000 1423.0000 430.0000 1016.0000 1739.0000 973.0000 1093.0000 188.0000 1031.0000 1349.0000 1448.0000 1436.0000 425.0000 1874.0000 869.0000 613.0000 863.0000 1411.0000 857.0000 728.0000 1652.0000 1805.0000 702.0000 1691.0000 1798.0000 336.0000 678.0000 1336.0000 1179.0000 499.0000
0.0000 576.0000 785.0000 387.0000 983.0000 248.0000 131.0000 675.0000 894.0000 734.0000 659.0000 444.0000 884.0000 1077.0000 235.0000 553.0000 508.0000 779.0000 0.0000 156.0000 608.0000 922.0000 727.0000 769.0000 613.0000 802.0000 364.0000 701.0000 524.0000 683.0000 1389.0000 767.0000 552.0000 569.0000 497.0000 710.0000 1002.0000 114.0000 348.0000 708.0000 214.0000 386.0000 389.0000 442.0000 689.0000 692.0000 621.0000 1017.0000 753.0000 994.0000 305.0000 387.0000 480.0000 735.0000 349.0000 328.0000 1109.0000 297.0000 442.0000 629.0000 334.0000 661.0000 743.0000 838.0000 499.0000 1215.0000 246.0000 312.0000 311.0000 706.0000 500.0000 105.0000 1022.0000 1204.0000 283.0000 1003.0000 1093.0000 451.0000 195.0000 760.0000 661.0000 280.0000
0.0000 575.0000 700.0000 498.0000 827.0000 92.0000 242.0000 782.0000 738.0000 845.0000 772.0000 555.0000 728.0000 921.0000 352.0000 664.0000 624.0000 895.0000 156.0000 0.0000 719.0000 766.0000 844.0000 613.0000 457.0000 646.0000 475.0000 630.0000 368.0000 527.0000 1233.0000 726.0000 663.0000 568.0000 614.0000 821.0000 846.0000 195.0000 277.0000 825.0000 216.0000 503.0000 468.0000 553.0000 533.0000 803.0000 550.0000 861.0000 864.0000 838.0000 292.0000 370.0000 324.0000 579.0000 466.0000 172.0000 953.0000 299.0000 286.0000 746.0000 178.0000 505.0000 587.0000 767.0000 610.0000 1059.0000 104.0000 429.0000 326.0000 550.0000 537.0000 167.0000 866.0000 1048.0000 377.0000 847.0000 937.0000 568.0000 307.0000 689.0000 650.0000 397.0000
0.0000 768.0000 1097.0000 225.0000 1527.0000 811.0000 477.0000 222.0000 1457.0000 126.0000 288.0000 397.0000 1297.0000 1490.0000 605.0000 150.0000 437.0000 488.0000 608.0000 719.0000 0.0000 1286.0000 697.0000 1155.0000 1157.0000 1346.0000 357.0000 973.0000 1087.0000 1229.0000 1668.0000 959.0000 167.0000 711.0000 639.0000 224.0000 1546.0000 722.0000 716.0000 714.0000 650.0000 528.0000 416.0000 287.0000 1057.0000 206.0000 953.0000 1298.0000 145.0000 1407.0000 635.0000 653.0000 1043.0000 1298.0000 491.0000 891.0000 1469.0000 905.0000 911.0000 668.0000 855.0000 1224.0000 1287.0000 1110.0000 152.0000 1630.0000 693.0000 674.0000 560.0000 1252.0000 522.0000 552.0000 1382.0000 1479.0000 736.0000 1566.0000 1637.0000 502.0000 668.0000 1010.0000 853.0000 560.0000
0.0000 518.0000 205.0000 1091.0000 443.0000 702.0000 910.0000 1076.0000 550.0000 1412.0000 1412.0000 1212.0000 144.0000 209.0000 1101.0000 1189.0000 1281.0000 1552.0000 922.0000 766.0000 1286.0000 0.0000 1593.0000 153.0000 406.0000 324.0000 1132.0000 313.0000 689.0000 527.0000 471.0000 509.0000 1138.0000 587.0000 1363.0000 1418.0000 527.0000 954.0000 592.0000 1574.0000 726.0000 1252.0000 874.0000 1191.0000 251.0000 1400.0000 369.0000 95.0000 1389.0000 258.0000 673.0000 720.0000 729.0000 701.0000 1215.0000 818.0000 187.0000 960.0000 480.0000 1495.0000 588.0000 627.0000 276.0000 176.0000 1207.0000 377.0000 704.0000 1178.0000 748.0000 449.0000 808.0000 839.0000 100.0000 282.0000 1136.0000 556.0000 546.0000 1317.0000 1066.0000 372.0000 433.0000 1146.0000
0.0000 1169.0000 1438.0000 682.0000 1636.0000 901.0000 683.0000 919.0000 1530.0000 658.0000 409.0000 477.0000 1537.0000 1730.0000 492.0000 806.0000 420.0000 217.0000 727.0000 844.0000 697.0000 1593.0000 0.0000 1440.0000 1266.0000 1455.0000 552.0000 1354.0000 1160.0000 1322.0000 2042.0000 1360.0000 805.0000 1162.0000 230.0000 534.0000 1655.0000 738.0000 1001.0000 62.0000 867.0000 341.0000 890.0000 582.0000 1342.0000 544.0000 1274.0000 1679.0000 757.0000 1647.0000 958.0000 1028.0000 1116.0000 1371.0000 378.0000 964.0000 1780.0000 921.0000 1123.0000 140.0000 1015.0000 1297.0000 1396.0000 1491.0000 634.0000 1868.0000 899.0000 561.0000 904.0000 1359.0000 1003.0000 758.0000 1693.0000 1860.0000 650.0000 1639.0000 1746.0000 406.0000 626.0000 1411.0000 1254.0000 447.0000
0.0000 486.0000 283.0000 960.0000 497.0000 549.0000 757.0000 1044.0000 544.0000 1281.0000 1276.0000 1059.0000 142.0000 335.0000 948.0000 1058.0000 1128.0000 1399.0000 769.0000 613.0000 1155.0000 153.0000 1440.0000 0.0000 265.0000 318.0000 979.0000 345.0000 558.0000 396.0000 624.0000 477.0000 1007.0000 555.0000 1210.0000 1287.0000 521.0000 801.0000 439.0000 1421.0000 573.0000 1099.0000 743.0000 1057.0000 98.0000 1269.0000 321.0000 248.0000 1299.0000 252.0000 520.0000 567.0000 588.0000 570.0000 1062.0000 665.0000 340.0000 807.0000 327.0000 1342.0000 435.0000 496.0000 135.0000 329.0000 1076.0000 475.0000 551.0000 1025.0000 595.0000 395.0000 742.0000 686.0000 253.0000 435.0000 983.0000 550.0000 612.0000 1164.0000 913.0000 404.0000 401.0000 993.0000
0.0000 675.0000 548.0000 938.0000 370.0000 365.0000 682.0000 1059.0000 407.0000 1283.0000 1198.0000 987.0000 271.0000 464.0000 774.0000 1060.0000 1047.0000 1318.0000 613.0000 457.0000 1157.0000 406.0000 1266.0000 265.0000 0.0000 189.0000 915.0000 610.0000 293.0000 131.0000 776.0000 742.0000 1009.0000 744.0000 1036.0000 1261.0000 389.0000 617.0000 441.0000 1247.0000 571.0000 925.0000 745.0000 993.0000 363.0000 1243.0000 586.0000 501.0000 1301.0000 381.0000 522.0000 569.0000 323.0000 305.0000 888.0000 444.0000 555.0000 597.0000 246.0000 1168.0000 304.0000 231.0000 130.0000 582.0000 1050.0000 602.0000 470.0000 851.0000 597.0000 154.0000 744.0000 607.0000 468.0000 650.0000 799.0000 413.0000 480.0000 990.0000 729.0000 669.0000 666.0000 819.0000
0.0000 804.0000 529.0000 1127.0000 184.0000 554.0000 871.0000 1248.0000 226.0000 1472.0000 1387.0000 1176.0000 180.0000 349.0000 963.0000 1249.0000 1236.0000 1507.0000 802.0000 646.0000 1346.0000 324.0000 1455.0000 318.0000 189.0000 0.0000 1104.0000 637.0000 365.0000 203.0000 618.0000 795.0000 1198.0000 873.0000 1225.0000 1450.0000 203.0000 806.0000 630.0000 1436.0000 760.0000 1114.0000 934.0000 1182.0000 416.0000 1432.0000 639.0000 419.0000 1490.0000 266.0000 711.0000 758.0000 409.0000 377.0000 1077.0000 561.0000 446.0000 724.0000 435.0000 1357.0000 493.0000 303.0000 243.0000 500.0000 1239.0000 416.0000 659.0000 1040.0000 786.0000 125.0000 933.0000 796.0000 377.0000 541.0000 988.0000 232.0000 294.0000 1179.0000 918.0000 696.0000 719.0000 1008.0000
0.0000 688.0000 977.0000 144.0000 1285.0000 567.0000 233.0000 424.0000 1213.0000 483.0000 297.0000 80.0000 1121.0000 1314.0000 288.0000 302.0000 149.0000 420.0000 364.0000 475.0000 357.0000 1132.0000 552.0000 979.0000 915.0000 1104.0000 0.0000 893.0000 843.0000 985.0000 1588.0000 879.0000 301.0000 680.0000 322.0000 412.0000 1304.0000 478.0000 540.0000 533.0000 406.0000 211.0000 338.0000 78.0000 881.0000 394.0000 813.0000 1218.0000 502.0000 1231.0000 497.0000 567.0000 799.0000 1054.0000 174.0000 647.0000 1319.0000 661.0000 673.0000 454.0000 611.0000 980.0000 1045.0000 1030.0000 217.0000 1454.0000 449.0000 357.0000 443.0000 1008.0000 451.0000 308.0000 1232.0000 1399.0000 446.0000 1322.0000 1395.0000 206.0000 422.0000 930.0000 773.0000 243.0000
0.0000 205.0000 150.0000 778.0000 756.0000 609.0000 671.0000 763.0000 863.0000 1099.0000 1099.0000 973.0000 457.0000 522.0000 862.0000 876.0000 1042.0000 1299.0000 701.0000 630.0000 973.0000 313.0000 1354.0000 345.0000 610.0000 637.0000 893.0000 0.0000 723.0000 741.0000 695.0000 196.0000 825.0000 274.0000 1124.0000 1105.0000 840.0000 815.0000 353.0000 1335.0000 487.0000 1013.0000 561.0000 878.0000 247.0000 1087.0000 80.0000 325.0000 1076.0000 571.0000 434.0000 410.0000 714.0000 915.0000 976.0000 725.0000 496.0000 867.0000 425.0000 1256.0000 495.0000 841.0000 480.0000 137.0000 894.0000 690.0000 528.0000 939.0000 470.0000 740.0000 495.0000 600.0000 409.0000 506.0000 954.0000 869.0000 859.0000 1078.0000 886.0000 63.0000 120.0000 907.0000
0.0000 727.0000 712.0000 866.0000 546.0000 324.0000 610.0000 1111.0000 370.0000 1213.0000 1092.0000 881.0000 545.0000 711.0000 668.0000 1032.0000 941.0000 1212.0000 524.0000 368.0000 1087.0000 689.0000 1160.0000 558.0000 293.0000 365.0000 843.0000 723.0000 0.0000 162.0000 980.0000 819.0000 1031.0000 796.0000 930.0000 1189.0000 565.0000 494.0000 493.0000 1141.0000 582.0000 819.0000 797.0000 921.0000 545.0000 1171.0000 643.0000 784.0000 1232.0000 628.0000 574.0000 621.0000 44.0000 211.0000 782.0000 196.0000 808.0000 359.0000 298.0000 1062.0000 263.0000 137.0000 423.0000 796.0000 978.0000 778.0000 470.0000 745.0000 649.0000 240.0000 796.0000 535.0000 742.0000 903.0000 676.0000 479.0000 656.0000 884.0000 606.0000 782.0000 743.0000 713.0000
0.0000 786.0000 679.0000 1008.0000 384.0000 435.0000 752.0000 1170.0000 333.0000 1355.0000 1254.0000 1043.0000 383.0000 549.0000 830.0000 1171.0000 1103.0000 1374.0000 683.0000 527.0000 1229.0000 527.0000 1322.0000 396.0000 131.0000 203.0000 985.0000 741.0000 162.0000 0.0000 818.0000 873.0000 1120.0000 855.0000 1092.0000 1331.0000 403.0000 656.0000 552.0000 1303.0000 682.0000 981.0000 856.0000 1063.0000 494.0000 1313.0000 702.0000 622.0000 1374.0000 466.0000 633.0000 680.0000 206.0000 174.0000 944.0000 358.0000 646.0000 521.0000 357.0000 1224.0000 374.0000 100.0000 261.0000 703.0000 1120.0000 616.0000 581.0000 907.0000 708.0000 78.0000 855.0000 677.0000 580.0000 741.0000 838.0000 427.0000 494.0000 1046.0000 768.0000 800.0000 797.0000 875.0000
0.0000 900.0000 667.0000 1473.0000 434.0000 1141.0000 1366.0000 1458.0000 771.0000 1794.0000 1794.0000 1668.0000 509.0000 340.0000 1550.0000 1571.0000 1737.0000 1994.0000 1389.0000 1233.0000 1668.0000 471.0000 2042.0000 624.0000 776.0000 618.0000 1588.0000 695.0000 980.0000 818.0000 0.0000 891.0000 1520.0000 969.0000 1812.0000 1800.0000 567.0000 1393.0000 1048.0000 2023.0000 1182.0000 1701.0000 1256.0000 1573.0000 722.0000 1782.0000 775.0000 393.0000 1771.0000 395.0000 1129.0000 1105.0000 1024.0000 922.0000 1664.0000 1176.0000 284.0000 1339.0000 951.0000 1944.0000 1059.0000 918.0000 646.0000 558.0000 1589.0000 202.0000 1175.0000 1627.0000 1165.0000 740.0000 1190.0000 1295.0000 371.0000 189.0000 1575.0000 654.0000 427.0000 1766.0000 1505.0000 754.0000 815.0000 1595.0000
0.0000 191.0000 320.0000 764.0000 952.0000 705.0000 681.0000 749.0000 1021.0000 1085.0000 1085.0000 959.0000 619.0000 718.0000 868.0000 862.0000 1028.0000 1285.0000 767.0000 726.0000 959.0000 509.0000 1360.0000 477.0000 742.0000 795.0000 879.0000 196.0000 819.0000 873.0000 891.0000 0.0000 811.0000 260.0000 1130.0000 1091.0000 998.0000 881.0000 449.0000 1341.0000 566.0000 1019.0000 547.0000 864.0000 379.0000 1073.0000 176.0000 521.0000 1062.0000 729.0000 478.0000 396.0000 810.0000 1018.0000 982.0000 821.0000 692.0000 963.0000 521.0000 1262.0000 591.0000 944.0000 612.0000 333.0000 880.0000 886.0000 624.0000 945.0000 456.0000 872.0000 481.0000 666.0000 605.0000 702.0000 960.0000 1027.0000 1055.0000 1084.0000 892.0000 147.0000 127.0000 913.0000
0.0000 620.0000 949.0000 169.0000 1379.0000 755.0000 421.0000 130.0000 1401.0000 293.0000 396.0000 351.0000 1149.0000 1342.0000 559.0000 51.0000 414.0000 596.0000 552.0000 663.0000 167.0000 1138.0000 805.0000 1007.0000 1009.0000 1198.0000 301.0000 825.0000 1031.0000 1120.0000 1520.0000 811.0000 0.0000 587.0000 593.0000 382.0000 1398.0000 666.0000 568.0000 804.0000 522.0000 482.0000 264.0000 241.0000 909.0000 364.0000 805.0000 1150.0000 292.0000 1259.0000 487.0000 505.0000 987.0000 1242.0000 445.0000 835.0000 1321.0000 849.0000 763.0000 725.0000 799.0000 1168.0000 1139.0000 962.0000 171.0000 1482.0000 611.0000 628.0000 412.0000 1143.0000 370.0000 496.0000 1234.0000 1331.0000 680.0000 1422.0000 1489.0000 477.0000 612.0000 862.0000 705.0000 514.0000
0.0000 69.0000 398.0000 565.0000 1030.0000 639.0000 483.0000 489.0000 1099.0000 833.0000 886.0000 760.0000 697.0000 796.0000 670.0000 611.0000 829.0000 1086.0000 569.0000 568.0000 711.0000 587.0000 1162.0000 555.0000 744.0000 873.0000 680.0000 274.0000 796.0000 855.0000 969.0000 260.0000 587.0000 0.0000 932.0000 892.0000 1076.0000 683.0000 326.0000 1143.0000 368.0000 821.0000 348.0000 665.0000 457.0000 874.0000 254.0000 599.0000 802.0000 807.0000 280.0000 198.0000 787.0000 995.0000 784.0000 740.0000 770.0000 866.0000 498.0000 1064.0000 568.0000 921.0000 690.0000 411.0000 681.0000 964.0000 466.0000 747.0000 258.0000 878.0000 235.0000 468.0000 683.0000 780.0000 762.0000 1105.0000 1133.0000 886.0000 694.0000 311.0000 154.0000 715.0000
0.0000 939.0000 1208.0000 452.0000 1406.0000 671.0000 453.0000 716.0000 1300.0000 681.0000 390.0000 247.0000 1307.0000 1500.0000 262.0000 594.0000 243.0000 320.0000 497.0000 614.0000 639.0000 1363.0000 230.0000 1210.0000 1036.0000 1225.0000 322.0000 1124.0000 930.0000 1092.0000 1812.0000 1130.0000 593.0000 932.0000 0.0000 561.0000 1425.0000 508.0000 771.0000 211.0000 637.0000 111.0000 660.0000 352.0000 1112.0000 525.0000 1044.0000 1449.0000 780.0000 1417.0000 728.0000 798.0000 886.0000 1141.0000 148.0000 734.0000 1550.0000 691.0000 893.0000 132.0000 785.0000 1067.0000 1166.0000 1261.0000 491.0000 1638.0000 669.0000 331.0000 674.0000 1129.0000 773.0000 528.0000 1463.0000 1630.0000 420.0000 1409.0000 1516.0000 176.0000 396.0000 1181.0000 1024.0000 217.0000
0.0000 900.0000 1229.0000 327.0000 1631.0000 913.0000 579.0000 446.0000 1559.0000 126.0000 173.0000 417.0000 1429.0000 1622.0000 595.0000 374.0000 322.0000 325.0000 710.0000 821.0000 224.0000 1418.0000 534.0000 1287.0000 1261.0000 1450.0000 412.0000 1105.0000 1189.0000 1331.0000 1800.0000 1091.0000 382.0000 892.0000 561.0000 0.0000 1650.0000 824.0000 848.0000 551.0000 752.0000 450.0000 550.0000 334.0000 1189.0000 36.0000 1085.0000 1430.0000 225.0000 1539.0000 767.0000 785.0000 1145.0000 1400.0000 481.0000 993.0000 1601.0000 1007.0000 1019.0000 505.0000 957.0000 1326.0000 1391.0000 1242.0000 211.0000 1762.0000 795.0000 664.0000 692.0000 1354.0000 663.0000 654.0000 1514.0000 1611.0000 753.0000 1668.0000 1741.0000 387.0000 729.0000 1142.0000 985.0000 550.0000
0.0000 1007.0000 732.0000 1327.0000 217.0000 754.0000 1071.0000 1448.0000 210.0000 1672.0000 1587.0000 1376.0000 383.0000 432.0000 1163.0000 1449.0000 1436.0000 1707.0000 1002.0000 846.0000 1546.0000 527.0000 1655.0000 521.0000 389.0000 203.0000 1304.0000 840.0000 565.0000 403.0000 567.0000 998.0000 1398.0000 1076.0000 1425.0000 1650.0000 0.0000 1006.0000 830.0000 1636.0000 960.0000 1314.0000 1134.0000 1382.0000 619.0000 1632.0000 842.0000 622.0000 1690.0000 349.0000 911.0000 958.0000 609.0000 361.0000 1277.0000 761.0000 529.0000 924.0000 635.0000 1557.0000 693.0000 435.0000 443.0000 703.0000 1439.0000 365.0000 859.0000 1240.0000 986.0000 325.0000 1133.0000 996.0000 567.0000 624.0000 1188.0000 93.0000 140.0000 1379.0000 1118.0000 899.0000 922.0000 1208.0000
0.0000 690.0000 888.0000 501.0000 987.0000 252.0000 245.0000 789.0000 864.0000 848.0000 670.0000 459.0000 888.0000 1081.0000 246.0000 667.0000 519.0000 790.0000 114.0000 195.0000 722.0000 954.0000 738.0000 801.0000 617.0000 806.0000 478.0000 815.0000 494.0000 656.0000 1393.0000 881.0000 666.0000 683.0000 508.0000 824.0000 1006.0000 0.0000 462.0000 719.0000 328.0000 397.0000 503.0000 556.0000 721.0000 805.0000 735.0000 1049.0000 867.0000 998.0000 419.0000 501.0000 450.0000 705.0000 360.0000 298.0000 1141.0000 183.0000 474.0000 640.0000 366.0000 631.0000 747.0000 952.0000 613.0000 1219.0000 295.0000 271.0000 425.0000 710.0000 614.0000 219.0000 1054.0000 1236.0000 182.0000 973.0000 1097.0000 462.0000 112.0000 874.0000 775.0000 291.0000
0.0000 333.0000 437.0000 521.0000 811.0000 348.0000 318.0000 618.0000 848.0000 842.0000 837.0000 620.0000 581.0000 774.0000 509.0000 619.0000 689.0000 960.0000 348.0000 277.0000 716.0000 592.0000 1001.0000 439.0000 441.0000 630.0000 540.0000 353.0000 493.0000 552.0000 1048.0000 449.0000 568.0000 326.0000 771.0000 848.0000 830.0000 462.0000 0.0000 982.0000 134.0000 660.0000 304.0000 618.0000 341.0000 830.0000 273.0000 678.0000 860.0000 691.0000 81.0000 128.0000 484.0000 692.0000 623.0000 449.0000 779.0000 576.0000 195.0000 903.0000 265.0000 618.0000 571.0000 490.0000 637.0000 914.0000 175.0000 586.0000 156.0000 575.0000 303.0000 247.0000 692.0000 859.0000 601.0000 854.0000 921.0000 725.0000 533.0000 412.0000 373.0000 554.0000
0.0000 1150.0000 1419.0000 663.0000 1617.0000 882.0000 664.0000 927.0000 1511.0000 675.0000 426.0000 458.0000 1518.0000 1711.0000 473.0000 805.0000 437.0000 234.0000 708.0000 825.0000 714.0000 1574.0000 62.0000 1421.0000 1247.0000 1436.0000 533.0000 1335.0000 1141.0000 1303.0000 2023.0000 1341.0000 804.0000 1143.0000 211.0000 551.0000 1636.0000 719.0000 982.0000 0.0000 848.0000 322.0000 871.0000 563.0000 1323.0000 561.0000 1255.0000 1660.0000 774.0000 1628.0000 939.0000 1009.0000 1097.0000 1352.0000 359.0000 945.0000 1761.0000 902.0000 1104.0000 121.0000 996.0000 1278.0000 1377.0000 1472.0000 651.0000 1849.0000 880.0000 542.0000 885.0000 1340.0000 984.0000 739.0000 1674.0000 1841.0000 631.0000 1620.0000 1727.0000 387.0000 607.0000 1392.0000 1235.0000 428.0000
0.0000 375.0000 571.0000 429.0000 941.0000 308.0000 184.0000 572.0000 952.0000 776.0000 703.0000 486.0000 715.0000 908.0000 375.0000 573.0000 555.0000 826.0000 214.0000 216.0000 650.0000 726.0000 867.0000 573.0000 571.0000 760.0000 406.0000 487.0000 582.0000 682.0000 1182.0000 566.0000 522.0000 368.0000 637.0000 752.0000 960.0000 328.0000 134.0000 848.0000 0.0000 526.0000 258.0000 484.0000 475.0000 734.0000 407.0000 812.0000 795.0000 825.0000 91.0000 173.0000 538.0000 793.0000 489.0000 388.0000 913.0000 511.0000 325.0000 769.0000 319.0000 719.0000 701.0000 624.0000 541.0000 1048.0000 112.0000 452.0000 110.0000 705.0000 321.0000 113.0000 826.0000 993.0000 467.0000 984.0000 1051.0000 591.0000 399.0000 546.0000 460.0000 420.0000
0.0000 828.0000 1097.0000 341.0000 1295.0000 560.0000 342.0000 605.0000 1189.0000 570.0000 279.0000 136.0000 1196.0000 1389.0000 151.0000 483.0000 132.0000 399.0000 386.0000 503.0000 528.0000 1252.0000 341.0000 1099.0000 925.0000 1114.0000 211.0000 1013.0000 819.0000 981.0000 1701.0000 1019.0000 482.0000 821.0000 111.0000 450.0000 1314.0000 397.0000 660.0000 322.0000 526.0000 0.0000 549.0000 241.0000 1001.0000 414.0000 933.0000 1338.0000 669.0000 1306.0000 617.0000 687.0000 775.0000 1030.0000 37.0000 623.0000 1439.0000 580.0000 782.0000 243.0000 674.0000 956.0000 1055.0000 1150.0000 380.0000 1527.0000 558.0000 220.0000 563.0000 1018.0000 662.0000 417.0000 1352.0000 1519.0000 309.0000 1298.0000 1405.0000 65.0000 285.0000 1070.0000 913.0000 106.0000
0.0000 356.0000 685.0000 223.0000 1115.0000 560.0000 258.0000 322.0000 1152.0000 542.0000 544.0000 418.0000 885.0000 1078.0000 445.0000 315.0000 487.0000 744.0000 389.0000 468.0000 416.0000 874.0000 890.0000 743.0000 745.0000 934.0000 338.0000 561.0000 797.0000 856.0000 1256.0000 547.0000 264.0000 348.0000 660.0000 550.0000 1134.0000 503.0000 304.0000 871.0000 258.0000 549.0000 0.0000 323.0000 645.0000 532.0000 541.0000 886.0000 556.0000 995.0000 223.0000 241.0000 781.0000 996.0000 512.0000 640.0000 1057.0000 686.0000 499.0000 792.0000 562.0000 922.0000 875.0000 698.0000 339.0000 1218.0000 370.0000 522.0000 148.0000 879.0000 119.0000 301.0000 970.0000 1067.0000 537.0000 1158.0000 1225.0000 544.0000 469.0000 598.0000 441.0000 490.0000
0.0000 673.0000 1002.0000 100.0000 1363.0000 645.0000 311.0000 364.0000 1291.0000 413.0000 221.0000 110.0000 1199.0000 1392.0000 318.0000 242.0000 173.0000 421.0000 442.0000 553.0000 287.0000 1191.0000 582.0000 1057.0000 993.0000 1182.0000 78.0000 878.0000 921.0000 1063.0000 1573.0000 864.0000 241.0000 665.0000 352.0000 334.0000 1382.0000 556.0000 618.0000 563.0000 484.0000 241.0000 323.0000 0.0000 959.0000 316.0000 858.0000 1203.0000 432.0000 1309.0000 540.0000 558.0000 877.0000 1132.0000 204.0000 725.0000 1374.0000 739.0000 751.0000 484.0000 689.0000 1058.0000 1123.0000 1015.0000 139.0000 1532.0000 527.0000 387.0000 465.0000 1086.0000 436.0000 386.0000 1287.0000 1384.0000 476.0000 1400.0000 1473.0000 236.0000 452.0000 915.0000 758.0000 273.0000
0.0000 388.0000 185.0000 862.0000 595.0000 469.0000 659.0000 946.0000 642.0000 1183.0000 1178.0000 961.0000 240.0000 433.0000 850.0000 960.0000 1030.0000 1301.0000 689.0000 533.0000 1057.0000 251.0000 1342.0000 98.0000 363.0000 416.0000 881.0000 247.0000 545.0000 494.0000 722.0000 379.0000 909.0000 457.0000 1112.0000 1189.0000 619.0000 721.0000 341.0000 1323.0000 475.0000 1001.0000 645.0000 959.0000 0.0000 1171.0000 223.0000 346.0000 1201.0000 350.0000 422.0000 469.0000 561.0000 668.0000 964.0000 585.0000 438.0000 727.0000 247.0000 1244.0000 355.0000 594.0000 233.0000 269.0000 978.0000 573.0000 471.0000 927.0000 497.0000 493.0000 644.0000 588.0000 351.0000 533.0000 903.0000 648.0000 710.0000 1066.0000 833.0000 306.0000 303.0000 895.0000
0.0000 882.0000 1211.0000 309.0000 1613.0000 895.0000 561.0000 428.0000 1541.0000 156.0000 137.0000 381.0000 1411.0000 1604.0000 559.0000 356.0000 286.0000 335.0000 692.0000 803.0000 206.0000 1400.0000 544.0000 1269.0000 1243.0000 1432.0000 394.0000 1087.0000 1171.0000 1313.0000 1782.0000 1073.0000 364.0000 874.0000 525.0000 36.0000 1632.0000 805.0000 830.0000 561.0000 734.0000 414.0000 532.0000 316.0000 1171.0000 0.0000 1067.0000 1412.0000 255.0000 1521.0000 749.0000 767.0000 1127.0000 1382.0000 445.0000 975.0000 1583.0000 988.0000 1001.0000 515.0000 939.0000 1308.0000 1373.0000 1224.0000 193.0000 1744.0000 777.0000 628.0000 674.0000 1336.0000 645.0000 636.0000 1496.0000 1593.0000 717.0000 1650.0000 1723.0000 351.0000 693.0000 1124.0000 967.0000 514.0000
0.0000 185.0000 164.0000 758.0000 812.0000 529.0000 591.0000 743.0000 865.0000 1079.0000 1079.0000 893.0000 463.0000 578.0000 782.0000 856.0000 962.0000 1233.0000 621.0000 550.0000 953.0000 369.0000 1274.0000 321.0000 586.0000 639.0000 813.0000 80.0000 643.0000 702.0000 775.0000 176.0000 805.0000 254.0000 1044.0000 1085.0000 842.0000 735.0000 273.0000 1255.0000 407.0000 933.0000 541.0000 858.0000 223.0000 1067.0000 0.0000 405.0000 1056.0000 573.0000 354.0000 390.0000 634.0000 842.0000 896.0000 645.0000 552.0000 787.0000 345.0000 1176.0000 415.0000 768.0000 456.0000 217.0000 874.0000 746.0000 448.0000 859.0000 429.0000 716.0000 475.0000 520.0000 465.0000 586.0000 874.0000 871.0000 915.0000 998.0000 806.0000 139.0000 100.0000 827.0000
0.0000 530.0000 296.0000 1103.0000 518.0000 797.0000 996.0000 1088.0000 645.0000 1424.0000 1424.0000 1298.0000 239.0000 284.0000 1187.0000 1201.0000 1367.0000 1624.0000 1017.0000 861.0000 1298.0000 95.0000 1679.0000 248.0000 501.0000 419.0000 1218.0000 325.0000 784.0000 622.0000 393.0000 521.0000 1150.0000 599.0000 1449.0000 1430.0000 622.0000 1049.0000 678.0000 1660.0000 812.0000 1338.0000 886.0000 1203.0000 346.0000 1412.0000 405.0000 0.0000 1401.0000 353.0000 759.0000 735.0000 824.0000 796.0000 1301.0000 913.0000 230.0000 1055.0000 575.0000 1581.0000 683.0000 722.0000 371.0000 188.0000 1219.0000 452.0000 799.0000 1264.0000 795.0000 544.0000 820.0000 925.0000 149.0000 204.0000 1231.0000 651.0000 621.0000 1403.0000 1161.0000 384.0000 445.0000 1232.0000
0.0000 871.0000 1200.0000 370.0000 1671.0000 956.0000 622.0000 313.0000 1602.0000 99.0000 392.0000 542.0000 1441.0000 1598.0000 750.0000 241.0000 541.0000 548.0000 753.0000 864.0000 145.0000 1389.0000 757.0000 1299.0000 1301.0000 1490.0000 502.0000 1076.0000 1232.0000 1374.0000 1771.0000 1062.0000 292.0000 802.0000 780.0000 225.0000 1690.0000 867.0000 860.0000 774.0000 795.0000 669.0000 556.0000 432.0000 1201.0000 255.0000 1056.0000 1401.0000 0.0000 1551.0000 779.0000 797.0000 1188.0000 1443.0000 636.0000 1036.0000 1572.0000 1050.0000 1055.0000 728.0000 1000.0000 1369.0000 1431.0000 1213.0000 297.0000 1766.0000 838.0000 819.0000 704.0000 1397.0000 662.0000 697.0000 1485.0000 1582.0000 881.0000 1711.0000 1781.0000 606.0000 813.0000 1113.0000 956.0000 705.0000
0.0000 738.0000 463.0000 1212.0000 245.0000 746.0000 1009.0000 1296.0000 479.0000 1533.0000 1528.0000 1311.0000 114.0000 83.0000 1155.0000 1310.0000 1380.0000 1651.0000 994.0000 838.0000 1407.0000 258.0000 1647.0000 252.0000 381.0000 266.0000 1231.0000 571.0000 628.0000 466.0000 395.0000 729.0000 1259.0000 807.0000 1417.0000 1539.0000 349.0000 998.0000 691.0000 1628.0000 825.0000 1306.0000 995.0000 1309.0000 350.0000 1521.0000 573.0000 353.0000 1551.0000 0.0000 772.0000 819.0000 672.0000 630.0000 1269.0000 824.0000 180.0000 978.0000 579.0000 1549.0000 685.0000 566.0000 251.0000 434.0000 1328.0000 223.0000 803.0000 1232.0000 847.0000 388.0000 994.0000 938.0000 218.0000 275.0000 1180.0000 408.0000 388.0000 1371.0000 1110.0000 630.0000 653.0000 1200.0000
0.0000 287.0000 518.0000 440.0000 892.0000 363.0000 275.0000 537.0000 929.0000 761.0000 761.0000 577.0000 662.0000 855.0000 466.0000 538.0000 646.0000 917.0000 305.0000 292.0000 635.0000 673.0000 958.0000 520.0000 522.0000 711.0000 497.0000 434.0000 574.0000 633.0000 1129.0000 478.0000 487.0000 280.0000 728.0000 767.0000 911.0000 419.0000 81.0000 939.0000 91.0000 617.0000 223.0000 540.0000 422.0000 749.0000 354.0000 759.0000 779.0000 772.0000 0.0000 82.0000 558.0000 773.0000 580.0000 464.0000 860.0000 591.0000 276.0000 860.0000 339.0000 699.0000 652.0000 571.0000 556.0000 995.0000 190.0000 543.0000 75.0000 656.0000 257.0000 204.0000 773.0000 940.0000 558.0000 935.0000 1002.0000 682.0000 490.0000 493.0000 372.0000 511.0000
0.0000 205.0000 534.0000 458.0000 939.0000 441.0000 349.0000 543.0000 976.0000 779.0000 779.0000 647.0000 709.0000 902.0000 536.0000 556.0000 716.0000 979.0000 387.0000 370.0000 653.0000 720.0000 1028.0000 567.0000 569.0000 758.0000 567.0000 410.0000 621.0000 680.0000 1105.0000 396.0000 505.0000 198.0000 798.0000 785.0000 958.0000 501.0000 128.0000 1009.0000 173.0000 687.0000 241.0000 558.0000 469.0000 767.0000 390.0000 735.0000 797.0000 819.0000 82.0000 0.0000 612.0000 820.0000 650.0000 542.0000 906.0000 669.0000 323.0000 930.0000 393.0000 746.0000 699.0000 547.0000 574.0000 1042.0000 268.0000 613.0000 124.0000 703.0000 175.0000 286.0000 819.0000 916.0000 628.0000 982.0000 1049.0000 752.0000 560.0000 447.0000 290.0000 581.0000
0.0000 718.0000 728.0000 822.0000 590.0000 280.0000 566.0000 1095.0000 414.0000 1169.0000 1048.0000 837.0000 589.0000 755.0000 624.0000 988.0000 897.0000 1168.0000 480.0000 324.0000 1043.0000 729.0000 1116.0000 588.0000 323.0000 409.0000 799.0000 714.0000 44.0000 206.0000 1024.0000 810.0000 987.0000 787.0000 886.0000 1145.0000 609.0000 450.0000 484.0000 1097.0000 538.0000 775.0000 781.0000 877.0000 561.0000 1127.0000 634.0000 824.0000 1188.0000 672.0000 558.0000 612.0000 0.0000 255.0000 738.0000 152.0000 852.0000 315.0000 314.0000 1018.0000 219.0000 181.0000 453.0000 812.0000 934.0000 822.0000 426.0000 701.0000 633.0000 284.0000 787.0000 491.0000 786.0000 947.0000 632.0000 523.0000 700.0000 840.0000 562.0000 773.0000 734.0000 669.0000
0.0000 926.0000 853.0000 1077.0000 548.0000 535.0000 821.0000 1310.0000 159.0000 1424.0000 1303.0000 1092.0000 557.0000 713.0000 879.0000 1243.0000 1152.0000 1423.0000 735.0000 579.0000 1298.0000 701.0000 1371.0000 570.0000 305.0000 377.0000 1054.0000 915.0000 211.0000 174.0000 922.0000 1018.0000 1242.0000 995.0000 1141.0000 1400.0000 361.0000 705.0000 692.0000 1352.0000 793.0000 1030.0000 996.0000 1132.0000 668.0000 1382.0000 842.0000 796.0000 1443.0000 630.0000 773.0000 820.0000 255.0000 0.0000 993.0000 407.0000 810.0000 570.0000 497.0000 1273.0000 474.0000 74.0000 435.0000 877.0000 1189.0000 720.0000 681.0000 956.0000 848.0000 252.0000 995.0000 746.0000 754.0000 905.0000 887.0000 268.0000 495.0000 1095.0000 817.0000 974.0000 942.0000 924.0000
0.0000 791.0000 1060.0000 304.0000 1258.0000 523.0000 305.0000 568.0000 1152.0000 601.0000 310.0000 99.0000 1159.0000 1352.0000 114.0000 446.0000 159.0000 430.0000 349.0000 466.0000 491.0000 1215.0000 378.0000 1062.0000 888.0000 1077.0000 174.0000 976.0000 782.0000 944.0000 1664.0000 982.0000 445.0000 784.0000 148.0000 481.0000 1277.0000 360.0000 623.0000 359.0000 489.0000 37.0000 512.0000 204.0000 964.0000 445.0000 896.0000 1301.0000 636.0000 1269.0000 580.0000 650.0000 738.0000 993.0000 0.0000 586.0000 1402.0000 543.0000 745.0000 280.0000 637.0000 919.0000 1018.0000 1113.0000 343.0000 1490.0000 521.0000 183.0000 526.0000 981.0000 625.0000 380.0000 1315.0000 1482.0000 272.0000 1261.0000 1368.0000 102.0000 248.0000 1033.0000 876.0000 69.0000
0.0000 729.0000 752.0000 670.0000 742.0000 131.0000 414.0000 954.0000 566.0000 1017.0000 896.0000 685.0000 715.0000 907.0000 472.0000 836.0000 745.0000 1016.0000 328.0000 172.0000 891.0000 818.0000 964.0000 665.0000 444.0000 561.0000 647.0000 725.0000 196.0000 358.0000 1176.0000 821.0000 835.0000 740.0000 734.0000 993.0000 761.0000 298.0000 449.0000 945.0000 388.0000 623.0000 640.0000 725.0000 585.0000 975.0000 645.0000 913.0000 1036.0000 824.0000 464.0000 542.0000 152.0000 407.0000 586.0000 0.0000 999.0000 163.0000 338.0000 866.0000 230.0000 333.0000 574.0000 836.0000 782.0000 974.0000 276.0000 549.0000 498.0000 436.0000 709.0000 339.0000 912.0000 1094.0000 480.0000 675.0000 852.0000 688.0000 410.0000 784.0000 745.0000 517.0000
0.0000 701.0000 388.0000 1274.0000 331.0000 889.0000 1097.0000 1259.0000 659.0000 1595.0000 1595.0000 1399.0000 284.0000 97.0000 1288.0000 1372.0000 1468.0000 1739.0000 1109.0000 953.0000 1469.0000 187.0000 1780.0000 340.0000 555.0000 446.0000 1319.0000 496.0000 808.0000 646.0000 284.0000 692.0000 1321.0000 770.0000 1550.0000 1601.0000 529.0000 1141.0000 779.0000 1761.0000 913.0000 1439.0000 1057.0000 1374.0000 438.0000 1583.0000 552.0000 230.0000 1572.0000 180.0000 860.0000 906.0000 852.0000 810.0000 1402.0000 999.0000 0.0000 1147.0000 667.0000 1682.0000 775.0000 746.0000 425.0000 359.0000 1390.0000 265.0000 891.0000 1365.0000 935.0000 568.0000 991.0000 1026.0000 87.0000 95.0000 1323.0000 588.0000 434.0000 1504.0000 1253.0000 555.0000 616.0000 1333.0000
0.0000 871.0000 894.0000 684.0000 905.0000 258.0000 428.0000 972.0000 729.0000 1031.0000 853.0000 642.0000 868.0000 1061.0000 429.0000 850.0000 702.0000 973.0000 297.0000 299.0000 905.0000 960.0000 921.0000 807.0000 597.0000 724.0000 661.0000 867.0000 359.0000 521.0000 1339.0000 963.0000 849.0000 866.0000 691.0000 1007.0000 924.0000 183.0000 576.0000 902.0000 511.0000 580.0000 686.0000 739.0000 727.0000 988.0000 787.0000 1055.0000 1050.0000 978.0000 591.0000 669.0000 315.0000 570.0000 543.0000 163.0000 1147.0000 0.0000 480.0000 823.0000 372.0000 496.0000 727.0000 978.0000 796.0000 1137.0000 403.0000 454.0000 608.0000 599.0000 797.0000 402.0000 1060.0000 1242.0000 365.0000 838.0000 1015.0000 645.0000 295.0000 926.0000 887.0000 474.0000
0.0000 429.0000 414.0000 696.0000 616.0000 222.0000 440.0000 813.0000 653.0000 1037.0000 970.0000 753.0000 469.0000 662.0000 631.0000 814.0000 822.0000 1093.0000 442.0000 286.0000 911.0000 480.0000 1123.0000 327.0000 246.0000 435.0000 673.0000 425.0000 298.0000 357.0000 951.0000 521.0000 763.0000 498.0000 893.0000 1019.0000 635.0000 474.0000 195.0000 1104.0000 325.0000 782.0000 499.0000 751.0000 247.0000 1001.0000 345.0000 575.0000 1055.0000 579.0000 276.0000 323.0000 314.0000 497.0000 745.0000 338.0000 667.0000 480.0000 0.0000 1025.0000 108.0000 423.0000 376.0000 498.0000 808.0000 802.0000 224.0000 708.0000 351.0000 380.0000 498.0000 365.0000 580.0000 762.0000 656.0000 659.0000 726.0000 847.0000 586.0000 484.0000 445.0000 676.0000
0.0000 1071.0000 1340.0000 584.0000 1538.0000 803.0000 585.0000 848.0000 1432.0000 629.0000 380.0000 379.0000 1439.0000 1632.0000 394.0000 726.0000 375.0000 188.0000 629.0000 746.0000 668.0000 1495.0000 140.0000 1342.0000 1168.0000 1357.0000 454.0000 1256.0000 1062.0000 1224.0000 1944.0000 1262.0000 725.0000 1064.0000 132.0000 505.0000 1557.0000 640.0000 903.0000 121.0000 769.0000 243.0000 792.0000 484.0000 1244.0000 515.0000 1176.0000 1581.0000 728.0000 1549.0000 860.0000 930.0000 1018.0000 1273.0000 280.0000 866.0000 1682.0000 823.0000 1025.0000 0.0000 917.0000 1199.0000 1298.0000 1393.0000 605.0000 1770.0000 801.0000 463.0000 806.0000 1261.0000 905.0000 660.0000 1595.0000 1762.0000 552.0000 1541.0000 1648.0000 308.0000 528.0000 1313.0000 1156.0000 349.0000
0.0000 499.0000 522.0000 634.0000 674.0000 114.0000 378.0000 876.0000 633.0000 981.0000 908.0000 691.0000 575.0000 768.0000 523.0000 800.0000 760.0000 1031.0000 334.0000 178.0000 855.0000 588.0000 1015.0000 435.0000 304.0000 493.0000 611.0000 495.0000 263.0000 374.0000 1059.0000 591.0000 799.0000 568.0000 785.0000 957.0000 693.0000 366.0000 265.0000 996.0000 319.0000 674.0000 562.0000 689.0000 355.0000 939.0000 415.0000 683.0000 1000.0000 685.0000 339.0000 393.0000 219.0000 474.0000 637.0000 230.0000 775.0000 372.0000 108.0000 917.0000 0.0000 400.0000 434.0000 606.0000 746.0000 906.0000 207.0000 600.0000 414.0000 397.0000 568.0000 303.0000 688.0000 870.0000 548.0000 717.0000 784.0000 739.0000 478.0000 554.0000 515.0000 568.0000
0.0000 852.0000 779.0000 1003.0000 484.0000 461.0000 747.0000 1236.0000 233.0000 1350.0000 1229.0000 1018.0000 483.0000 649.0000 805.0000 1169.0000 1078.0000 1349.0000 661.0000 505.0000 1224.0000 627.0000 1297.0000 496.0000 231.0000 303.0000 980.0000 841.0000 137.0000 100.0000 918.0000 944.0000 1168.0000 921.0000 1067.0000 1326.0000 435.0000 631.0000 618.0000 1278.0000 719.0000 956.0000 922.0000 1058.0000 594.0000 1308.0000 768.0000 722.0000 1369.0000 566.0000 699.0000 746.0000 181.0000 74.0000 919.0000 333.0000 746.0000 496.0000 423.0000 1199.0000 400.0000 0.0000 361.0000 803.0000 1115.0000 716.0000 607.0000 882.0000 774.0000 178.0000 921.0000 672.0000 680.0000 841.0000 813.0000 342.0000 569.0000 1021.0000 743.0000 900.0000 868.0000 850.0000
0.0000 621.0000 418.0000 1068.0000 424.0000 495.0000 812.0000 1179.0000 461.0000 1413.0000 1328.0000 1117.0000 141.0000 334.0000 904.0000 1190.0000 1177.0000 1448.0000 743.0000 587.0000 1287.0000 276.0000 1396.0000 135.0000 130.0000 243.0000 1045.0000 480.0000 423.0000 261.0000 646.0000 612.0000 1139.0000 690.0000 1166.0000 1391.0000 443.0000 747.0000 571.0000 1377.0000 701.0000 1055.0000 875.0000 1123.0000 233.0000 1373.0000 456.0000 371.0000 1431.0000 251.0000 652.0000 699.0000 453.0000 435.0000 1018.0000 574.0000 425.0000 727.0000 376.0000 1298.0000 434.0000 361.0000 0.0000 452.0000 1180.0000 474.0000 600.0000 981.0000 727.0000 260.0000 874.0000 737.0000 338.0000 520.0000 929.0000 467.0000 534.0000 1120.0000 859.0000 539.0000 536.0000 949.0000
0.0000 342.0000 110.0000 915.0000 619.0000 720.0000 808.0000 900.0000 726.0000 1236.0000 1236.0000 1110.0000 320.0000 385.0000 999.0000 1013.0000 1179.0000 1436.0000 838.0000 767.0000 1110.0000 176.0000 1491.0000 329.0000 582.0000 500.0000 1030.0000 137.0000 796.0000 703.0000 558.0000 333.0000 962.0000 411.0000 1261.0000 1242.0000 703.0000 952.0000 490.0000 1472.0000 624.0000 1150.0000 698.0000 1015.0000 269.0000 1224.0000 217.0000 188.0000 1213.0000 434.0000 571.0000 547.0000 812.0000 877.0000 1113.0000 836.0000 359.0000 978.0000 498.0000 1393.0000 606.0000 803.0000 452.0000 0.0000 1031.0000 553.0000 665.0000 1076.0000 607.0000 625.0000 632.0000 737.0000 272.0000 369.0000 1091.0000 732.0000 722.0000 1215.0000 1023.0000 196.0000 257.0000 1044.0000
0.0000 689.0000 1018.0000 116.0000 1420.0000 702.0000 368.0000 294.0000 1348.0000 278.0000 225.0000 249.0000 1218.0000 1411.0000 457.0000 172.0000 311.0000 425.0000 499.0000 610.0000 152.0000 1207.0000 634.0000 1076.0000 1050.0000 1239.0000 217.0000 894.0000 978.0000 1120.0000 1589.0000 880.0000 171.0000 681.0000 491.0000 211.0000 1439.0000 613.0000 637.0000 651.0000 541.0000 380.0000 339.0000 139.0000 978.0000 193.0000 874.0000 1219.0000 297.0000 1328.0000 556.0000 574.0000 934.0000 1189.0000 343.0000 782.0000 1390.0000 796.0000 808.0000 605.0000 746.0000 1115.0000 1180.0000 1031.0000 0.0000 1551.0000 584.0000 526.0000 481.0000 1143.0000 452.0000 443.0000 1303.0000 1400.0000 615.0000 1457.0000 1530.0000 375.0000 559.0000 931.0000 774.0000 412.0000
0.0000 895.0000 582.0000 1435.0000 232.0000 967.0000 1232.0000 1453.0000 569.0000 1756.0000 1751.0000 1534.0000 337.0000 168.0000 1376.0000 1533.0000 1603.0000 1874.0000 1215.0000 1059.0000 1630.0000 377.0000 1868.0000 475.0000 602.0000 416.0000 1454.0000 690.0000 778.0000 616.0000 202.0000 886.0000 1482.0000 964.0000 1638.0000 1762.0000 365.0000 1219.0000 914.0000 1849.0000 1048.0000 1527.0000 1218.0000 1532.0000 573.0000 1744.0000 746.0000 452.0000 1766.0000 223.0000 995.0000 1042.0000 822.0000 720.0000 1490.0000 974.0000 265.0000 1137.0000 802.0000 1770.0000 906.0000 716.0000 474.0000 553.0000 1551.0000 0.0000 1026.0000 1453.0000 1070.0000 538.0000 1185.0000 1161.0000 303.0000 360.0000 1401.0000 452.0000 225.0000 1592.0000 1331.0000 749.0000 810.0000 1421.0000
0.0000 473.0000 612.0000 472.0000 840.0000 196.0000 216.0000 684.0000 840.0000 819.0000 746.0000 529.0000 693.0000 886.0000 407.0000 638.0000 598.0000 869.0000 246.0000 104.0000 693.0000 704.0000 899.0000 551.0000 470.0000 659.0000 449.0000 528.0000 470.0000 581.0000 1175.0000 624.0000 611.0000 466.0000 669.0000 795.0000 859.0000 295.0000 175.0000 880.0000 112.0000 558.0000 370.0000 527.0000 471.0000 777.0000 448.0000 799.0000 838.0000 803.0000 190.0000 268.0000 426.0000 681.0000 521.0000 276.0000 891.0000 403.0000 224.0000 801.0000 207.0000 607.0000 600.0000 665.0000 584.0000 1026.0000 0.0000 484.0000 222.0000 604.0000 433.0000 141.0000 804.0000 986.0000 477.0000 883.0000 950.0000 623.0000 407.0000 587.0000 548.0000 452.0000
0.0000 754.0000 1023.0000 487.0000 1221.0000 486.0000 268.0000 751.0000 1115.0000 784.0000 493.0000 282.0000 1122.0000 1315.0000 159.0000 629.0000 342.0000 613.0000 312.0000 429.0000 674.0000 1178.0000 561.0000 1025.0000 851.0000 1040.0000 357.0000 939.0000 745.0000 907.0000 1627.0000 945.0000 628.0000 747.0000 331.0000 664.0000 1240.0000 271.0000 586.0000 542.0000 452.0000 220.0000 522.0000 387.0000 927.0000 628.0000 859.0000 1264.0000 819.0000 1232.0000 543.0000 613.0000 701.0000 956.0000 183.0000 549.0000 1365.0000 454.0000 708.0000 463.0000 600.0000 882.0000 981.0000 1076.0000 526.0000 1453.0000 484.0000 0.0000 489.0000 944.0000 633.0000 343.0000 1278.0000 1445.0000 89.0000 1224.0000 1331.0000 285.0000 177.0000 996.0000 839.0000 114.0000
0.0000 265.0000 593.0000 365.0000 967.0000 418.0000 225.0000 462.0000 1004.0000 686.0000 686.0000 523.0000 737.0000 930.0000 412.0000 463.0000 592.0000 863.0000 311.0000 326.0000 560.0000 748.0000 904.0000 595.0000 597.0000 786.0000 443.0000 470.0000 649.0000 708.0000 1165.0000 456.0000 412.0000 258.0000 674.0000 692.0000 986.0000 425.0000 156.0000 885.0000 110.0000 563.0000 148.0000 465.0000 497.0000 674.0000 429.0000 795.0000 704.0000 847.0000 75.0000 124.0000 633.0000 848.0000 526.0000 498.0000 935.0000 608.0000 351.0000 806.0000 414.0000 774.0000 727.0000 607.0000 481.0000 1070.0000 222.0000 489.0000 0.0000 731.0000 211.0000 210.0000 848.0000 976.0000 504.0000 1010.0000 1077.0000 628.0000 436.0000 507.0000 350.0000 457.0000
0.0000 809.0000 654.0000 1031.0000 306.0000 458.0000 775.0000 1193.0000 343.0000 1378.0000 1291.0000 1080.0000 305.0000 471.0000 867.0000 1194.0000 1140.0000 1411.0000 706.0000 550.0000 1252.0000 449.0000 1359.0000 395.0000 154.0000 125.0000 1008.0000 740.0000 240.0000 78.0000 740.0000 872.0000 1143.0000 878.0000 1129.0000 1354.0000 325.0000 710.0000 575.0000 1340.0000 705.0000 1018.0000 879.0000 1086.0000 493.0000 1336.0000 716.0000 544.0000 1397.0000 388.0000 656.0000 703.0000 284.0000 252.0000 981.0000 436.0000 568.0000 599.0000 380.0000 1261.0000 397.0000 178.0000 260.0000 625.0000 1143.0000 538.0000 604.0000 944.0000 731.0000 0.0000 878.0000 700.0000 502.0000 663.0000 892.0000 349.0000 416.0000 1083.0000 822.0000 799.0000 796.0000 912.0000
0.0000 290.0000 619.0000 336.0000 1114.0000 616.0000 369.0000 375.0000 1151.0000 648.0000 657.0000 531.0000 884.0000 1017.0000 556.0000 421.0000 600.0000 857.0000 500.0000 537.0000 522.0000 808.0000 1003.0000 742.0000 744.0000 933.0000 451.0000 495.0000 796.0000 855.0000 1190.0000 481.0000 370.0000 235.0000 773.0000 663.0000 1133.0000 614.0000 303.0000 984.0000 321.0000 662.0000 119.0000 436.0000 644.0000 645.0000 475.0000 820.0000 662.0000 994.0000 257.0000 175.0000 787.0000 995.0000 625.0000 709.0000 991.0000 797.0000 498.0000 905.0000 568.0000 921.0000 874.0000 632.0000 452.0000 1185.0000 433.0000 633.0000 211.0000 878.0000 0.0000 412.0000 904.0000 1001.0000 648.0000 1157.0000 1224.0000 657.0000 580.0000 532.0000 375.0000 601.0000
0.0000 475.0000 684.0000 331.0000 977.0000 259.0000 75.0000 615.0000 905.0000 678.0000 605.0000 388.0000 828.0000 1021.0000 266.0000 497.0000 457.0000 728.0000 105.0000 167.0000 552.0000 839.0000 758.0000 686.0000 607.0000 796.0000 308.0000 600.0000 535.0000 677.0000 1295.0000 666.0000 496.0000 468.0000 528.0000 654.0000 996.0000 219.0000 247.0000 739.0000 113.0000 417.0000 301.0000 386.0000 588.0000 636.0000 520.0000 925.0000 697.0000 938.0000 204.0000 286.0000 491.0000 746.0000 380.0000 339.0000 1026.0000 402.0000 365.0000 660.0000 303.0000 672.0000 737.0000 737.0000 443.0000 1161.0000 141.0000 343.0000 210.0000 700.0000 412.0000 0.0000 939.0000 1106.0000 358.0000 1014.0000 1087.0000 482.0000 290.0000 659.0000 560.0000 311.0000
0.0000 614.0000 301.0000 1187.0000 369.0000 802.0000 1010.0000 1172.0000 603.0000 1508.0000 1508.0000 1312.0000 197.0000 135.0000 1201.0000 1285.0000 1381.0000 1652.0000 1022.0000 866.0000 1382.0000 100.0000 1693.0000 253.0000 468.0000 377.0000 1232.0000 409.0000 742.0000 580.0000 371.0000 605.0000 1234.0000 683.0000 1463.0000 1514.0000 567.0000 1054.0000 692.0000 1674.0000 826.0000 1352.0000 970.0000 1287.0000 351.0000 1496.0000 465.0000 149.0000 1485.0000 218.0000 773.0000 819.0000 786.0000 754.0000 1315.0000 912.0000 87.0000 1060.0000 580.0000 1595.0000 688.0000 680.0000 338.0000 272.0000 1303.0000 303.0000 804.0000 1278.0000 848.0000 502.0000 904.0000 939.0000 0.0000 182.0000 1236.0000 609.0000 472.0000 1417.0000 1166.0000 468.0000 529.0000 1246.0000
0.0000 711.0000 478.0000 1284.0000 426.0000 984.0000 1177.0000 1269.0000 754.0000 1605.0000 1605.0000 1479.0000 379.0000 192.0000 1368.0000 1382.0000 1548.0000 1805.0000 1204.0000 1048.0000 1479.0000 282.0000 1860.0000 435.0000 650.0000 541.0000 1399.0000 506.0000 903.0000 741.0000 189.0000 702.0000 1331.0000 780.0000 1630.0000 1611.0000 624.0000 1236.0000 859.0000 1841.0000 993.0000 1519.0000 1067.0000 1384.0000 533.0000 1593.0000 586.0000 204.0000 1582.0000 275.0000 940.0000 916.0000 947.0000 905.0000 1482.0000 1094.0000 95.0000 1242.0000 762.0000 1762.0000 870.0000 841.0000 520.0000 369.0000 1400.0000 360.0000 986.0000 1445.0000 976.0000 663.0000 1001.0000 1106.0000 182.0000 0.0000 1418.0000 683.0000 529.0000 1584.0000 1348.0000 565.0000 626.0000 1413.0000
0.0000 769.0000 1038.0000 515.0000 1169.0000 434.0000 283.0000 803.0000 1046.0000 862.0000 582.0000 371.0000 1070.0000 1263.0000 174.0000 681.0000 431.0000 702.0000 283.0000 377.0000 736.0000 1136.0000 650.0000 983.0000 799.0000 988.0000 446.0000 954.0000 676.0000 838.0000 1575.0000 960.0000 680.0000 762.0000 420.0000 753.0000 1188.0000 182.0000 601.0000 631.0000 467.0000 309.0000 537.0000 476.0000 903.0000 717.0000 874.0000 1231.0000 881.0000 1180.0000 558.0000 628.0000 632.0000 887.0000 272.0000 480.0000 1323.0000 365.0000 656.0000 552.0000 548.0000 813.0000 929.0000 1091.0000 615.0000 1401.0000 477.0000 89.0000 504.0000 892.0000 648.0000 358.0000 1236.0000 1418.0000 0.0000 1155.0000 1279.0000 374.0000 88.0000 1011.0000 854.0000 203.0000
0.0000 1036.0000 761.0000 1345.0000 310.0000 778.0000 1089.0000 1472.0000 117.0000 1692.0000 1571.0000 1360.0000 412.0000 491.0000 1147.0000 1473.0000 1420.0000 1691.0000 1003.0000 847.0000 1566.0000 556.0000 1639.0000 550.0000 413.0000 232.0000 1322.0000 869.0000 479.0000 427.0000 654.0000 1027.0000 1422.0000 1105.0000 1409.0000 1668.0000 93.0000 973.0000 854.0000 1620.0000 984.0000 1298.0000 1158.0000 1400.0000 648.0000 1650.0000 871.0000 651.0000 1711.0000 408.0000 935.0000 982.0000 523.0000 268.0000 1261.0000 675.0000 588.0000 838.0000 659.0000 1541.0000 717.0000 342.0000 467.0000 732.0000 1457.0000 452.0000 883.0000 1224.0000 1010.0000 349.0000 1157.0000 1014.0000 609.0000 683.0000 1155.0000 0.0000 227.0000 1363.0000 1085.0000 928.0000 951.0000 1192.0000
0.0000 1064.0000 751.0000 1418.0000 143.0000 845.0000 1162.0000 1539.0000 344.0000 1763.0000 1678.0000 1467.0000 474.0000 337.0000 1254.0000 1540.0000 1527.0000 1798.0000 1093.0000 937.0000 1637.0000 546.0000 1746.0000 612.0000 480.0000 294.0000 1395.0000 859.0000 656.0000 494.0000 427.0000 1055.0000 1489.0000 1133.0000 1516.0000 1741.0000 140.0000 1097.0000 921.0000 1727.0000 1051.0000 1405.0000 1225.0000 1473.0000 710.0000 1723.0000 915.0000 621.0000 1781.0000 388.0000 1002.0000 1049.0000 700.0000 495.0000 1368.0000 852.0000 434.0000 1015.0000 726.0000 1648.0000 784.0000 569.0000 534.0000 722.0000 1530.0000 225.0000 950.0000 1331.0000 1077.0000 416.0000 1224.0000 1087.0000 472.0000 529.0000 1279.0000 227.0000 0.0000 1470.0000 1209.0000 918.0000 979.0000 1299.0000
0.0000 893.0000 1162.0000 336.0000 1360.0000 625.0000 407.0000 600.0000 1254.0000 507.0000 216.0000 126.0000 1261.0000 1454.0000 216.0000 478.0000 69.0000 336.0000 451.0000 568.0000 502.0000 1317.0000 406.0000 1164.0000 990.0000 1179.0000 206.0000 1078.0000 884.0000 1046.0000 1766.0000 1084.0000 477.0000 886.0000 176.0000 387.0000 1379.0000 462.0000 725.0000 387.0000 591.0000 65.0000 544.0000 236.0000 1066.0000 351.0000 998.0000 1403.0000 606.0000 1371.0000 682.0000 752.0000 840.0000 1095.0000 102.0000 688.0000 1504.0000 645.0000 847.0000 308.0000 739.0000 1021.0000 1120.0000 1215.0000 375.0000 1592.0000 623.0000 285.0000 628.0000 1083.0000 657.0000 482.0000 1417.0000 1584.0000 374.0000 1363.0000 1470.0000 0.0000 350.0000 1135.0000 978.0000 171.0000
0.0000 701.0000 970.0000 447.0000 1099.0000 364.0000 215.0000 735.0000 976.0000 794.0000 558.0000 347.0000 1000.0000 1193.0000 134.0000 613.0000 407.0000 678.0000 195.0000 307.0000 668.0000 1066.0000 626.0000 913.0000 729.0000 918.0000 422.0000 886.0000 606.0000 768.0000 1505.0000 892.0000 612.0000 694.0000 396.0000 729.0000 1118.0000 112.0000 533.0000 607.0000 399.0000 285.0000 469.0000 452.0000 833.0000 693.0000 806.0000 1161.0000 813.0000 1110.0000 490.0000 560.0000 562.0000 817.0000 248.0000 410.0000 1253.0000 295.0000 586.0000 528.0000 478.0000 743.0000 859.0000 1023.0000 559.0000 1331.0000 407.0000 177.0000 436.0000 822.0000 580.0000 290.0000 1166.0000 1348.0000 88.0000 1085.0000 1209.0000 350.0000 0.0000 943.0000 786.0000 179.0000
0.0000 242.0000 209.0000 815.0000 815.0000 668.0000 730.0000 800.0000 922.0000 1136.0000 1136.0000 1010.0000 516.0000 581.0000 919.0000 913.0000 1079.0000 1336.0000 760.0000 689.0000 1010.0000 372.0000 1411.0000 404.0000 669.0000 696.0000 930.0000 63.0000 782.0000 800.0000 754.0000 147.0000 862.0000 311.0000 1181.0000 1142.0000 899.0000 874.0000 412.0000 1392.0000 546.0000 1070.0000 598.0000 915.0000 306.0000 1124.0000 139.0000 384.0000 1113.0000 630.0000 493.0000 447.0000 773.0000 974.0000 1033.0000 784.0000 555.0000 926.0000 484.0000 1313.0000 554.0000 900.0000 539.0000 196.0000 931.0000 749.0000 587.0000 996.0000 507.0000 799.0000 532.0000 659.0000 468.0000 565.0000 1011.0000 928.0000 918.0000 1135.0000 943.0000 0.0000 157.0000 964.0000
0.0000 85.0000 244.0000 658.0000 876.0000 629.0000 575.0000 643.0000 945.0000 979.0000 979.0000 853.0000 543.0000 642.0000 762.0000 756.0000 922.0000 1179.0000 661.0000 650.0000 853.0000 433.0000 1254.0000 401.0000 666.0000 719.0000 773.0000 120.0000 743.0000 797.0000 815.0000 127.0000 705.0000 154.0000 1024.0000 985.0000 922.0000 775.0000 373.0000 1235.0000 460.0000 913.0000 441.0000 758.0000 303.0000 967.0000 100.0000 445.0000 956.0000 653.0000 372.0000 290.0000 734.0000 942.0000 876.0000 745.0000 616.0000 887.0000 445.0000 1156.0000 515.0000 868.0000 536.0000 257.0000 774.0000 810.0000 548.0000 839.0000 350.0000 796.0000 375.0000 560.0000 529.0000 626.0000 854.0000 951.0000 979.0000 978.0000 786.0000 157.0000 0.0000 807.0000
0.0000 722.0000 991.0000 373.0000 1189.0000 454.0000 236.0000 637.0000 1083.0000 670.0000 379.0000 168.0000 1090.0000 1283.0000 45.0000 515.0000 228.0000 499.0000 280.0000 397.0000 560.0000 1146.0000 447.0000 993.0000 819.0000 1008.0000 243.0000 907.0000 713.0000 875.0000 1595.0000 913.0000 514.0000 715.0000 217.0000 550.0000 1208.0000 291.0000 554.0000 428.0000 420.0000 106.0000 490.0000 273.0000 895.0000 514.0000 827.0000 1232.0000 705.0000 1200.0000 511.0000 581.0000 669.0000 924.0000 69.0000 517.0000 1333.0000 474.0000 676.0000 349.0000 568.0000 850.0000 949.0000 1044.0000 412.0000 1421.0000 452.0000 114.0000 457.0000 912.0000 601.0000 311.0000 1246.0000 1413.0000 203.0000 1192.0000 1299.0000 171.0000 179.0000 964.0000 807.0000 0.0000
Demand Matrix W for 82 nodes
0.0000 0.0000 0.0000 0.0000 0.0000 0.0000 0.0000 0.0000 0.0000 0.0000 0.0000 0.0000 0.0000 0.0000 0.0000 0.0000 0.0000 0.0000 0.0000 0.0000 0.0000 0.0000 0.0000 0.0000 0.0000 0.0000 0.0000 0.0000 0.0000 0.0000 0.0000 0.0000 0.0000 0.0000 0.0000 0.0000 0.0000 0.0000 0.0000 0.0000 0.0000 0.0000 0.0000 0.0000 0.0000 0.0000 0.0000 0.0000 0.0000 0.0000 0.0000 0.0000 0.0000 0.0000 0.0000 0.0000 0.0000 0.0000 0.0000 0.0000 0.0000 0.0000 0.0000 0.0000 0.0000 0.0000 0.0000 0.0000 0.0000 0.0000 0.0000 0.0000 0.0000 0.0000 0.0000 0.0000 0.0000 0.0000 0.0000 0.0000 0.0000 0.0000
0.0000 0.0000 17492.7505 22781.5643 14826.9057 10241.7155 112387.3978 48224.8232 5382.1647 26660.8877 30182.6507 5449.2406 7115.2849 10899.2103 7589.6111 7201.2049 59592.6391 13038.7115 7581.2266 16742.7459 23836.2985 38212.7135 11289.7758 15973.0280 8884.7753 26286.0256 19797.7261 36040.6278 14688.8001 5242.4888 6634.1446 35156.6678 14404.5129 46308.1417 280942.8363 94524.9730 9114.0166 10529.0032 29736.3663 9210.6204 7101.2641 33820.7309 61472.1653 18420.7080 23938.0620 35337.3408 28108.5989 19772.1800 20059.0471 12721.2509 8690.5301 9760.7995 24894.4819 10261.5410 21204.2721 33906.3143 7393.9358 6325.4891 21174.0711 17486.5813 23219.3240 27344.5455 2624.2589 40476.0751 9038.2197 24607.3064 19150.2421 17262.4717 11106.8875 2730.0884 6820.0334 10754.2345 12807.6195 9904.2611 5164.6730 3750.7520 4728.7920 4727.6423 6312.2534 3217.0614 12865.0490 8812.5678
0.0000 17173.6042 0.0000 7543.8101 4909.7314 3391.4070 37215.5826 15969.0047 1782.2318 8828.3961 9994.5808 1804.4431 2356.1314 3609.1276 2513.1981 2384.5826 19733.3048 4317.5948 2510.4217 5544.1362 7893.0712 12653.6286 3738.4581 5289.2544 2942.0744 8704.2656 6555.7520 11934.3715 4863.9996 1735.9800 2196.8082 11641.6600 4769.8616 15334.3213 93030.4601 31300.6797 3017.9846 3486.5385 9846.7997 3049.9737 2351.4886 11199.2824 20355.6848 6099.7709 7926.7688 11701.4874 9307.7863 6547.2928 6642.2850 4212.4720 2877.7527 3232.1581 8243.4745 3397.9719 7021.5109 11227.6222 2448.4029 2094.6011 7011.5102 5790.4474 7688.7684 9054.7802 868.9882 13403.1105 2992.8855 8148.3802 6341.3464 5716.2364 3677.8971 904.0322 2258.3628 3561.1208 4241.0718 3279.6635 1710.2123 1242.0113 1565.8762 1565.4955 2090.2182 1065.2868 4260.0888 2918.1639
0.0000 22428.8943 7565.0486 0.0000 6412.1570 4429.2106 48603.9133 20855.6757 2327.6121 11529.9713 13053.0199 2356.6203 3077.1305 4713.5558 3282.2612 3114.2881 25771.8883 5638.8209 3278.6352 7240.6959 10308.4279 16525.7622 4882.4627 6907.8178 3842.3778 11367.8556 8561.8760 15586.4054 6352.4308 2267.2068 2869.0529 15204.1213 6229.4858 20026.7730 121498.6868 40878.9924 3941.5173 4553.4532 12860.0163 3983.2953 3071.0670 14626.3719 26584.7225 7966.3602 10352.4373 15282.2566 12156.0596 8550.8281 8674.8889 5501.5294 3758.3731 4221.2300 10766.0580 4437.7845 9170.1616 14663.3839 3197.6380 2735.5694 9157.1007 7562.3806 10041.6064 11825.6312 1134.9071 17504.5929 3908.7376 10641.8638 8281.8601 7465.4605 4803.3695 1180.6749 2949.4438 4650.8585 5538.8810 4283.2725 2233.5540 1622.0789 2045.0496 2044.5523 2729.8454 1391.2750 5563.7174 3811.1504
0.0000 14535.8266 4902.7934 6385.1195 0.0000 2870.5043 31499.4599 13516.2475 1508.4902 7472.3997 8459.4644 1527.2899 1994.2417 3054.7841 2127.1838 2018.3229 16702.3704 3654.4344 2124.8338 4692.5853 6680.7359 10710.0962 3164.2501 4476.8521 2490.1869 7367.3350 5548.8221 10101.3132 4116.9142 1469.3424 1859.3897 9853.5607 4037.2353 12979.0482 78741.4583 26493.0557 2554.4376 2951.0240 8334.3817 2581.5133 1990.3120 9479.1300 17229.1560 5162.8774 6709.2578 9904.1990 7878.1581 5541.6622 5622.0641 3565.4579 2435.7447 2735.7152 6977.3191 2876.0609 5943.0428 9503.1170 2072.3407 1772.8811 5934.5782 4901.0643 6507.8130 7664.0124 735.5161 11344.4615 2533.1936 6896.8307 5367.3481 4838.2518 3112.9910 765.1775 1911.4898 3014.1509 3589.6649 2775.9240 1447.5325 1051.2447 1325.3656 1325.0434 1769.1714 901.6642 3605.7610 2469.9489
0.0000 10016.3072 3378.4033 4399.8405 2863.5444 0.0000 21705.5608 9313.7385 1039.4662 5149.0606 5829.2244 1052.4207 1374.1865 2104.9822 1465.7939 1390.7804 11509.2232 2518.1875 1464.1746 3233.5537 4603.5431 7380.0835 2180.4127 3084.8969 1715.9311 5076.6628 3823.5670 6960.5850 2836.8718 1012.4904 1281.2631 6789.8644 2781.9670 8943.5667 54258.9466 18255.7616 1760.2048 2033.4835 5743.0328 1778.8621 1371.4787 6531.8527 11872.2192 3557.6213 4623.1968 6824.7581 5428.6594 3818.6333 3874.0364 2456.8759 1678.4162 1885.1191 4807.9117 1981.8281 4095.2155 6548.3816 1428.0028 1221.6520 4089.3828 3377.2119 4484.3858 5281.0965 506.8274 7817.2102 1745.5661 4752.4491 3698.5174 3333.9292 2145.0912 527.2664 1317.1641 2076.9828 2473.5564 1912.8260 997.4617 724.3888 913.2793 913.0572 1219.0958 621.3163 2484.6478 1701.9855
0.0000 116189.7472 39189.6754 51038.4063 33217.2817 22944.9053 0.0000 108039.9085 12057.8687 59729.4023 67619.3422 12208.1413 15940.6439 24417.9161 17003.2949 16133.1336 133507.6597 29211.1221 16984.5108 37509.4115 53401.3676 85609.3979 25292.9147 35784.9831 19904.9006 58889.5845 44353.5999 80743.1915 32907.8784 11744.9474 14862.7270 78762.8223 32270.9789 103745.8940 629406.9391 211767.8980 20418.4786 23588.5269 66619.5143 20634.9038 15909.2324 75769.8720 137718.4337 41268.6139 53629.3523 79167.5908 62972.7650 44296.3681 44939.0474 28499.9030 19469.7257 21867.4909 55772.0562 22989.3212 47504.7385 75961.6077 16564.9160 14171.2343 47437.0781 39175.8543 52019.1361 61261.0269 5879.2272 90680.0931 20248.6680 55128.6859 42903.0169 38673.7729 24883.1832 6116.3212 15279.1806 24093.1212 28693.3978 22188.8934 11570.6136 8402.9525 10594.0929 10591.5172 14141.5818 7207.3053 28822.0593 19743.1314
0.0000 48130.1551 16233.8347 21142.0239 13759.8451 9504.6411 104299.1176 0.0000 4994.8219 24742.1607 28010.4700 5057.0704 6603.2131 10114.8175 7043.4031 6682.9496 55303.8846 12100.3434 7035.6220 15537.8064 22120.8512 35462.6264 10477.2748 14823.4834 8245.3571 24394.2766 18372.9261 33446.8611 13631.6786 4865.1981 6156.6995 32626.5178 13367.8509 42975.4439 260723.9823 87722.2132 8458.1003 9771.2534 27596.3037 8547.7518 6590.2013 31386.7254 57048.1452 17095.0091 22215.2910 32794.1881 26085.6833 18349.2186 18615.4405 11805.7297 8065.0913 9058.3357 23102.8794 9523.0398 19678.2460 31466.1495 6861.8101 5870.2572 19650.2186 16228.1095 21548.2790 25376.6171 2435.3966 37563.0987 8387.7584 22836.3712 17772.0402 16020.1286 10307.5486 2533.6098 6329.2102 9980.2753 11885.8825 9191.4726 4792.9825 3480.8184 4388.4710 4387.4040 5857.9741 2985.5364 11939.1790 8178.3462
0.0000 5250.2181 1770.8477 2306.2514 1500.9756 1036.8020 11377.3395 4881.9547 0.0000 2698.9678 3055.4873 551.6442 720.3033 1103.3623 768.3209 729.0012 6032.7555 1319.9509 767.4721 1694.9223 2413.0255 3868.3965 1142.9005 1617.0013 899.4345 2661.0193 2004.1878 3648.5092 1486.9947 530.7141 671.5959 3559.0231 1458.2154 4687.9229 28440.7514 9569.0685 922.6414 1065.8850 3010.3085 932.4209 718.8839 3423.7819 6223.0260 1864.7878 2423.3274 3577.3132 2845.5243 2001.6017 2030.6422 1287.8133 879.7705 988.1173 2520.1489 1038.8090 2146.5770 3432.4458 748.5120 640.3497 2143.5197 1770.2231 2350.5672 2768.1767 265.6622 4097.5239 914.9682 2491.0772 1938.6409 1747.5358 1124.3861 276.3757 690.4140 1088.6859 1296.5567 1002.6404 522.8365 379.7007 478.7109 478.5945 639.0098 325.6735 1302.3705 892.1247
0.0000 26302.4798 8871.5715 11553.8306 7519.5695 5194.1580 56998.0593 24457.5583 2729.6027 0.0000 15307.3436 2763.6207 3608.5668 5527.6112 3849.1247 3652.1417 30222.8261 6612.6743 3844.8724 8491.2014 12088.7465 19379.8465 5725.6892 8100.8335 4505.9763 13331.1428 10040.5560 18278.2579 7449.5283 2658.7651 3364.5531 17829.9514 7305.3500 23485.4998 142482.1356 47939.0049 4622.2376 5339.8580 15081.0073 4671.2309 3601.4560 17152.4216 31176.0410 9342.1916 12140.3565 17921.5810 14255.4737 10027.6002 10173.0868 6451.6719 4407.4635 4950.2581 12625.4116 5204.2127 10753.8957 17195.8258 3749.8865 3208.0163 10738.5791 8868.4427 11775.8435 13867.9786 1330.9114 20527.7262 4583.7967 12479.7685 9712.1800 8754.7839 5632.9361 1384.5836 3458.8279 5454.0857 6495.4743 5023.0157 2619.3002 1902.2202 2398.2401 2397.6571 3201.3037 1631.5553 6524.6001 4469.3557
0.0000 29832.9431 10062.3625 13104.6491 8528.8874 5891.3464 64648.6518 27740.3861 3095.9850 15336.1540 0.0000 3134.5691 4092.9285 6269.5575 4365.7753 4142.3522 34279.4998 7500.2637 4360.9523 9630.9370 13711.3644 21981.1159 6494.2226 9188.1719 5110.7932 15120.5219 11388.2546 20731.6661 8449.4449 3015.6391 3816.1619 20223.1854 8285.9142 26637.8525 161606.8702 54373.6414 5242.6597 6056.6031 17105.2629 5298.2292 4084.8632 19454.7138 35360.6604 10596.1519 13769.9019 20327.1140 16168.9216 11373.5597 11538.5744 7317.6507 4999.0574 5614.7089 14320.0637 5902.7507 12197.3427 19503.9440 4253.2169 3638.6139 12179.9701 10058.8138 13356.4619 15729.4148 1509.5536 23283.0704 5199.0591 14154.8716 11015.8021 9929.8991 6389.0197 1570.4300 3923.0908 6186.1630 7367.3325 5697.2324 2970.8771 2157.5467 2720.1451 2719.4838 3631.0003 1850.5516 7400.3677 5069.2572
0.0000 5315.8376 1792.9805 2335.0759 1519.7354 1049.7604 11519.5385 4942.9715 551.6638 2732.7007 3093.6761 0.0000 729.3060 1117.1526 777.9237 738.1126 6108.1555 1336.4482 777.0643 1716.1062 2443.1846 3916.7454 1157.1850 1637.2112 910.6760 2694.2779 2029.2370 3694.1099 1505.5798 537.3472 679.9898 3603.5053 1476.4408 4746.5146 28796.2163 9688.6669 934.1729 1079.2069 3047.9326 944.0747 727.8688 3466.5738 6300.8041 1888.0947 2453.6152 3622.0241 2881.0889 2026.6186 2056.0220 1303.9090 890.7662 1000.4672 2551.6468 1051.7924 2173.4059 3475.3460 757.8672 648.3531 2170.3103 1792.3482 2379.9456 2802.7746 268.9826 4148.7366 926.4039 2522.2117 1962.8709 1769.3773 1138.4392 279.8299 699.0431 1102.2928 1312.7616 1015.1718 529.3712 384.4464 484.6940 484.5762 646.9964 329.7439 1318.6481 903.2749
0.0000 6947.2005 2343.2234 3051.6810 1986.1229 1371.9184 15054.7381 6459.9065 720.9623 3571.3317 4043.0859 729.9474 0.0000 1459.9925 1016.6585 964.6300 7982.6706 1746.5872 1015.5354 2242.7573 3192.9668 5118.7447 1512.3103 2139.6505 1190.1509 3521.1175 2651.9840 4827.7852 1967.6231 702.2522 888.6700 4709.3752 1929.5417 6203.1594 37633.4082 12661.9954 1220.8587 1410.4018 3983.3043 1233.7992 951.2425 4530.4212 8234.4406 2467.5270 3206.5984 4733.5771 3765.2584 2648.5620 2686.9890 1704.0621 1164.1310 1307.4978 3334.7147 1374.5741 2840.3964 4541.8854 990.4471 847.3244 2836.3509 2342.3970 3110.3206 3662.9104 351.5299 5421.9309 1210.7054 3296.2464 2565.2510 2312.3766 1487.8117 365.7062 913.5705 1440.5724 1715.6315 1326.7151 691.8284 502.4281 633.4405 633.2865 845.5514 430.9381 1723.3244 1180.4784
0.0000 10663.0387 3596.5396 4683.9288 3048.4373 2105.7143 23107.0423 9915.1066 1106.5823 5481.5244 6205.6049 1120.3732 1462.9148 0.0000 1560.4371 1480.5801 12252.3491 2680.7815 1558.7132 3442.3374 4900.7840 7856.5996 2321.1973 3284.0820 1826.7251 5404.4521 4070.4465 7410.0151 3020.0426 1077.8647 1363.9915 7228.2714 2961.5926 9521.0336 57762.3303 19434.4970 1873.8575 2164.7812 6113.8481 1893.7194 1460.0321 6953.6004 12638.7829 3787.3292 4921.7067 7265.4180 5779.1763 4065.1942 4124.1746 2615.5111 1786.7879 2006.8372 5118.3483 2109.7905 4359.6348 6971.1965 1520.2059 1300.5314 4353.4254 3595.2712 4773.9329 5622.0856 539.5521 8321.9507 1858.2735 5059.3045 3937.3227 3549.1939 2283.5952 561.3109 1402.2106 2211.0891 2633.2686 2036.3331 1061.8656 771.1611 972.2478 972.0114 1297.8102 661.4334 2645.0762 1811.8791
0.0000 7412.1777 2500.0557 3255.9305 2119.0544 1463.7412 16062.3540 6892.2690 769.2165 3810.3615 4313.6902 778.8029 1016.9132 1557.7100 0.0000 1029.1928 8516.9520 1863.4865 1083.5053 2392.8654 3406.6726 5461.3430 1613.5294 2282.8576 1269.8079 3756.7864 2829.4817 5150.9096 2099.3164 749.2540 948.1488 5024.5744 2058.6862 6618.3378 40152.2180 13509.4647 1302.5710 1504.8002 4249.9075 1316.3775 1014.9093 4833.6430 8785.5730 2632.6789 3421.2166 5050.3961 4017.2677 2825.8307 2866.8296 1818.1152 1242.0465 1395.0089 3557.9076 1466.5746 3030.5046 4845.8745 1056.7378 904.0359 3026.1883 2499.1740 3318.4949 3908.0696 375.0578 5784.8216 1291.7381 3516.8647 2736.9436 2467.1443 1587.3911 390.1830 974.7160 1536.9901 1830.4590 1415.5123 738.1326 536.0557 675.8367 675.6724 902.1443 459.7809 1838.6667 1259.4880
0.0000 7031.4096 2371.6263 3088.6713 2010.1973 1388.5479 15237.2212 6538.2090 729.7013 3614.6210 4092.0934 738.7953 964.6737 1477.6895 1028.9818 0.0000 8079.4310 1767.7581 1027.8450 2269.9424 3231.6697 5180.7906 1530.6415 2165.5859 1204.5771 3563.7980 2684.1295 4886.3042 1991.4733 710.7644 899.4419 4766.4590 1952.9303 6278.3498 38089.5744 12815.4753 1235.6571 1427.4977 4031.5872 1248.7544 962.7728 4585.3358 8334.2528 2497.4366 3245.4666 4790.9542 3810.8983 2680.6660 2719.5588 1724.7175 1178.2418 1323.3464 3375.1358 1391.2358 2874.8257 4596.9390 1002.4526 857.5951 2870.7312 2370.7899 3148.0218 3707.3097 355.7909 5487.6518 1225.3807 3336.2012 2596.3452 2340.4056 1505.8459 370.1390 924.6442 1458.0340 1736.4272 1342.7966 700.2143 508.5182 641.1186 640.9627 855.8006 436.1617 1744.2133 1194.7874
0.0000 59842.7568 20184.3817 26286.9918 17108.3401 11817.6209 129680.5862 55645.2366 6210.3251 30763.2315 34826.8926 6287.7220 8210.1227 12576.2853 8757.4340 8309.2632 0.0000 15044.9942 8747.7594 19318.9730 27504.0194 44092.5512 13026.9476 18430.8176 10251.8867 30330.6890 22844.0267 41586.2440 16948.9840 6049.1571 7654.9487 40566.2679 16620.9531 53433.6329 324171.8593 109069.6479 10516.4016 12149.1139 34311.9379 10627.8700 8193.9444 39024.7688 70930.9636 21255.1252 27621.4413 40774.7413 32433.7040 22814.5499 23145.5576 14678.6855 10027.7528 11262.7058 28725.0267 11840.4970 24466.9997 39123.5210 8531.6499 7298.8000 24432.1517 20177.2633 26792.1102 31552.0846 3028.0569 46704.1791 10428.9418 28393.6631 22096.9136 19918.6696 12815.9180 3150.1705 7869.4404 12409.0019 14778.3438 11428.2420 5959.3676 4327.8848 5456.4171 5455.0905 7283.5277 3712.0747 14844.6100 10168.5685
0.0000 12770.6329 4307.4107 5609.7269 3650.9737 2521.9175 27674.2457 11874.8688 1325.3029 6564.9705 7432.1686 1341.8197 1752.0660 2683.8189 1868.8640 1773.2229 14674.0771 0.0000 1866.7994 4122.7297 5869.4444 9409.4894 2779.9917 3933.1946 2187.7849 6472.6646 4874.9873 8874.6355 3616.9666 1290.9092 1633.5902 8656.9694 3546.9638 11402.9056 69179.2962 23275.8065 2244.2332 2592.6592 7322.2757 2268.0209 1748.6136 8328.0086 15136.8911 4535.9107 5894.5026 8701.4583 6921.4546 4868.6968 4939.3349 3132.4777 2139.9540 2403.4969 6130.0112 2526.7994 5221.3348 8349.0827 1820.6810 1557.5869 5213.8982 4305.8916 5717.5207 6733.3143 646.1969 9966.8190 2225.5690 6059.2972 4715.5510 4250.7069 2734.9573 672.2563 1679.3634 2648.1201 3153.7451 2438.8229 1271.7478 923.5843 1164.4166 1164.1335 1554.3278 792.1684 3167.8866 2170.0046
0.0000 7403.9564 2497.2827 3252.3191 2116.7040 1462.1176 16044.5384 6884.6245 768.3633 3806.1352 4308.9057 777.9391 1015.7853 1555.9823 1083.5005 1028.0513 8507.5053 1861.4196 0.0000 2390.2113 3402.8940 5455.2856 1611.7398 2280.3256 1268.3995 3752.6196 2826.3434 5145.1964 2096.9879 748.4230 947.0972 5019.0014 2056.4028 6610.9971 40107.6830 13494.4806 1301.1262 1503.1311 4245.1937 1314.9175 1013.7836 4828.2817 8775.8284 2629.7589 3417.4219 5044.7945 4012.8120 2822.6964 2863.6498 1816.0986 1240.6689 1393.4616 3553.9614 1464.9480 3027.1433 4840.4997 1055.5657 903.0332 3022.8318 2496.4020 3314.8141 3903.7349 374.6418 5778.4054 1290.3054 3512.9639 2733.9079 2464.4079 1585.6305 389.7502 973.6349 1535.2854 1828.4287 1413.9423 737.3139 535.4611 675.0871 674.9230 901.1437 459.2709 1836.6274 1258.0911
0.0000 16430.7416 5541.9299 7217.4945 4697.3557 3244.7081 35605.7828 15278.2484 1705.1395 8446.5144 9562.2545 1726.3900 2254.2144 3453.0109 2404.4871 2281.4349 18879.7197 4130.8326 2401.8308 0.0000 7551.6480 12106.2824 3576.7471 5060.4621 2814.8119 8327.7532 6272.1760 11418.1375 4653.6021 1660.8883 2101.7829 11138.0876 4563.5362 14671.0189 89006.3281 29946.7353 2887.4385 3335.7245 9420.8659 2918.0438 2249.7724 10714.8455 19475.1779 5835.9188 7583.8880 11195.3271 8905.1681 6264.0826 6354.9658 4030.2570 2753.2725 3092.3477 7886.8942 3250.9890 6717.7879 10741.9594 2342.4946 2003.9969 6708.2199 5539.9754 7356.1825 8663.1061 831.3992 12823.3447 2863.4250 7795.9133 6067.0447 5468.9745 3518.8058 864.9274 2160.6749 3407.0807 4057.6197 3137.7981 1636.2353 1188.2868 1498.1425 1497.7783 1999.8036 1019.2067 4075.8141 2791.9356
0.0000 23480.4841 7919.7396 10314.2189 6712.7941 4636.8763 50882.7317 21833.5043 2436.7434 12070.5597 13665.0171 2467.1116 3221.4033 4934.5532 3436.1517 3260.3030 26980.2160 5903.1998 3432.3557 7580.1795 0.0000 17300.5807 5111.3794 7231.6942 4022.5296 11900.8431 8963.3037 16317.1817 6650.2676 2373.5059 3003.5699 15916.9741 6521.5583 20965.7381 127195.2126 42795.6242 4126.3173 4766.9441 13462.9645 4170.0541 3215.0554 15312.1365 27831.1604 8339.8669 10837.8164 15998.7727 12726.0024 8951.7379 9081.6153 5759.4713 3934.5863 4419.1444 11270.8299 4645.8522 9600.1092 15350.8839 3347.5608 2863.8279 9586.4358 7916.9466 10512.4120 12380.0817 1188.1177 18325.3044 4092.0007 11140.8129 8670.1592 7815.4823 5028.5778 1236.0314 3087.7299 4868.9162 5798.5742 4484.0958 2338.2752 1698.1308 2140.9327 2140.4122 2857.8355 1456.5056 5824.5751 3989.8381
0.0000 37932.7548 12794.3504 16662.6350 10844.5283 7490.8801 82201.1240 35272.0567 3936.5623 19500.0060 22075.8543 3985.6222 5204.1815 7971.7776 5551.1078 5267.0241 43586.5766 9536.6274 5544.9753 12245.7906 17434.0769 0.0000 8257.4406 11682.8121 6498.4022 19225.8286 14480.2297 26360.4299 10743.5166 3834.4021 4852.2713 25713.8938 10535.5865 33870.1792 205484.0435 69136.3905 6666.0713 7701.0048 21749.4379 6736.7282 5193.9265 24736.7779 44961.2784 13473.0667 17508.5076 25846.0396 20558.8747 14461.5451 14671.3622 9304.4340 6356.3296 7139.1340 18208.0414 7505.3807 15508.9897 24799.3744 5407.9892 4626.5180 15486.9005 12789.8383 16982.8163 20000.0393 1919.4059 29604.5548 6610.6328 17997.9987 14006.6543 12625.9225 8123.6745 1996.8105 4988.2320 7865.7410 9367.6047 7244.0630 3777.4869 2743.3327 3458.6798 3457.8389 4616.8373 2352.9868 9409.6091 6445.5890
0.0000 11047.4235 3726.1889 4852.7766 3158.3284 2181.6218 23940.0127 10272.5297 1146.4728 5679.1242 6429.3066 1160.7608 1515.6505 2321.6770 1616.6883 1533.9526 12694.0259 2777.4192 1614.9023 3566.4279 5077.4491 8139.8170 0.0000 3402.4677 1892.5755 5599.2736 4217.1794 7677.1338 3128.9101 1116.7199 1413.1612 7488.8385 3068.3531 9864.2510 59844.5663 20135.0783 1941.4069 2242.8179 6334.2421 1961.9848 1512.6638 7204.2662 13094.3900 3923.8562 5099.1261 7527.3243 5987.5060 4211.7377 4272.8442 2709.7959 1851.1987 2079.1803 5302.8562 2185.8449 4516.7924 7222.4966 1575.0068 1347.4134 4510.3592 3724.8747 4946.0253 5824.7524 559.0021 8621.9431 1925.2612 5241.6840 4079.2567 3677.1364 2365.9150 581.5452 1452.7580 2290.7952 2728.1935 2109.7395 1100.1441 798.9601 1007.2957 1007.0508 1344.5941 685.2769 2740.4268 1877.1943
0.0000 15668.9679 5284.9910 6882.8719 4479.5736 3094.2746 33955.0023 14569.9074 1626.0846 8054.9111 9118.9225 1646.3499 2149.7029 3292.9200 2293.0085 2175.6614 18004.4047 3939.3160 2290.4754 5058.3961 7201.5331 11545.0024 3410.9195 0.0000 2684.3095 7941.6560 5981.3809 10888.7618 4437.8485 1583.8851 2004.3386 10621.6957 4351.9583 13990.8307 84879.7537 28558.3236 2753.5690 3181.0713 8984.0890 2782.7554 2145.4669 10218.0762 18572.2559 5565.3498 7232.2784 10676.2814 8492.3004 5973.6628 6060.3324 3843.4034 2625.6233 2948.9780 7521.2364 3100.2644 6406.3331 10243.9331 2233.8902 1911.0861 6397.2086 5283.1271 7015.1299 8261.4610 792.8533 12228.8197 2730.6689 7434.4736 5785.7600 5215.4181 3355.6644 824.8270 2060.5001 3249.1192 3869.4974 2992.3213 1560.3750 1133.1946 1428.6846 1428.3372 1907.0873 971.9535 3886.8483 2662.4939
0.0000 8683.0014 2928.6922 3814.1623 2482.3679 1714.7007 18816.2572 8073.9540 901.0992 4463.6510 5053.2758 912.3293 1191.2637 1824.7806 1270.6769 1205.6487 9977.1900 2182.9827 1269.2732 2803.1240 3990.7493 6397.6946 1890.1703 2674.2554 0.0000 4400.8904 3314.5986 6034.0371 2459.2458 877.7142 1110.7097 5886.0417 2411.6496 7753.0570 47036.3473 15825.6730 1525.8978 1762.7993 4978.5575 1542.0715 1188.9163 5662.3748 10291.8663 3084.0538 4007.7868 5916.2905 4706.0314 3310.3216 3358.3498 2129.8325 1454.9963 1634.1842 4167.9137 1718.0200 3550.0870 5676.7035 1237.9164 1059.0336 3545.0306 2927.6593 3887.4534 4578.1112 439.3618 6776.6338 1513.2076 4119.8339 3206.1947 2890.1382 1859.5506 457.0801 1141.8318 1800.5083 2144.2926 1658.2030 864.6860 627.9629 791.7095 791.5170 1056.8176 538.6107 2153.9076 1475.4283
0.0000 25927.4726 8745.0852 11389.1020 7412.3594 5120.1024 56185.4104 24108.8550 2690.6854 13328.4776 15089.0994 2724.2184 3557.1177 5448.8013 3794.2458 3600.0713 29791.9246 6518.3942 3790.0542 8370.1382 11916.3913 19103.5386 5644.0553 7985.3360 4441.7324 0.0000 9897.4030 18017.6559 7343.3168 2620.8578 3316.5831 17575.7411 7201.1941 23150.6556 140450.6987 47255.5153 4556.3361 5263.7251 14865.9901 4604.6309 3550.1083 16907.8712 30731.5491 9208.9955 11967.2656 17666.0643 14052.2265 9884.6318 10028.0442 6359.6873 4344.6241 4879.6799 12445.4050 5130.0137 10600.5722 16950.6566 3696.4226 3162.2781 10585.4740 8742.0010 11607.9496 13670.2561 1311.9359 20235.0525 4518.4433 12301.8384 9573.7087 8629.9627 5552.6246 1364.8429 3409.5137 5376.3241 6402.8652 4951.4001 2581.9556 1875.0994 2364.0473 2363.4725 3155.6612 1608.2935 6431.5757 4405.6340
0.0000 19460.3373 6563.7831 8548.2981 5563.4815 3842.9862 42170.9841 18095.3407 2019.5430 10003.9318 11325.3986 2044.7118 2669.8596 4089.6972 2847.8404 2702.0992 22360.8722 4892.4996 2844.6943 6282.3598 8944.0648 14338.5092 4236.2486 5993.5395 3333.8232 9863.2728 0.0000 13523.4801 5511.6603 1967.1326 2489.3219 13191.7929 5404.9875 17376.1466 105417.8325 35468.4885 3419.8412 3950.7848 11157.9399 3456.0897 2664.5985 12690.5110 23066.1244 6911.9794 8982.2494 13259.5866 10547.1548 7419.0906 7526.7314 4773.3792 3260.9368 3662.5327 9341.1256 3850.4253 7956.4527 12722.6243 2774.4174 2373.5055 7945.1205 6561.4682 8712.5582 10260.4599 984.6974 15187.7875 3391.4000 9233.3691 7185.7216 6477.3759 4167.6236 1024.4077 2559.0727 4035.2981 4805.7872 3716.3636 1937.9338 1407.3900 1774.3788 1773.9474 2368.5390 1207.1340 4827.3364 3306.7289
0.0000 35734.9217 12053.0427 15697.1979 10216.1937 7056.8567 77438.3709 33228.3852 3708.4769 18370.1709 20796.7739 3754.6942 4902.6500 7509.8908 5229.4753 4961.8515 41061.1597 8984.0729 5223.6981 11536.2665 16423.9422 26329.7339 7779.0024 11005.9072 6121.8832 18111.8794 13641.2417 0.0000 10121.0347 3612.2359 4571.1295 24224.0245 9925.1520 31907.7327 193578.2479 65130.6112 6279.8375 7254.8067 20489.2702 6346.4005 4892.9892 23303.5230 42356.2110 12692.4339 16494.0604 24348.5138 19367.6885 13623.6397 13821.2999 8765.3328 5988.0423 6725.4908 17153.0631 7070.5171 14610.3951 23362.4926 5094.6490 4358.4564 14589.5857 12048.7919 15998.8278 18841.2321 1808.1950 27889.2596 6227.6112 16955.1903 13195.1053 11894.3735 7652.9868 1881.1148 4699.2126 7409.9980 8824.8434 6824.3402 3558.6184 2584.3834 3258.2830 3257.4908 4349.3366 2216.6542 8864.4141 6072.1300
0.0000 14399.3781 4856.7707 6325.1821 4116.6128 2843.5587 31203.7730 13389.3698 1494.3299 7402.2560 8380.0551 1512.9531 1975.5216 3026.1087 2107.2158 1999.3769 16545.5845 3620.1300 2104.8879 4648.5358 6618.0236 10609.5600 3134.5472 4434.8277 2466.8114 7298.1775 5496.7351 10006.4918 0.0000 1455.5496 1841.9356 9761.0649 3999.3376 12857.2133 78002.3086 26244.3642 2530.4590 2923.3226 8256.1465 2557.2806 1971.6288 9390.1490 17067.4251 5114.4132 6646.2777 9811.2278 7804.2054 5489.6423 5569.2895 3531.9888 2412.8802 2710.0349 6911.8227 2849.0632 5887.2552 9413.9108 2052.8876 1756.2390 5878.8701 4855.0578 6446.7238 7592.0700 728.6118 11237.9705 2509.4144 6832.0899 5316.9645 4792.8349 3083.7692 757.9948 1893.5466 2985.8569 3555.9685 2749.8663 1433.9444 1041.3767 1312.9244 1312.6052 1752.5641 893.2003 3571.9135 2446.7633
0.0000 5113.5897 1724.7642 2246.2349 1461.9151 1009.8209 11081.2627 4754.9097 530.6750 2628.7316 2975.9732 537.2886 701.5586 1074.6491 748.3266 710.0302 5875.7628 1285.6013 747.4999 1650.8147 2350.2305 3767.7277 1113.1584 1574.9214 876.0282 2591.7706 1952.0321 3553.5627 1448.2981 0.0000 654.1187 3466.4053 1420.2677 4565.9273 27700.6268 9320.0490 898.6311 1038.1471 2931.9701 908.1561 700.1761 3334.6835 6061.0818 1816.2597 2360.2642 3484.2194 2771.4742 1949.5132 1977.7980 1254.3001 856.8758 962.4031 2454.5661 1011.7756 2090.7158 3343.1219 729.0332 623.6856 2087.7380 1724.1560 2289.3975 2696.1394 258.7488 3990.8925 891.1576 2426.2509 1888.1909 1702.0590 1095.1258 269.1834 672.4471 1060.3546 1262.8159 976.5483 509.2306 369.8196 466.2532 466.1399 622.3806 317.1984 1268.4784 868.9086
0.0000 6475.7813 2184.2182 2844.6017 1851.3497 1278.8236 14033.1622 6021.5538 672.0397 3328.9903 3768.7325 680.4151 888.4443 1360.9211 947.6707 899.1727 7440.9870 1628.0682 946.6238 2090.5695 2976.3003 4771.3998 1409.6888 1994.4593 1109.3903 3282.1835 2472.0272 4500.1841 1834.1052 654.5992 0.0000 4389.8091 1798.6079 5782.2289 35079.7017 11802.7849 1138.0144 1314.6955 3713.0075 1150.0767 886.6936 4222.9984 7675.6726 2300.0869 2989.0069 4412.3687 3509.7576 2468.8374 2504.6568 1588.4288 1085.1361 1218.7744 3108.4295 1281.2991 2647.6544 4233.6847 923.2379 789.8271 2643.8834 2183.4479 2899.2623 3414.3547 327.6760 5054.0126 1128.5501 3072.5716 2391.1796 2155.4647 1386.8526 340.8903 851.5780 1342.8189 1599.2131 1236.6876 644.8827 468.3346 590.4568 590.3133 788.1745 401.6958 1606.3840 1100.3742
0.0000 34841.9482 11751.8514 15304.9434 9960.9031 6880.5142 75503.2774 32398.0470 3615.8065 17911.1220 20277.0871 3660.8689 4780.1386 7322.2275 5098.7969 4837.8606 40035.0898 8759.5715 5093.1641 11247.9888 16013.5273 25671.7850 7584.6144 10730.8825 5968.9046 17659.2849 13300.3631 24212.5503 9868.1220 3521.9704 4456.9024 0.0000 9677.1342 31110.3961 188740.9560 63503.0741 6122.9118 7073.5177 19977.2675 6187.8114 4770.7192 22721.1954 41297.7793 12375.2650 16081.8933 23740.0731 18883.7128 13283.2010 13475.9219 8546.2975 5838.4082 6557.4287 16724.4283 6893.8332 14245.2986 22778.6914 4967.3397 4249.5437 14225.0092 11747.7068 15599.0360 18370.4120 1763.0104 27192.3400 6071.9905 16531.5001 12865.3752 11597.1471 7461.7477 1834.1080 4581.7848 7224.8309 8604.3210 6653.8080 3469.6927 2519.8027 3176.8624 3176.0900 4240.6518 2161.2626 8642.9028 5920.3947
0.0000 14118.5649 4762.0551 6201.8300 4036.3316 2788.1043 30595.2446 13128.2536 1465.1878 7257.8990 8216.6292 1483.4479 1936.9955 2967.0943 2066.1214 1960.3855 16222.9165 3549.5311 2063.8389 4557.8812 6488.9605 10402.6549 3073.4180 4348.3407 2418.7042 7155.8502 5389.5391 9811.3476 3998.7351 1427.1638 1806.0146 9570.7070 0.0000 12606.4750 76481.1265 25732.5529 2481.1106 2866.3127 8095.1371 2507.4091 1933.1786 9207.0246 16734.5803 5014.6732 6516.6636 9619.8916 7652.0097 5382.5847 5460.6785 3463.1088 2365.8248 2657.1845 6777.0300 2793.5014 5772.4434 9230.3230 2012.8527 1721.9892 5764.2218 4760.3756 6321.0014 7444.0113 714.4025 11018.8103 2460.4764 6698.8521 5213.2744 4699.3662 3023.6303 743.2125 1856.6191 2927.6275 3486.6209 2696.2390 1405.9800 1021.0680 1287.3200 1287.0070 1718.3861 875.7813 3502.2549 2399.0472
0.0000 46169.4830 15572.5190 20280.7639 13199.3120 9117.4518 100050.2975 42931.0403 4791.3484 23734.2424 26869.4110 4851.0612 6334.2189 9702.7714 6756.4768 6410.7071 53050.9771 11607.4132 6749.0127 14904.8447 21219.7168 34017.9898 10050.4634 14219.6210 7909.4670 23400.5300 17624.4705 32084.3405 13076.3666 4667.0052 5905.8948 31297.4154 12823.2865 0.0000 250102.9020 84148.6843 8113.5438 9373.2030 26472.1165 8199.5431 6321.7371 30108.1283 54724.1821 16398.6119 21310.3094 31458.2554 25023.0341 17601.7288 17857.1056 11324.8012 7736.5447 8689.3274 22161.7403 9135.1010 18876.6158 30184.3169 6582.2814 5631.1213 18849.7301 15567.0271 20670.4694 24342.8530 2336.1862 36032.8955 8046.0674 21906.0888 17048.0628 15367.5186 9887.6513 2430.3985 6071.3780 9573.7100 11401.6888 8817.0407 4597.7314 3339.0207 4209.6984 4208.6749 5619.3385 2863.9150 11452.8141 7845.1859
0.0000 320660.5244 108155.6863 140855.8202 91673.0712 63323.3615 694878.4951 298168.5954 33277.3124 164841.2353 186615.8957 33692.0348 43992.9974 67388.5774 46925.7020 44524.2304 368454.5082 80616.8699 46873.8617 103518.4933 147377.1220 236264.8606 69803.3992 98759.4150 54933.5549 162523.5057 122407.0879 222835.1018 90819.1799 32413.7119 41018.1616 217369.6776 89061.4643 286317.9719 0.0000 584437.1543 56350.9277 65099.6287 183856.5699 56948.2181 43906.3079 209109.7318 380075.4046 113893.1420 148006.3142 218486.7581 173792.2696 122249.1397 124022.8062 78654.0470 53732.5590 60349.9128 153919.7495 63445.9404 131103.6019 209638.8843 45715.8638 39109.7797 130916.8728 108117.5429 143562.4387 169068.2137 16225.4942 250258.9679 55882.2844 152144.1758 118403.7683 106731.8985 68672.6218 16879.8263 42167.4906 66492.2083 79188.0541 61236.9194 31932.5853 23190.4727 29237.5832 29230.4746 39027.9448 19890.7248 79543.1342 54487.1041
0.0000 96756.8886 32635.1605 42502.1787 27661.6561 19107.3455 209674.3317 89970.1191 10041.1774 49739.5963 56309.9355 10166.3167 13274.5543 20333.9937 14159.4758 13434.8499 111178.3619 24325.5309 14143.8334 31235.9226 44469.9322 71291.1352 21062.6479 29799.9067 16575.7848 49040.2390 36935.4132 67238.8070 27404.0008 9780.5925 12376.9201 65589.6566 26873.6234 86394.2831 524137.9604 0.0000 17003.4663 19643.3207 55477.3298 17183.6942 13248.3964 63097.2804 114684.8795 34366.3944 44659.7862 65926.7272 52440.5032 36887.7536 37422.9440 23733.2640 16213.3934 18210.1299 46444.1206 19144.3328 39559.5206 63256.9482 13794.4162 11801.0803 39503.1765 32623.6511 43318.8804 51015.0551 4895.9202 75513.7513 16862.0568 45908.3547 35727.4418 32205.5433 20721.4444 5093.3599 12723.7214 20063.5211 23894.3966 18477.7774 9635.4162 6997.5498 8822.2197 8820.0747 11776.3873 6001.8758 24001.5393 16441.0717
0.0000 8908.1156 3004.6210 3913.0477 2546.7254 1759.1558 19304.0849 8283.2782 924.4610 4579.3750 5184.2863 935.9822 1222.1483 1872.0896 1303.6203 1236.9062 10235.8573 2239.5784 1302.1802 2875.7974 4094.2129 6563.5603 1939.1746 2743.5878 1526.0826 4514.9873 3400.5324 6190.4747 2523.0039 900.4697 1139.5058 6038.6423 2474.1737 7954.0617 48255.8051 16235.9672 0.0000 1808.5014 5107.6308 1582.0510 1219.7400 5809.1768 10558.6918 3164.0105 4111.6921 6069.6754 4828.0394 3396.1445 3445.4179 2185.0502 1492.7183 1676.5519 4275.9704 1762.5611 3642.1260 5823.8769 1270.0104 1086.4900 3636.9386 3003.5614 3988.2390 4696.8026 450.7526 6952.3239 1552.4388 4226.6441 3289.3181 2965.0675 1907.7610 468.9303 1171.4348 1847.1880 2199.8852 1701.1934 887.1038 644.2434 812.2352 812.0377 1084.2165 552.5746 2209.7495 1513.6800
0.0000 10298.8366 3473.6978 4523.9466 2944.3162 2033.7925 22317.8083 9576.4505 1068.7864 5294.2998 5993.6490 1082.1063 1412.9481 2164.3573 1507.1395 1430.0101 11833.8632 2589.2179 1505.4745 3324.7624 4733.3949 7588.2531 2241.9155 3171.9124 1764.3323 5219.8600 3931.4181 7156.9218 2916.8913 1041.0496 1317.4037 6981.3857 2860.4378 9195.8373 55789.4255 18770.7008 1809.8548 0.0000 5905.0261 1829.0383 1410.1639 6716.0963 12207.0982 3657.9709 4753.6031 7017.2636 5581.7853 3926.3452 3983.3111 2526.1768 1725.7592 1938.2925 4943.5282 2037.7294 4210.7290 6733.0914 1468.2824 1256.1111 4204.7317 3472.4727 4610.8766 5430.0601 521.1234 8037.7098 1794.8031 4886.5011 3802.8412 3427.9692 2205.5977 542.1390 1354.3173 2135.5681 2543.3278 1966.7810 1025.5970 744.8216 939.0401 938.8118 1253.4827 638.8417 2554.7321 1749.9933
0.0000 29384.8210 9911.2153 12907.8036 8400.7746 5802.8522 63677.5613 27323.6964 3049.4800 15105.7889 17101.1842 3087.4845 4031.4484 6175.3822 4300.1968 4080.1297 33764.5858 7387.6019 4295.4462 9486.2703 13505.4053 21650.9365 6396.6726 9050.1559 5034.0237 14893.3959 11217.1911 20420.2547 8322.5254 2970.3411 3758.8392 19919.4119 8161.4511 26237.7241 159179.3656 53556.8923 5163.9095 5965.6265 0.0000 5218.6442 4023.5043 19162.4836 34829.5062 10436.9866 13563.0635 20021.7794 15926.0475 11202.7169 11365.2529 7207.7319 4923.9663 5530.3701 14104.9613 5814.0852 12014.1258 19210.9743 4189.3291 3583.9581 11997.0142 9907.7199 13155.8338 15493.1425 1486.8785 22933.3342 5120.9638 13942.2506 10850.3332 9780.7416 6293.0500 1546.8405 3864.1618 6093.2403 7256.6675 5611.6540 2926.2514 2125.1381 2679.2857 2678.6343 3576.4589 1822.7544 7289.2064 4993.1117
0.0000 9002.9966 3036.6235 3954.7259 2573.8508 1777.8927 19509.6941 8371.5040 934.3075 4628.1503 5239.5046 945.9514 1235.1655 1892.0294 1317.5053 1250.0806 10344.8802 2263.4324 1316.0498 2906.4278 4137.8206 6633.4693 1959.8289 2772.8099 1542.3371 4563.0767 3436.7517 6256.4099 2549.8766 910.0607 1151.6428 6102.9604 2500.5263 8038.7810 48769.7813 16408.8977 1582.1318 1827.7639 5162.0326 0.0000 1232.7315 5871.0507 10671.1532 3197.7107 4155.4861 6134.3240 4879.4632 3432.3171 3482.1153 2208.3233 1508.6174 1694.4089 4321.5141 1781.3343 3680.9186 5885.9075 1283.5374 1098.0622 3675.6759 3035.5526 4030.7180 4746.8286 455.5536 7026.3736 1568.9740 4271.6624 3324.3528 2996.6486 1928.0807 473.9249 1183.9118 1866.8626 2223.3163 1719.3129 896.5524 651.1052 820.8864 820.6868 1095.7646 558.4602 2233.2857 1529.8023
0.0000 6933.4595 2338.5887 3045.6450 1982.1945 1369.2049 15024.9611 6447.1294 719.5363 3564.2679 4035.0890 728.5036 951.2355 1457.1047 1014.6477 962.7220 7966.8815 1743.1326 1013.5268 2238.3213 3186.6514 5108.6202 1509.3191 2135.4185 1187.7969 3514.1530 2646.7386 4818.2362 1963.7313 700.8632 886.9123 4700.0605 1925.7252 6190.8901 37558.9725 12636.9510 1218.4439 1407.6121 3975.4257 1231.3588 0.0000 4521.4604 8218.1535 2462.6464 3200.2561 4724.2145 3757.8110 2643.3234 2681.6744 1700.6916 1161.8285 1304.9117 3328.1189 1371.8554 2834.7784 4532.9019 988.4880 845.6484 2830.7408 2337.7639 3104.1687 3655.6655 350.8346 5411.2068 1208.3107 3289.7267 2560.1771 2307.8029 1484.8689 364.9828 911.7636 1437.7231 1712.2381 1324.0910 690.4601 501.4344 632.1876 632.0339 843.8790 430.0858 1719.9158 1178.1436
0.0000 33493.9933 11297.1992 14712.8304 9575.5386 6614.3229 72582.2291 31144.6411 3475.9192 17218.1819 19492.6132 3519.2383 4595.2060 7038.9474 4901.5361 4650.6949 38486.2242 8420.6839 4896.1213 10812.8299 15394.0007 24678.6026 7291.1831 10315.7293 5737.9814 16976.0878 12785.8027 23275.8224 9486.3470 3385.7134 4284.4751 22704.9417 9302.7481 29906.8064 181439.0022 61046.2861 5886.0304 6799.8595 19204.3930 5948.4192 4586.1510 0.0000 39700.0631 11896.4944 15459.7218 22821.6243 18153.1454 12769.3045 12954.5695 8215.6609 5612.5336 6303.7369 16077.3986 6627.1266 13694.1807 21897.4362 4775.1648 4085.1386 13674.6763 11293.2150 14995.5451 17659.7030 1694.8035 26140.3308 5837.0791 15891.9344 12367.6434 11148.4802 7173.0698 1763.1506 4404.5261 6945.3188 8271.4396 6396.3875 3335.4583 2422.3173 3053.9569 3053.2144 4076.5907 2077.6483 8308.5288 5691.3482
0.0000 61793.2323 20842.2582 27143.7728 17665.9581 12202.7967 133907.3101 57458.9009 6412.7404 31765.9081 35962.0175 6492.6599 8477.7180 12986.1885 9042.8680 8580.0899 71003.4235 15535.3609 9032.8781 19948.6429 28400.4673 45529.6749 13451.5393 19031.5396 10586.0300 31319.2675 23588.5899 42941.6787 17501.4080 6246.3193 7904.4491 41888.4582 17162.6856 55175.2137 334737.7040 112624.5923 10859.1663 12545.0942 35430.2787 10974.2678 8461.0124 40296.7165 0.0000 21947.9008 28521.7165 42103.7264 33490.8268 23558.1524 23899.9487 15157.1130 10354.5908 11629.7951 29661.2714 12226.4184 25264.4610 40398.6874 8809.7249 7536.6923 25228.4772 20834.9078 27665.3546 32580.4725 3126.7514 48226.4244 10768.8559 29319.1075 22817.1259 20567.8856 13233.6317 3252.8451 8125.9318 12813.4527 15260.0194 11800.7266 6153.6033 4468.9451 5634.2600 5632.8902 7520.9222 3833.0636 15328.4455 10499.9962
0.0000 18093.5442 6102.7771 7947.9101 5172.7314 3573.0748 39209.1131 16824.4179 1877.7008 9301.3076 10529.9614 1901.1019 2482.3425 3802.4581 2647.8229 2512.3178 20790.3606 4548.8758 2644.8977 5841.1195 8315.8801 13331.4467 3938.7165 5572.5844 3099.6728 9170.5277 6906.9246 12573.6611 5124.5499 1828.9714 2314.4848 12265.2699 5025.3693 16155.7363 98013.8312 32977.3660 3179.6493 3673.3022 10374.2641 3213.3519 2477.4510 11799.1954 21446.0796 0.0000 8351.3828 12328.3021 9806.3774 6898.0122 6998.0929 4438.1218 3031.9056 3405.2954 8685.0534 3579.9914 7397.6328 11829.0533 2579.5567 2206.8028 7387.0965 6100.6248 8100.6333 9539.8185 915.5374 14121.0762 3153.2057 8584.8652 6681.0338 6022.4386 3874.9114 952.4586 2379.3367 3751.8797 4468.2536 3455.3455 1801.8234 1308.5422 1649.7556 1649.3545 2202.1851 1122.3512 4488.2893 3074.4814
0.0000 23582.0067 7953.9822 10358.8145 6741.8183 4656.9248 51102.7335 21927.9059 2447.2791 12122.7492 13724.1006 2477.7786 3235.3317 4955.8887 3451.0086 3274.3996 27096.8704 5928.7234 3447.1961 7612.9539 10838.4039 17375.3833 5133.4795 7262.9619 4039.9218 11952.2988 9002.0584 16387.7324 6679.0214 2383.7682 3016.5564 15985.7943 6549.7555 21056.3877 127745.1668 42980.6597 4144.1582 4787.5549 13521.1744 4188.0841 3228.9564 15378.3416 27951.4940 8375.9260 0.0000 16067.9466 12781.0259 8990.4426 9120.8815 5784.3736 3951.5982 4438.2515 11319.5616 4665.9394 9641.6172 15417.2565 3362.0347 2876.2102 9627.8847 7951.1771 10557.8646 12433.6095 1193.2548 18404.5375 4109.6933 11188.9824 8707.6464 7849.2741 5050.3199 1241.3757 3101.0803 4889.9680 5823.6455 4503.4837 2348.3852 1705.4730 2150.1895 2149.6667 2870.1919 1462.8031 5849.7588 4007.0890
0.0000 35024.3947 11813.3888 15385.0863 10013.0623 6916.5433 75898.6429 32567.6963 3634.7403 18004.9119 20383.2660 3680.0386 4805.1693 7360.5697 5125.4962 4863.1936 40244.7296 8805.4402 5119.8339 11306.8878 16097.3805 25806.2128 7624.3305 10787.0737 6000.1602 17751.7561 13370.0092 24339.3369 9919.7954 3540.4128 4480.2405 23742.3717 9727.8076 31273.3027 189729.2796 63835.6018 6154.9738 7110.5575 20081.8765 6220.2133 4795.7006 22840.1728 41514.0311 12440.0668 16166.1045 0.0000 18982.5955 13352.7572 13546.4873 8591.0493 5868.9805 6591.7661 16812.0041 6929.9321 14319.8927 22897.9698 4993.3507 4271.7960 14299.4970 11809.2225 15680.7188 18466.6069 1772.2422 27334.7300 6103.7859 16618.0657 12932.7435 11657.8745 7500.8204 1843.7121 4605.7769 7262.6631 8649.3767 6688.6501 3487.8614 2532.9974 3193.4977 3192.7213 4262.8576 2172.5799 8688.1606 5951.3962
0.0000 27752.1607 9360.5348 12190.6286 7934.0162 5480.4379 60139.5500 25805.5549 2880.0468 14266.4909 16151.0193 2915.9397 3807.4557 5832.2696 4061.2720 3853.4322 31888.5798 6977.1367 4056.7854 8959.2003 12755.0268 20447.9812 6041.2648 8547.3170 4754.3265 14065.8987 10593.9488 19285.6778 7860.1146 2805.3049 3549.9930 18812.6625 7707.9899 24779.9207 150335.1452 50581.1991 4876.9957 5634.1683 15912.2083 4928.6893 3799.9530 18097.7901 32894.3319 9857.0935 12809.4814 18909.3423 0.0000 10580.2789 10733.7841 6807.2606 4650.3841 5223.0953 13321.2706 5491.0468 11346.6047 18143.5866 3956.5644 3384.8285 11330.4439 9357.2336 12424.8779 14632.3226 1404.2655 21659.1272 4836.4361 13167.6003 10247.4741 9237.3104 5943.3996 1460.8959 3649.4638 5754.6917 6853.4772 5299.8629 2763.6649 2007.0625 2530.4209 2529.8057 3377.7460 1721.4797 6884.2083 4715.6876
0.0000 19434.9627 6555.2245 8537.1519 5556.2272 3837.9753 42115.9968 18071.7459 2016.9097 9990.8876 11310.6313 2042.0457 2666.3783 4084.3646 2844.1270 2698.5759 22331.7156 4886.1202 2840.9850 6274.1682 8932.4025 14319.8130 4230.7249 5985.7245 3329.4762 9850.4120 7418.9899 13505.8467 5504.4735 1964.5676 2486.0760 13174.5920 5397.9399 17353.4897 105280.3770 35422.2407 3415.3820 3945.6333 11143.3909 3451.5832 2661.1241 12673.9637 23036.0482 6902.9668 8970.5373 13242.2973 10533.4022 0.0000 7516.9172 4767.1551 3256.6849 3657.7571 9328.9456 3845.4047 7946.0782 12706.0352 2770.7998 2370.4106 7934.7607 6552.9127 8701.1978 10247.0812 983.4135 15167.9840 3386.9779 9221.3296 7176.3521 6468.9299 4162.1894 1023.0720 2555.7359 4030.0364 4799.5209 3711.5178 1935.4069 1405.5549 1772.0651 1771.6343 2365.4507 1205.5600 4821.0420 3302.4172
0.0000 19719.9438 6651.3459 8662.3349 5637.6999 3894.2527 42733.5571 18336.7377 2046.4843 10137.3872 11476.4827 2071.9888 2705.4763 4144.2549 2885.8314 2738.1460 22659.1726 4957.7669 2882.6433 6366.1683 9063.3812 14529.7890 4292.7613 6073.4951 3378.2974 9994.8517 7527.7769 13703.8873 5585.1874 1993.3747 2522.5301 13367.7752 5477.0916 17607.9494 106824.1367 35941.6484 3465.4628 4003.4894 11306.7900 3502.1949 2700.1450 12859.8060 23373.8332 7004.1872 9102.0752 13436.4733 10687.8568 7518.0634 0.0000 4837.0575 3304.4387 3711.3919 9465.7389 3901.7911 8062.5941 12892.3478 2811.4289 2405.1687 8051.1107 6649.0001 8828.7862 10397.3374 997.8336 15390.3970 3436.6422 9356.5449 7281.5812 6563.7859 4223.2209 1038.0736 2593.2114 4089.1301 4869.8978 3765.9410 1963.7864 1426.1650 1798.0495 1797.6123 2400.1360 1223.2375 4891.7344 3350.8416
0.0000 12457.6049 4201.8294 5472.2238 3561.4827 2460.1014 26995.9072 11583.7974 1292.8177 6404.0530 7249.9947 1308.9296 1709.1202 2618.0344 1823.0553 1729.7585 14314.3928 3131.9512 1821.0413 4021.6752 5725.5752 9178.8482 2711.8498 3836.7859 2134.1589 6314.0096 4755.4938 8657.1045 3528.3092 1259.2670 1593.5484 8444.7737 3460.0222 11123.4028 67483.6048 22705.2806 2189.2236 2529.1091 7142.7954 2212.4282 1705.7523 8123.8763 14765.8626 4424.7285 5750.0193 8488.1721 6751.7991 4749.3576 4818.2642 0.0000 2087.5005 2344.5835 5979.7552 2464.8636 5093.3519 8144.4338 1776.0533 1519.4081 5086.0975 4200.3475 5577.3755 6568.2703 630.3576 9722.5168 2171.0169 5910.7744 4599.9656 4146.5155 2667.9193 655.7783 1638.1996 2583.2106 3076.4420 2379.0435 1240.5753 900.9458 1135.8750 1135.5988 1516.2288 772.7512 3090.2368 2116.8144
0.0000 8492.2958 2864.3691 3730.3915 2427.8475 1677.0406 18402.9941 7896.6250 881.3083 4365.6154 4942.2903 892.2917 1165.0999 1784.7028 1242.7690 1179.1690 9758.0601 2135.0377 1241.3960 2741.5588 3903.1001 6257.1815 1848.6564 2615.5205 1454.8470 4304.2332 3241.7997 5901.5110 2405.2332 858.4369 1086.3151 5756.7660 2358.6823 7582.7760 46003.2839 15478.0923 1492.3843 1724.0828 4869.2130 1508.2028 1162.8040 5538.0116 10065.8252 3016.3184 3919.7635 5786.3505 4602.6725 3237.6167 3284.5900 2083.0548 0.0000 1598.2925 4076.3734 1680.2870 3472.1161 5552.0255 1210.7279 1035.7740 3467.1708 2863.3589 3802.0729 4477.5617 429.7121 6627.7980 1479.9729 4029.3496 3135.7768 2826.6618 1818.7091 447.0412 1116.7536 1760.9636 2097.1973 1621.7838 845.6949 614.1709 774.3211 774.1328 1033.6067 526.7811 2106.6011 1443.0233
0.0000 9543.5487 3218.9465 4192.1730 2728.3883 1884.6398 20681.0825 8874.1404 990.4046 4906.0306 5554.0915 1002.7476 1309.3265 2005.6294 1396.6101 1325.1371 10966.0007 2399.3319 1395.0672 3080.9336 4386.2610 7031.7518 2077.4997 2939.2932 1634.9411 4837.0500 3643.0989 6632.0532 2702.9746 964.7020 1220.7889 6469.3904 2650.6612 8521.4403 51697.9847 17394.1100 1677.1251 1937.5053 5471.9680 1694.9018 1306.7464 6223.5566 11311.8637 3389.7055 4404.9871 6502.6371 5172.4327 3638.3980 3691.1862 2340.9141 1599.1968 0.0000 4580.9837 1888.2880 3901.9259 6239.3053 1360.6027 1163.9914 3896.3685 3217.8112 4272.7278 5031.8346 482.9057 7448.2466 1663.1773 4528.1388 3523.9515 3176.5715 2043.8453 502.3800 1254.9955 1978.9515 2356.8073 1822.5428 950.3826 690.1985 870.1735 869.9620 1161.5558 591.9909 2367.3752 1621.6537
0.0000 24536.7007 8275.9913 10778.1808 7014.7540 4845.4557 53171.5766 22815.6353 2546.3548 12613.5266 14279.7071 2578.0890 3366.3109 5156.5229 3590.7192 3406.9604 28193.8601 6168.7419 3586.7524 7921.1568 11277.1858 18078.8083 5341.3033 7556.9957 4203.4740 12436.1757 9366.4977 17051.1734 6949.4149 2480.2727 3138.6787 16632.9632 6814.9158 21908.8345 132916.8023 44720.6888 4311.9303 4981.3743 14068.5656 4357.6346 3359.6775 16000.9184 29083.0823 8715.0170 11325.3312 16718.4414 13298.4529 9354.4117 9490.1313 6018.5482 4111.5748 4617.9297 0.0000 4854.8353 10031.9484 16041.4088 3498.1433 2992.6507 10017.6600 8273.0726 10985.2892 12936.9718 1241.5625 19149.6268 4276.0701 11641.9572 9060.1668 8167.0441 5254.7770 1291.6315 3226.6245 5087.9335 6059.4100 4685.8027 2443.4573 1774.5174 2237.2377 2236.6938 2986.3888 1522.0232 6086.5804 4169.3120
0.0000 10035.8016 3384.9786 4408.4038 2869.1176 1981.8489 21747.8056 9331.8655 1041.4893 5159.0820 5840.5696 1054.4690 1376.8611 2109.0791 1468.6468 1393.4872 11531.6232 2523.0886 1467.0243 3239.8471 4612.5028 7394.4471 2184.6564 3090.9009 1719.2707 5086.5434 3831.0087 6974.1322 2842.3931 1014.4610 1283.7568 6803.0793 2787.3814 8960.9732 54364.5489 18291.2922 1763.6307 2037.4412 5754.2102 1782.3242 1374.1479 6544.5654 11895.3257 3564.5453 4632.1948 6838.0408 5439.2250 3826.0653 3881.5763 2461.6576 1681.6828 1888.7880 4817.2692 0.0000 4103.1859 6561.1265 1430.7821 1224.0297 4097.3418 3383.7848 4493.1136 5291.3749 507.8138 7832.4245 1748.9634 4761.6986 3705.7157 3340.4179 2149.2661 528.2926 1319.7277 2081.0251 2478.3706 1916.5489 999.4030 725.7987 915.0568 914.8343 1221.4684 622.5255 2489.4836 1705.2981
0.0000 20858.5060 7035.3718 9162.4685 5963.2014 4119.0936 45200.8468 19395.4383 2164.6413 10722.6853 12139.0956 2191.6184 2861.6812 4383.5300 3052.4494 2896.2372 23967.4359 5244.0114 3049.0773 6733.7291 9586.6698 15368.6894 4540.6107 6424.1579 3573.3487 10571.9203 7962.4050 14495.1029 5907.6570 2108.4653 2668.1724 14139.5849 5793.3202 18624.5723 112991.7975 38016.7964 3665.5468 4234.6372 11959.6055 3704.3997 2856.0422 13602.2873 24723.3585 7408.5851 9627.5979 14212.2494 11304.9372 7952.1307 8067.5052 5116.3326 3495.2257 3925.6750 10012.2583 4127.0672 0.0000 13636.7079 2973.7512 2544.0349 8515.9543 7032.8907 9338.5302 10997.6442 1055.4451 16278.9860 3635.0622 9896.7598 7701.9948 6942.7565 4467.0553 1098.0084 2742.9346 4325.2225 5151.0690 3983.3735 2077.1688 1508.5069 1901.8627 1901.4003 2538.7117 1293.8630 5174.1665 3544.3078
0.0000 33580.2888 11326.3059 14750.7372 9600.2095 6631.3643 72769.2334 31224.8836 3484.8747 17262.5436 19542.8348 3528.3054 4607.0453 7057.0829 4914.1647 4662.6772 38585.3819 8442.3793 4908.7359 10840.6886 15433.6625 24742.1857 7309.9684 10342.3073 5752.7650 17019.8258 12818.7446 23335.7913 9510.7881 3394.4366 4295.5138 22763.4398 9326.7161 29983.8597 181906.4702 61203.5687 5901.1954 6817.3790 19253.8721 5963.7450 4597.9670 21898.4398 39802.3482 11927.1451 15499.5529 22880.4230 18199.9160 12802.2039 12987.9462 8236.8281 5626.9940 6319.9781 16118.8211 6644.2011 13729.4630 0.0000 4787.4677 4095.6638 13709.9083 11322.3114 15034.1803 17705.2023 1699.1701 26207.6800 5852.1181 15932.8791 12399.5080 11177.2036 7191.5509 1767.6932 4415.8741 6963.2131 8292.7505 6412.8674 3344.0519 2428.5583 3061.8252 3061.0808 4087.0939 2083.0013 8329.9353 5706.0117
0.0000 7220.3309 2435.3476 3171.6584 2064.2077 1425.8557 15646.6178 6713.8789 749.3071 3711.7393 4202.0405 758.6454 990.5928 1517.3924 1056.6286 1002.5546 8296.5107 1815.2546 1055.4614 2330.9317 3318.4989 5319.9890 1571.7670 2223.7713 1236.9419 3659.5508 2756.2472 5017.5904 2044.9805 729.8614 923.6082 4894.5251 2005.4020 6447.0377 39112.9723 13159.8040 1268.8570 1465.8520 4139.9086 1282.3062 988.6408 4708.5355 8558.1791 2564.5382 3332.6664 4919.6785 3913.2902 2752.6907 2792.6284 1771.0576 1209.8990 1358.9023 3465.8196 1428.6158 2952.0671 4720.4504 0.0000 880.6371 2947.8625 2434.4887 3232.6034 3806.9184 365.3504 5635.0951 1258.3045 3425.8389 2666.1043 2403.2881 1546.3053 380.0840 949.4877 1497.2088 1783.0818 1378.8751 719.0278 522.1812 658.3443 658.1842 878.7944 447.8806 1791.0772 1226.8892
0.0000 6173.4880 2082.2577 2711.8140 1764.9276 1219.1273 13378.0859 5740.4641 640.6685 3173.5911 3592.8058 648.6529 846.9712 1297.3925 903.4329 857.1988 7093.6374 1552.0691 902.4348 1992.9805 2837.3648 4548.6680 1343.8837 1901.3568 1057.6033 3128.9692 2356.6315 4290.1128 1748.4881 624.0421 789.6985 4184.8902 1714.6479 5512.3111 33442.1605 11251.8239 1084.8912 1253.3248 3539.6821 1096.3905 845.3023 4025.8664 7317.3676 2192.7175 2849.4783 4206.3967 3345.9201 2353.5906 2387.7380 1514.2800 1034.4813 1161.8813 2963.3262 1221.4873 2524.0603 4036.0538 880.1406 0.0000 2520.4654 2081.5233 2763.9230 3254.9706 312.3799 4818.0883 1075.8687 2929.1421 2279.5579 2054.8463 1322.1135 324.9773 811.8258 1280.1353 1524.5609 1178.9583 614.7792 446.4725 562.8939 562.7571 751.3820 382.9444 1531.3971 1049.0081
0.0000 20828.4629 7025.2386 9149.2716 5954.6125 4113.1608 45135.7428 19367.5026 2161.5235 10707.2411 12121.6114 2188.4618 2857.5595 4377.2163 3048.0529 2892.0656 23932.9149 5236.4584 3044.6856 6724.0303 9572.8619 15346.5535 4534.0708 6414.9050 3568.2020 10556.6933 7950.9366 14474.2252 5899.1481 2105.4285 2664.3294 14119.2193 5784.9759 18597.7468 112829.0524 37962.0398 3660.2672 4228.5380 11942.3797 3699.0641 2851.9286 13582.6956 24687.7487 7397.9143 9613.7310 14191.7791 11288.6544 7940.6771 8055.8853 5108.9635 3490.1914 3920.0208 9997.8374 4121.1229 8515.8175 13617.0666 2969.4680 2540.3707 0.0000 7022.7610 9325.0796 10981.8040 1053.9249 16255.5389 3629.8266 9882.5053 7690.9015 6932.7567 4460.6213 1096.4269 2738.9839 4318.9928 5143.6498 3977.6362 2074.1770 1506.3342 1899.1234 1898.6617 2535.0551 1291.9995 5166.7140 3539.2028
0.0000 17167.4913 5790.4284 7541.1249 4907.9838 3390.1998 37202.3359 15963.3207 1781.5974 8825.2537 9991.0233 1803.8008 2355.2927 3607.8430 2512.3036 2383.7338 19726.2809 4316.0580 2509.5282 5542.1628 7890.2617 12649.1247 3737.1275 5287.3718 2941.0272 8701.1673 6553.4185 11930.1236 4862.2682 1735.3621 2196.0263 11637.5162 4768.1638 15328.8632 92997.3464 31289.5384 3016.9104 3485.2975 9843.2948 3048.8880 2350.6516 11195.2961 20348.4393 6097.5997 7923.9474 11697.3224 9304.4733 6544.9623 6639.9207 4210.9726 2876.7284 3231.0076 8240.5403 3396.7625 7019.0116 11223.6258 2447.5314 2093.8555 7009.0145 0.0000 7686.0316 9051.5572 868.6789 13398.3398 2991.8202 8145.4798 6339.0892 5714.2018 3676.5880 903.7105 2257.5589 3559.8532 4239.5622 3278.4961 1709.6036 1241.5692 1565.3188 1564.9383 2089.4742 1064.9077 4258.5724 2917.1252
0.0000 22865.2055 7712.2122 10043.9469 6536.8932 4515.3724 49549.4094 21261.3830 2372.8914 11754.2648 13306.9414 2402.4638 3136.9902 4805.2490 3346.1114 3174.8706 26273.2311 5748.5133 3342.4148 7381.5498 10508.9586 16847.2393 4977.4417 7042.1962 3917.1240 11588.9955 8728.4309 15889.6092 6476.0052 2311.3110 2924.8648 15499.8884 6350.6685 20416.3556 123862.2114 41674.2151 4018.1920 4642.0319 13110.1833 4060.7827 3130.8087 14910.9000 27101.8775 8121.3305 10553.8242 15579.5436 12392.5325 8717.1681 8843.6422 5608.5511 3831.4851 4303.3459 10975.4910 4524.1131 9348.5496 14948.6320 3259.8419 2788.7847 9335.2345 7709.4923 0.0000 12055.6762 1156.9845 17845.1113 3984.7746 10848.8809 8442.9679 7610.6867 4896.8098 1203.6427 3006.8196 4741.3320 5646.6294 4366.5953 2277.0035 1653.6333 2084.8321 2084.3252 2782.9493 1418.3396 5671.9489 3885.2891
0.0000 26986.7886 9102.3822 11854.4253 7715.2053 5329.2939 58480.9717 25093.8679 2800.6185 13873.0378 15705.5931 2835.5215 3702.4505 5671.4224 3949.2669 3747.1591 31009.1301 6784.7155 3944.9040 8712.1160 12403.2581 19884.0498 5874.6538 8311.5920 4623.2078 13677.9777 10301.7801 18753.8014 7643.3419 2727.9379 3452.0883 18293.8313 7495.4125 24096.5195 146189.0780 49186.2288 4742.4939 5478.7845 15473.3683 4792.7618 3695.1547 17598.6743 31987.1447 9585.2464 12456.2109 18387.8448 14626.3568 10288.4872 10437.7589 6619.5243 4522.1320 5079.0484 12953.8856 5339.6101 11033.6787 17643.2078 3847.4469 3291.4789 11017.9636 9099.1720 12082.2143 0.0000 1365.5375 21061.7939 4703.0529 12804.4533 9964.8607 8982.5562 5779.4876 1420.6061 3548.8159 5595.9840 6664.4664 5153.6989 2687.4463 1951.7101 2460.6349 2460.0366 3284.5917 1674.0033 6694.3499 4585.6345
0.0000 2556.2055 862.1833 1122.8586 730.7891 504.7940 5539.3542 2376.9068 265.2763 1314.0628 1487.6436 268.5824 350.6984 537.2007 374.0770 354.9332 2937.2042 642.6525 373.6638 825.2171 1174.8444 1883.4296 556.4509 787.2792 437.9131 1295.5866 975.7910 1776.3718 723.9821 258.3920 326.9840 1732.8031 709.9702 2282.4374 13847.1208 4658.9503 449.2120 518.9539 1465.6471 453.9734 350.0074 1666.9574 3029.8423 907.9205 1179.8601 1741.7081 1385.4176 974.5319 988.6710 627.0055 428.3392 481.0906 1227.0001 505.7712 1045.1169 1671.1757 364.4326 311.7709 1043.6284 861.8793 1144.4349 1347.7590 0.0000 1994.9863 445.4761 1212.8458 943.8778 850.8333 547.4367 134.5607 336.1461 530.0551 631.2624 488.1616 254.5566 184.8672 233.0729 233.0162 311.1186 158.5626 634.0930 434.3542
0.0000 40228.4044 13568.6508 17671.0398 11500.8275 7944.2201 87175.8480 37406.6838 4174.7988 20680.1255 23411.8613 4226.8277 5519.1330 8454.2210 5887.0549 5585.7788 46224.3895 10113.7739 5880.5513 12986.8927 18489.1685 29640.5627 8757.1720 12389.8434 6891.6786 20389.3552 15356.5577 27955.7348 11393.7028 4066.4560 5145.9256 27270.0711 11173.1889 35919.9661 217919.7176 73320.4508 7069.4948 8167.0614 23065.6906 7144.4278 5508.2574 26233.8212 47682.2868 14288.4422 18568.1037 27410.2142 21803.0758 15336.7423 15559.2573 9867.5283 6741.0079 7571.1867 19309.9726 7959.5983 16447.5772 26300.2059 5735.2749 4906.5099 16424.1511 13563.8656 18010.5981 21210.4202 2035.5663 0.0000 7010.7012 19087.2183 14854.3220 13390.0298 8615.3106 2117.6554 5290.1144 8341.7672 9934.5221 7682.4660 4006.0964 2909.3563 3667.9954 3667.1036 4896.2433 2495.3871 9979.0686 6835.6692
0.0000 8833.6773 2979.5137 3880.3494 2525.4444 1744.4559 19142.7754 8214.0612 916.7360 4541.1086 5140.9652 928.1609 1211.9357 1856.4460 1292.7270 1226.5703 10150.3240 2220.8640 1291.2989 2851.7666 4060.0007 6508.7137 1922.9704 2720.6617 1513.3303 4477.2590 3372.1167 6138.7456 2501.9211 892.9452 1129.9838 5988.1820 2453.4989 7887.5957 47852.5682 16100.2956 1552.3767 1793.3892 5064.9503 1568.8310 1209.5476 5760.6339 10470.4609 3137.5713 4077.3339 6018.9558 4787.6951 3367.7655 3416.6271 2166.7914 1480.2448 1662.5422 4240.2394 1747.8327 3611.6916 5775.2112 1259.3979 1077.4110 3606.5475 2978.4629 3954.9123 4657.5550 446.9860 6894.2286 0.0000 4191.3253 3261.8318 2940.2907 1891.8193 465.0118 1161.6460 1831.7525 2181.5024 1686.9778 879.6909 638.8599 805.4480 805.2522 1075.1566 547.9572 2191.2843 1501.0313
0.0000 24249.9411 8179.2701 10652.2166 6932.7729 4788.8270 52550.1623 22548.9898 2516.5956 12466.1127 14112.8207 2547.9590 3326.9689 5096.2588 3548.7546 3367.1434 27864.3595 6096.6480 3544.8342 7828.5825 11145.3898 17867.5220 5278.8797 7468.6774 4154.3482 12290.8345 9257.0318 16851.8969 6868.1974 2451.2858 3101.9971 16438.5744 6735.2702 21652.7868 131363.4084 44198.0397 4261.5370 4923.1572 13904.1468 4306.7070 3320.4130 15813.9163 28743.1894 8613.1649 11192.9724 16523.0536 13143.0344 9245.0870 9379.2205 5948.2096 4063.5229 4563.9601 11640.1758 4798.0971 9914.7054 15853.9334 3457.2606 2957.6757 9900.5840 8176.3855 10856.9045 12785.7778 1227.0524 18925.8258 4226.0958 0.0000 8954.2809 8071.5962 5193.3647 1276.5363 3188.9150 5028.4710 5988.5939 4631.0399 2414.9007 1753.7787 2211.0912 2210.5536 2951.4870 1504.2354 6015.4468 4120.5854
0.0000 18817.4121 6346.9307 8265.8819 5379.6767 3716.0227 40777.7509 17497.5119 1952.8219 9673.4247 10951.2333 1977.1592 2581.6535 3954.5829 2753.7542 2612.8280 21622.1199 4730.8625 2750.7121 6074.8050 8648.5733 13864.7975 4096.2926 5795.5266 3223.6813 9537.4128 7183.2497 13076.6952 5329.5676 1902.1430 2407.0804 12755.9662 5226.4190 16802.0784 101935.0676 34296.6905 3306.8574 3820.2599 10789.3070 3341.9084 2576.5663 12271.2454 22304.0723 6683.6234 8685.4963 12821.5201 10198.7008 7173.9808 7278.0653 4615.6776 3153.2029 3541.5310 9032.5161 3723.2160 7693.5897 12302.2978 2682.7569 2295.0902 7682.6318 6344.6923 8424.7151 9921.4777 952.1653 14686.0177 3279.3559 8928.3196 0.0000 6263.3781 4029.9348 990.5636 2474.5268 3901.9810 4647.0149 3593.5834 1873.9089 1360.8931 1715.7573 1715.3402 2290.2879 1167.2530 4667.8522 3197.4821
0.0000 16945.4553 5715.5378 7443.5916 4844.5063 3346.3526 36721.1788 15756.8588 1758.5551 8711.1121 9861.8042 1780.4713 2324.8305 3561.1809 2479.8107 2352.9038 19471.1507 4260.2362 2477.0711 5470.4832 7788.2129 12485.5270 3688.7933 5218.9874 2902.9894 8588.6306 6468.6598 11775.8251 4799.3820 1712.9178 2167.6239 11487.0022 4706.4947 15130.6070 91794.5636 30884.8546 2977.8911 3440.2203 9715.9864 3009.4552 2320.2494 11050.5015 20085.2624 6018.7363 7821.4628 11546.0348 9184.1337 6460.3129 6554.0432 4156.5099 2839.5222 3189.2193 8133.9611 3352.8304 6928.2311 11078.4648 2415.8762 2066.7746 6918.3633 5713.5221 7586.6242 8934.4888 857.4438 13225.0521 2953.1254 8040.1301 6257.1025 0.0000 3629.0368 892.0223 2228.3607 3513.8118 4184.7297 3236.0936 1687.4924 1225.5114 1545.0737 1544.6981 2062.4500 1051.1347 4203.4941 2879.3965
0.0000 10867.4097 3665.4719 4773.7024 3106.8646 2146.0731 23549.9187 10105.1424 1127.7914 5586.5849 6324.5433 1141.8466 1490.9535 2283.8461 1590.3449 1508.9573 12487.1812 2732.1622 1588.5880 3508.3142 4994.7138 8007.1815 2365.6861 3347.0257 1861.7366 5508.0354 4148.4619 7552.0376 3077.9256 1098.5234 1390.1342 7366.8106 3018.3554 9703.5165 58869.4202 19806.9843 1909.7724 2206.2720 6231.0279 1930.0150 1488.0155 7086.8752 12881.0215 3859.9183 5016.0376 7404.6692 5889.9417 4143.1089 4203.2197 2665.6407 1821.0340 2045.3008 5216.4481 2150.2273 4443.1929 7104.8086 1549.3426 1325.4578 4436.8645 3664.1792 4865.4316 5729.8401 549.8934 8481.4516 1893.8897 5156.2726 4012.7866 3617.2188 0.0000 572.0691 1429.0858 2253.4675 2683.7386 2075.3621 1082.2177 785.9414 990.8822 990.6412 1322.6844 674.1106 2695.7725 1846.6061
0.0000 2659.4388 897.0029 1168.2057 760.3023 525.1804 5763.0632 2472.8992 275.9896 1367.1317 1547.7227 279.4292 364.8615 558.8957 389.1843 369.2674 3055.8243 668.6063 388.7543 858.5438 1222.2909 1959.4927 578.9234 819.0738 455.5984 1347.9094 1015.1988 1848.1113 753.2204 268.8272 340.1893 1802.7831 738.6426 2374.6145 14406.3422 4847.1039 467.3536 539.9120 1524.8378 472.3073 364.1425 1734.2782 3152.2037 944.5873 1227.5092 1812.0477 1441.3683 1013.8888 1028.5989 652.3273 445.6378 500.5197 1276.5530 526.1970 1087.3244 1738.6667 379.1503 324.3619 1085.7757 896.6866 1190.6533 1402.1887 134.5682 2075.5546 463.4668 1261.8271 981.9967 885.1946 569.5451 0.0000 349.7214 551.4616 656.7562 507.8762 264.8370 192.3331 242.4856 242.4267 323.6832 164.9663 659.7011 451.8957
0.0000 6657.8859 2245.6404 2924.5944 1903.4112 1314.7852 14427.7869 6190.8852 690.9380 3422.6044 3874.7125 699.5489 913.4282 1399.1914 974.3200 924.4582 7650.2341 1673.8509 973.2437 2149.3582 3059.9964 4905.5757 1449.3305 2050.5453 1140.5874 3374.4813 2541.5427 4626.7332 1885.6819 673.0071 851.6616 4513.2544 1849.1864 5944.8302 36066.1735 12134.6895 1170.0163 1351.6659 3817.4205 1182.4179 911.6282 4341.7528 7891.5192 2364.7674 3073.0604 4536.4483 3608.4551 2538.2632 2575.0899 1633.0968 1115.6510 1253.0474 3195.8412 1317.3303 2722.1088 4352.7396 949.2001 812.0377 2718.2317 2244.8484 2980.7920 3510.3693 336.8905 5196.1359 1160.2859 3158.9749 2458.4217 2216.0782 1425.8521 350.4764 0.0000 1380.5801 1644.1844 1271.4643 663.0174 481.5046 607.0610 606.9134 810.3386 412.9918 1651.5569 1131.3177
0.0000 10520.3975 3548.4281 4621.2711 3007.6579 2077.5458 22797.9356 9782.4706 1091.7794 5408.1971 6122.5915 1105.3858 1443.3452 2210.9195 1539.5629 1460.7741 12088.4474 2644.9203 1537.8621 3396.2887 4835.2254 7751.5006 2290.1463 3240.1503 1802.2887 5332.1558 4015.9955 7310.8901 2979.6430 1063.4459 1345.7452 7131.5776 2921.9749 9393.6692 56989.6343 19174.5186 1848.7906 2135.8225 6032.0621 1868.3868 1440.5010 6860.5810 12469.7119 3736.6655 4855.8683 7168.2274 5701.8673 4010.8135 4069.0048 2580.5229 1762.8858 1979.9914 5049.8793 2081.5675 4301.3153 6877.9417 1499.8699 1283.1340 4295.1890 3547.1767 4710.0713 5546.8780 532.3345 8210.6266 1833.4151 4991.6254 3884.6525 3501.7157 2253.0471 553.8021 1383.4530 0.0000 2598.0429 2009.0928 1047.6609 760.8451 959.2419 959.0086 1280.4491 652.5853 2609.6926 1787.6413
0.0000 12542.7571 4230.5504 5509.6284 3585.8267 2476.9171 27180.4339 11662.9769 1301.6546 6447.8270 7299.5510 1317.8766 1720.8027 2635.9296 1835.5165 1741.5820 14412.2368 3153.3592 1833.4887 4049.1648 5764.7116 9241.5890 2730.3862 3863.0117 2148.7467 6357.1681 4787.9993 8716.2789 3552.4264 1267.8745 1604.4408 8502.4968 3483.6727 11199.4353 67944.8795 22860.4793 2204.1877 2546.3965 7191.6189 2227.5510 1717.4118 8179.4059 14866.7925 4454.9731 5789.3227 8546.1918 6797.9500 4781.8211 4851.1988 3076.5827 2101.7693 2360.6096 6020.6289 2481.7118 5128.1667 8200.1039 1788.1932 1529.7938 5120.8628 4229.0584 5615.4988 6613.1668 634.6663 9788.9737 2185.8566 5951.1767 4631.4080 4174.8584 2686.1555 660.2608 1649.3973 2600.8678 0.0000 2395.3052 1249.0551 907.1041 1143.6391 1143.3610 1526.5928 778.0332 3111.3596 2131.2836
0.0000 9684.5517 3266.5054 4254.1110 2768.6994 1912.4848 20986.6391 9005.2531 1005.0375 4978.5157 5636.1515 1017.5629 1328.6714 2035.2619 1417.2446 1344.7156 11128.0200 2434.7813 1415.6789 3126.4534 4451.0666 7135.6437 2108.1941 2982.7203 1659.0968 4908.5159 3696.9246 6730.0397 2742.9103 978.9551 1238.8257 6564.9736 2689.8239 8647.3419 52461.8065 17651.1026 1701.9041 1966.1314 5552.8146 1719.9434 1326.0532 6315.5077 11478.9930 3439.7874 4470.0694 6598.7115 5248.8538 3692.1542 3745.7223 2375.5003 1622.8245 1822.6810 4648.6663 1916.1869 3959.5757 6331.4891 1380.7052 1181.1890 3953.9361 3265.3534 4335.8560 5106.1784 490.0405 7558.2921 1687.7502 4595.0406 3576.0168 3223.5043 2074.0425 509.8025 1273.5376 2008.1899 2391.6284 0.0000 964.4242 700.3959 883.0301 882.8154 1178.7174 600.7373 2402.3524 1645.6132
0.0000 5037.4804 1699.0933 2212.8026 1440.1564 994.7910 10916.3321 4684.1389 522.7766 2589.6062 2931.6796 529.2917 691.1168 1058.6543 737.1887 699.4623 5788.3095 1266.4668 736.3743 1626.2444 2315.2503 3711.6499 1096.5904 1551.4807 862.9896 2553.1954 1922.9785 3500.6724 1426.7420 509.2097 644.3830 3414.8123 1399.1288 4497.9692 27288.3381 9181.3319 885.2561 1022.6956 2888.3314 894.6394 689.7549 3285.0510 5970.8703 1789.2270 2325.1347 3432.3612 2730.2243 1920.4972 1948.3610 1235.6314 844.1223 948.0790 2418.0330 996.7166 2059.5981 3293.3638 718.1825 614.4029 2056.6647 1698.4941 2255.3227 2656.0108 254.8976 3931.4931 877.8939 2390.1392 1860.0876 1676.7260 1078.8262 265.1770 662.4386 1044.5726 1244.0205 962.0136 0.0000 364.3154 459.3136 459.2020 613.1173 312.4773 1249.5987 855.9760
0.0000 3655.6547 1233.0169 1605.8111 1045.1087 721.9110 7921.8851 3399.2380 379.3743 1879.2542 2127.4938 384.1023 501.5373 768.2560 534.9713 507.5935 4200.5247 919.0637 534.3803 1180.1511 1680.1565 2693.5113 795.7859 1125.8957 626.2639 1852.8312 1395.4884 2540.4068 1035.3740 369.5289 467.6230 2478.0989 1015.3353 3264.1363 19802.9043 6662.8109 642.4225 742.1611 2096.0364 649.2318 500.5490 2383.9323 4333.0075 1298.4261 1687.3296 2490.8340 1981.2995 1393.6877 1413.9082 896.6867 612.5721 688.0125 1754.7450 723.3084 1494.6321 2389.9648 521.1786 445.8667 1492.5033 1232.5820 1636.6676 1927.4434 184.9769 2853.0496 637.0798 1734.5028 1349.8490 1216.7852 782.8946 192.4366 480.7258 758.0370 902.7746 698.1247 364.0439 0.0000 333.3198 333.2388 444.9338 226.7620 906.8227 621.1742
0.0000 4611.2741 1555.3380 2025.5839 1318.3090 910.6246 9992.7336 4287.8278 478.5460 2370.5073 2683.6389 484.5099 632.6434 969.0847 674.8173 640.2828 5298.5778 1159.3148 674.0718 1488.6527 2119.3638 3397.6182 1003.8111 1420.2145 789.9746 2337.1771 1760.2810 3204.4909 1306.0296 466.1269 589.8636 3125.8951 1280.7527 4117.4093 24979.5526 8404.5266 810.3572 936.1683 2643.9582 818.9466 631.3968 3007.1125 5465.6926 1637.8458 2128.4119 3141.9593 2499.2281 1758.0096 1783.5159 1131.0883 772.7036 867.8648 2213.4504 912.3874 1885.3416 3014.7220 657.4192 562.4201 1882.6564 1554.7895 2064.5065 2431.2936 233.3315 3598.8611 803.6179 2187.9166 1702.7111 1534.8632 987.5499 242.7412 606.3916 956.1944 1138.7676 880.6205 459.2081 333.4917 0.0000 420.3502 561.2432 286.0395 1143.8739 783.5544
0.0000 4610.1501 1554.9589 2025.0902 1317.9877 910.4027 9990.2980 4286.7827 478.4293 2369.9295 2682.9848 484.3918 632.4892 968.8485 674.6528 640.1268 5297.2863 1159.0322 673.9075 1488.2898 2118.8472 3396.7901 1003.5665 1419.8684 789.7821 2336.6074 1759.8520 3203.7098 1305.7113 466.0133 589.7199 3125.1332 1280.4405 4116.4058 24973.4642 8402.4781 810.1597 935.9402 2643.3138 818.7470 631.2429 3006.3796 5464.3604 1637.4466 2127.8931 3141.1935 2498.6189 1757.5811 1783.0812 1130.8126 772.5153 867.6533 2212.9109 912.1650 1884.8821 3013.9872 657.2589 562.2830 1882.1975 1554.4106 2064.0034 2430.7010 233.2746 3597.9839 803.4220 2187.3834 1702.2961 1534.4891 987.3092 242.6820 606.2438 955.9613 1138.4901 880.4058 459.0962 333.4104 420.3500 0.0000 561.1064 285.9698 1143.5951 783.3634
0.0000 6160.5273 2077.8861 2706.1208 1761.2223 1216.5679 13349.9998 5728.4126 639.3234 3166.9284 3585.2630 647.2911 845.1931 1294.6688 901.5362 855.3991 7078.7449 1548.8106 900.5402 1988.7964 2831.4080 4539.1185 1341.0623 1897.3651 1055.3830 3122.4002 2351.6839 4281.1061 1744.8173 622.7320 788.0406 4176.1044 1711.0481 5500.7385 33371.9517 11228.2017 1082.6135 1250.6935 3532.2509 1094.0887 843.5276 4017.4144 7302.0055 2188.1141 2843.4961 4197.5658 3338.8956 2348.6494 2382.7251 1511.1009 1032.3095 1159.4420 2957.1049 1218.9229 2518.7613 4027.5805 878.2928 751.3768 2515.1739 2077.1533 2758.1204 3248.1371 311.7241 4807.9732 1073.6100 2922.9926 2274.7722 2050.5323 1319.3378 324.2951 810.1215 1277.4477 1521.3602 1176.4832 613.4886 445.5352 561.7122 561.5756 0.0000 382.1404 1528.1820 1046.8058
0.0000 3134.6139 1057.2749 1376.9347 896.1492 619.0169 6792.7780 2914.7442 325.3020 1611.4039 1824.2619 329.3562 430.0531 658.7564 458.7217 435.2462 3601.8235 788.0694 458.2150 1011.9440 1440.6836 2309.6049 682.3625 965.4217 537.0024 1588.7470 1196.5893 2178.3224 887.8020 316.8599 400.9726 2124.8952 870.6195 2798.8986 16980.3943 5713.1598 550.8579 636.3808 1797.2881 556.6968 429.2057 2044.1502 3715.4235 1113.3613 1446.8343 2135.8152 1698.9047 1195.0453 1212.3837 768.8819 525.2621 589.9500 1504.6410 620.2152 1281.6020 2049.3229 446.8950 382.3173 1279.7766 1056.9020 1403.3932 1652.7247 158.6122 2446.4041 546.2767 1487.2839 1157.4549 1043.3566 671.3086 165.0086 412.2079 649.9939 774.1021 598.6209 312.1567 226.6982 285.8117 285.7422 381.5173 0.0000 777.5731 532.6382
0.0000 12599.3821 4249.6494 5534.5020 3602.0151 2488.0993 27303.1415 11715.6300 1307.5310 6476.9361 7332.5053 1323.8263 1728.5713 2647.8296 1843.8030 1749.4445 14477.3017 3167.5952 1841.7661 4067.4450 5790.7367 9283.3106 2742.7127 3880.4515 2158.4473 6385.8679 4809.6150 8755.6290 3568.4640 1273.5984 1611.6842 8540.8818 3499.3999 11249.9957 68251.6205 22963.6842 2214.1387 2557.8923 7224.0859 2237.6074 1725.1651 8216.3323 14933.9095 4475.0854 5815.4589 8584.7741 6828.6398 4803.4089 4873.0998 3090.4721 2111.2578 2371.2667 6047.8094 2492.9157 5151.3181 8237.1237 1796.2661 1536.7001 5143.9812 4248.1507 5640.8503 6643.0223 637.5316 9833.1666 2195.7248 5978.0436 4652.3167 4193.7060 2698.2823 663.2415 1656.8436 2612.6095 3111.4543 2406.1189 1254.6940 911.1992 1148.8021 1148.5228 1533.4846 781.5457 0.0000 2140.9054
0.0000 8612.1051 2904.7796 3783.0198 2462.0995 1700.7003 18662.6235 8008.0306 893.7418 4427.2055 5012.0161 904.8802 1181.5371 1809.8814 1260.3019 1195.8047 9895.7268 2165.1588 1258.9096 2780.2367 3958.1650 6345.4577 1874.7372 2652.4202 1475.3720 4364.9573 3287.5350 5984.7695 2439.1662 870.5477 1101.6408 5837.9824 2391.9586 7689.7537 46652.2979 15696.4572 1513.4389 1748.4062 4937.9078 1529.4806 1179.2089 5616.1418 10207.8338 3058.8727 3975.0635 5867.9843 4667.6069 3283.2929 3330.9290 2112.4425 1443.1163 1620.8412 4133.8829 1703.9924 3521.1007 5630.3535 1227.8088 1050.3866 3516.0856 2903.7551 3855.7126 4540.7311 435.7744 6721.3030 1500.8524 4086.1956 3180.0163 2866.5403 1844.3675 453.3481 1132.5088 1785.8072 2126.7845 1644.6639 857.6259 622.8356 785.2452 785.0543 1048.1888 534.2130 2136.3211 0.0000
Lat Lon Places for 82 nodes
0.0000 0.0000 nan
0.0000 0.0000 1.0
0.0000 0.0000 2.0
0.0000 0.0000 3.0
0.0000 0.0000 4.0
0.0000 0.0000 5.0
0.0000 0.0000 6.0
0.0000 0.0000 7.0
0.0000 0.0000 8.0
0.0000 0.0000 9.0
0.0000 0.0000 10.0
0.0000 0.0000 11.0
0.0000 0.0000 12.0
0.0000 0.0000 13.0
0.0000 0.0000 14.0
0.0000 0.0000 15.0
0.0000 0.0000 16.0
0.0000 0.0000 17.0
0.0000 0.0000 18.0
0.0000 0.0000 19.0
0.0000 0.0000 20.0
0.0000 0.0000 21.0
0.0000 0.0000 22.0
0.0000 0.0000 23.0
0.0000 0.0000 24.0
0.0000 0.0000 25.0
0.0000 0.0000 26.0
0.0000 0.0000 27.0
0.0000 0.0000 28.0
0.0000 0.0000 29.0
0.0000 0.0000 30.0
0.0000 0.0000 31.0
0.0000 0.0000 32.0
0.0000 0.0000 33.0
0.0000 0.0000 34.0
0.0000 0.0000 35.0
0.0000 0.0000 36.0
0.0000 0.0000 37.0
0.0000 0.0000 38.0
0.0000 0.0000 39.0
0.0000 0.0000 40.0
0.0000 0.0000 41.0
0.0000 0.0000 42.0
0.0000 0.0000 43.0
0.0000 0.0000 44.0
0.0000 0.0000 45.0
0.0000 0.0000 46.0
0.0000 0.0000 47.0
0.0000 0.0000 48.0
0.0000 0.0000 49.0
0.0000 0.0000 50.0
0.0000 0.0000 51.0
0.0000 0.0000 52.0
0.0000 0.0000 53.0
0.0000 0.0000 54.0
0.0000 0.0000 55.0
0.0000 0.0000 56.0
0.0000 0.0000 57.0
0.0000 0.0000 58.0
0.0000 0.0000 59.0
0.0000 0.0000 60.0
0.0000 0.0000 61.0
0.0000 0.0000 62.0
0.0000 0.0000 63.0
0.0000 0.0000 64.0
0.0000 0.0000 65.0
0.0000 0.0000 66.0
0.0000 0.0000 67.0
0.0000 0.0000 68.0
0.0000 0.0000 69.0
0.0000 0.0000 70.0
0.0000 0.0000 71.0
0.0000 0.0000 72.0
0.0000 0.0000 73.0
0.0000 0.0000 74.0
0.0000 0.0000 75.0
0.0000 0.0000 76.0
0.0000 0.0000 77.0
0.0000 0.0000 78.0
0.0000 0.0000 79.0
0.0000 0.0000 80.0
0.0000 0.0000 81.0
