COMMENT: Turkish 81-city network, converted (manually) from .xls to .txt

1	ADANA
2	ADIYAMAN
3	AFYON
4	AĞRI
5	AMASYA
6	ANKARA
7	ANTALYA
8	ARTVİN
9	AYDIN
10	BALIKESİR
11	BİLECİK
12	BİNGÖL
13	BİTLİS
14	BOLU
15	BURDUR
16	BURSA
17	ÇANAKKALE
18	ÇANKIRI
19	ÇORUM
20	DENİZLİ
21	DİYARBAKIR
22	EDİRNE
23	ELAZIĞ
24	ERZİNCAN
25	ERZURUM
26	ESKİŞEHİR
27	GAZİANTEP
28	GİRESUN
29	GÜMÜŞHANE
30	HAKKARİ
31	HATAY
32	ISPARTA
33	İÇEL
34	İSTANBUL
35	İZMİR
36	KARS
37	KASTAMONU
38	KAYSERİ
39	KIRKLARELİ
40	KIRŞEHİR
41	KOCAELİ
42	KONYA
43	KÜTAHYA
44	MALATYA
45	MANİSA
46	KAHRAMANMARAŞ
47	MARDİN
48	MUĞLA
49	MUŞ
50	NEVŞEHİR
51	NİĞDE
52	ORDU
53	RİZE
54	SAKARYA
55	SAMSUN
56	SİİRT
57	SİNOP
58	SİVAS
59	TEKİRDAĞ
60	TOKAT
61	TRABZON
62	TUNCELİ
63	ŞANLIURFA
64	UŞAK
65	VAN
66	YOZGAT
67	ZONGULDAK
68	AKSARAY
69	BAYBURT
70	KARAMAN
71	KIRIKKALE
72	BATMAN
73	ŞIRNAK
74	BARTIN
75	ARDAHAN
76	IĞDIR
77	YALOVA
78	KARABÜK
79	KİLİS
80	OSMANİYE
81	DÜZCE


SHEET "Distance (km)"
		1	2	3	4	5	6	7	8	9	10	11	12	13	14	15	16	17	18	19	20	21	22	23	24	25	26	27	28	29	30	31	32	33	34	35	36	37	38	39	40	41	42	43	44	45	46	47	48	49	50	51	52	53	54	55	56	57	58	59	60	61	62	63	64	65	66	67	68	69	70	71	72	73	74	75	76	77	78	79	80	81
		ADANA	ADIYAMAN	AFYON	AĞRI	AMASYA	ANKARA	ANTALYA	ARTVİN	AYDIN	BALIKESİR	BİLECİK	BİNGÖL	BİTLİS	BOLU	BURDUR	BURSA	ÇANAKKALE	ÇANKIRI	ÇORUM	DENİZLİ	DİYARBAKIR	EDİRNE	ELAZIĞ	ERZİNCAN	ERZURUM	ESKİŞEHİR	GAZİANTEP	GİRESUN	GÜMÜŞHANE	HAKKARİ	HATAY	ISPARTA	İÇEL	İSTANBUL	İZMİR	KARS	KASTAMONU	KAYSERİ	KIRKLARELİ	KIRŞEHİR	KOCAELİ	KONYA	KÜTAHYA	MALATYA	MANİSA	KAHRAMANMARAŞ	MARDİN	MUĞLA	MUŞ	NEVŞEHİR	NİĞDE	ORDU	RİZE	SAKARYA	SAMSUN	SİİRT	SİNOP	SİVAS	TEKİRDAĞ	TOKAT	TRABZON	TUNCELİ	ŞANLIURFA	UŞAK	VAN	YOZGAT	ZONGULDAK	AKSARAY	BAYBURT	KARAMAN	KIRIKKALE	BATMAN	ŞIRNAK	BARTIN	ARDAHAN	IĞDIR	YALOVA	KARABÜK	KİLİS	OSMANİYE	DÜZCE
1	ADANA	0	329	573	961	613	490	558	1030	894	894	768	628	727	677	671	837	1094	576	575	768	518	1169	486	675	804	688	205	727	786	900	191	620	69	939	900	1007	690	333	1150	375	828	356	673	388	882	185	530	871	738	287	205	718	926	791	729	701	871	429	1071	499	852	621	342	689	895	473	754	265	809	290	475	614	711	769	1036	1064	893	701	242	85	722
2	ADIYAMAN	329	0	902	648	636	755	887	755	1223	1223	1057	349	414	946	1000	1126	1397	785	700	1097	205	1438	283	548	529	977	150	712	679	667	320	949	398	1208	1229	732	888	437	1419	571	1097	685	1002	185	1211	164	296	1200	463	518	534	728	853	1060	752	388	894	414	1340	522	779	418	110	1018	582	612	1023	593	654	619	684	301	478	1038	761	751	1162	970	209	244	991
3	AFYON	573	902	0	1308	590	256	292	1236	351	321	210	1102	1295	418	170	273	521	387	498	225	1091	682	960	938	1127	144	778	866	1008	1473	764	169	565	452	327	1327	501	521	663	429	341	223	100	862	309	758	1103	370	1212	440	458	822	1077	304	670	1274	684	696	584	634	1003	1068	915	116	1435	472	487	365	1031	336	331	1187	1284	515	1345	1418	336	447	815	658	373
4	AĞRI	961	648	1308	0	735	1052	1429	397	1653	1568	1357	359	234	1144	1430	1417	1688	983	827	1527	443	1636	497	370	184	1285	756	546	384	434	952	1379	1030	1406	1631	217	987	811	1617	941	1295	1115	1363	595	1613	812	518	1671	245	892	939	590	548	1258	742	331	905	616	1538	674	484	424	619	1420	232	840	1221	967	306	1114	977	369	426	1169	310	143	1360	1099	815	876	1189
5	AMASYA	613	636	590	735	0	334	874	694	937	833	622	636	829	409	756	682	953	248	92	811	702	901	549	365	554	567	609	324	435	1141	705	755	639	671	913	754	252	348	882	308	560	560	645	469	895	529	797	956	746	363	441	280	535	523	131	889	258	222	803	114	461	495	720	702	967	196	486	418	458	616	259	802	984	434	778	845	625	364	668	629	454
6	ANKARA	490	755	256	1052	334	0	544	980	603	530	313	899	1092	191	422	382	653	131	242	477	910	683	757	682	871	233	671	610	752	1366	681	421	483	453	579	1071	245	318	664	184	342	258	311	659	561	591	996	622	1009	275	349	566	821	305	414	1097	428	440	585	378	747	812	808	368	1232	216	268	225	775	369	75	1010	1177	283	1089	1162	407	215	730	575	236
7	ANTALYA	558	887	292	1429	874	544	0	1466	344	510	474	1186	1285	682	122	537	710	675	782	222	1076	919	1044	1059	1248	424	763	1111	1170	1458	749	130	489	716	446	1448	789	618	927	572	605	322	364	946	428	743	1088	313	1296	537	543	1095	1310	568	954	1259	972	813	848	876	1236	1179	900	294	1453	684	751	462	1193	375	615	1172	1269	803	1472	1539	600	735	800	643	637
8	ARTVİN	1030	755	1236	397	694	980	1466	0	1583	1462	1251	406	562	1038	1402	1311	1582	894	738	1457	550	1530	544	407	226	1213	863	370	333	771	1021	1401	1099	1300	1559	210	864	848	1511	952	1189	1152	1291	642	1541	865	645	1602	479	929	976	414	159	1152	566	659	729	653	1432	633	233	461	726	1348	569	840	1115	1004	343	1151	905	603	754	1046	117	344	1254	976	922	945	1083
9	AYDIN	894	1223	351	1653	937	603	344	1583	0	293	523	1423	1616	715	272	442	449	734	845	126	1412	658	1281	1283	1472	483	1099	1213	1355	1794	1085	293	833	681	126	1672	848	842	675	776	570	542	413	1183	156	1079	1424	99	1533	761	779	1169	1424	601	1017	1595	1031	1037	629	981	1350	1413	1236	278	1756	819	784	686	1378	648	678	1508	1605	862	1692	1763	507	794	1136	979	670
10	BALIKESİR	894	1223	321	1568	833	530	510	1462	293	0	246	1418	1611	424	397	151	200	659	772	288	1412	409	1276	1198	1387	297	1099	1092	1254	1794	1085	396	886	390	173	1587	670	837	426	703	279	544	221	1178	137	1079	1424	392	1528	761	779	1048	1303	310	896	1595	853	970	380	908	1229	1328	1236	225	1751	746	493	686	1291	657	605	1508	1605	582	1571	1678	216	558	1136	979	379
11	BİLECİK	768	1057	210	1357	622	313	474	1251	523	246	0	1201	1394	213	352	95	366	444	555	397	1212	477	1059	987	1176	80	973	881	1043	1668	959	351	760	247	417	1376	459	620	458	486	136	418	110	961	381	893	1298	542	1311	577	647	837	1092	99	685	1399	642	753	379	691	1018	1117	1110	249	1534	529	282	523	1080	531	388	1312	1479	371	1360	1467	126	347	1010	853	168
12	BİNGÖL	628	349	1102	359	636	899	1186	406	1423	1418	1201	0	197	1045	1200	1270	1541	884	728	1297	144	1537	142	271	180	1121	457	545	383	509	619	1149	697	1307	1429	383	888	581	1518	715	1196	885	1199	240	1411	463	239	1441	114	662	709	589	557	1159	715	284	868	469	1439	575	483	141	320	1218	337	693	1122	737	305	884	828	197	379	1070	412	474	1261	1000	516	543	1090
13	BİTLİS	727	414	1295	234	829	1092	1285	562	1616	1611	1394	197	0	1238	1393	1463	1734	1077	921	1490	209	1730	335	464	349	1314	522	711	549	340	718	1342	796	1500	1622	432	1081	774	1711	908	1389	1078	1392	433	1604	578	284	1598	83	855	902	755	713	1352	907	97	1061	662	1632	768	649	334	385	1411	168	886	1315	930	471	1017	1021	135	192	1263	491	337	1454	1193	581	642	1283
14	BOLU	677	946	418	1144	409	191	682	1038	715	424	213	1045	1238	0	560	273	544	235	352	605	1101	492	948	774	963	288	862	668	830	1550	868	559	670	262	595	1163	246	509	473	375	151	445	318	850	559	782	1187	750	1155	466	536	624	879	114	472	1288	429	631	394	523	805	904	999	457	1376	407	159	412	867	556	266	1201	1368	174	1147	1254	216	134	919	762	45
15	BURDUR	671	1000	170	1430	756	422	122	1402	272	397	352	1200	1393	560	0	415	597	553	664	150	1189	806	1058	1060	1249	302	876	1032	1171	1571	862	51	611	594	374	1449	667	619	805	573	483	315	242	960	356	856	1201	241	1310	538	556	988	1243	446	836	1372	850	814	726	800	1169	1190	1013	172	1533	638	629	463	1194	421	497	1285	1382	681	1473	1540	478	613	913	756	515
16	BURSA	837	1126	273	1417	682	382	537	1311	442	151	95	1270	1463	273	415	0	271	508	624	437	1281	420	1128	1047	1236	149	1042	941	1103	1737	1028	414	829	243	322	1436	519	689	437	555	132	487	173	1030	286	962	1367	541	1380	646	716	897	1152	159	745	1468	702	822	375	760	1078	1177	1179	311	1603	598	342	592	1140	600	457	1381	1548	431	1420	1527	69	407	1079	922	228
17	ÇANAKKALE	1094	1397	521	1688	953	653	710	1582	449	200	366	1541	1734	544	597	271	0	779	895	488	1552	217	1399	1318	1507	420	1299	1212	1374	1994	1285	596	1086	320	325	1707	790	960	234	826	399	744	421	1301	335	1233	1624	548	1651	917	979	1168	1423	430	1016	1739	973	1093	188	1031	1349	1448	1436	425	1874	869	613	863	1411	857	728	1652	1805	702	1691	1798	336	678	1336	1179	499
18	ÇANKIRI	576	785	387	983	248	131	675	894	734	659	444	884	1077	235	553	508	779	0	156	608	922	727	769	613	802	364	701	524	683	1389	767	552	569	497	710	1002	114	348	708	214	386	389	442	689	692	621	1017	753	994	305	387	480	735	349	328	1109	297	442	629	334	661	743	838	499	1215	246	312	311	706	500	105	1022	1204	283	1003	1093	451	195	760	661	280
19	ÇORUM	575	700	498	827	92	242	782	738	845	772	555	728	921	352	664	624	895	156	0	719	766	844	613	457	646	475	630	368	527	1233	726	663	568	614	821	846	195	277	825	216	503	468	553	533	803	550	861	864	838	292	370	324	579	466	172	953	299	286	746	178	505	587	767	610	1059	104	429	326	550	537	167	866	1048	377	847	937	568	307	689	650	397
20	DENİZLİ	768	1097	225	1527	811	477	222	1457	126	288	397	1297	1490	605	150	437	488	608	719	0	1286	697	1155	1157	1346	357	973	1087	1229	1668	959	167	711	639	224	1546	722	716	714	650	528	416	287	1057	206	953	1298	145	1407	635	653	1043	1298	491	891	1469	905	911	668	855	1224	1287	1110	152	1630	693	674	560	1252	522	552	1382	1479	736	1566	1637	502	668	1010	853	560
21	DİYARBAKIR	518	205	1091	443	702	910	1076	550	1412	1412	1212	144	209	1101	1189	1281	1552	922	766	1286	0	1593	153	406	324	1132	313	689	527	471	509	1138	587	1363	1418	527	954	592	1574	726	1252	874	1191	251	1400	369	95	1389	258	673	720	729	701	1215	818	187	960	480	1495	588	627	276	176	1207	377	704	1178	748	449	808	839	100	282	1136	556	546	1317	1066	372	433	1146
22	EDİRNE	1169	1438	682	1636	901	683	919	1530	658	409	477	1537	1730	492	806	420	217	727	844	697	1593	0	1440	1266	1455	552	1354	1160	1322	2042	1360	805	1162	230	534	1655	738	1001	62	867	341	890	582	1342	544	1274	1679	757	1647	958	1028	1116	1371	378	964	1780	921	1123	140	1015	1297	1396	1491	634	1868	899	561	904	1359	1003	758	1693	1860	650	1639	1746	406	626	1411	1254	447
23	ELAZIĞ	486	283	960	497	549	757	1044	544	1281	1276	1059	142	335	948	1058	1128	1399	769	613	1155	153	1440	0	265	318	979	345	558	396	624	477	1007	555	1210	1287	521	801	439	1421	573	1099	743	1057	98	1269	321	248	1299	252	520	567	588	570	1062	665	340	807	327	1342	435	496	135	329	1076	475	551	1025	595	395	742	686	253	435	983	550	612	1164	913	404	401	993
24	ERZİNCAN	675	548	938	370	365	682	1059	407	1283	1198	987	271	464	774	1060	1047	1318	613	457	1157	406	1266	265	0	189	915	610	293	131	776	742	1009	744	1036	1261	389	617	441	1247	571	925	745	993	363	1243	586	501	1301	381	522	569	323	305	888	444	555	597	246	1168	304	231	130	582	1050	602	470	851	597	154	744	607	468	650	799	413	480	990	729	669	666	819
25	ERZURUM	804	529	1127	184	554	871	1248	226	1472	1387	1176	180	349	963	1249	1236	1507	802	646	1346	324	1455	318	189	0	1104	637	365	203	618	795	1198	873	1225	1450	203	806	630	1436	760	1114	934	1182	416	1432	639	419	1490	266	711	758	409	377	1077	561	446	724	435	1357	493	303	243	500	1239	416	659	1040	786	125	933	796	377	541	988	232	294	1179	918	696	719	1008
26	ESKİŞEHİR	688	977	144	1285	567	233	424	1213	483	297	80	1121	1314	288	302	149	420	364	475	357	1132	552	979	915	1104	0	893	843	985	1588	879	301	680	322	412	1304	478	540	533	406	211	338	78	881	394	813	1218	502	1231	497	567	799	1054	174	647	1319	661	673	454	611	980	1045	1030	217	1454	449	357	443	1008	451	308	1232	1399	446	1322	1395	206	422	930	773	243
27	GAZİANTEP	205	150	778	756	609	671	763	863	1099	1099	973	457	522	862	876	1042	1299	701	630	973	313	1354	345	610	637	893	0	723	741	695	196	825	274	1124	1105	840	815	353	1335	487	1013	561	878	247	1087	80	325	1076	571	434	410	714	915	976	725	496	867	425	1256	495	841	480	137	894	690	528	939	470	740	495	600	409	506	954	869	859	1078	886	63	120	907
28	GİRESUN	727	712	866	546	324	610	1111	370	1213	1092	881	545	711	668	1032	941	1212	524	368	1087	689	1160	558	293	365	843	723	0	162	980	819	1031	796	930	1189	565	494	493	1141	582	819	797	921	545	1171	643	784	1232	628	574	621	44	211	782	196	808	359	298	1062	263	137	423	796	978	778	470	745	649	240	796	535	742	903	676	479	656	884	606	782	743	713
29	GÜMÜŞHANE	786	679	1008	384	435	752	1170	333	1355	1254	1043	383	549	830	1171	1103	1374	683	527	1229	527	1322	396	131	203	985	741	162	0	818	873	1120	855	1092	1331	403	656	552	1303	682	981	856	1063	494	1313	702	622	1374	466	633	680	206	174	944	358	646	521	357	1224	374	100	261	703	1120	616	581	907	708	78	855	677	580	741	838	427	494	1046	768	800	797	875
30	HAKKARİ	900	667	1473	434	1141	1366	1458	771	1794	1794	1668	509	340	1550	1571	1737	1994	1389	1233	1668	471	2042	624	776	618	1588	695	980	818	0	891	1520	969	1812	1800	567	1393	1048	2023	1182	1701	1256	1573	722	1782	775	393	1771	395	1129	1105	1024	922	1664	1176	284	1339	951	1944	1059	918	646	558	1589	202	1175	1627	1165	740	1190	1295	371	189	1575	654	427	1766	1505	754	815	1595
31	HATAY	191	320	764	952	705	681	749	1021	1085	1085	959	619	718	868	862	1028	1285	767	726	959	509	1360	477	742	795	879	196	819	873	891	0	811	260	1130	1091	998	881	449	1341	566	1019	547	864	379	1073	176	521	1062	729	478	396	810	1018	982	821	692	963	521	1262	591	944	612	333	880	886	624	945	456	872	481	666	605	702	960	1027	1055	1084	892	147	127	913
32	ISPARTA	620	949	169	1379	755	421	130	1401	293	396	351	1149	1342	559	51	414	596	552	663	167	1138	805	1007	1009	1198	301	825	1031	1120	1520	811	0	587	593	382	1398	666	568	804	522	482	264	241	909	364	805	1150	292	1259	487	505	987	1242	445	835	1321	849	763	725	799	1168	1139	962	171	1482	611	628	412	1143	370	496	1234	1331	680	1422	1489	477	612	862	705	514
33	İÇEL	69	398	565	1030	639	483	489	1099	833	886	760	697	796	670	611	829	1086	569	568	711	587	1162	555	744	873	680	274	796	855	969	260	587	0	932	892	1076	683	326	1143	368	821	348	665	457	874	254	599	802	807	280	198	787	995	784	740	770	866	498	1064	568	921	690	411	681	964	466	747	258	878	235	468	683	780	762	1105	1133	886	694	311	154	715
34	İSTANBUL	939	1208	452	1406	671	453	716	1300	681	390	247	1307	1500	262	594	243	320	497	614	639	1363	230	1210	1036	1225	322	1124	930	1092	1812	1130	593	932	0	561	1425	508	771	211	637	111	660	352	1112	525	1044	1449	780	1417	728	798	886	1141	148	734	1550	691	893	132	785	1067	1166	1261	491	1638	669	331	674	1129	773	528	1463	1630	420	1409	1516	176	396	1181	1024	217
35	İZMİR	900	1229	327	1631	913	579	446	1559	126	173	417	1429	1622	595	374	322	325	710	821	224	1418	534	1287	1261	1450	412	1105	1189	1331	1800	1091	382	892	561	0	1650	824	848	551	752	450	550	334	1189	36	1085	1430	225	1539	767	785	1145	1400	481	993	1601	1007	1019	505	957	1326	1391	1242	211	1762	795	664	692	1354	663	654	1514	1611	753	1668	1741	387	729	1142	985	550
36	KARS	1007	732	1327	217	754	1071	1448	210	1672	1587	1376	383	432	1163	1449	1436	1707	1002	846	1546	527	1655	521	389	203	1304	840	565	403	567	998	1398	1076	1425	1650	0	1006	830	1636	960	1314	1134	1382	619	1632	842	622	1690	349	911	958	609	361	1277	761	529	924	635	1557	693	435	443	703	1439	365	859	1240	986	325	1133	996	567	624	1188	93	140	1379	1118	899	922	1208
37	KASTAMONU	690	888	501	987	252	245	789	864	848	670	459	888	1081	246	667	519	790	114	195	722	954	738	801	617	806	478	815	494	656	1393	881	666	683	508	824	1006	0	462	719	328	397	503	556	721	805	735	1049	867	998	419	501	450	705	360	298	1141	183	474	640	366	631	747	952	613	1219	295	271	425	710	614	219	1054	1236	182	973	1097	462	112	874	775	291
38	KAYSERİ	333	437	521	811	348	318	618	848	842	837	620	581	774	509	619	689	960	348	277	716	592	1001	439	441	630	540	353	493	552	1048	449	568	326	771	848	830	462	0	982	134	660	304	618	341	830	273	678	860	691	81	128	484	692	623	449	779	576	195	903	265	618	571	490	637	914	175	586	156	575	303	247	692	859	601	854	921	725	533	412	373	554
39	KIRKLARELİ	1150	1419	663	1617	882	664	927	1511	675	426	458	1518	1711	473	805	437	234	708	825	714	1574	62	1421	1247	1436	533	1335	1141	1303	2023	1341	804	1143	211	551	1636	719	982	0	848	322	871	563	1323	561	1255	1660	774	1628	939	1009	1097	1352	359	945	1761	902	1104	121	996	1278	1377	1472	651	1849	880	542	885	1340	984	739	1674	1841	631	1620	1727	387	607	1392	1235	428
40	KIRŞEHİR	375	571	429	941	308	184	572	952	776	703	486	715	908	375	573	555	826	214	216	650	726	867	573	571	760	406	487	582	682	1182	566	522	368	637	752	960	328	134	848	0	526	258	484	475	734	407	812	795	825	91	173	538	793	489	388	913	511	325	769	319	719	701	624	541	1048	112	452	110	705	321	113	826	993	467	984	1051	591	399	546	460	420
41	KOCAELİ	828	1097	341	1295	560	342	605	1189	570	279	136	1196	1389	151	483	132	399	386	503	528	1252	341	1099	925	1114	211	1013	819	981	1701	1019	482	821	111	450	1314	397	660	322	526	0	549	241	1001	414	933	1338	669	1306	617	687	775	1030	37	623	1439	580	782	243	674	956	1055	1150	380	1527	558	220	563	1018	662	417	1352	1519	309	1298	1405	65	285	1070	913	106
42	KONYA	356	685	223	1115	560	258	322	1152	542	544	418	885	1078	445	315	487	744	389	468	416	874	890	743	745	934	338	561	797	856	1256	547	264	348	660	550	1134	503	304	871	258	549	0	323	645	532	541	886	556	995	223	241	781	996	512	640	1057	686	499	792	562	922	875	698	339	1218	370	522	148	879	119	301	970	1067	537	1158	1225	544	469	598	441	490
43	KÜTAHYA	673	1002	100	1363	645	311	364	1291	413	221	110	1199	1392	318	242	173	421	442	553	287	1191	582	1057	993	1182	78	878	921	1063	1573	864	241	665	352	334	1382	556	618	563	484	241	323	0	959	316	858	1203	432	1309	540	558	877	1132	204	725	1374	739	751	484	689	1058	1123	1015	139	1532	527	387	465	1086	436	386	1287	1384	476	1400	1473	236	452	915	758	273
44	MALATYA	388	185	862	595	469	659	946	642	1183	1178	961	240	433	850	960	1030	1301	689	533	1057	251	1342	98	363	416	881	247	545	494	722	379	909	457	1112	1189	619	721	341	1323	475	1001	645	959	0	1171	223	346	1201	350	422	469	561	668	964	585	438	727	247	1244	355	594	233	269	978	573	471	927	497	493	644	588	351	533	903	648	710	1066	833	306	303	895
45	MANİSA	882	1211	309	1613	895	561	428	1541	156	137	381	1411	1604	559	356	286	335	692	803	206	1400	544	1269	1243	1432	394	1087	1171	1313	1782	1073	364	874	525	36	1632	805	830	561	734	414	532	316	1171	0	1067	1412	255	1521	749	767	1127	1382	445	975	1583	988	1001	515	939	1308	1373	1224	193	1744	777	628	674	1336	645	636	1496	1593	717	1650	1723	351	693	1124	967	514
46	KAHRAMANMARAŞ	185	164	758	812	529	591	743	865	1079	1079	893	463	578	782	856	962	1233	621	550	953	369	1274	321	586	639	813	80	643	702	775	176	805	254	1044	1085	842	735	273	1255	407	933	541	858	223	1067	0	405	1056	573	354	390	634	842	896	645	552	787	345	1176	415	768	456	217	874	746	448	859	429	716	475	520	465	586	874	871	915	998	806	139	100	827
47	MARDİN	530	296	1103	518	797	996	1088	645	1424	1424	1298	239	284	1187	1201	1367	1624	1017	861	1298	95	1679	248	501	419	1218	325	784	622	393	521	1150	599	1449	1430	622	1049	678	1660	812	1338	886	1203	346	1412	405	0	1401	353	759	735	824	796	1301	913	230	1055	575	1581	683	722	371	188	1219	452	799	1264	795	544	820	925	149	204	1231	651	621	1403	1161	384	445	1232
48	MUĞLA	871	1200	370	1671	956	622	313	1602	99	392	542	1441	1598	750	241	541	548	753	864	145	1389	757	1299	1301	1490	502	1076	1232	1374	1771	1062	292	802	780	225	1690	867	860	774	795	669	556	432	1201	255	1056	1401	0	1551	779	797	1188	1443	636	1036	1572	1050	1055	728	1000	1369	1431	1213	297	1766	838	819	704	1397	662	697	1485	1582	881	1711	1781	606	813	1113	956	705
49	MUŞ	738	463	1212	245	746	1009	1296	479	1533	1528	1311	114	83	1155	1310	1380	1651	994	838	1407	258	1647	252	381	266	1231	571	628	466	395	729	1259	807	1417	1539	349	998	691	1628	825	1306	995	1309	350	1521	573	353	1551	0	772	819	672	630	1269	824	180	978	579	1549	685	566	251	434	1328	223	803	1232	847	388	994	938	218	275	1180	408	388	1371	1110	630	653	1200
50	NEVŞEHİR	287	518	440	892	363	275	537	929	761	761	577	662	855	466	538	646	917	305	292	635	673	958	520	522	711	497	434	574	633	1129	478	487	280	728	767	911	419	81	939	91	617	223	540	422	749	354	759	779	772	0	82	558	773	580	464	860	591	276	860	339	699	652	571	556	995	190	543	75	656	257	204	773	940	558	935	1002	682	490	493	372	511
51	NİĞDE	205	534	458	939	441	349	543	976	779	779	647	709	902	536	556	716	979	387	370	653	720	1028	567	569	758	567	410	621	680	1105	396	505	198	798	785	958	501	128	1009	173	687	241	558	469	767	390	735	797	819	82	0	612	820	650	542	906	669	323	930	393	746	699	547	574	1042	268	613	124	703	175	286	819	916	628	982	1049	752	560	447	290	581
52	ORDU	718	728	822	590	280	566	1095	414	1169	1048	837	589	755	624	988	897	1168	480	324	1043	729	1116	588	323	409	799	714	44	206	1024	810	987	787	886	1145	609	450	484	1097	538	775	781	877	561	1127	634	824	1188	672	558	612	0	255	738	152	852	315	314	1018	219	181	453	812	934	822	426	701	633	284	787	491	786	947	632	523	700	840	562	773	734	669
53	RİZE	926	853	1077	548	535	821	1310	159	1424	1303	1092	557	713	879	1243	1152	1423	735	579	1298	701	1371	570	305	377	1054	915	211	174	922	1018	1242	995	1141	1400	361	705	692	1352	793	1030	996	1132	668	1382	842	796	1443	630	773	820	255	0	993	407	810	570	497	1273	474	74	435	877	1189	720	681	956	848	252	995	746	754	905	887	268	495	1095	817	974	942	924
54	SAKARYA	791	1060	304	1258	523	305	568	1152	601	310	99	1159	1352	114	446	159	430	349	466	491	1215	378	1062	888	1077	174	976	782	944	1664	982	445	784	148	481	1277	360	623	359	489	37	512	204	964	445	896	1301	636	1269	580	650	738	993	0	586	1402	543	745	280	637	919	1018	1113	343	1490	521	183	526	981	625	380	1315	1482	272	1261	1368	102	248	1033	876	69
55	SAMSUN	729	752	670	742	131	414	954	566	1017	896	685	715	907	472	836	745	1016	328	172	891	818	964	665	444	561	647	725	196	358	1176	821	835	740	734	993	761	298	449	945	388	623	640	725	585	975	645	913	1036	824	464	542	152	407	586	0	999	163	338	866	230	333	574	836	782	974	276	549	498	436	709	339	912	1094	480	675	852	688	410	784	745	517
56	SİİRT	701	388	1274	331	889	1097	1259	659	1595	1595	1399	284	97	1288	1372	1468	1739	1109	953	1469	187	1780	340	555	446	1319	496	808	646	284	692	1321	770	1550	1601	529	1141	779	1761	913	1439	1057	1374	438	1583	552	230	1572	180	860	906	852	810	1402	999	0	1147	667	1682	775	746	425	359	1390	265	891	1365	935	568	991	1026	87	95	1323	588	434	1504	1253	555	616	1333
57	SİNOP	871	894	684	905	258	428	972	729	1031	853	642	868	1061	429	850	702	973	297	299	905	960	921	807	597	724	661	867	359	521	1339	963	849	866	691	1007	924	183	576	902	511	580	686	739	727	988	787	1055	1050	978	591	669	315	570	543	163	1147	0	480	823	372	496	727	978	796	1137	403	454	608	599	797	402	1060	1242	365	838	1015	645	295	926	887	474
58	SİVAS	429	414	696	616	222	440	813	653	1037	970	753	469	662	631	814	822	1093	442	286	911	480	1123	327	246	435	673	425	298	357	951	521	763	498	893	1019	635	474	195	1104	325	782	499	751	247	1001	345	575	1055	579	276	323	314	497	745	338	667	480	0	1025	108	423	376	498	808	802	224	708	351	380	498	365	580	762	656	659	726	847	586	484	445	676
59	TEKİRDAĞ	1071	1340	584	1538	803	585	848	1432	629	380	379	1439	1632	394	726	375	188	629	746	668	1495	140	1342	1168	1357	454	1256	1062	1224	1944	1262	725	1064	132	505	1557	640	903	121	769	243	792	484	1244	515	1176	1581	728	1549	860	930	1018	1273	280	866	1682	823	1025	0	917	1199	1298	1393	605	1770	801	463	806	1261	905	660	1595	1762	552	1541	1648	308	528	1313	1156	349
60	TOKAT	499	522	634	674	114	378	876	633	981	908	691	575	768	523	800	760	1031	334	178	855	588	1015	435	304	493	611	495	263	374	1059	591	799	568	785	957	693	366	265	996	319	674	562	689	355	939	415	683	1000	685	339	393	219	474	637	230	775	372	108	917	0	400	434	606	746	906	207	600	414	397	568	303	688	870	548	717	784	739	478	554	515	568
61	TRABZON	852	779	1003	484	461	747	1236	233	1350	1229	1018	483	649	805	1169	1078	1349	661	505	1224	627	1297	496	231	303	980	841	137	100	918	944	1168	921	1067	1326	435	631	618	1278	719	956	922	1058	594	1308	768	722	1369	566	699	746	181	74	919	333	746	496	423	1199	400	0	361	803	1115	716	607	882	774	178	921	672	680	841	813	342	569	1021	743	900	868	850
62	TUNCELİ	621	418	1068	424	495	812	1179	461	1413	1328	1117	141	334	904	1190	1177	1448	743	587	1287	276	1396	135	130	243	1045	480	423	261	646	612	1139	690	1166	1391	443	747	571	1377	701	1055	875	1123	233	1373	456	371	1431	251	652	699	453	435	1018	574	425	727	376	1298	434	361	0	452	1180	474	600	981	727	260	874	737	338	520	929	467	534	1120	859	539	536	949
63	ŞANLIURFA	342	110	915	619	720	808	900	726	1236	1236	1110	320	385	999	1013	1179	1436	838	767	1110	176	1491	329	582	500	1030	137	796	703	558	333	962	411	1261	1242	703	952	490	1472	624	1150	698	1015	269	1224	217	188	1213	434	571	547	812	877	1113	836	359	978	498	1393	606	803	452	0	1031	553	665	1076	607	625	632	737	272	369	1091	732	722	1215	1023	196	257	1044
64	UŞAK	689	1018	116	1420	702	368	294	1348	278	225	249	1218	1411	457	172	311	425	499	610	152	1207	634	1076	1050	1239	217	894	978	1120	1589	880	171	681	491	211	1439	613	637	651	541	380	339	139	978	193	874	1219	297	1328	556	574	934	1189	343	782	1390	796	808	605	746	1115	1180	1031	0	1551	584	526	481	1143	452	443	1303	1400	615	1457	1530	375	559	931	774	412
65	VAN	895	582	1435	232	967	1232	1453	569	1756	1751	1534	337	168	1376	1533	1603	1874	1215	1059	1630	377	1868	475	602	416	1454	690	778	616	202	886	1482	964	1638	1762	365	1219	914	1849	1048	1527	1218	1532	573	1744	746	452	1766	223	995	1042	822	720	1490	974	265	1137	802	1770	906	716	474	553	1551	0	1026	1453	1070	538	1185	1161	303	360	1401	452	225	1592	1331	749	810	1421
66	YOZGAT	473	612	472	840	196	216	684	840	819	746	529	693	886	407	638	598	869	246	104	693	704	899	551	470	659	449	528	470	581	1175	624	611	466	669	795	859	295	175	880	112	558	370	527	471	777	448	799	838	803	190	268	426	681	521	276	891	403	224	801	207	607	600	665	584	1026	0	484	222	604	433	141	804	986	477	883	950	623	407	587	548	452
67	ZONGULDAK	754	1023	487	1221	486	268	751	1115	784	493	282	1122	1315	159	629	342	613	312	429	674	1178	561	1025	851	1040	357	939	745	907	1627	945	628	747	331	664	1240	271	586	542	452	220	522	387	927	628	859	1264	819	1232	543	613	701	956	183	549	1365	454	708	463	600	882	981	1076	526	1453	484	0	489	944	633	343	1278	1445	89	1224	1331	285	177	996	839	114
68	AKSARAY	265	593	365	967	418	225	462	1004	686	686	523	737	930	412	463	592	863	311	326	560	748	904	595	597	786	443	470	649	708	1165	456	412	258	674	692	986	425	156	885	110	563	148	465	497	674	429	795	704	847	75	124	633	848	526	498	935	608	351	806	414	774	727	607	481	1070	222	489	0	731	211	210	848	976	504	1010	1077	628	436	507	350	457
69	BAYBURT	809	654	1031	306	458	775	1193	343	1378	1291	1080	305	471	867	1194	1140	1411	706	550	1252	449	1359	395	154	125	1008	740	240	78	740	872	1143	878	1129	1354	325	710	575	1340	705	1018	879	1086	493	1336	716	544	1397	388	656	703	284	252	981	436	568	599	380	1261	397	178	260	625	1143	538	604	944	731	0	878	700	502	663	892	349	416	1083	822	799	796	912
70	KARAMAN	290	619	336	1114	616	369	375	1151	648	657	531	884	1017	556	421	600	857	500	537	522	808	1003	742	744	933	451	495	796	855	1190	481	370	235	773	663	1133	614	303	984	321	662	119	436	644	645	475	820	662	994	257	175	787	995	625	709	991	797	498	905	568	921	874	632	452	1185	433	633	211	878	0	412	904	1001	648	1157	1224	657	580	532	375	601
71	KIRIKKALE	475	684	331	977	259	75	615	905	678	605	388	828	1021	266	497	457	728	105	167	552	839	758	686	607	796	308	600	535	677	1295	666	496	468	528	654	996	219	247	739	113	417	301	386	588	636	520	925	697	938	204	286	491	746	380	339	1026	402	365	660	303	672	737	737	443	1161	141	343	210	700	412	0	939	1106	358	1014	1087	482	290	659	560	311
72	BATMAN	614	301	1187	369	802	1010	1172	603	1508	1508	1312	197	135	1201	1285	1381	1652	1022	866	1382	100	1693	253	468	377	1232	409	742	580	371	605	1234	683	1463	1514	567	1054	692	1674	826	1352	970	1287	351	1496	465	149	1485	218	773	819	786	754	1315	912	87	1060	580	1595	688	680	338	272	1303	303	804	1278	848	502	904	939	0	182	1236	609	472	1417	1166	468	529	1246
73	ŞIRNAK	711	478	1284	426	984	1177	1269	754	1605	1605	1479	379	192	1368	1382	1548	1805	1204	1048	1479	282	1860	435	650	541	1399	506	903	741	189	702	1331	780	1630	1611	624	1236	859	1841	993	1519	1067	1384	533	1593	586	204	1582	275	940	916	947	905	1482	1094	95	1242	762	1762	870	841	520	369	1400	360	986	1445	976	663	1001	1106	182	0	1418	683	529	1584	1348	565	626	1413
74	BARTIN	769	1038	515	1169	434	283	803	1046	862	582	371	1070	1263	174	681	431	702	283	377	736	1136	650	983	799	988	446	954	676	838	1575	960	680	762	420	753	1188	182	601	631	467	309	537	476	903	717	874	1231	881	1180	558	628	632	887	272	480	1323	365	656	552	548	813	929	1091	615	1401	477	89	504	892	648	358	1236	1418	0	1155	1279	374	88	1011	854	203
75	ARDAHAN	1036	761	1345	310	778	1089	1472	117	1692	1571	1360	412	491	1147	1473	1420	1691	1003	847	1566	556	1639	550	413	232	1322	869	479	427	654	1027	1422	1105	1409	1668	93	973	854	1620	984	1298	1158	1400	648	1650	871	651	1711	408	935	982	523	268	1261	675	588	838	659	1541	717	342	467	732	1457	452	883	1224	1010	349	1157	1014	609	683	1155	0	227	1363	1085	928	951	1192
76	IĞDIR	1064	751	1418	143	845	1162	1539	344	1763	1678	1467	474	337	1254	1540	1527	1798	1093	937	1637	546	1746	612	480	294	1395	859	656	494	427	1055	1489	1133	1516	1741	140	1097	921	1727	1051	1405	1225	1473	710	1723	915	621	1781	388	1002	1049	700	495	1368	852	434	1015	726	1648	784	569	534	722	1530	225	950	1331	1077	416	1224	1087	472	529	1279	227	0	1470	1209	918	979	1299
77	YALOVA	893	1162	336	1360	625	407	600	1254	507	216	126	1261	1454	216	478	69	336	451	568	502	1317	406	1164	990	1179	206	1078	884	1046	1766	1084	477	886	176	387	1379	462	725	387	591	65	544	236	1066	351	998	1403	606	1371	682	752	840	1095	102	688	1504	645	847	308	739	1021	1120	1215	375	1592	623	285	628	1083	657	482	1417	1584	374	1363	1470	0	350	1135	978	171
78	KARABÜK	701	970	447	1099	364	215	735	976	794	558	347	1000	1193	134	613	407	678	195	307	668	1066	626	913	729	918	422	886	606	768	1505	892	612	694	396	729	1118	112	533	607	399	285	469	452	833	693	806	1161	813	1110	490	560	562	817	248	410	1253	295	586	528	478	743	859	1023	559	1331	407	177	436	822	580	290	1166	1348	88	1085	1209	350	0	943	786	179
79	KİLİS	242	209	815	815	668	730	800	922	1136	1136	1010	516	581	919	913	1079	1336	760	689	1010	372	1411	404	669	696	930	63	782	800	754	147	862	311	1181	1142	899	874	412	1392	546	1070	598	915	306	1124	139	384	1113	630	493	447	773	974	1033	784	555	926	484	1313	554	900	539	196	931	749	587	996	507	799	532	659	468	565	1011	928	918	1135	943	0	157	964
80	OSMANİYE	85	244	658	876	629	575	643	945	979	979	853	543	642	762	756	922	1179	661	650	853	433	1254	401	666	719	773	120	743	797	815	127	705	154	1024	985	922	775	373	1235	460	913	441	758	303	967	100	445	956	653	372	290	734	942	876	745	616	887	445	1156	515	868	536	257	774	810	548	839	350	796	375	560	529	626	854	951	979	978	786	157	0	807
81	DÜZCE	722	991	373	1189	454	236	637	1083	670	379	168	1090	1283	45	515	228	499	280	397	560	1146	447	993	819	1008	243	907	713	875	1595	913	514	715	217	550	1208	291	554	428	420	106	490	273	895	514	827	1232	705	1200	511	581	669	924	69	517	1333	474	676	349	568	850	949	1044	412	1421	452	114	457	912	601	311	1246	1413	203	1192	1299	171	179	964	807	0

SHEET "Travel time (min)"

		1	2	3	4	5	6	7	8	9	10	11	12	13	14	15	16	17	18	19	20	21	22	23	24	25	26	27	28	29	30	31	32	33	34	35	36	37	38	39	40	41	42	43	44	45	46	47	48	49	50	51	52	53	54	55	56	57	58	59	60	61	62	63	64	65	66	67	68	69	70	71	72	73	74	75	76	77	78	79	80	81
		ADANA	ADIYAMAN	AFYON	AĞRI	AMASYA	ANKARA	ANTALYA	ARTVİN	AYDIN	BALIKESİR	BİLECİK	BİNGÖL	BİTLİS	BOLU	BURDUR	BURSA	ÇANAKKALE	ÇANKIRI	ÇORUM	DENİZLİ	DİYARBAKIR	EDİRNE	ELAZIĞ	ERZİNCAN	ERZURUM	ESKİŞEHİR	GAZİANTEP	GİRESUN	GÜMÜŞHANE	HAKKARİ	HATAY	ISPARTA	İÇEL	İSTANBUL	İZMİR	KARS	KASTAMONU	KAYSERİ	KIRKLARELİ	KIRŞEHİR	KOCAELİ	KONYA	KÜTAHYA	MALATYA	MANİSA	KAHRAMANMARAŞ	MARDİN	MUĞLA	MUŞ	NEVŞEHİR	NİĞDE	ORDU	RİZE	SAKARYA	SAMSUN	SİİRT	SİNOP	SİVAS	TEKİRDAĞ	TOKAT	TRABZON	TUNCELİ	ŞANLIURFA	UŞAK	VAN	YOZGAT	ZONGULDAK	AKSARAY	BAYBURT	KARAMAN	KIRIKKALE	BATMAN	ŞIRNAK	BARTIN	ARDAHAN	IĞDIR	YALOVA	KARABÜK	KİLİS	OSMANİYE	DÜZCE
1	ADANA	0	219	382	641	409	327	372	687	596	596	512	419	485	451	447	558	729	384	383	512	345	779	324	450	536	459	137	485	524	600	127	413	46	626	600	671	460	222	767	250	552	237	449	259	588	123	353	581	492	191	137	479	617	527	486	467	581	286	714	333	568	414	228	459	597	315	503	177	539	193	317	409	474	513	691	709	595	467	161	57	481
2	ADIYAMAN	219	0	601	432	424	503	591	503	815	815	705	233	276	631	667	751	931	523	467	731	137	959	189	365	353	651	100	475	453	445	213	633	265	805	819	488	592	291	946	381	731	457	668	123	807	109	197	800	309	345	356	485	569	707	501	259	596	276	893	348	519	279	73	679	388	408	682	395	436	413	456	201	319	692	507	501	775	647	139	163	661
3	AFYON	382	601	0	872	393	171	195	824	234	214	140	735	863	279	113	182	347	258	332	150	727	455	640	625	751	96	519	577	672	982	509	113	377	301	218	885	334	347	442	286	227	149	67	575	206	505	735	247	808	293	305	548	718	203	447	849	456	464	389	423	669	712	610	77	957	315	325	243	687	224	221	791	856	343	897	945	224	298	543	439	249
4	AĞRI	641	432	872	0	490	701	953	265	1102	1045	905	239	156	763	953	945	1125	655	551	1018	295	1091	331	247	123	857	504	364	256	289	635	919	687	937	1087	145	658	541	1078	627	863	743	909	397	1075	541	345	1114	163	595	626	393	365	839	495	221	603	411	1025	449	323	283	413	947	155	560	814	645	204	743	651	246	284	779	207	95	907	733	543	584	793
5	AMASYA	409	424	393	490	0	223	583	463	625	555	415	424	553	273	504	455	635	165	61	541	468	601	366	243	369	378	406	216	290	761	470	503	426	447	609	503	168	232	588	205	373	373	430	313	597	353	531	637	497	242	294	187	357	349	87	593	172	148	535	76	307	330	480	468	645	131	324	279	305	411	173	535	656	289	519	563	417	243	445	419	303
6	ANKARA	327	503	171	701	223	0	363	653	402	353	209	599	728	127	281	255	435	87	161	318	607	455	505	455	581	155	447	407	501	911	454	281	322	302	386	714	163	212	443	123	228	172	207	439	374	394	664	415	673	183	233	377	547	203	276	731	285	293	390	252	498	541	539	245	821	144	179	150	517	246	50	673	785	189	726	775	271	143	487	383	157
7	ANTALYA	372	591	195	953	583	363	0	977	229	340	316	791	857	455	81	358	473	450	521	148	717	613	696	706	832	283	509	741	780	972	499	87	326	477	297	965	526	412	618	381	403	215	243	631	285	495	725	209	864	358	362	730	873	379	636	839	648	542	565	584	824	786	600	196	969	456	501	308	795	250	410	781	846	535	981	1026	400	490	533	429	425
8	ARTVİN	687	503	824	265	463	653	977	0	1055	975	834	271	375	692	935	874	1055	596	492	971	367	1020	363	271	151	809	575	247	222	514	681	934	733	867	1039	140	576	565	1007	635	793	768	861	428	1027	577	430	1068	319	619	651	276	106	768	377	439	486	435	955	422	155	307	484	899	379	560	743	669	229	767	603	402	503	697	78	229	836	651	615	630	722
9	AYDIN	596	815	234	1102	625	402	229	1055	0	195	349	949	1077	477	181	295	299	489	563	84	941	439	854	855	981	322	733	809	903	1196	723	195	555	454	84	1115	565	561	450	517	380	361	275	789	104	719	949	66	1022	507	519	779	949	401	678	1063	687	691	419	654	900	942	824	185	1171	546	523	457	919	432	452	1005	1070	575	1128	1175	338	529	757	653	447
10	BALIKESİR	596	815	214	1045	555	353	340	975	195	0	164	945	1074	283	265	101	133	439	515	192	941	273	851	799	925	198	733	728	836	1196	723	264	591	260	115	1058	447	558	284	469	186	363	147	785	91	719	949	261	1019	507	519	699	869	207	597	1063	569	647	253	605	819	885	824	150	1167	497	329	457	861	438	403	1005	1070	388	1047	1119	144	372	757	653	253
11	BİLECİK	512	705	140	905	415	209	316	834	349	164	0	801	929	142	235	63	244	296	370	265	808	318	706	658	784	53	649	587	695	1112	639	234	507	165	278	917	306	413	305	324	91	279	73	641	254	595	865	361	874	385	431	558	728	66	457	933	428	502	253	461	679	745	740	166	1023	353	188	349	720	354	259	875	986	247	907	978	84	231	673	569	112
12	BİNGÖL	419	233	735	239	424	599	791	271	949	945	801	0	131	697	800	847	1027	589	485	865	96	1025	95	181	120	747	305	363	255	339	413	766	465	871	953	255	592	387	1012	477	797	590	799	160	941	309	159	961	76	441	473	393	371	773	477	189	579	313	959	383	322	94	213	812	225	462	748	491	203	589	552	131	253	713	275	316	841	667	344	362	727
13	BİTLİS	485	276	863	156	553	728	857	375	1077	1074	929	131	0	825	929	975	1156	718	614	993	139	1153	223	309	233	876	348	474	366	227	479	895	531	1000	1081	288	721	516	1141	605	926	719	928	289	1069	385	189	1065	55	570	601	503	475	901	605	65	707	441	1088	512	433	223	257	941	112	591	877	620	314	678	681	90	128	842	327	225	969	795	387	428	855
14	BOLU	451	631	279	763	273	127	455	692	477	283	142	697	825	0	373	182	363	157	235	403	734	328	632	516	642	192	575	445	553	1033	579	373	447	175	397	775	164	339	315	250	101	297	212	567	373	521	791	500	770	311	357	416	586	76	315	859	286	421	263	349	537	603	666	305	917	271	106	275	578	371	177	801	912	116	765	836	144	89	613	508	30
15	BURDUR	447	667	113	953	504	281	81	935	181	265	235	800	929	373	0	277	398	369	443	100	793	537	705	707	833	201	584	688	781	1047	575	34	407	396	249	966	445	413	537	382	322	210	161	640	237	571	801	161	873	359	371	659	829	297	557	915	567	543	484	533	779	793	675	115	1022	425	419	309	796	281	331	857	921	454	982	1027	319	409	609	504	343
16	BURSA	558	751	182	945	455	255	358	874	295	101	63	847	975	182	277	0	181	339	416	291	854	280	752	698	824	99	695	627	735	1158	685	276	553	162	215	957	346	459	291	370	88	325	115	687	191	641	911	361	920	431	477	598	768	106	497	979	468	548	250	507	719	785	786	207	1069	399	228	395	760	400	305	921	1032	287	947	1018	46	271	719	615	152
17	ÇANAKKALE	729	931	347	1125	635	435	473	1055	299	133	244	1027	1156	363	398	181	0	519	597	325	1035	145	933	879	1005	280	866	808	916	1329	857	397	724	213	217	1138	527	640	156	551	266	496	281	867	223	822	1083	365	1101	611	653	779	949	287	677	1159	649	729	125	687	899	965	957	283	1249	579	409	575	941	571	485	1101	1203	468	1127	1199	224	452	891	786	333
18	ÇANKIRI	384	523	258	655	165	87	450	596	489	439	296	589	718	157	369	339	519	0	104	405	615	485	513	409	535	243	467	349	455	926	511	368	379	331	473	668	76	232	472	143	257	259	295	459	461	414	678	502	663	203	258	320	490	233	219	739	198	295	419	223	441	495	559	333	810	164	208	207	471	333	70	681	803	189	669	729	301	130	507	441	187
19	ÇORUM	383	467	332	551	61	161	521	492	563	515	370	485	614	235	443	416	597	104	0	479	511	563	409	305	431	317	420	245	351	822	484	442	379	409	547	564	130	185	550	144	335	312	369	355	535	367	574	576	559	195	247	216	386	311	115	635	199	191	497	119	337	391	511	407	706	69	286	217	367	358	111	577	699	251	565	625	379	205	459	433	265
20	DENİZLİ	512	731	150	1018	541	318	148	971	84	192	265	865	993	403	100	291	325	405	479	0	857	465	770	771	897	238	649	725	819	1112	639	111	474	426	149	1031	481	477	476	433	352	277	191	705	137	635	865	97	938	423	435	695	865	327	594	979	603	607	445	570	816	858	740	101	1087	462	449	373	835	348	368	921	986	491	1044	1091	335	445	673	569	373
21	DİYARBAKIR	345	137	727	295	468	607	717	367	941	941	808	96	139	734	793	854	1035	615	511	857	0	1062	102	271	216	755	209	459	351	314	339	759	391	909	945	351	636	395	1049	484	835	583	794	167	933	246	63	926	172	449	480	486	467	810	545	125	640	320	997	392	418	184	117	805	251	469	785	499	299	539	559	67	188	757	371	364	878	711	248	289	764
22	EDİRNE	779	959	455	1091	601	455	613	1020	439	273	318	1025	1153	328	537	280	145	485	563	465	1062	0	960	844	970	368	903	773	881	1361	907	537	775	153	356	1103	492	667	41	578	227	593	388	895	363	849	1119	505	1098	639	685	744	914	252	643	1187	614	749	93	677	865	931	994	423	1245	599	374	603	906	669	505	1129	1240	433	1093	1164	271	417	941	836	298
23	ELAZIĞ	324	189	640	331	366	505	696	363	854	851	706	95	223	632	705	752	933	513	409	770	102	960	0	177	212	653	230	372	264	416	318	671	370	807	858	347	534	293	947	382	733	495	705	65	846	214	165	866	168	347	378	392	380	708	443	227	538	218	895	290	331	90	219	717	317	367	683	397	263	495	457	169	290	655	367	408	776	609	269	267	662
24	ERZİNCAN	450	365	625	247	243	455	706	271	855	799	658	181	309	516	707	698	879	409	305	771	271	844	177	0	126	610	407	195	87	517	495	673	496	691	841	259	411	294	831	381	617	497	662	242	829	391	334	867	254	348	379	215	203	592	296	370	398	164	779	203	154	87	388	700	401	313	567	398	103	496	405	312	433	533	275	320	660	486	446	444	546
25	ERZURUM	536	353	751	123	369	581	832	151	981	925	784	120	233	642	833	824	1005	535	431	897	216	970	212	126	0	736	425	243	135	412	530	799	582	817	967	135	537	420	957	507	743	623	788	277	955	426	279	993	177	474	505	273	251	718	374	297	483	290	905	329	202	162	333	826	277	439	693	524	83	622	531	251	361	659	155	196	786	612	464	479	672
26	ESKİŞEHİR	459	651	96	857	378	155	283	809	322	198	53	747	876	192	201	99	280	243	317	238	755	368	653	610	736	0	595	562	657	1059	586	201	453	215	275	869	319	360	355	271	141	225	52	587	263	542	812	335	821	331	378	533	703	116	431	879	441	449	303	407	653	697	687	145	969	299	238	295	672	301	205	821	933	297	881	930	137	281	620	515	162
27	GAZİANTEP	137	100	519	504	406	447	509	575	733	733	649	305	348	575	584	695	866	467	420	649	209	903	230	407	425	595	0	482	494	463	131	550	183	749	737	560	543	235	890	325	675	374	585	165	725	53	217	717	381	289	273	476	610	651	483	331	578	283	837	330	561	320	91	596	460	352	626	313	493	330	400	273	337	636	579	573	719	591	42	80	605
28	GİRESUN	485	475	577	364	216	407	741	247	809	728	587	363	474	445	688	627	808	349	245	725	459	773	372	195	243	562	482	0	108	653	546	687	531	620	793	377	329	329	761	388	546	531	614	363	781	429	523	821	419	383	414	29	141	521	131	539	239	199	708	175	91	282	531	652	519	313	497	433	160	531	357	495	602	451	319	437	589	404	521	495	475
29	GÜMÜŞHANE	524	453	672	256	290	501	780	222	903	836	695	255	366	553	781	735	916	455	351	819	351	881	264	87	135	657	494	108	0	545	582	747	570	728	887	269	437	368	869	455	654	571	709	329	875	468	415	916	311	422	453	137	116	629	239	431	347	238	816	249	67	174	469	747	411	387	605	472	52	570	451	387	494	559	285	329	697	512	533	531	583
30	HAKKARİ	600	445	982	289	761	911	972	514	1196	1196	1112	339	227	1033	1047	1158	1329	926	822	1112	314	1361	416	517	412	1059	463	653	545	0	594	1013	646	1208	1200	378	929	699	1349	788	1134	837	1049	481	1188	517	262	1181	263	753	737	683	615	1109	784	189	893	634	1296	706	612	431	372	1059	135	783	1085	777	493	793	863	247	126	1050	436	285	1177	1003	503	543	1063
31	HATAY	127	213	509	635	470	454	499	681	723	723	639	413	479	579	575	685	857	511	484	639	339	907	318	495	530	586	131	546	582	594	0	541	173	753	727	665	587	299	894	377	679	365	576	253	715	117	347	708	486	319	264	540	679	655	547	461	642	347	841	394	629	408	222	587	591	416	630	304	581	321	444	403	468	640	685	703	723	595	98	85	609
32	ISPARTA	413	633	113	919	503	281	87	934	195	264	234	766	895	373	34	276	397	368	442	111	759	537	671	673	799	201	550	687	747	1013	541	0	391	395	255	932	444	379	536	348	321	176	161	606	243	537	767	195	839	325	337	658	828	297	557	881	566	509	483	533	779	759	641	114	988	407	419	275	762	247	331	823	887	453	948	993	318	408	575	470	343
33	İÇEL	46	265	377	687	426	322	326	733	555	591	507	465	531	447	407	553	724	379	379	474	391	775	370	496	582	453	183	531	570	646	173	391	0	621	595	717	455	217	762	245	547	232	443	305	583	169	399	535	538	187	132	525	663	523	493	513	577	332	709	379	614	460	274	454	643	311	498	172	585	157	312	455	520	508	737	755	591	463	207	103	477
34	İSTANBUL	626	805	301	937	447	302	477	867	454	260	165	871	1000	175	396	162	213	331	409	426	909	153	807	691	817	215	749	620	728	1208	753	395	621	0	374	950	339	514	141	425	74	440	235	741	350	696	966	520	945	485	532	591	761	99	489	1033	461	595	88	523	711	777	841	327	1092	446	221	449	753	515	352	975	1087	280	939	1011	117	264	787	683	145
35	İZMİR	600	819	218	1087	609	386	297	1039	84	115	278	953	1081	397	249	215	217	473	547	149	945	356	858	841	967	275	737	793	887	1200	727	255	595	374	0	1100	549	565	367	501	300	367	223	793	24	723	953	150	1026	511	523	763	933	321	662	1067	671	679	337	638	884	927	828	141	1175	530	443	461	903	442	436	1009	1074	502	1112	1161	258	486	761	657	367
36	KARS	671	488	885	145	503	714	965	140	1115	1058	917	255	288	775	966	957	1138	668	564	1031	351	1103	347	259	135	869	560	377	269	378	665	932	717	950	1100	0	671	553	1091	640	876	756	921	413	1088	561	415	1127	233	607	639	406	241	851	507	353	616	423	1038	462	290	295	469	959	243	573	827	657	217	755	664	378	416	792	62	93	919	745	599	615	805
37	KASTAMONU	460	592	334	658	168	163	526	576	565	447	306	592	721	164	445	346	527	76	130	481	636	492	534	411	537	319	543	329	437	929	587	444	455	339	549	671	0	308	479	219	265	335	371	481	537	490	699	578	665	279	334	300	470	240	199	761	122	316	427	244	421	498	635	409	813	197	181	283	473	409	146	703	824	121	649	731	308	75	583	517	194
38	KAYSERİ	222	291	347	541	232	212	412	565	561	558	413	387	516	339	413	459	640	232	185	477	395	667	293	294	420	360	235	329	368	699	299	379	217	514	565	553	308	0	655	89	440	203	412	227	553	182	452	573	461	54	85	323	461	415	299	519	384	130	602	177	412	381	327	425	609	117	391	104	383	202	165	461	573	401	569	614	483	355	275	249	369
39	KIRKLARELİ	767	946	442	1078	588	443	618	1007	450	284	305	1012	1141	315	537	291	156	472	550	476	1049	41	947	831	957	355	890	761	869	1349	894	536	762	141	367	1091	479	655	0	565	215	581	375	882	374	837	1107	516	1085	626	673	731	901	239	630	1174	601	736	81	664	852	918	981	434	1233	587	361	590	893	656	493	1116	1227	421	1080	1151	258	405	928	823	285
40	KIRŞEHİR	250	381	286	627	205	123	381	635	517	469	324	477	605	250	382	370	551	143	144	433	484	578	382	381	507	271	325	388	455	788	377	348	245	425	501	640	219	89	565	0	351	172	323	317	489	271	541	530	550	61	115	359	529	326	259	609	341	217	513	213	479	467	416	361	699	75	301	73	470	214	75	551	662	311	656	701	394	266	364	307	280
41	KOCAELİ	552	731	227	863	373	228	403	793	380	186	91	797	926	101	322	88	266	257	335	352	835	227	733	617	743	141	675	546	654	1134	679	321	547	74	300	876	265	440	215	351	0	366	161	667	276	622	892	446	871	411	458	517	687	25	415	959	387	521	162	449	637	703	767	253	1018	372	147	375	679	441	278	901	1013	206	865	937	43	190	713	609	71
42	KONYA	237	457	149	743	373	172	215	768	361	363	279	590	719	297	210	325	496	259	312	277	583	593	495	497	623	225	374	531	571	837	365	176	232	440	367	756	335	203	581	172	366	0	215	430	355	361	591	371	663	149	161	521	664	341	427	705	457	333	528	375	615	583	465	226	812	247	348	99	586	79	201	647	711	358	772	817	363	313	399	294	327
43	KÜTAHYA	449	668	67	909	430	207	243	861	275	147	73	799	928	212	161	115	281	295	369	191	794	388	705	662	788	52	585	614	709	1049	576	161	443	235	223	921	371	412	375	323	161	215	0	639	211	572	802	288	873	360	372	585	755	136	483	916	493	501	323	459	705	749	677	93	1021	351	258	310	724	291	257	858	923	317	933	982	157	301	610	505	182
44	MALATYA	259	123	575	397	313	439	631	428	789	785	641	160	289	567	640	687	867	459	355	705	167	895	65	242	277	587	165	363	329	481	253	606	305	741	793	413	481	227	882	317	667	430	639	0	781	149	231	801	233	281	313	374	445	643	390	292	485	165	829	237	396	155	179	652	382	314	618	331	329	429	392	234	355	602	432	473	711	555	204	202	597
45	MANİSA	588	807	206	1075	597	374	285	1027	104	91	254	941	1069	373	237	191	223	461	535	137	933	363	846	829	955	263	725	781	875	1188	715	243	583	350	24	1088	537	553	374	489	276	355	211	781	0	711	941	170	1014	499	511	751	921	297	650	1055	659	667	343	626	872	915	816	129	1163	518	419	449	891	430	424	997	1062	478	1100	1149	234	462	749	645	343
46	KAHRAMANMARAŞ	123	109	505	541	353	394	495	577	719	719	595	309	385	521	571	641	822	414	367	635	246	849	214	391	426	542	53	429	468	517	117	537	169	696	723	561	490	182	837	271	622	361	572	149	711	0	270	704	382	236	260	423	561	597	430	368	525	230	784	277	512	304	145	583	497	299	573	286	477	317	347	310	391	583	581	610	665	537	93	67	551
47	MARDİN	353	197	735	345	531	664	725	430	949	949	865	159	189	791	801	911	1083	678	574	865	63	1119	165	334	279	812	217	523	415	262	347	767	399	966	953	415	699	452	1107	541	892	591	802	231	941	270	0	934	235	506	490	549	531	867	609	153	703	383	1054	455	481	247	125	813	301	533	843	530	363	547	617	99	136	821	434	414	935	774	256	297	821
48	MUĞLA	581	800	247	1114	637	415	209	1068	66	261	361	961	1065	500	161	361	365	502	576	97	926	505	866	867	993	335	717	821	916	1181	708	195	535	520	150	1127	578	573	516	530	446	371	288	801	170	704	934	0	1034	519	531	792	962	424	691	1048	700	703	485	667	913	954	809	198	1177	559	546	469	931	441	465	990	1055	587	1141	1187	404	542	742	637	470
49	MUŞ	492	309	808	163	497	673	864	319	1022	1019	874	76	55	770	873	920	1101	663	559	938	172	1098	168	254	177	821	381	419	311	263	486	839	538	945	1026	233	665	461	1085	550	871	663	873	233	1014	382	235	1034	0	515	546	448	420	846	549	120	652	386	1033	457	377	167	289	885	149	535	821	565	259	663	625	145	183	787	272	259	914	740	420	435	800
50	NEVŞEHİR	191	345	293	595	242	183	358	619	507	507	385	441	570	311	359	431	611	203	195	423	449	639	347	348	474	331	289	383	422	753	319	325	187	485	511	607	279	54	626	61	411	149	360	281	499	236	506	519	515	0	55	372	515	387	309	573	394	184	573	226	466	435	381	371	663	127	362	50	437	171	136	515	627	372	623	668	455	327	329	248	341
51	NİĞDE	137	356	305	626	294	233	362	651	519	519	431	473	601	357	371	477	653	258	247	435	480	685	378	379	505	378	273	414	453	737	264	337	132	532	523	639	334	85	673	115	458	161	372	313	511	260	490	531	546	55	0	408	547	433	361	604	446	215	620	262	497	466	365	383	695	179	409	83	469	117	191	546	611	419	655	699	501	373	298	193	387
52	ORDU	479	485	548	393	187	377	730	276	779	699	558	393	503	416	659	598	779	320	216	695	486	744	392	215	273	533	476	29	137	683	540	658	525	591	763	406	300	323	731	359	517	521	585	374	751	423	549	792	448	372	408	0	170	492	101	568	210	209	679	146	121	302	541	623	548	284	467	422	189	525	327	524	631	421	349	467	560	375	515	489	446
53	RİZE	617	569	718	365	357	547	873	106	949	869	728	371	475	586	829	768	949	490	386	865	467	914	380	203	251	703	610	141	116	615	679	828	663	761	933	241	470	461	901	529	687	664	755	445	921	561	531	962	420	515	547	170	0	662	271	540	380	331	849	316	49	290	585	793	480	454	637	565	168	663	497	503	603	591	179	330	730	545	649	628	616
54	SAKARYA	527	707	203	839	349	203	379	768	401	207	66	773	901	76	297	106	287	233	311	327	810	252	708	592	718	116	651	521	629	1109	655	297	523	99	321	851	240	415	239	326	25	341	136	643	297	597	867	424	846	387	433	492	662	0	391	935	362	497	187	425	613	679	742	229	993	347	122	351	654	417	253	877	988	181	841	912	68	165	689	584	46
55	SAMSUN	486	501	447	495	87	276	636	377	678	597	457	477	605	315	557	497	677	219	115	594	545	643	443	296	374	431	483	131	239	784	547	557	493	489	662	507	199	299	630	259	415	427	483	390	650	430	609	691	549	309	361	101	271	391	0	666	109	225	577	153	222	383	557	521	649	184	366	332	291	473	226	608	729	320	450	568	459	273	523	497	345
56	SİİRT	467	259	849	221	593	731	839	439	1063	1063	933	189	65	859	915	979	1159	739	635	979	125	1187	227	370	297	879	331	539	431	189	461	881	513	1033	1067	353	761	519	1174	609	959	705	916	292	1055	368	153	1048	120	573	604	568	540	935	666	0	765	445	1121	517	497	283	239	927	177	594	910	623	379	661	684	58	63	882	392	289	1003	835	370	411	889
57	SİNOP	581	596	456	603	172	285	648	486	687	569	428	579	707	286	567	468	649	198	199	603	640	614	538	398	483	441	578	239	347	893	642	566	577	461	671	616	122	384	601	341	387	457	493	485	659	525	703	700	652	394	446	210	380	362	109	765	0	320	549	248	331	485	652	531	758	269	303	405	399	531	268	707	828	243	559	677	430	197	617	591	316
58	SİVAS	286	276	464	411	148	293	542	435	691	647	502	313	441	421	543	548	729	295	191	607	320	749	218	164	290	449	283	199	238	634	347	509	332	595	679	423	316	130	736	217	521	333	501	165	667	230	383	703	386	184	215	209	331	497	225	445	320	0	683	72	282	251	332	539	535	149	472	234	253	332	243	387	508	437	439	484	565	391	323	297	451
59	TEKİRDAĞ	714	893	389	1025	535	390	565	955	419	253	253	959	1088	263	484	250	125	419	497	445	997	93	895	779	905	303	837	708	816	1296	841	483	709	88	337	1038	427	602	81	513	162	528	323	829	343	784	1054	485	1033	573	620	679	849	187	577	1121	549	683	0	611	799	865	929	403	1180	534	309	537	841	603	440	1063	1175	368	1027	1099	205	352	875	771	233
60	TOKAT	333	348	423	449	76	252	584	422	654	605	461	383	512	349	533	507	687	223	119	570	392	677	290	203	329	407	330	175	249	706	394	533	379	523	638	462	244	177	664	213	449	375	459	237	626	277	455	667	457	226	262	146	316	425	153	517	248	72	611	0	267	289	404	497	604	138	400	276	265	379	202	459	580	365	478	523	493	319	369	343	379
61	TRABZON	568	519	669	323	307	498	824	155	900	819	679	322	433	537	779	719	899	441	337	816	418	865	331	154	202	653	561	91	67	612	629	779	614	711	884	290	421	412	852	479	637	615	705	396	872	512	481	913	377	466	497	121	49	613	222	497	331	282	799	267	0	241	535	743	477	405	588	516	119	614	448	453	561	542	228	379	681	495	600	579	567
62	TUNCELİ	414	279	712	283	330	541	786	307	942	885	745	94	223	603	793	785	965	495	391	858	184	931	90	87	162	697	320	282	174	431	408	759	460	777	927	295	498	381	918	467	703	583	749	155	915	304	247	954	167	435	466	302	290	679	383	283	485	251	865	289	241	0	301	787	316	400	654	485	173	583	491	225	347	619	311	356	747	573	359	357	633
63	ŞANLIURFA	228	73	610	413	480	539	600	484	824	824	740	213	257	666	675	786	957	559	511	740	117	994	219	388	333	687	91	531	469	372	222	641	274	841	828	469	635	327	981	416	767	465	677	179	816	145	125	809	289	381	365	541	585	742	557	239	652	332	929	404	535	301	0	687	369	443	717	405	417	421	491	181	246	727	488	481	810	682	131	171	696
64	UŞAK	459	679	77	947	468	245	196	899	185	150	166	812	941	305	115	207	283	333	407	101	805	423	717	700	826	145	596	652	747	1059	587	114	454	327	141	959	409	425	434	361	253	226	93	652	129	583	813	198	885	371	383	623	793	229	521	927	531	539	403	497	743	787	687	0	1034	389	351	321	762	301	295	869	933	410	971	1020	250	373	621	516	275
65	VAN	597	388	957	155	645	821	969	379	1171	1167	1023	225	112	917	1022	1069	1249	810	706	1087	251	1245	317	401	277	969	460	519	411	135	591	988	643	1092	1175	243	813	609	1233	699	1018	812	1021	382	1163	497	301	1177	149	663	695	548	480	993	649	177	758	535	1180	604	477	316	369	1034	0	684	969	713	359	790	774	202	240	934	301	150	1061	887	499	540	947
66	YOZGAT	315	408	315	560	131	144	456	560	546	497	353	462	591	271	425	399	579	164	69	462	469	599	367	313	439	299	352	313	387	783	416	407	311	446	530	573	197	117	587	75	372	247	351	314	518	299	533	559	535	127	179	284	454	347	184	594	269	149	534	138	405	400	443	389	684	0	323	148	403	289	94	536	657	318	589	633	415	271	391	365	301
67	ZONGULDAK	503	682	325	814	324	179	501	743	523	329	188	748	877	106	419	228	409	208	286	449	785	374	683	567	693	238	626	497	605	1085	630	419	498	221	443	827	181	391	361	301	147	348	258	618	419	573	843	546	821	362	409	467	637	122	366	910	303	472	309	400	588	654	717	351	969	323	0	326	629	422	229	852	963	59	816	887	190	118	664	559	76
68	AKSARAY	177	395	243	645	279	150	308	669	457	457	349	491	620	275	309	395	575	207	217	373	499	603	397	398	524	295	313	433	472	777	304	275	172	449	461	657	283	104	590	73	375	99	310	331	449	286	530	469	565	50	83	422	565	351	332	623	405	234	537	276	516	485	405	321	713	148	326	0	487	141	140	565	651	336	673	718	419	291	338	233	305
69	BAYBURT	539	436	687	204	305	517	795	229	919	861	720	203	314	578	796	760	941	471	367	835	299	906	263	103	83	672	493	160	52	493	581	762	585	753	903	217	473	383	893	470	679	586	724	329	891	477	363	931	259	437	469	189	168	654	291	379	399	253	841	265	119	173	417	762	359	403	629	487	0	585	467	335	442	595	233	277	722	548	533	531	608
70	KARAMAN	193	413	224	743	411	246	250	767	432	438	354	589	678	371	281	400	571	333	358	348	539	669	495	496	622	301	330	531	570	793	321	247	157	515	442	755	409	202	656	214	441	79	291	429	430	317	547	441	663	171	117	525	663	417	473	661	531	332	603	379	614	583	421	301	790	289	422	141	585	0	275	603	667	432	771	816	438	387	355	250	401
71	KIRIKKALE	317	456	221	651	173	50	410	603	452	403	259	552	681	177	331	305	485	70	111	368	559	505	457	405	531	205	400	357	451	863	444	331	312	352	436	664	146	165	493	75	278	201	257	392	424	347	617	465	625	136	191	327	497	253	226	684	268	243	440	202	448	491	491	295	774	94	229	140	467	275	0	626	737	239	676	725	321	193	439	373	207
72	BATMAN	409	201	791	246	535	673	781	402	1005	1005	875	131	90	801	857	921	1101	681	577	921	67	1129	169	312	251	821	273	495	387	247	403	823	455	975	1009	378	703	461	1116	551	901	647	858	234	997	310	99	990	145	515	546	524	503	877	608	58	707	387	1063	459	453	225	181	869	202	536	852	565	335	603	626	0	121	824	406	315	945	777	312	353	831
73	ŞIRNAK	474	319	856	284	656	785	846	503	1070	1070	986	253	128	912	921	1032	1203	803	699	986	188	1240	290	433	361	933	337	602	494	126	468	887	520	1087	1074	416	824	573	1227	662	1013	711	923	355	1062	391	136	1055	183	627	611	631	603	988	729	63	828	508	1175	580	561	347	246	933	240	657	963	651	442	667	737	121	0	945	455	353	1056	899	377	417	942
74	BARTIN	513	692	343	779	289	189	535	697	575	388	247	713	842	116	454	287	468	189	251	491	757	433	655	533	659	297	636	451	559	1050	640	453	508	280	502	792	121	401	421	311	206	358	317	602	478	583	821	587	787	372	419	421	591	181	320	882	243	437	368	365	542	619	727	410	934	318	59	336	595	432	239	824	945	0	770	853	249	59	674	569	135
75	ARDAHAN	691	507	897	207	519	726	981	78	1128	1047	907	275	327	765	982	947	1127	669	565	1044	371	1093	367	275	155	881	579	319	285	436	685	948	737	939	1112	62	649	569	1080	656	865	772	933	432	1100	581	434	1141	272	623	655	349	179	841	450	392	559	439	1027	478	228	311	488	971	301	589	816	673	233	771	676	406	455	770	0	151	909	723	619	634	795
76	IĞDIR	709	501	945	95	563	775	1026	229	1175	1119	978	316	225	836	1027	1018	1199	729	625	1091	364	1164	408	320	196	930	573	437	329	285	703	993	755	1011	1161	93	731	614	1151	701	937	817	982	473	1149	610	414	1187	259	668	699	467	330	912	568	289	677	484	1099	523	379	356	481	1020	150	633	887	718	277	816	725	315	353	853	151	0	980	806	612	653	866
77	YALOVA	595	775	224	907	417	271	400	836	338	144	84	841	969	144	319	46	224	301	379	335	878	271	776	660	786	137	719	589	697	1177	723	318	591	117	258	919	308	483	258	394	43	363	157	711	234	665	935	404	914	455	501	560	730	68	459	1003	430	565	205	493	681	747	810	250	1061	415	190	419	722	438	321	945	1056	249	909	980	0	233	757	652	114
78	KARABÜK	467	647	298	733	243	143	490	651	529	372	231	667	795	89	409	271	452	130	205	445	711	417	609	486	612	281	591	404	512	1003	595	408	463	264	486	745	75	355	405	266	190	313	301	555	462	537	774	542	740	327	373	375	545	165	273	835	197	391	352	319	495	573	682	373	887	271	118	291	548	387	193	777	899	59	723	806	233	0	629	524	119
79	KİLİS	161	139	543	543	445	487	533	615	757	757	673	344	387	613	609	719	891	507	459	673	248	941	269	446	464	620	42	521	533	503	98	575	207	787	761	599	583	275	928	364	713	399	610	204	749	93	256	742	420	329	298	515	649	689	523	370	617	323	875	369	600	359	131	621	499	391	664	338	533	355	439	312	377	674	619	612	757	629	0	105	643
80	OSMANİYE	57	163	439	584	419	383	429	630	653	653	569	362	428	508	504	615	786	441	433	569	289	836	267	444	479	515	80	495	531	543	85	470	103	683	657	615	517	249	823	307	609	294	505	202	645	67	297	637	435	248	193	489	628	584	497	411	591	297	771	343	579	357	171	516	540	365	559	233	531	250	373	353	417	569	634	653	652	524	105	0	538
81	DÜZCE	481	661	249	793	303	157	425	722	447	253	112	727	855	30	343	152	333	187	265	373	764	298	662	546	672	162	605	475	583	1063	609	343	477	145	367	805	194	369	285	280	71	327	182	597	343	551	821	470	800	341	387	446	616	46	345	889	316	451	233	379	567	633	696	275	947	301	76	305	608	401	207	831	942	135	795	866	114	119	643	538	0

SHEET "Flow"
		1	2	3	4	5	6	7	8	9	10	11	12	13	14	15	16	17	18	19	20	21	22	23	24	25	26	27	28	29	30	31	32	33	34	35	36	37	38	39	40	41	42	43	44	45	46	47	48	49	50	51	52	53	54	55	56	57	58	59	60	61	62	63	64	65	66	67	68	69	70	71	72	73	74	75	76	77	78	79	80	81
		ADANA	ADIYAMAN	AFYON	AĞRI	AMASYA	ANKARA	ANTALYA	ARTVİN	AYDIN	BALIKESİR	BİLECİK	BİNGÖL	BİTLİS	BOLU	BURDUR	BURSA	ÇANAKKALE	ÇANKIRI	ÇORUM	DENİZLİ	DİYARBAKIR	EDİRNE	ELAZIĞ	ERZİNCAN	ERZURUM	ESKİŞEHİR	GAZİANTEP	GİRESUN	GÜMÜŞHANE	HAKKARİ	HATAY	ISPARTA	İÇEL	İSTANBUL	İZMİR	KARS	KASTAMONU	KAYSERİ	KIRKLARELİ	KIRŞEHİR	KOCAELİ	KONYA	KÜTAHYA	MALATYA	MANİSA	KAHRAMANMARAŞ	MARDİN	MUĞLA	MUŞ	NEVŞEHİR	NİĞDE	ORDU	RİZE	SAKARYA	SAMSUN	SİİRT	SİNOP	SİVAS	TEKİRDAĞ	TOKAT	TRABZON	TUNCELİ	ŞANLIURFA	UŞAK	VAN	YOZGAT	ZONGULDAK	AKSARAY	BAYBURT	KARAMAN	KIRIKKALE	BATMAN	ŞIRNAK	BARTIN	ARDAHAN	IĞDIR	YALOVA	KARABÜK	KİLİS	OSMANİYE	DÜZCE
1	ADANA	0	17493	22782	14827	10242	112387	48225	5382	26661	30183	5449	7115	10899	7590	7201	59593	13039	7581	16743	23836	38213	11290	15973	8885	26286	19798	36041	14689	5242	6634	35157	14405	46308	280943	94525	9114	10529	29736	9211	7101	33821	61472	18421	23938	35337	28109	19772	20059	12721	8691	9761	24894	10262	21204	33906	7394	6325	21174	17487	23219	27345	2624	40476	9038	24607	19150	17262	11107	2730	6820	10754	12808	9904	5165	3751	4729	4728	6312	3217	12865	8813
2	ADIYAMAN	17174	0	7544	4910	3391	37216	15969	1782	8828	9995	1804	2356	3609	2513	2385	19733	4318	2510	5544	7893	12654	3738	5289	2942	8704	6556	11934	4864	1736	2197	11642	4770	15334	93030	31301	3018	3487	9847	3050	2351	11199	20356	6100	7927	11701	9308	6547	6642	4212	2878	3232	8243	3398	7022	11228	2448	2095	7012	5790	7689	9055	869	13403	2993	8148	6341	5716	3678	904	2258	3561	4241	3280	1710	1242	1566	1565	2090	1065	4260	2918
3	AFYON	22429	7565	0	6412	4429	48604	20856	2328	11530	13053	2357	3077	4714	3282	3114	25772	5639	3279	7241	10308	16526	4882	6908	3842	11368	8562	15586	6352	2267	2869	15204	6229	20027	121499	40879	3942	4553	12860	3983	3071	14626	26585	7966	10352	15282	12156	8551	8675	5502	3758	4221	10766	4438	9170	14663	3198	2736	9157	7562	10042	11826	1135	17505	3909	10642	8282	7465	4803	1181	2949	4651	5539	4283	2234	1622	2045	2045	2730	1391	5564	3811
4	AĞRI	14536	4903	6385	0	2871	31499	13516	1508	7472	8459	1527	1994	3055	2127	2018	16702	3654	2125	4693	6681	10710	3164	4477	2490	7367	5549	10101	4117	1469	1859	9854	4037	12979	78741	26493	2554	2951	8334	2582	1990	9479	17229	5163	6709	9904	7878	5542	5622	3565	2436	2736	6977	2876	5943	9503	2072	1773	5935	4901	6508	7664	736	11344	2533	6897	5367	4838	3113	765	1911	3014	3590	2776	1448	1051	1325	1325	1769	902	3606	2470
5	AMASYA	10016	3378	4400	2864	0	21706	9314	1039	5149	5829	1052	1374	2105	1466	1391	11509	2518	1464	3234	4604	7380	2180	3085	1716	5077	3824	6961	2837	1012	1281	6790	2782	8944	54259	18256	1760	2033	5743	1779	1371	6532	11872	3558	4623	6825	5429	3819	3874	2457	1678	1885	4808	1982	4095	6548	1428	1222	4089	3377	4484	5281	507	7817	1746	4752	3699	3334	2145	527	1317	2077	2474	1913	997	724	913	913	1219	621	2485	1702
6	ANKARA	116190	39190	51038	33217	22945	0	108040	12058	59729	67619	12208	15941	24418	17003	16133	133508	29211	16985	37509	53401	85609	25293	35785	19905	58890	44354	80743	32908	11745	14863	78763	32271	103746	629407	211768	20418	23589	66620	20635	15909	75770	137718	41269	53629	79168	62973	44296	44939	28500	19470	21867	55772	22989	47505	75962	16565	14171	47437	39176	52019	61261	5879	90680	20249	55129	42903	38674	24883	6116	15279	24093	28693	22189	11571	8403	10594	10592	14142	7207	28822	19743
7	ANTALYA	48130	16234	21142	13760	9505	104299	0	4995	24742	28010	5057	6603	10115	7043	6683	55304	12100	7036	15538	22121	35463	10477	14823	8245	24394	18373	33447	13632	4865	6157	32627	13368	42975	260724	87722	8458	9771	27596	8548	6590	31387	57048	17095	22215	32794	26086	18349	18615	11806	8065	9058	23103	9523	19678	31466	6862	5870	19650	16228	21548	25377	2435	37563	8388	22836	17772	16020	10308	2534	6329	9980	11886	9191	4793	3481	4388	4387	5858	2986	11939	8178
8	ARTVİN	5250	1771	2306	1501	1037	11377	4882	0	2699	3055	552	720	1103	768	729	6033	1320	767	1695	2413	3868	1143	1617	899	2661	2004	3649	1487	531	672	3559	1458	4688	28441	9569	923	1066	3010	932	719	3424	6223	1865	2423	3577	2846	2002	2031	1288	880	988	2520	1039	2147	3432	749	640	2144	1770	2351	2768	266	4098	915	2491	1939	1748	1124	276	690	1089	1297	1003	523	380	479	479	639	326	1302	892
9	AYDIN	26302	8872	11554	7520	5194	56998	24458	2730	0	15307	2764	3609	5528	3849	3652	30223	6613	3845	8491	12089	19380	5726	8101	4506	13331	10041	18278	7450	2659	3365	17830	7305	23485	142482	47939	4622	5340	15081	4671	3601	17152	31176	9342	12140	17922	14255	10028	10173	6452	4407	4950	12625	5204	10754	17196	3750	3208	10739	8868	11776	13868	1331	20528	4584	12480	9712	8755	5633	1385	3459	5454	6495	5023	2619	1902	2398	2398	3201	1632	6525	4469
10	BALIKESİR	29833	10062	13105	8529	5891	64649	27740	3096	15336	0	3135	4093	6270	4366	4142	34279	7500	4361	9631	13711	21981	6494	9188	5111	15121	11388	20732	8449	3016	3816	20223	8286	26638	161607	54374	5243	6057	17105	5298	4085	19455	35361	10596	13770	20327	16169	11374	11539	7318	4999	5615	14320	5903	12197	19504	4253	3639	12180	10059	13356	15729	1510	23283	5199	14155	11016	9930	6389	1570	3923	6186	7367	5697	2971	2158	2720	2719	3631	1851	7400	5069
11	BİLECİK	5316	1793	2335	1520	1050	11520	4943	552	2733	3094	0	729	1117	778	738	6108	1336	777	1716	2443	3917	1157	1637	911	2694	2029	3694	1506	537	680	3604	1476	4747	28796	9689	934	1079	3048	944	728	3467	6301	1888	2454	3622	2881	2027	2056	1304	891	1000	2552	1052	2173	3475	758	648	2170	1792	2380	2803	269	4149	926	2522	1963	1769	1138	280	699	1102	1313	1015	529	384	485	485	647	330	1319	903
12	BİNGÖL	6947	2343	3052	1986	1372	15055	6460	721	3571	4043	730	0	1460	1017	965	7983	1747	1016	2243	3193	5119	1512	2140	1190	3521	2652	4828	1968	702	889	4709	1930	6203	37633	12662	1221	1410	3983	1234	951	4530	8234	2468	3207	4734	3765	2649	2687	1704	1164	1307	3335	1375	2840	4542	990	847	2836	2342	3110	3663	352	5422	1211	3296	2565	2312	1488	366	914	1441	1716	1327	692	502	633	633	846	431	1723	1180
13	BİTLİS	10663	3597	4684	3048	2106	23107	9915	1107	5482	6206	1120	1463	0	1560	1481	12252	2681	1559	3442	4901	7857	2321	3284	1827	5404	4070	7410	3020	1078	1364	7228	2962	9521	57762	19434	1874	2165	6114	1894	1460	6954	12639	3787	4922	7265	5779	4065	4124	2616	1787	2007	5118	2110	4360	6971	1520	1301	4353	3595	4774	5622	540	8322	1858	5059	3937	3549	2284	561	1402	2211	2633	2036	1062	771	972	972	1298	661	2645	1812
14	BOLU	7412	2500	3256	2119	1464	16062	6892	769	3810	4314	779	1017	1558	0	1029	8517	1863	1084	2393	3407	5461	1614	2283	1270	3757	2829	5151	2099	749	948	5025	2059	6618	40152	13509	1303	1505	4250	1316	1015	4834	8786	2633	3421	5050	4017	2826	2867	1818	1242	1395	3558	1467	3031	4846	1057	904	3026	2499	3318	3908	375	5785	1292	3517	2737	2467	1587	390	975	1537	1830	1416	738	536	676	676	902	460	1839	1259
15	BURDUR	7031	2372	3089	2010	1389	15237	6538	730	3615	4092	739	965	1478	1029	0	8079	1768	1028	2270	3232	5181	1531	2166	1205	3564	2684	4886	1991	711	899	4766	1953	6278	38090	12815	1236	1427	4032	1249	963	4585	8334	2497	3245	4791	3811	2681	2720	1725	1178	1323	3375	1391	2875	4597	1002	858	2871	2371	3148	3707	356	5488	1225	3336	2596	2340	1506	370	925	1458	1736	1343	700	509	641	641	856	436	1744	1195
16	BURSA	59843	20184	26287	17108	11818	129681	55645	6210	30763	34827	6288	8210	12576	8757	8309	0	15045	8748	19319	27504	44093	13027	18431	10252	30331	22844	41586	16949	6049	7655	40566	16621	53434	324172	109070	10516	12149	34312	10628	8194	39025	70931	21255	27621	40775	32434	22815	23146	14679	10028	11263	28725	11840	24467	39124	8532	7299	24432	20177	26792	31552	3028	46704	10429	28394	22097	19919	12816	3150	7869	12409	14778	11428	5959	4328	5456	5455	7284	3712	14845	10169
17	ÇANAKKALE	12771	4307	5610	3651	2522	27674	11875	1325	6565	7432	1342	1752	2684	1869	1773	14674	0	1867	4123	5869	9409	2780	3933	2188	6473	4875	8875	3617	1291	1634	8657	3547	11403	69179	23276	2244	2593	7322	2268	1749	8328	15137	4536	5895	8701	6921	4869	4939	3132	2140	2403	6130	2527	5221	8349	1821	1558	5214	4306	5718	6733	646	9967	2226	6059	4716	4251	2735	672	1679	2648	3154	2439	1272	924	1164	1164	1554	792	3168	2170
18	ÇANKIRI	7404	2497	3252	2117	1462	16045	6885	768	3806	4309	778	1016	1556	1084	1028	8508	1861	0	2390	3403	5455	1612	2280	1268	3753	2826	5145	2097	748	947	5019	2056	6611	40108	13494	1301	1503	4245	1315	1014	4828	8776	2630	3417	5045	4013	2823	2864	1816	1241	1393	3554	1465	3027	4840	1056	903	3023	2496	3315	3904	375	5778	1290	3513	2734	2464	1586	390	974	1535	1828	1414	737	535	675	675	901	459	1837	1258
19	ÇORUM	16431	5542	7217	4697	3245	35606	15278	1705	8447	9562	1726	2254	3453	2404	2281	18880	4131	2402	0	7552	12106	3577	5060	2815	8328	6272	11418	4654	1661	2102	11138	4564	14671	89006	29947	2887	3336	9421	2918	2250	10715	19475	5836	7584	11195	8905	6264	6355	4030	2753	3092	7887	3251	6718	10742	2342	2004	6708	5540	7356	8663	831	12823	2863	7796	6067	5469	3519	865	2161	3407	4058	3138	1636	1188	1498	1498	2000	1019	4076	2792
20	DENİZLİ	23480	7920	10314	6713	4637	50883	21834	2437	12071	13665	2467	3221	4935	3436	3260	26980	5903	3432	7580	0	17301	5111	7232	4023	11901	8963	16317	6650	2374	3004	15917	6522	20966	127195	42796	4126	4767	13463	4170	3215	15312	27831	8340	10838	15999	12726	8952	9082	5759	3935	4419	11271	4646	9600	15351	3348	2864	9586	7917	10512	12380	1188	18325	4092	11141	8670	7815	5029	1236	3088	4869	5799	4484	2338	1698	2141	2140	2858	1457	5825	3990
21	DİYARBAKIR	37933	12794	16663	10845	7491	82201	35272	3937	19500	22076	3986	5204	7972	5551	5267	43587	9537	5545	12246	17434	0	8257	11683	6498	19226	14480	26360	10744	3834	4852	25714	10536	33870	205484	69136	6666	7701	21749	6737	5194	24737	44961	13473	17509	25846	20559	14462	14671	9304	6356	7139	18208	7505	15509	24799	5408	4627	15487	12790	16983	20000	1919	29605	6611	17998	14007	12626	8124	1997	4988	7866	9368	7244	3777	2743	3459	3458	4617	2353	9410	6446
22	EDİRNE	11047	3726	4853	3158	2182	23940	10273	1146	5679	6429	1161	1516	2322	1617	1534	12694	2777	1615	3566	5077	8140	0	3402	1893	5599	4217	7677	3129	1117	1413	7489	3068	9864	59845	20135	1941	2243	6334	1962	1513	7204	13094	3924	5099	7527	5988	4212	4273	2710	1851	2079	5303	2186	4517	7222	1575	1347	4510	3725	4946	5825	559	8622	1925	5242	4079	3677	2366	582	1453	2291	2728	2110	1100	799	1007	1007	1345	685	2740	1877
23	ELAZIĞ	15669	5285	6883	4480	3094	33955	14570	1626	8055	9119	1646	2150	3293	2293	2176	18004	3939	2290	5058	7202	11545	3411	0	2684	7942	5981	10889	4438	1584	2004	10622	4352	13991	84880	28558	2754	3181	8984	2783	2145	10218	18572	5565	7232	10676	8492	5974	6060	3843	2626	2949	7521	3100	6406	10244	2234	1911	6397	5283	7015	8261	793	12229	2731	7434	5786	5215	3356	825	2061	3249	3869	2992	1560	1133	1429	1428	1907	972	3887	2662
24	ERZİNCAN	8683	2929	3814	2482	1715	18816	8074	901	4464	5053	912	1191	1825	1271	1206	9977	2183	1269	2803	3991	6398	1890	2674	0	4401	3315	6034	2459	878	1111	5886	2412	7753	47036	15826	1526	1763	4979	1542	1189	5662	10292	3084	4008	5916	4706	3310	3358	2130	1455	1634	4168	1718	3550	5677	1238	1059	3545	2928	3887	4578	439	6777	1513	4120	3206	2890	1860	457	1142	1801	2144	1658	865	628	792	792	1057	539	2154	1475
25	ERZURUM	25927	8745	11389	7412	5120	56185	24109	2691	13328	15089	2724	3557	5449	3794	3600	29792	6518	3790	8370	11916	19104	5644	7985	4442	0	9897	18018	7343	2621	3317	17576	7201	23151	140451	47256	4556	5264	14866	4605	3550	16908	30732	9209	11967	17666	14052	9885	10028	6360	4345	4880	12445	5130	10601	16951	3696	3162	10585	8742	11608	13670	1312	20235	4518	12302	9574	8630	5553	1365	3410	5376	6403	4951	2582	1875	2364	2363	3156	1608	6432	4406
26	ESKİŞEHİR	19460	6564	8548	5563	3843	42171	18095	2020	10004	11325	2045	2670	4090	2848	2702	22361	4892	2845	6282	8944	14339	4236	5994	3334	9863	0	13523	5512	1967	2489	13192	5405	17376	105418	35468	3420	3951	11158	3456	2665	12691	23066	6912	8982	13260	10547	7419	7527	4773	3261	3663	9341	3850	7956	12723	2774	2374	7945	6561	8713	10260	985	15188	3391	9233	7186	6477	4168	1024	2559	4035	4806	3716	1938	1407	1774	1774	2369	1207	4827	3307
27	GAZİANTEP	35735	12053	15697	10216	7057	77438	33228	3708	18370	20797	3755	4903	7510	5229	4962	41061	8984	5224	11536	16424	26330	7779	11006	6122	18112	13641	0	10121	3612	4571	24224	9925	31908	193578	65131	6280	7255	20489	6346	4893	23304	42356	12692	16494	24349	19368	13624	13821	8765	5988	6725	17153	7071	14610	23362	5095	4358	14590	12049	15999	18841	1808	27889	6228	16955	13195	11894	7653	1881	4699	7410	8825	6824	3559	2584	3258	3257	4349	2217	8864	6072
28	GİRESUN	14399	4857	6325	4117	2844	31204	13389	1494	7402	8380	1513	1976	3026	2107	1999	16546	3620	2105	4649	6618	10610	3135	4435	2467	7298	5497	10006	0	1456	1842	9761	3999	12857	78002	26244	2530	2923	8256	2557	1972	9390	17067	5114	6646	9811	7804	5490	5569	3532	2413	2710	6912	2849	5887	9414	2053	1756	5879	4855	6447	7592	729	11238	2509	6832	5317	4793	3084	758	1894	2986	3556	2750	1434	1041	1313	1313	1753	893	3572	2447
29	GÜMÜŞHANE	5114	1725	2246	1462	1010	11081	4755	531	2629	2976	537	702	1075	748	710	5876	1286	747	1651	2350	3768	1113	1575	876	2592	1952	3554	1448	0	654	3466	1420	4566	27701	9320	899	1038	2932	908	700	3335	6061	1816	2360	3484	2771	1950	1978	1254	857	962	2455	1012	2091	3343	729	624	2088	1724	2289	2696	259	3991	891	2426	1888	1702	1095	269	672	1060	1263	977	509	370	466	466	622	317	1268	869
30	HAKKARİ	6476	2184	2845	1851	1279	14033	6022	672	3329	3769	680	888	1361	948	899	7441	1628	947	2091	2976	4771	1410	1994	1109	3282	2472	4500	1834	655	0	4390	1799	5782	35080	11803	1138	1315	3713	1150	887	4223	7676	2300	2989	4412	3510	2469	2505	1588	1085	1219	3108	1281	2648	4234	923	790	2644	2183	2899	3414	328	5054	1129	3073	2391	2155	1387	341	852	1343	1599	1237	645	468	590	590	788	402	1606	1100
31	HATAY	34842	11752	15305	9961	6881	75503	32398	3616	17911	20277	3661	4780	7322	5099	4838	40035	8760	5093	11248	16014	25672	7585	10731	5969	17659	13300	24213	9868	3522	4457	0	9677	31110	188741	63503	6123	7074	19977	6188	4771	22721	41298	12375	16082	23740	18884	13283	13476	8546	5838	6557	16724	6894	14245	22779	4967	4250	14225	11748	15599	18370	1763	27192	6072	16532	12865	11597	7462	1834	4582	7225	8604	6654	3470	2520	3177	3176	4241	2161	8643	5920
32	ISPARTA	14119	4762	6202	4036	2788	30595	13128	1465	7258	8217	1483	1937	2967	2066	1960	16223	3550	2064	4558	6489	10403	3073	4348	2419	7156	5390	9811	3999	1427	1806	9571	0	12606	76481	25733	2481	2866	8095	2507	1933	9207	16735	5015	6517	9620	7652	5383	5461	3463	2366	2657	6777	2794	5772	9230	2013	1722	5764	4760	6321	7444	714	11019	2460	6699	5213	4699	3024	743	1857	2928	3487	2696	1406	1021	1287	1287	1718	876	3502	2399
33	İÇEL	46169	15573	20281	13199	9117	100050	42931	4791	23734	26869	4851	6334	9703	6756	6411	53051	11607	6749	14905	21220	34018	10050	14220	7909	23401	17624	32084	13076	4667	5906	31297	12823	0	250103	84149	8114	9373	26472	8200	6322	30108	54724	16399	21310	31458	25023	17602	17857	11325	7737	8689	22162	9135	18877	30184	6582	5631	18850	15567	20670	24343	2336	36033	8046	21906	17048	15368	9888	2430	6071	9574	11402	8817	4598	3339	4210	4209	5619	2864	11453	7845
34	İSTANBUL	320661	108156	140856	91673	63323	694878	298169	33277	164841	186616	33692	43993	67389	46926	44524	368455	80617	46874	103518	147377	236265	69803	98759	54934	162524	122407	222835	90819	32414	41018	217370	89061	286318	0	584437	56351	65100	183857	56948	43906	209110	380075	113893	148006	218487	173792	122249	124023	78654	53733	60350	153920	63446	131104	209639	45716	39110	130917	108118	143562	169068	16225	250259	55882	152144	118404	106732	68673	16880	42167	66492	79188	61237	31933	23190	29238	29230	39028	19891	79543	54487
35	İZMİR	96757	32635	42502	27662	19107	209674	89970	10041	49740	56310	10166	13275	20334	14159	13435	111178	24326	14144	31236	44470	71291	21063	29800	16576	49040	36935	67239	27404	9781	12377	65590	26874	86394	524138	0	17003	19643	55477	17184	13248	63097	114685	34366	44660	65927	52441	36888	37423	23733	16213	18210	46444	19144	39560	63257	13794	11801	39503	32624	43319	51015	4896	75514	16862	45908	35727	32206	20721	5093	12724	20064	23894	18478	9635	6998	8822	8820	11776	6002	24002	16441
36	KARS	8908	3005	3913	2547	1759	19304	8283	924	4579	5184	936	1222	1872	1304	1237	10236	2240	1302	2876	4094	6564	1939	2744	1526	4515	3401	6190	2523	900	1140	6039	2474	7954	48256	16236	0	1809	5108	1582	1220	5809	10559	3164	4112	6070	4828	3396	3445	2185	1493	1677	4276	1763	3642	5824	1270	1086	3637	3004	3988	4697	451	6952	1552	4227	3289	2965	1908	469	1171	1847	2200	1701	887	644	812	812	1084	553	2210	1514
37	KASTAMONU	10299	3474	4524	2944	2034	22318	9576	1069	5294	5994	1082	1413	2164	1507	1430	11834	2589	1505	3325	4733	7588	2242	3172	1764	5220	3931	7157	2917	1041	1317	6981	2860	9196	55789	18771	1810	0	5905	1829	1410	6716	12207	3658	4754	7017	5582	3926	3983	2526	1726	1938	4944	2038	4211	6733	1468	1256	4205	3472	4611	5430	521	8038	1795	4887	3803	3428	2206	542	1354	2136	2543	1967	1026	745	939	939	1253	639	2555	1750
38	KAYSERİ	29385	9911	12908	8401	5803	63678	27324	3049	15106	17101	3087	4031	6175	4300	4080	33765	7388	4295	9486	13505	21651	6397	9050	5034	14893	11217	20420	8323	2970	3759	19919	8161	26238	159179	53557	5164	5966	0	5219	4024	19162	34830	10437	13563	20022	15926	11203	11365	7208	4924	5530	14105	5814	12014	19211	4189	3584	11997	9908	13156	15493	1487	22933	5121	13942	10850	9781	6293	1547	3864	6093	7257	5612	2926	2125	2679	2679	3576	1823	7289	4993
39	KIRKLARELİ	9003	3037	3955	2574	1778	19510	8372	934	4628	5240	946	1235	1892	1318	1250	10345	2263	1316	2906	4138	6633	1960	2773	1542	4563	3437	6256	2550	910	1152	6103	2501	8039	48770	16409	1582	1828	5162	0	1233	5871	10671	3198	4155	6134	4879	3432	3482	2208	1509	1694	4322	1781	3681	5886	1284	1098	3676	3036	4031	4747	456	7026	1569	4272	3324	2997	1928	474	1184	1867	2223	1719	897	651	821	821	1096	558	2233	1530
40	KIRŞEHİR	6933	2339	3046	1982	1369	15025	6447	720	3564	4035	729	951	1457	1015	963	7967	1743	1014	2238	3187	5109	1509	2135	1188	3514	2647	4818	1964	701	887	4700	1926	6191	37559	12637	1218	1408	3975	1231	0	4521	8218	2463	3200	4724	3758	2643	2682	1701	1162	1305	3328	1372	2835	4533	988	846	2831	2338	3104	3656	351	5411	1208	3290	2560	2308	1485	365	912	1438	1712	1324	690	501	632	632	844	430	1720	1178
41	KOCAELİ	33494	11297	14713	9576	6614	72582	31145	3476	17218	19493	3519	4595	7039	4902	4651	38486	8421	4896	10813	15394	24679	7291	10316	5738	16976	12786	23276	9486	3386	4284	22705	9303	29907	181439	61046	5886	6800	19204	5948	4586	0	39700	11896	15460	22822	18153	12769	12955	8216	5613	6304	16077	6627	13694	21897	4775	4085	13675	11293	14996	17660	1695	26140	5837	15892	12368	11148	7173	1763	4405	6945	8271	6396	3335	2422	3054	3053	4077	2078	8309	5691
42	KONYA	61793	20842	27144	17666	12203	133907	57459	6413	31766	35962	6493	8478	12986	9043	8580	71003	15535	9033	19949	28400	45530	13452	19032	10586	31319	23589	42942	17501	6246	7904	41888	17163	55175	334738	112625	10859	12545	35430	10974	8461	40297	0	21948	28522	42104	33491	23558	23900	15157	10355	11630	29661	12226	25264	40399	8810	7537	25228	20835	27665	32580	3127	48226	10769	29319	22817	20568	13234	3253	8126	12813	15260	11801	6154	4469	5634	5633	7521	3833	15328	10500
43	KÜTAHYA	18094	6103	7948	5173	3573	39209	16824	1878	9301	10530	1901	2482	3802	2648	2512	20790	4549	2645	5841	8316	13331	3939	5573	3100	9171	6907	12574	5125	1829	2314	12265	5025	16156	98014	32977	3180	3673	10374	3213	2477	11799	21446	0	8351	12328	9806	6898	6998	4438	3032	3405	8685	3580	7398	11829	2580	2207	7387	6101	8101	9540	916	14121	3153	8585	6681	6022	3875	952	2379	3752	4468	3455	1802	1309	1650	1649	2202	1122	4488	3074
44	MALATYA	23582	7954	10359	6742	4657	51103	21928	2447	12123	13724	2478	3235	4956	3451	3274	27097	5929	3447	7613	10838	17375	5133	7263	4040	11952	9002	16388	6679	2384	3017	15986	6550	21056	127745	42981	4144	4788	13521	4188	3229	15378	27951	8376	0	16068	12781	8990	9121	5784	3952	4438	11320	4666	9642	15417	3362	2876	9628	7951	10558	12434	1193	18405	4110	11189	8708	7849	5050	1241	3101	4890	5824	4503	2348	1705	2150	2150	2870	1463	5850	4007
45	MANİSA	35024	11813	15385	10013	6917	75899	32568	3635	18005	20383	3680	4805	7361	5125	4863	40245	8805	5120	11307	16097	25806	7624	10787	6000	17752	13370	24339	9920	3540	4480	23742	9728	31273	189729	63836	6155	7111	20082	6220	4796	22840	41514	12440	16166	0	18983	13353	13546	8591	5869	6592	16812	6930	14320	22898	4993	4272	14299	11809	15681	18467	1772	27335	6104	16618	12933	11658	7501	1844	4606	7263	8649	6689	3488	2533	3193	3193	4263	2173	8688	5951
46	KAHRAMANMARAŞ	27752	9361	12191	7934	5480	60140	25806	2880	14266	16151	2916	3807	5832	4061	3853	31889	6977	4057	8959	12755	20448	6041	8547	4754	14066	10594	19286	7860	2805	3550	18813	7708	24780	150335	50581	4877	5634	15912	4929	3800	18098	32894	9857	12809	18909	0	10580	10734	6807	4650	5223	13321	5491	11347	18144	3957	3385	11330	9357	12425	14632	1404	21659	4836	13168	10247	9237	5943	1461	3649	5755	6853	5300	2764	2007	2530	2530	3378	1721	6884	4716
47	MARDİN	19435	6555	8537	5556	3838	42116	18072	2017	9991	11311	2042	2666	4084	2844	2699	22332	4886	2841	6274	8932	14320	4231	5986	3329	9850	7419	13506	5504	1965	2486	13175	5398	17353	105280	35422	3415	3946	11143	3452	2661	12674	23036	6903	8971	13242	10533	0	7517	4767	3257	3658	9329	3845	7946	12706	2771	2370	7935	6553	8701	10247	983	15168	3387	9221	7176	6469	4162	1023	2556	4030	4800	3712	1935	1406	1772	1772	2365	1206	4821	3302
48	MUĞLA	19720	6651	8662	5638	3894	42734	18337	2046	10137	11476	2072	2705	4144	2886	2738	22659	4958	2883	6366	9063	14530	4293	6073	3378	9995	7528	13704	5585	1993	2523	13368	5477	17608	106824	35942	3465	4003	11307	3502	2700	12860	23374	7004	9102	13436	10688	7518	0	4837	3304	3711	9466	3902	8063	12892	2811	2405	8051	6649	8829	10397	998	15390	3437	9357	7282	6564	4223	1038	2593	4089	4870	3766	1964	1426	1798	1798	2400	1223	4892	3351
49	MUŞ	12458	4202	5472	3561	2460	26996	11584	1293	6404	7250	1309	1709	2618	1823	1730	14314	3132	1821	4022	5726	9179	2712	3837	2134	6314	4755	8657	3528	1259	1594	8445	3460	11123	67484	22705	2189	2529	7143	2212	1706	8124	14766	4425	5750	8488	6752	4749	4818	0	2088	2345	5980	2465	5093	8144	1776	1519	5086	4200	5577	6568	630	9723	2171	5911	4600	4147	2668	656	1638	2583	3076	2379	1241	901	1136	1136	1516	773	3090	2117
50	NEVŞEHİR	8492	2864	3730	2428	1677	18403	7897	881	4366	4942	892	1165	1785	1243	1179	9758	2135	1241	2742	3903	6257	1849	2616	1455	4304	3242	5902	2405	858	1086	5757	2359	7583	46003	15478	1492	1724	4869	1508	1163	5538	10066	3016	3920	5786	4603	3238	3285	2083	0	1598	4076	1680	3472	5552	1211	1036	3467	2863	3802	4478	430	6628	1480	4029	3136	2827	1819	447	1117	1761	2097	1622	846	614	774	774	1034	527	2107	1443
51	NİĞDE	9544	3219	4192	2728	1885	20681	8874	990	4906	5554	1003	1309	2006	1397	1325	10966	2399	1395	3081	4386	7032	2077	2939	1635	4837	3643	6632	2703	965	1221	6469	2651	8521	51698	17394	1677	1938	5472	1695	1307	6224	11312	3390	4405	6503	5172	3638	3691	2341	1599	0	4581	1888	3902	6239	1361	1164	3896	3218	4273	5032	483	7448	1663	4528	3524	3177	2044	502	1255	1979	2357	1823	950	690	870	870	1162	592	2367	1622
52	ORDU	24537	8276	10778	7015	4845	53172	22816	2546	12614	14280	2578	3366	5157	3591	3407	28194	6169	3587	7921	11277	18079	5341	7557	4203	12436	9366	17051	6949	2480	3139	16633	6815	21909	132917	44721	4312	4981	14069	4358	3360	16001	29083	8715	11325	16718	13298	9354	9490	6019	4112	4618	0	4855	10032	16041	3498	2993	10018	8273	10985	12937	1242	19150	4276	11642	9060	8167	5255	1292	3227	5088	6059	4686	2443	1775	2237	2237	2986	1522	6087	4169
53	RİZE	10036	3385	4408	2869	1982	21748	9332	1041	5159	5841	1054	1377	2109	1469	1393	11532	2523	1467	3240	4613	7394	2185	3091	1719	5087	3831	6974	2842	1014	1284	6803	2787	8961	54365	18291	1764	2037	5754	1782	1374	6545	11895	3565	4632	6838	5439	3826	3882	2462	1682	1889	4817	0	4103	6561	1431	1224	4097	3384	4493	5291	508	7832	1749	4762	3706	3340	2149	528	1320	2081	2478	1917	999	726	915	915	1221	623	2489	1705
54	SAKARYA	20859	7035	9162	5963	4119	45201	19395	2165	10723	12139	2192	2862	4384	3052	2896	23967	5244	3049	6734	9587	15369	4541	6424	3573	10572	7962	14495	5908	2108	2668	14140	5793	18625	112992	38017	3666	4235	11960	3704	2856	13602	24723	7409	9628	14212	11305	7952	8068	5116	3495	3926	10012	4127	0	13637	2974	2544	8516	7033	9339	10998	1055	16279	3635	9897	7702	6943	4467	1098	2743	4325	5151	3983	2077	1509	1902	1901	2539	1294	5174	3544
55	SAMSUN	33580	11326	14751	9600	6631	72769	31225	3485	17263	19543	3528	4607	7057	4914	4663	38585	8442	4909	10841	15434	24742	7310	10342	5753	17020	12819	23336	9511	3394	4296	22763	9327	29984	181906	61204	5901	6817	19254	5964	4598	21898	39802	11927	15500	22880	18200	12802	12988	8237	5627	6320	16119	6644	13729	0	4787	4096	13710	11322	15034	17705	1699	26208	5852	15933	12400	11177	7192	1768	4416	6963	8293	6413	3344	2429	3062	3061	4087	2083	8330	5706
56	SİİRT	7220	2435	3172	2064	1426	15647	6714	749	3712	4202	759	991	1517	1057	1003	8297	1815	1055	2331	3318	5320	1572	2224	1237	3660	2756	5018	2045	730	924	4895	2005	6447	39113	13160	1269	1466	4140	1282	989	4709	8558	2565	3333	4920	3913	2753	2793	1771	1210	1359	3466	1429	2952	4720	0	881	2948	2434	3233	3807	365	5635	1258	3426	2666	2403	1546	380	949	1497	1783	1379	719	522	658	658	879	448	1791	1227
57	SİNOP	6173	2082	2712	1765	1219	13378	5740	641	3174	3593	649	847	1297	903	857	7094	1552	902	1993	2837	4549	1344	1901	1058	3129	2357	4290	1748	624	790	4185	1715	5512	33442	11252	1085	1253	3540	1096	845	4026	7317	2193	2849	4206	3346	2354	2388	1514	1034	1162	2963	1221	2524	4036	880	0	2520	2082	2764	3255	312	4818	1076	2929	2280	2055	1322	325	812	1280	1525	1179	615	446	563	563	751	383	1531	1049
58	SİVAS	20828	7025	9149	5955	4113	45136	19368	2162	10707	12122	2188	2858	4377	3048	2892	23933	5236	3045	6724	9573	15347	4534	6415	3568	10557	7951	14474	5899	2105	2664	14119	5785	18598	112829	37962	3660	4229	11942	3699	2852	13583	24688	7398	9614	14192	11289	7941	8056	5109	3490	3920	9998	4121	8516	13617	2969	2540	0	7023	9325	10982	1054	16256	3630	9883	7691	6933	4461	1096	2739	4319	5144	3978	2074	1506	1899	1899	2535	1292	5167	3539
59	TEKİRDAĞ	17167	5790	7541	4908	3390	37202	15963	1782	8825	9991	1804	2355	3608	2512	2384	19726	4316	2510	5542	7890	12649	3737	5287	2941	8701	6553	11930	4862	1735	2196	11638	4768	15329	92997	31290	3017	3485	9843	3049	2351	11195	20348	6098	7924	11697	9304	6545	6640	4211	2877	3231	8241	3397	7019	11224	2448	2094	7009	0	7686	9052	869	13398	2992	8145	6339	5714	3677	904	2258	3560	4240	3278	1710	1242	1565	1565	2089	1065	4259	2917
60	TOKAT	22865	7712	10044	6537	4515	49549	21261	2373	11754	13307	2402	3137	4805	3346	3175	26273	5749	3342	7382	10509	16847	4977	7042	3917	11589	8728	15890	6476	2311	2925	15500	6351	20416	123862	41674	4018	4642	13110	4061	3131	14911	27102	8121	10554	15580	12393	8717	8844	5609	3831	4303	10975	4524	9349	14949	3260	2789	9335	7709	0	12056	1157	17845	3985	10849	8443	7611	4897	1204	3007	4741	5647	4367	2277	1654	2085	2084	2783	1418	5672	3885
61	TRABZON	26987	9102	11854	7715	5329	58481	25094	2801	13873	15706	2836	3702	5671	3949	3747	31009	6785	3945	8712	12403	19884	5875	8312	4623	13678	10302	18754	7643	2728	3452	18294	7495	24097	146189	49186	4742	5479	15473	4793	3695	17599	31987	9585	12456	18388	14626	10288	10438	6620	4522	5079	12954	5340	11034	17643	3847	3291	11018	9099	12082	0	1366	21062	4703	12804	9965	8983	5779	1421	3549	5596	6664	5154	2687	1952	2461	2460	3285	1674	6694	4586
62	TUNCELİ	2556	862	1123	731	505	5539	2377	265	1314	1488	269	351	537	374	355	2937	643	374	825	1175	1883	556	787	438	1296	976	1776	724	258	327	1733	710	2282	13847	4659	449	519	1466	454	350	1667	3030	908	1180	1742	1385	975	989	627	428	481	1227	506	1045	1671	364	312	1044	862	1144	1348	0	1995	445	1213	944	851	547	135	336	530	631	488	255	185	233	233	311	159	634	434
63	ŞANLIURFA	40228	13569	17671	11501	7944	87176	37407	4175	20680	23412	4227	5519	8454	5887	5586	46224	10114	5881	12987	18489	29641	8757	12390	6892	20389	15357	27956	11394	4066	5146	27270	11173	35920	217920	73320	7069	8167	23066	7144	5508	26234	47682	14288	18568	27410	21803	15337	15559	9868	6741	7571	19310	7960	16448	26300	5735	4907	16424	13564	18011	21210	2036	0	7011	19087	14854	13390	8615	2118	5290	8342	9935	7682	4006	2909	3668	3667	4896	2495	9979	6836
64	UŞAK	8834	2980	3880	2525	1744	19143	8214	917	4541	5141	928	1212	1856	1293	1227	10150	2221	1291	2852	4060	6509	1923	2721	1513	4477	3372	6139	2502	893	1130	5988	2453	7888	47853	16100	1552	1793	5065	1569	1210	5761	10470	3138	4077	6019	4788	3368	3417	2167	1480	1663	4240	1748	3612	5775	1259	1077	3607	2978	3955	4658	447	6894	0	4191	3262	2940	1892	465	1162	1832	2182	1687	880	639	805	805	1075	548	2191	1501
65	VAN	24250	8179	10652	6933	4789	52550	22549	2517	12466	14113	2548	3327	5096	3549	3367	27864	6097	3545	7829	11145	17868	5279	7469	4154	12291	9257	16852	6868	2451	3102	16439	6735	21653	131363	44198	4262	4923	13904	4307	3320	15814	28743	8613	11193	16523	13143	9245	9379	5948	4064	4564	11640	4798	9915	15854	3457	2958	9901	8176	10857	12786	1227	18926	4226	0	8954	8072	5193	1277	3189	5028	5989	4631	2415	1754	2211	2211	2951	1504	6015	4121
66	YOZGAT	18817	6347	8266	5380	3716	40778	17498	1953	9673	10951	1977	2582	3955	2754	2613	21622	4731	2751	6075	8649	13865	4096	5796	3224	9537	7183	13077	5330	1902	2407	12756	5226	16802	101935	34297	3307	3820	10789	3342	2577	12271	22304	6684	8685	12822	10199	7174	7278	4616	3153	3542	9033	3723	7694	12302	2683	2295	7683	6345	8425	9921	952	14686	3279	8928	0	6263	4030	991	2475	3902	4647	3594	1874	1361	1716	1715	2290	1167	4668	3197
67	ZONGULDAK	16945	5716	7444	4845	3346	36721	15757	1759	8711	9862	1780	2325	3561	2480	2353	19471	4260	2477	5470	7788	12486	3689	5219	2903	8589	6469	11776	4799	1713	2168	11487	4706	15131	91795	30885	2978	3440	9716	3009	2320	11051	20085	6019	7821	11546	9184	6460	6554	4157	2840	3189	8134	3353	6928	11078	2416	2067	6918	5714	7587	8934	857	13225	2953	8040	6257	0	3629	892	2228	3514	4185	3236	1687	1226	1545	1545	2062	1051	4203	2879
68	AKSARAY	10867	3665	4774	3107	2146	23550	10105	1128	5587	6325	1142	1491	2284	1590	1509	12487	2732	1589	3508	4995	8007	2366	3347	1862	5508	4148	7552	3078	1099	1390	7367	3018	9704	58869	19807	1910	2206	6231	1930	1488	7087	12881	3860	5016	7405	5890	4143	4203	2666	1821	2045	5216	2150	4443	7105	1549	1325	4437	3664	4865	5730	550	8481	1894	5156	4013	3617	0	572	1429	2253	2684	2075	1082	786	991	991	1323	674	2696	1847
69	BAYBURT	2659	897	1168	760	525	5763	2473	276	1367	1548	279	365	559	389	369	3056	669	389	859	1222	1959	579	819	456	1348	1015	1848	753	269	340	1803	739	2375	14406	4847	467	540	1525	472	364	1734	3152	945	1228	1812	1441	1014	1029	652	446	501	1277	526	1087	1739	379	324	1086	897	1191	1402	135	2076	463	1262	982	885	570	0	350	551	657	508	265	192	242	242	324	165	660	452
70	KARAMAN	6658	2246	2925	1903	1315	14428	6191	691	3423	3875	700	913	1399	974	924	7650	1674	973	2149	3060	4906	1449	2051	1141	3374	2542	4627	1886	673	852	4513	1849	5945	36066	12135	1170	1352	3817	1182	912	4342	7892	2365	3073	4536	3608	2538	2575	1633	1116	1253	3196	1317	2722	4353	949	812	2718	2245	2981	3510	337	5196	1160	3159	2458	2216	1426	350	0	1381	1644	1271	663	482	607	607	810	413	1652	1131
71	KIRIKKALE	10520	3548	4621	3008	2078	22798	9782	1092	5408	6123	1105	1443	2211	1540	1461	12088	2645	1538	3396	4835	7752	2290	3240	1802	5332	4016	7311	2980	1063	1346	7132	2922	9394	56990	19175	1849	2136	6032	1868	1441	6861	12470	3737	4856	7168	5702	4011	4069	2581	1763	1980	5050	2082	4301	6878	1500	1283	4295	3547	4710	5547	532	8211	1833	4992	3885	3502	2253	554	1383	0	2598	2009	1048	761	959	959	1280	653	2610	1788
72	BATMAN	12543	4231	5510	3586	2477	27180	11663	1302	6448	7300	1318	1721	2636	1836	1742	14412	3153	1833	4049	5765	9242	2730	3863	2149	6357	4788	8716	3552	1268	1604	8502	3484	11199	67945	22860	2204	2546	7192	2228	1717	8179	14867	4455	5789	8546	6798	4782	4851	3077	2102	2361	6021	2482	5128	8200	1788	1530	5121	4229	5615	6613	635	9789	2186	5951	4631	4175	2686	660	1649	2601	0	2395	1249	907	1144	1143	1527	778	3111	2131
73	ŞIRNAK	9685	3267	4254	2769	1912	20987	9005	1005	4979	5636	1018	1329	2035	1417	1345	11128	2435	1416	3126	4451	7136	2108	2983	1659	4909	3697	6730	2743	979	1239	6565	2690	8647	52462	17651	1702	1966	5553	1720	1326	6316	11479	3440	4470	6599	5249	3692	3746	2376	1623	1823	4649	1916	3960	6331	1381	1181	3954	3265	4336	5106	490	7558	1688	4595	3576	3224	2074	510	1274	2008	2392	0	964	700	883	883	1179	601	2402	1646
74	BARTIN	5037	1699	2213	1440	995	10916	4684	523	2590	2932	529	691	1059	737	699	5788	1266	736	1626	2315	3712	1097	1551	863	2553	1923	3501	1427	509	644	3415	1399	4498	27288	9181	885	1023	2888	895	690	3285	5971	1789	2325	3432	2730	1920	1948	1236	844	948	2418	997	2060	3293	718	614	2057	1698	2255	2656	255	3931	878	2390	1860	1677	1079	265	662	1045	1244	962	0	364	459	459	613	312	1250	856
75	ARDAHAN	3656	1233	1606	1045	722	7922	3399	379	1879	2127	384	502	768	535	508	4201	919	534	1180	1680	2694	796	1126	626	1853	1395	2540	1035	370	468	2478	1015	3264	19803	6663	642	742	2096	649	501	2384	4333	1298	1687	2491	1981	1394	1414	897	613	688	1755	723	1495	2390	521	446	1493	1233	1637	1927	185	2853	637	1735	1350	1217	783	192	481	758	903	698	364	0	333	333	445	227	907	621
76	IĞDIR	4611	1555	2026	1318	911	9993	4288	479	2371	2684	485	633	969	675	640	5299	1159	674	1489	2119	3398	1004	1420	790	2337	1760	3204	1306	466	590	3126	1281	4117	24980	8405	810	936	2644	819	631	3007	5466	1638	2128	3142	2499	1758	1784	1131	773	868	2213	912	1885	3015	657	562	1883	1555	2065	2431	233	3599	804	2188	1703	1535	988	243	606	956	1139	881	459	333	0	420	561	286	1144	784
77	YALOVA	4610	1555	2025	1318	910	9990	4287	478	2370	2683	484	632	969	675	640	5297	1159	674	1488	2119	3397	1004	1420	790	2337	1760	3204	1306	466	590	3125	1280	4116	24973	8402	810	936	2643	819	631	3006	5464	1637	2128	3141	2499	1758	1783	1131	773	868	2213	912	1885	3014	657	562	1882	1554	2064	2431	233	3598	803	2187	1702	1534	987	243	606	956	1138	880	459	333	420	0	561	286	1144	783
78	KARABÜK	6161	2078	2706	1761	1217	13350	5728	639	3167	3585	647	845	1295	902	855	7079	1549	901	1989	2831	4539	1341	1897	1055	3122	2352	4281	1745	623	788	4176	1711	5501	33372	11228	1083	1251	3532	1094	844	4017	7302	2188	2843	4198	3339	2349	2383	1511	1032	1159	2957	1219	2519	4028	878	751	2515	2077	2758	3248	312	4808	1074	2923	2275	2051	1319	324	810	1277	1521	1176	613	446	562	562	0	382	1528	1047
79	KİLİS	3135	1057	1377	896	619	6793	2915	325	1611	1824	329	430	659	459	435	3602	788	458	1012	1441	2310	682	965	537	1589	1197	2178	888	317	401	2125	871	2799	16980	5713	551	636	1797	557	429	2044	3715	1113	1447	2136	1699	1195	1212	769	525	590	1505	620	1282	2049	447	382	1280	1057	1403	1653	159	2446	546	1487	1157	1043	671	165	412	650	774	599	312	227	286	286	382	0	778	533
80	OSMANİYE	12599	4250	5535	3602	2488	27303	11716	1308	6477	7333	1324	1729	2648	1844	1749	14477	3168	1842	4067	5791	9283	2743	3880	2158	6386	4810	8756	3568	1274	1612	8541	3499	11250	68252	22964	2214	2558	7224	2238	1725	8216	14934	4475	5815	8585	6829	4803	4873	3090	2111	2371	6048	2493	5151	8237	1796	1537	5144	4248	5641	6643	638	9833	2196	5978	4652	4194	2698	663	1657	2613	3111	2406	1255	911	1149	1149	1533	782	0	2141
81	DÜZCE	8612	2905	3783	2462	1701	18663	8008	894	4427	5012	905	1182	1810	1260	1196	9896	2165	1259	2780	3958	6345	1875	2652	1475	4365	3288	5985	2439	871	1102	5838	2392	7690	46652	15696	1513	1748	4938	1529	1179	5616	10208	3059	3975	5868	4668	3283	3331	2112	1443	1621	4134	1704	3521	5630	1228	1050	3516	2904	3856	4541	436	6721	1501	4086	3180	2867	1844	453	1133	1786	2127	1645	858	623	785	785	1048	534	2136	0

SHEET "Fixed link cost"
		1	2	3	4	5	6	7	8	9	10	11	12	13	14	15	16	17	18	19	20	21	22	23	24	25	26	27	28	29	30	31	32	33	34	35	36	37	38	39	40	41	42	43	44	45	46	47	48	49	50	51	52	53	54	55	56	57	58	59	60	61	62	63	64	65	66	67	68	69	70	71	72	73	74	75	76	77	78	79	80	81		
		ADANA	ADIYAMAN	AFYON	AĞRI	AMASYA	ANKARA	ANTALYA	ARTVİN	AYDIN	BALIKESİR	BİLECİK	BİNGÖL	BİTLİS	BOLU	BURDUR	BURSA	ÇANAKKALE	ÇANKIRI	ÇORUM	DENİZLİ	DİYARBAKIR	EDİRNE	ELAZIĞ	ERZİNCAN	ERZURUM	ESKİŞEHİR	GAZİANTEP	GİRESUN	GÜMÜŞHANE	HAKKARİ	HATAY	ISPARTA	İÇEL	İSTANBUL	İZMİR	KARS	KASTAMONU	KAYSERİ	KIRKLARELİ	KIRŞEHİR	KOCAELİ	KONYA	KÜTAHYA	MALATYA	MANİSA	KAHRAMANMARAŞ	MARDİN	MUĞLA	MUŞ	NEVŞEHİR	NİĞDE	ORDU	RİZE	SAKARYA	SAMSUN	SİİRT	SİNOP	SİVAS	TEKİRDAĞ	TOKAT	TRABZON	TUNCELİ	ŞANLIURFA	UŞAK	VAN	YOZGAT	ZONGULDAK	AKSARAY	BAYBURT	KARAMAN	KIRIKKALE	BATMAN	ŞIRNAK	BARTIN	ARDAHAN	IĞDIR	YALOVA	KARABÜK	KİLİS	OSMANİYE	DÜZCE		
1	ADANA	0.0000	0.3890	0.5187	1.3435	1.2322	0.0899	0.2386	4.0076	0.6907	0.6115	2.9062	1.8345	1.3849	1.8394	1.9214	0.2896	1.7428	1.5667	0.7082	0.6635	0.2822	2.1334	0.6287	1.5643	0.6346	0.7166	0.1179	1.0178	3.0877	2.7943	0.1120	0.8876	0.0307	0.0689	0.1966	2.2874	1.3513	0.2309	2.5724	1.0889	0.5048	0.1194	0.7545	0.3351	0.5153	0.1365	0.5538	0.8954	1.2044	0.6810	0.4331	0.6047	1.8588	0.7692	0.4434	1.9689	2.8525	0.4168	1.2630	0.4423	0.6410	4.8875	0.1747	1.5742	0.7542	0.5093	0.9007	0.4920	6.1029	0.8768	0.9108	0.9966	1.4761	3.0704	5.7617	4.6616	3.8950	2.2900	1.5576	0.1378	1.6894		
2	ADIYAMAN	0.3962	0.0000	2.4683	2.7216	3.8671	0.4194	1.1467	8.8628	2.8566	2.5274	12.1020	3.0544	2.3654	7.7783	8.6562	1.1787	6.6816	6.4480	2.6036	2.8659	0.3341	7.9373	1.1033	3.8409	1.2532	3.0794	0.2592	3.0143	8.0655	6.2422	0.5668	4.1070	0.5366	0.2682	0.8110	4.9947	5.2579	0.9151	9.6006	5.0072	2.0235	0.6949	3.3941	0.4813	2.1376	0.3633	0.9323	3.7285	2.2665	3.7118	3.4132	1.8186	5.1825	3.1189	1.3830	3.2678	8.8504	1.2176	4.7791	1.4000	1.7740	9.9190	0.1677	7.0277	1.4728	1.9901	3.6976	3.3248	14.8948	5.6611	3.9607	1.4635	2.9865	12.5397	12.7509	9.8898	15.3323	9.5891	4.0650	1.1811	7.0169		
3	AFYON	0.5268	2.4614	0.0000	4.2257	2.7608	0.1090	0.2897	11.1272	0.6295	0.5087	1.8463	7.4116	5.6828	2.6638	1.1323	0.2192	1.9345	2.4403	1.4268	0.4521	1.3676	2.9142	2.8657	5.0715	2.0552	0.3492	1.0306	2.8728	9.3681	10.5797	1.0362	0.5627	0.5818	0.0782	0.1655	6.9738	2.2734	0.8354	3.4736	2.9007	0.4934	0.1730	0.2614	1.7170	0.4183	1.2875	2.6624	0.8819	4.5578	2.4141	2.3057	1.6108	5.0974	0.7038	0.9506	8.2480	5.2088	1.5741	1.6170	1.3471	1.7821	19.5323	1.0791	0.6172	2.7884	1.1827	1.3700	1.5669	18.3909	2.3491	1.4809	4.4377	6.1719	4.7639	17.3781	14.3586	3.3989	3.3841	12.0943	2.4424	2.0669		
4	AĞRI	1.3704	2.7254	4.2436	0.0000	5.2728	0.6920	2.1816	5.3449	4.5588	3.8197	18.3486	3.7121	1.5796	11.0802	14.6100	1.7482	9.5192	9.5300	3.6297	4.7102	0.8529	10.6484	2.3077	3.0556	0.5122	4.7940	1.5515	2.7298	5.3750	4.8131	2.0006	7.0434	1.6444	0.3679	1.2734	1.7356	6.8968	2.0066	12.9004	9.7907	2.8150	1.3345	5.4639	1.8410	3.3687	2.1254	1.9275	6.1289	1.4170	7.5516	7.0778	1.7407	3.8860	4.3615	1.6361	3.2936	10.6891	2.1369	6.4668	2.1325	1.2996	11.8591	1.1324	11.5998	0.6937	3.2233	5.1997	6.4055	8.2195	12.1686	6.7045	2.1197	3.1794	16.6530	6.0024	2.2249	21.1492	12.8095	18.7531	5.0326	9.9182		
5	AMASYA	1.2599	3.8820	2.7792	5.2856	0.0000	0.3192	1.9373	14.0452	3.7605	2.9467	12.2460	9.6037	8.1602	5.7538	11.2387	1.2219	7.8039	3.4927	0.5867	3.6417	1.9615	8.5116	3.6698	4.3863	2.2462	3.0687	1.8042	2.4496	8.9001	18.4277	2.1411	5.6111	1.4733	0.2550	1.0335	8.8214	2.5656	1.2495	10.2127	4.6309	1.7679	0.9727	3.7502	2.0919	2.7103	2.0094	4.3038	5.0993	6.2948	4.4598	4.8240	1.2567	5.7123	2.6335	0.4125	12.8374	4.4393	1.1194	4.9030	0.5242	1.8508	20.1396	1.8966	8.3165	4.1915	1.0928	3.0060	4.0182	17.9901	9.8473	2.5714	6.6859	10.6293	8.9929	22.4031	19.0565	14.1152	6.1739	22.2033	5.2202	5.5005		
6	ANKARA	0.0870	0.3983	0.1038	0.6562	0.3020	0.0000	0.1038	1.7084	0.2082	0.1616	0.5287	1.1707	0.9273	0.2316	0.5394	0.0590	0.4610	0.1590	0.1341	0.1842	0.2197	0.5560	0.4374	0.7127	0.3067	0.1083	0.1719	0.3935	1.3572	1.8952	0.1783	0.2690	0.0960	0.0148	0.0564	1.0867	0.2142	0.0990	0.6625	0.2411	0.0931	0.0386	0.1554	0.2542	0.1461	0.1942	0.4646	0.2854	0.7344	0.2934	0.3263	0.2159	0.7535	0.1324	0.1137	1.3681	0.6315	0.1921	0.3079	0.1582	0.2575	2.8691	0.1842	0.3748	0.4631	0.1048	0.1429	0.1865	2.6837	0.4980	0.0659	0.7273	1.0929	0.5044	2.7239	2.2715	0.7924	0.3135	2.0972	0.4121	0.2465		
7	ANTALYA	0.2391	1.1280	0.2858	2.1430	1.8984	0.1076	0.0000	6.0605	0.2867	0.3755	1.9328	3.7193	2.6299	2.0201	0.3764	0.2002	1.2219	1.9784	1.0391	0.2069	0.6286	1.8087	1.4537	2.6535	1.0558	0.4759	0.4710	1.6821	4.9674	4.8800	0.4734	0.2005	0.2346	0.0573	0.1048	3.5327	1.6651	0.4625	2.2532	1.7929	0.4027	0.1168	0.4391	0.8790	0.2691	0.5881	1.2238	0.3467	2.2724	1.3756	1.2703	0.9899	2.8409	0.6036	0.6278	3.7985	3.4355	0.8553	1.0877	0.8393	1.0052	9.9912	0.4946	0.7228	1.3165	0.7948	0.9770	0.9263	9.7260	1.2250	1.2728	2.0420	2.8425	3.4547	8.7855	7.2362	2.8200	2.5873	5.5324	1.1123	1.6263		
8	ARTVİN	4.1083	8.9198	11.2302	5.3717	14.0813	1.8106	6.2007	0.0000	12.2397	9.9814	47.5107	11.9378	10.0173	28.3149	40.1949	4.5393	24.9802	24.4772	9.1855	12.6133	2.9905	27.8937	7.1286	9.3310	1.8366	12.6759	4.9623	5.1448	12.9775	23.6422	6.0025	20.0380	4.9046	0.9549	3.4005	4.6934	17.2181	5.8157	33.7701	27.7092	7.2635	3.8206	14.4860	5.5906	8.9923	6.3771	6.7582	16.4609	7.2535	21.7981	20.3888	3.3957	3.1562	11.2298	3.4844	17.4385	23.9908	6.2819	16.8790	5.6759	1.7431	35.7830	3.7291	30.8083	4.7018	9.0838	13.3575	18.4313	25.5917	34.8252	17.4636	9.7652	15.0135	42.2799	6.4627	14.7749	54.7625	32.3344	59.3917	15.1999	25.4257		
9	AYDIN	0.7001	2.8427	0.6282	4.5303	3.7278	0.2182	0.2900	12.1023	0.0000	0.3947	3.9173	8.1487	6.0397	3.8304	1.5358	0.3016	1.4189	3.9366	2.0569	0.2149	1.5067	2.3914	3.2583	5.8714	2.2754	0.9920	1.2398	3.4075	10.6719	10.9829	1.2537	0.8270	0.7314	0.0991	0.0559	7.4547	3.2747	1.1499	3.0062	4.4546	0.6901	0.3578	0.9160	2.0077	0.1795	1.5608	2.9283	0.2007	4.9094	3.5557	3.2992	1.9387	5.7176	1.1524	1.2256	8.7930	6.6657	1.9913	1.4765	1.7546	2.0341	21.8926	1.2416	1.2506	2.9065	1.7431	1.8466	2.5076	20.8355	3.8573	2.5709	4.8001	6.5766	6.7862	18.4828	15.1502	4.3948	5.1144	14.3576	3.0941	3.0913		
10	BALIKESİR	0.6186	2.5104	0.5067	3.7886	2.9157	0.1691	0.3791	9.8509	0.3940	0.0000	1.6183	7.1743	5.3184	2.0027	1.9713	0.0908	0.5691	3.1161	1.6572	0.4331	1.3302	1.3050	2.8682	4.8336	1.8902	0.5378	1.0951	2.7041	8.6842	9.6940	1.1074	0.9830	0.6866	0.0503	0.0656	6.2382	2.2811	1.0114	1.6658	3.5589	0.3000	0.3178	0.4301	1.7671	0.1390	1.3786	2.5854	0.7005	4.3227	3.1432	2.9161	1.5322	4.6113	0.5241	0.9505	7.7621	4.8681	1.6456	0.7831	1.4343	1.6322	18.1407	1.0964	0.8884	2.5596	1.4002	1.0238	2.2173	16.9779	3.4586	2.0234	4.2376	5.8056	4.0396	15.1964	12.7129	1.6682	3.1689	12.6808	2.7335	1.5417		
11	BİLECİK	2.9792	12.1794	1.8633	18.4398	12.2771	0.5603	1.9774	47.5090	3.9616	1.6397	0.0000	34.1274	25.8417	5.7256	9.8339	0.3207	5.6472	11.7823	6.6929	3.3676	6.3914	8.5357	13.3634	22.4169	9.0159	0.8129	5.4369	12.3266	40.7544	50.5520	5.4878	4.9023	3.3017	0.1790	0.8875	30.4177	8.8276	4.2081	10.0475	13.8252	0.8268	1.3680	1.2014	8.0933	2.1691	6.4058	13.2173	5.4560	20.8278	13.4036	13.2736	6.9176	21.8012	0.9678	4.1000	38.1198	20.7050	7.1735	4.3949	6.1690	7.6295	85.8616	5.5221	5.5870	12.5905	5.5784	3.3215	9.4732	79.9541	15.6637	7.2958	20.6402	30.0017	14.5686	74.1272	62.4970	5.3618	11.1550	63.2236	13.3547	3.9037		
12	BİNGÖL	1.8789	3.0713	7.4734	3.7273	9.6196	1.2396	3.8018	11.9269	8.2337	7.2628	34.0974	0.0000	2.7824	21.2768	25.7378	3.2962	18.2644	18.0311	6.7303	8.3956	0.5801	20.9983	1.4071	4.7647	1.0541	8.7631	1.9691	5.7011	11.2170	11.8109	2.7279	12.3220	2.3336	0.7183	2.3354	6.4521	13.0561	3.0284	25.4208	15.5863	5.4620	2.2262	10.0700	1.5691	6.1685	2.5576	1.8608	11.0894	1.3795	11.7972	11.2449	3.6360	8.3559	8.4432	3.2689	5.9128	21.2943	3.4388	12.7031	3.8387	2.7135	8.5057	1.2322	20.8302	2.1082	5.6028	10.0412	10.2701	17.1414	20.3596	11.9095	2.3678	5.9218	32.0417	17.1967	15.3979	41.1903	24.5093	24.9303	6.5452	19.1102		
13	BİTLİS	1.4156	2.3737	5.7188	1.5829	8.1574	0.9799	2.6829	9.9882	6.0905	5.3732	25.7674	2.7768	0.0000	16.4127	19.4567	2.4723	13.3842	14.3009	5.5411	6.2820	0.5486	15.3954	2.1286	5.2830	1.2515	6.6871	1.4638	4.7113	10.1012	5.1401	2.0597	9.3718	1.7348	0.5369	1.7263	4.5118	10.3448	2.6240	18.6638	12.8806	4.1309	1.7653	7.6117	1.8309	4.5667	2.0624	1.4406	8.0150	0.6544	9.9135	9.3094	2.9571	6.7146	6.4138	2.6592	1.3158	16.8704	3.1546	9.3833	3.3346	2.3034	12.9178	0.9639	15.7130	0.6847	4.6612	7.6634	8.4340	16.5316	15.0294	9.5592	1.0572	1.9645	24.6238	12.4875	7.1476	30.9308	19.0349	18.2691	5.0362	14.6472		
14	BOLU	1.8834	7.8192	2.6853	11.1227	5.7619	0.2452	2.0644	28.2819	3.8694	2.0269	5.7191	21.2714	16.4414	0.0000	11.3804	0.6610	6.0197	4.4724	3.0334	3.7226	4.1647	6.2749	8.5812	12.5692	5.2804	2.1572	3.4589	6.7187	23.2834	33.7971	3.5623	5.6793	2.0875	0.1346	0.9082	18.3954	3.3710	2.4794	7.3938	7.6598	0.6442	1.0445	2.5534	5.1353	2.2824	4.0243	8.6764	5.4666	13.1452	7.7699	7.8787	3.7093	12.5982	0.7757	2.0213	25.1726	9.9222	4.2997	3.2509	3.2499	4.3320	49.7022	3.5682	7.4550	8.0622	3.0815	1.3289	5.3520	45.9258	11.7626	3.5956	13.5522	19.9141	4.8609	44.8532	38.2309	6.5921	3.0629	41.2612	8.5571	0.7368		
15	BURDUR	1.9678	8.7035	1.1416	14.6691	11.2568	0.5711	0.3848	40.1563	1.5517	1.9955	9.8248	25.7366	19.4948	11.3827	0.0000	1.0592	7.0340	11.0944	6.0501	0.9571	4.7524	10.8449	10.0743	18.1629	7.2269	2.3201	3.7010	10.8723	34.0022	35.9941	3.7292	0.5385	2.0068	0.3259	0.6018	24.1811	9.6351	3.1661	13.4086	12.2726	2.2081	0.7794	1.9981	6.0996	1.5323	4.6372	9.2463	1.8274	15.7102	9.4157	8.8819	6.1463	18.7053	3.2565	3.7725	28.3253	20.5824	5.8542	6.3842	5.3779	6.6023	69.0275	3.8103	2.8944	9.5001	5.0830	5.6125	6.3402	66.5745	9.3889	7.0573	15.3193	21.1921	20.0549	60.1367	49.5322	15.3780	14.7704	43.2119	8.9496	9.0264		
16	BURSA	0.2884	1.1524	0.2149	1.7067	1.1900	0.0607	0.1990	4.4095	0.2963	0.0894	0.3116	3.2048	2.4087	0.6428	1.0299	0.0000	0.3714	1.1975	0.6671	0.3276	0.6000	0.6648	1.2643	2.1059	0.8396	0.1345	0.5172	1.1643	3.8145	4.6764	0.5226	0.5136	0.3199	0.0155	0.0609	2.8138	0.8809	0.4153	0.8479	1.4017	0.0697	0.1416	0.1678	0.7704	0.1446	0.6129	1.2365	0.4820	1.9471	1.3325	1.3054	0.6554	2.0359	0.1340	0.3942	3.5530	2.0003	0.6955	0.3832	0.6011	0.7150	8.0153	0.5210	0.6130	1.1685	0.5599	0.3541	0.9525	7.4754	1.5722	0.7627	1.9298	2.7896	1.4914	6.8563	5.7670	0.2608	1.1523	5.9995	1.2821	0.4624		
17	ÇANAKKALE	1.7794	6.6974	1.9445	9.5282	7.7923	0.4866	1.2451	24.8793	1.4292	0.5743	5.6246	18.2073	13.3691	6.0024	7.0123	0.3808	0.0000	8.6049	4.3315	1.7391	3.4056	1.6096	7.3451	12.4227	4.7979	1.7766	3.0392	7.0010	22.2036	25.2586	3.0799	3.4998	1.9784	0.0954	0.2879	15.6753	6.2833	2.7092	2.1275	9.7643	0.9979	1.0244	1.9457	4.5583	0.7963	3.6794	6.9164	2.3128	10.9079	8.8556	8.4422	3.9829	11.7516	1.6982	2.5168	19.7183	12.9609	4.3307	0.9003	3.7941	4.1803	46.2071	2.9896	3.9934	6.3979	3.8088	2.9737	6.5068	43.3423	10.6213	5.6845	10.8147	15.3124	11.3826	38.1790	31.8233	6.0226	8.9948	35.0114	7.7331	4.7418		
18	ÇANKIRI	1.6042	6.4820	2.4600	9.5666	3.4976	0.1684	2.0218	24.4488	3.9766	3.1537	11.7691	18.0267	14.3260	4.4724	11.0921	1.2313	8.6298	0.0000	1.3458	3.6843	3.4851	9.1606	6.9540	9.9657	4.4015	2.6557	2.8094	5.3101	18.8733	30.3293	3.1513	5.5352	1.7748	0.2555	1.0849	15.8643	1.5639	1.6904	11.0873	4.3528	1.6485	0.9140	3.4659	4.1574	2.8286	3.1912	7.4295	5.4223	11.3317	5.0693	5.7269	2.8779	10.5852	2.3774	1.4101	21.6646	6.9190	3.0152	5.1957	2.0777	3.5761	40.8957	2.9905	7.9747	7.1261	1.8555	2.6106	4.0445	37.4586	10.5896	1.4103	11.5260	17.5590	7.8029	39.3576	33.3555	13.7793	4.4622	34.1681	7.4326	4.5893		
19	ÇORUM	0.7216	2.6046	1.4314	3.6260	0.5847	0.1413	1.0568	9.1304	2.0678	1.6691	6.6531	6.6961	5.5239	3.0187	6.0197	0.6826	4.3230	1.3393	0.0000	1.9688	1.3047	4.8601	2.4979	3.3479	1.5971	1.5682	1.1378	1.7016	6.5678	12.1363	1.3441	3.0049	0.7983	0.1423	0.5667	6.0346	1.2116	0.6063	5.8229	1.9798	0.9680	0.4955	1.9611	1.4492	1.4827	1.2736	2.8343	2.8100	4.3081	2.1869	2.4673	0.8890	3.7804	1.4304	0.3359	8.3892	3.1590	0.8792	2.7767	0.4990	1.2401	14.5591	1.2334	4.4073	2.7985	0.3535	1.6175	1.9104	13.1603	5.1250	1.0107	4.4010	6.9003	4.7638	15.0280	12.8833	7.8200	3.1759	13.9602	3.2885	2.9322		
20	DENİZLİ	0.6736	2.8563	0.4518	4.6877	3.6155	0.1933	0.2097	12.4906	0.2153	0.4346	3.3349	8.3215	6.2390	3.6907	0.9487	0.3340	1.7291	3.6527	1.9614	0.0000	1.5376	2.8119	3.2906	5.9312	2.3305	0.8213	1.2296	3.4263	10.8599	11.4378	1.2411	0.5280	0.6993	0.1052	0.1079	7.7210	3.1232	1.0951	3.5307	4.1818	0.7245	0.3075	0.7146	2.0092	0.2655	1.5442	2.9900	0.3292	5.0483	3.3227	3.1077	1.9412	5.8456	1.0761	1.2036	9.0736	6.5596	1.9596	1.7399	1.7183	2.0687	22.3370	1.2490	0.7660	3.0226	1.6530	1.8047	2.2923	21.2375	3.4794	2.3463	4.9289	6.7876	6.4906	19.1741	15.7574	4.8748	4.8200	14.2993	3.0199	2.9459		
21	DİYARBAKIR	0.2843	0.3304	1.3564	0.8424	1.9325	0.2288	0.6320	2.9387	1.4974	1.3245	6.2810	0.5706	0.5406	4.0973	4.6746	0.6070	3.3602	3.4288	1.2899	1.5258	0.0000	3.9806	0.2701	1.2883	0.3475	1.6149	0.2480	1.3205	2.8287	2.0144	0.4114	2.2371	0.3604	0.1370	0.4247	1.6271	2.5572	0.5613	4.8210	2.8823	1.0453	0.4031	1.8320	0.2956	1.1218	0.3701	0.1355	1.9593	0.5718	2.1833	2.0797	0.8256	1.9260	1.6181	0.6810	0.7130	4.3011	0.6391	2.4136	0.7140	0.6454	2.9652	0.1254	3.7838	0.4319	1.0364	1.9272	1.8987	4.6264	3.3608	2.1995	0.2201	0.8084	6.2067	4.2319	3.2553	7.8658	4.7657	3.3039	0.9577	3.6727		
22	EDİRNE	2.1802	7.9634	2.9320	10.6684	8.5068	0.5874	1.8448	27.8068	2.4110	1.3182	8.5094	20.9521	15.3922	6.2627	10.8215	0.6823	1.6111	9.1426	4.8742	2.8307	4.0381	0.0000	8.7332	13.7830	5.3511	2.7333	3.6395	7.7437	24.6884	29.8405	3.7421	5.4033	2.4270	0.0789	0.5469	17.5574	6.7761	3.2620	0.6516	11.8327	0.9732	1.4126	3.0953	5.4311	1.4930	4.3911	8.2253	3.6822	12.5560	10.6824	10.1558	4.3980	13.0847	1.7211	2.7580	23.3177	14.1715	5.1296	0.7750	4.2275	4.6447	51.4595	3.5684	6.7798	7.3408	4.5495	3.1404	7.8703	48.2237	14.3362	6.8322	12.8039	18.1603	12.1647	42.7664	35.7022	8.2929	9.5850	42.4586	9.4359	4.8993		
23	ELAZIĞ	0.6409	1.1042	2.8761	2.3062	3.6586	0.4609	1.4790	7.0888	3.2768	2.8900	13.2892	1.4005	2.1229	8.5432	10.0277	1.2942	7.3337	6.9232	2.4989	3.3043	0.2733	8.7116	0.0000	2.0357	0.8361	3.3820	0.6533	2.5928	5.1556	6.4506	0.9260	4.7714	0.8195	0.2944	0.9300	3.9241	5.1988	1.0076	10.5373	5.5073	2.2219	0.8250	3.9238	0.2794	2.4530	0.7794	0.8561	4.4200	1.3735	4.0839	3.9648	1.6121	3.7979	3.4248	1.3406	3.1385	8.7615	1.0541	5.2458	1.2787	1.2380	3.5111	0.5615	8.1330	1.3286	1.9638	4.0606	3.6563	9.8751	7.5658	4.3538	1.3483	3.0115	13.0038	10.2085	8.8765	16.8334	9.8828	8.5924	2.1274	7.7062		
24	ERZİNCAN	1.6006	3.8584	5.1090	3.0652	4.3894	0.7540	2.7098	9.3138	5.9271	4.8886	22.3763	4.7603	5.2886	12.5606	18.1468	2.1639	12.4500	9.9589	3.3619	5.9784	1.3086	13.8005	2.0434	0.0000	0.8809	5.7297	2.0846	2.4568	3.0777	14.4810	2.5995	8.6360	1.9762	0.4542	1.6509	5.2434	7.2292	1.8307	16.6617	9.9902	3.3686	1.4947	6.6796	1.8677	4.3533	2.5677	3.1208	7.9945	3.7275	7.4122	7.1925	1.5980	3.6728	5.1580	1.6165	9.3116	11.6828	1.4309	8.2267	1.6126	1.0405	6.1014	1.7832	14.3903	3.0082	3.0228	6.0718	6.6313	6.9476	13.7071	6.9976	4.5390	8.1578	19.0782	13.8575	12.4760	25.7917	14.2439	25.6510	6.3761	11.4465		
25	ERZURUM	0.6434	1.2474	2.0514	0.5091	2.2272	0.3215	1.0683	1.8163	2.2758	1.8941	8.9168	1.0435	1.2413	5.2282	7.1541	0.8548	4.7642	4.3581	1.5890	2.3275	0.3497	5.3086	0.8315	0.8728	0.0000	2.3106	0.7336	1.0221	1.5893	3.8362	0.9374	3.4305	0.7821	0.1797	0.6349	0.9142	3.1575	0.8739	6.4218	4.4377	1.3574	0.6267	2.6579	0.7237	1.6773	0.9436	0.8741	3.0639	0.7944	3.3746	3.2032	0.6760	1.5154	2.0931	0.6971	2.3709	4.8124	0.8454	3.1986	0.8740	0.4555	3.8037	0.5136	5.6772	0.6956	1.4173	2.4826	2.9190	1.8735	5.7275	3.0645	1.2141	2.1739	7.8907	2.6283	2.5557	10.2778	5.9987	8.9879	2.3181	4.7133		
26	ESKİŞEHİR	0.7290	3.0756	0.3498	4.7813	3.0532	0.1139	0.4832	12.5795	0.9956	0.5408	0.8068	8.7044	6.6556	2.1433	2.3047	0.1374	1.7702	2.6386	1.5657	0.8231	1.6309	2.7210	3.3751	5.6967	2.3185	0.0000	1.3632	3.2213	10.4407	13.1545	1.3740	1.1484	0.8070	0.0646	0.2395	7.8990	2.4949	1.0017	3.2159	3.1574	0.3559	0.3022	0.2327	2.0271	0.6127	1.5934	3.3881	1.3753	5.3438	3.1555	3.1754	1.8035	5.7464	0.4717	1.0568	9.8183	5.7948	1.7519	1.4519	1.4958	2.0057	22.0092	1.3998	1.3316	3.2606	1.2942	1.1620	2.1919	20.7132	3.6341	1.5841	5.2949	7.7515	4.8308	19.6774	16.2816	2.3946	3.6914	15.9037	3.3063	1.5652		
27	GAZİANTEP	0.1189	0.2566	1.0233	1.5340	1.7796	0.1792	0.4741	4.8821	1.2336	1.0917	5.3492	1.9390	1.4443	3.4069	3.6447	0.5238	3.0022	2.7672	1.1261	1.2216	0.2483	3.5919	0.6464	2.0547	0.7298	1.3514	0.0000	1.4710	4.2301	3.1262	0.1668	1.7161	0.1777	0.1199	0.3505	2.7681	2.3165	0.3553	4.3409	2.0524	0.8982	0.2736	1.4297	0.3088	0.9223	0.0852	0.4919	1.6068	1.3527	1.4945	1.2602	0.8740	2.6715	1.3803	0.6408	2.0238	4.1256	0.6007	2.1530	0.6380	0.9204	5.4740	0.1013	2.9668	0.8440	0.8251	1.6314	1.2691	8.1119	2.1765	1.6697	0.9650	1.5199	5.5396	7.0215	5.4617	6.8367	4.2101	0.5954	0.2791	3.0869		
28	GİRESUN	1.0382	3.0187	2.8852	2.7300	2.4438	0.4150	1.7126	5.1196	3.4292	2.7265	12.2665	5.6784	4.7019	6.6935	10.8293	1.1927	6.9949	5.2902	1.7034	3.4430	1.3372	7.7298	2.5946	2.4493	1.0285	3.2300	1.4879	0.0000	2.2951	10.9601	1.7281	5.4087	1.2734	0.2501	0.9484	4.5961	3.6610	1.2313	9.3215	6.2230	1.8337	0.9605	3.7860	1.6878	2.4990	1.6963	2.9412	4.6282	3.5438	4.9055	4.7252	0.1313	1.5344	2.7951	0.4578	7.9052	4.3913	1.0418	4.5786	0.8828	0.3721	11.9715	1.4569	8.1845	2.3452	1.8732	3.2741	4.3398	6.5291	8.8209	3.8053	4.2970	6.6290	10.0807	9.5443	10.2874	14.1388	7.4244	18.0536	4.2836	6.1439		
29	GÜMÜŞHANE	3.1655	8.1179	9.4556	5.4023	8.9236	1.4385	5.0827	12.9785	10.7939	8.7999	40.7589	11.2281	10.1315	23.3123	34.0374	3.9271	22.2953	18.8966	6.6079	10.9674	2.8788	24.7674	5.1849	3.0836	1.6072	10.5215	4.2999	2.3065	0.0000	25.7555	5.1933	16.2757	3.8569	0.8248	2.9913	9.2246	13.5267	3.8893	29.9268	20.2327	6.1652	2.9157	12.3071	4.3159	7.8951	5.2231	6.5686	14.5445	7.3158	15.2573	14.5913	1.7306	3.5666	9.4685	2.2884	17.6782	17.7217	3.5261	14.8303	3.3867	0.7648	20.8002	3.6479	26.4020	5.2269	6.3451	11.1823	13.3502	5.9752	26.6788	13.5352	9.4546	15.2457	34.9463	24.3109	21.8037	46.9800	26.2738	52.0723	12.9563	21.1451		
30	HAKKARİ	2.8627	6.2781	10.6707	4.8340	18.4629	2.0072	4.9895	23.6266	11.1002	9.8159	50.5204	11.8139	5.1517	33.8142	36.0049	4.8109	25.3443	30.3444	12.2014	11.5426	2.0485	29.9140	6.4826	14.4982	3.8764	13.2465	3.1755	11.0069	25.7366	0.0000	4.1760	17.4151	3.4521	1.0675	3.1448	10.2559	21.9274	5.8091	36.3260	27.4419	8.3255	3.3716	14.1023	5.0017	8.3280	4.5416	3.2658	14.5724	5.1278	21.4163	18.6789	6.7864	14.8223	12.9909	5.7863	6.4102	35.3241	7.4407	18.3972	7.5534	5.5382	40.9048	2.2685	29.0341	1.3557	10.1587	15.6034	17.3072	44.7028	28.7914	19.8557	4.8225	3.1681	50.5221	28.6635	14.9123	61.8295	39.5057	38.6547	10.4363	29.9649		
31	HATAY	0.1130	0.5615	1.0294	1.9791	2.1129	0.1860	0.4767	5.9083	1.2480	1.1044	5.4018	2.6875	2.0333	3.5104	3.6742	0.5295	3.0438	3.1054	1.3310	1.2336	0.4121	3.6948	0.9166	2.5634	0.9330	1.3628	0.1669	1.7093	5.1113	4.1131	0.0000	1.7281	0.1723	0.1235	0.3546	3.3745	2.5683	0.4635	4.4622	2.4421	0.9248	0.2731	1.4413	0.4860	0.9329	0.1922	0.8088	1.6251	1.7686	1.6883	1.2453	1.0147	3.0450	1.4215	0.7441	2.8893	4.6972	0.7552	2.2152	0.7813	1.0585	7.1582	0.2525	2.9919	1.1102	1.0002	1.6803	1.2602	9.8039	2.1648	1.9009	1.4595	2.1663	5.7054	8.4945	6.8739	7.0379	4.3375	1.4025	0.3054	3.1800		
32	ISPARTA	0.9055	4.1137	0.5652	7.0450	5.5988	0.2837	0.2042	19.9426	0.8325	0.9913	4.8791	12.2746	9.3545	5.6589	0.5365	0.5262	3.4973	5.5153	3.0086	0.5307	2.2657	5.3944	4.7754	8.6108	3.4522	1.1516	1.7360	5.4095	16.1971	17.3437	1.7474	0.0000	0.9602	0.1620	0.3061	11.6189	4.7913	1.4469	6.6696	5.5681	1.0974	0.3253	0.9910	2.8764	0.7803	2.1720	4.4095	1.1027	7.5204	4.2447	4.0276	3.0580	9.3083	1.6182	1.8766	13.5843	10.2386	2.7331	3.1752	2.6685	3.2854	32.9054	1.8022	1.4331	4.5743	2.4168	2.7908	2.8098	31.7408	4.1095	3.5077	7.3278	10.1642	9.9732	28.9197	23.8514	7.6426	7.3441	20.3198	4.1568	4.4868		
33	İÇEL	0.0308	0.5283	0.5745	1.6169	1.4452	0.0995	0.2349	4.7987	0.7237	0.6807	3.2306	2.2853	1.7023	2.0448	1.9654	0.3222	1.9435	1.7385	0.7858	0.6909	0.3589	2.3821	0.8063	1.9371	0.7737	0.7956	0.1767	1.2521	3.7733	3.3798	0.1713	0.9439	0.0000	0.0768	0.2188	2.7448	1.5026	0.2539	2.8720	1.2004	0.5623	0.1311	0.8375	0.4432	0.5736	0.2101	0.7029	0.9261	1.4785	0.7463	0.4699	0.7434	2.2438	0.8564	0.5076	2.4279	3.1932	0.5437	1.4094	0.5656	0.7785	6.0992	0.2358	1.7479	0.9121	0.5637	1.0024	0.5381	7.4409	0.7982	1.0080	1.2443	1.8195	3.4176	6.8983	5.5744	4.3410	2.5467	2.2465	0.2791	1.8794		
34	İSTANBUL	0.0604	0.2307	0.0675	0.3160	0.2185	0.0134	0.0501	0.8161	0.0857	0.0435	0.1530	0.6145	0.4602	0.1151	0.2788	0.0136	0.0819	0.2186	0.1223	0.0908	0.1191	0.0676	0.2531	0.3889	0.1553	0.0556	0.1042	0.2148	0.7049	0.9129	0.1072	0.1392	0.0671	0.0000	0.0199	0.5211	0.1609	0.0867	0.0760	0.3001	0.0109	0.0362	0.0652	0.1552	0.0499	0.1241	0.2448	0.1304	0.3725	0.2801	0.2716	0.1208	0.3764	0.0233	0.0725	0.7001	0.3675	0.1407	0.0252	0.1128	0.1321	1.4819	0.1041	0.1849	0.2219	0.1169	0.0639	0.2024	1.3817	0.3819	0.1644	0.3815	0.5485	0.2712	1.2698	1.0685	0.1242	0.2092	1.2254	0.2657	0.0821		
35	İZMİR	0.1920	0.7778	0.1591	1.2196	0.9875	0.0569	0.1022	3.2406	0.0539	0.0634	0.8458	2.2276	1.6499	0.8665	0.5740	0.0597	0.2755	1.0351	0.5433	0.1039	0.4119	0.5228	0.8913	1.5762	0.6118	0.2300	0.3395	0.9082	2.8505	2.9989	0.3433	0.2931	0.2131	0.0222	0.0000	2.0071	0.8650	0.3156	0.6612	1.1736	0.1484	0.0991	0.2004	0.5495	0.0113	0.4274	0.8005	0.1262	1.3415	0.9768	0.9059	0.5164	1.5284	0.2507	0.3253	2.4022	1.7701	0.5330	0.3192	0.4656	0.5433	5.8839	0.3397	0.2580	0.7937	0.4600	0.4252	0.6896	5.5668	1.0761	0.6742	1.3118	1.7967	1.6115	4.9772	4.0810	0.9141	1.2765	3.9305	0.8480	0.6898		
36	KARS	2.3403	5.0169	7.0246	1.7409	8.8266	1.1494	3.6072	4.6842	7.5245	6.3084	30.3590	6.4453	4.5161	18.3806	24.1567	2.8909	15.7079	15.8514	6.0590	7.7815	1.6525	17.5777	3.9384	5.2427	0.9226	7.9438	2.8081	4.6096	9.2058	10.2425	3.4216	11.6515	2.7999	0.6085	2.1020	0.0000	11.4706	3.3509	21.2979	16.2973	4.6607	2.2147	9.0395	3.1194	5.5615	3.6090	3.7706	10.1146	3.0860	12.5848	11.7829	2.9321	4.2235	7.2244	2.7370	8.2320	17.8026	3.5947	10.6826	3.5779	1.9142	20.2204	2.0940	19.1804	1.7759	5.3788	8.6167	10.6576	14.2476	20.1907	11.1522	5.1180	7.3213	27.6151	2.9127	3.5289	34.9928	21.2633	33.6978	8.6318	16.4429		
37	KASTAMONU	1.3815	5.2773	2.2882	6.9125	2.5652	0.2264	1.6989	17.1713	3.3029	2.3051	8.8039	13.0326	10.3468	3.3658	9.6182	0.9044	6.2916	1.5615	1.2156	3.1454	2.5952	6.7788	5.2138	7.2229	3.1841	2.5072	2.3482	3.6690	13.4890	21.8823	2.6022	4.8012	1.5316	0.1878	0.9052	11.4620	0.0000	1.6133	8.0948	4.7963	1.2189	0.8497	3.1343	3.1320	2.3656	2.7153	5.5145	4.4883	8.1873	5.0066	5.3300	1.9814	7.3973	1.7630	0.9494	16.0384	3.1027	2.3295	3.8005	1.6413	2.4912	29.5983	2.4424	7.0429	5.1441	1.6051	1.6302	3.9735	27.1196	9.3487	2.1146	8.5537	12.9903	3.6593	27.7132	24.0895	10.1477	1.8425	28.2436	6.2636	3.4290		
38	KAYSERİ	0.2337	0.9092	0.8323	1.9907	1.2366	0.1036	0.4671	5.7410	1.1480	1.0117	4.1542	2.9923	2.5979	2.4504	3.1284	0.4220	2.6852	1.6706	0.6021	1.0917	0.5638	3.2301	1.0003	1.8106	0.8723	0.9964	0.3565	1.2215	3.8391	5.7383	0.4648	1.4351	0.2562	0.1001	0.3269	3.3144	1.5969	0.0000	3.8842	0.6868	0.7124	0.1800	1.2250	0.5184	0.8559	0.3535	1.2480	1.5604	1.9883	0.3392	0.4773	0.7281	2.4579	1.0727	0.4852	3.8344	3.3601	0.3369	1.8836	0.4169	0.8225	7.9328	0.4406	2.5691	1.3577	0.3326	1.2397	0.5112	7.6786	1.6916	0.8359	1.9664	3.1455	4.2492	8.3836	7.0884	5.5966	3.0846	4.6723	1.0552	2.2962		
39	KIRKLARELİ	2.6317	9.6428	3.4987	12.9388	10.2182	0.7008	2.3006	33.7019	3.0342	1.6845	10.0275	25.3927	18.6805	7.3875	13.3944	0.8711	2.1318	11.0778	5.8462	3.5582	4.8960	0.6523	10.5751	16.6588	6.4803	3.2340	4.4034	9.3485	29.8642	36.2766	4.5242	6.6880	2.9294	0.0888	0.6924	21.2968	8.1005	3.9268	0.0000	14.2018	1.1274	1.6966	3.6757	6.5701	1.8892	5.3079	9.9790	4.6191	15.2299	12.8485	12.2307	5.3061	15.8360	2.0055	3.3177	28.3076	17.0328	6.1879	0.8220	5.0903	5.6169	62.2851	4.3229	8.5428	8.9161	5.4648	3.7228	9.4544	58.3478	17.2607	8.1738	15.5353	22.0563	14.4901	51.8762	43.3322	9.6987	11.4041	51.3987	11.4032	5.7557		
40	KIRŞEHİR	1.1153	5.0349	2.9249	9.8308	4.6386	0.2553	1.8327	27.6840	4.5011	3.6028	13.8132	15.5864	12.9065	7.6618	12.2732	1.4417	9.7950	4.3540	1.9899	4.2191	2.9305	11.8589	5.5332	9.9997	4.4831	3.1787	2.0842	6.2480	20.2129	27.4351	2.4788	5.5896	1.2257	0.3508	1.2304	16.3146	4.8050	0.6951	14.2177	0.0000	2.4080	0.6474	4.0695	3.0607	3.2126	2.2334	6.3345	6.1285	10.0516	1.6151	2.7338	3.4140	12.1303	3.5716	1.7787	19.0460	12.6068	2.4039	6.8008	2.1191	4.1290	41.4961	2.3779	9.2667	6.5942	0.9021	4.0566	1.5276	40.1135	7.2599	1.6207	9.9477	15.4178	14.0068	41.0413	34.4121	19.3473	9.7987	26.2263	5.5271	7.3862		
41	KOCAELİ	0.5098	2.0060	0.4905	2.7866	1.7459	0.0972	0.4059	7.1546	0.6874	0.2994	0.8145	5.3849	4.0808	0.6353	2.1771	0.0707	0.9869	1.6257	0.9593	0.7207	1.0478	0.9616	2.2009	3.3242	1.3520	0.3532	0.8992	1.8151	6.0723	8.2060	0.9255	1.0862	0.5661	0.0126	0.1534	4.5999	1.2039	0.7108	1.1128	2.3741	0.0000	0.2893	0.4316	1.3378	0.3777	1.0621	2.1639	1.0713	3.2880	2.2742	2.2375	1.0145	3.2578	0.0557	0.5895	6.2227	2.9580	1.1792	0.4437	0.9268	1.1350	12.8363	0.9088	1.3778	1.9801	0.9337	0.4069	1.6185	11.9293	3.1368	1.2440	3.3755	4.8938	1.9103	11.2114	9.4800	0.4390	1.4416	10.6297	2.2684	0.3841		
42	KONYA	0.1188	0.6787	0.1694	1.3015	0.9463	0.0397	0.1159	3.7076	0.3512	0.3125	1.3276	2.1624	1.7181	1.0147	0.7570	0.1414	0.9982	0.8880	0.4838	0.3013	0.3981	1.3751	0.8050	1.4532	0.6150	0.2955	0.2699	0.9367	2.8292	3.2740	0.2693	0.3172	0.1301	0.0412	0.1009	2.1534	0.8268	0.1769	1.6498	0.6288	0.2850	0.0000	0.3044	0.4663	0.2610	0.3337	0.7764	0.4797	1.3591	0.4441	0.4521	0.5520	1.6815	0.4244	0.3282	2.4858	1.8933	0.4087	0.7918	0.4189	0.5836	5.7772	0.2989	0.6511	0.8595	0.3344	0.5233	0.2306	5.5786	0.3020	0.4844	1.3175	1.8610	1.7995	5.3894	4.4834	1.9915	1.2859	3.2224	0.5946	0.9623		
43	KÜTAHYA	0.7681	3.3924	0.2620	5.4534	3.7339	0.1636	0.4461	14.3863	0.9200	0.4328	1.1931	10.0099	7.5814	2.5388	1.9863	0.1716	1.9402	3.4460	1.9593	0.7166	1.8515	3.0837	3.9187	6.6459	2.6691	0.2329	1.4432	3.7785	12.2216	14.0146	1.4543	0.9889	0.8501	0.0757	0.2089	8.9950	3.1212	1.2324	3.6578	4.0452	0.4352	0.3115	0.0000	2.3728	0.5286	1.8084	3.6022	1.2788	6.1099	3.6795	3.4698	2.1250	6.6298	0.5909	1.2726	11.0316	6.9614	2.1020	1.6630	1.8074	2.3258	25.4286	1.4851	0.9221	3.6943	1.6327	1.3525	2.4799	23.9666	3.7873	2.1325	5.9671	8.2535	5.5391	22.3930	18.4740	2.9506	4.3073	16.8479	3.4917	1.8847		
44	MALATYA	0.3402	0.4796	1.7159	1.8321	2.0767	0.2667	0.8905	5.5359	2.0106	1.7730	8.0144	1.5552	1.8183	5.0909	6.0457	0.7854	4.5320	4.1215	1.4437	2.0091	0.2979	5.3947	0.2782	1.8528	0.7246	2.0227	0.3108	1.6795	4.2733	4.9560	0.4889	2.8618	0.4485	0.1798	0.5709	3.0950	3.1098	0.5200	6.5190	3.0334	1.3449	0.4758	2.3659	0.0000	1.5041	0.3598	0.7936	2.7153	1.2620	2.2021	2.1790	1.0201	2.9124	2.0660	0.7838	2.6864	5.2480	0.5290	3.2314	0.6934	0.9851	4.0265	0.3003	4.9122	1.0634	1.1154	2.4406	2.0293	8.1893	4.3754	2.4796	1.2428	2.4497	7.9379	7.9679	6.8378	10.2448	5.9918	4.3277	1.0681	4.6160		
45	MANİSA	0.5199	2.1173	0.4155	3.3321	2.6743	0.1524	0.2710	8.8503	0.1787	0.1386	2.1349	6.0766	4.5076	2.2490	1.5095	0.1465	0.7869	2.7871	1.4681	0.2639	1.1235	1.4740	2.4278	4.2924	1.6692	0.6077	0.9226	2.4716	7.7698	8.2018	0.9328	0.7716	0.5770	0.0575	0.0116	5.4844	2.3345	0.8533	1.8631	3.1647	0.3774	0.2648	0.5238	1.4950	0.0000	1.1613	2.1837	0.3882	3.6628	2.6351	2.4463	1.4044	4.1688	0.6408	0.8825	6.5620	4.7982	1.4464	0.9010	1.2624	1.4807	16.0452	0.9249	0.6520	2.1703	1.2421	1.1108	1.8557	15.1772	2.8922	1.8115	3.5809	4.9081	4.2390	13.6034	11.1579	2.2928	3.3523	10.6873	2.2999	1.7809		
46	KAHRAMANMARAŞ	0.1382	0.3613	1.2839	2.1104	1.9904	0.2033	0.5945	6.3007	1.5596	1.3802	6.3292	2.5292	2.0436	3.9807	4.5860	0.6234	3.6500	3.1566	1.2659	1.5407	0.3721	4.3520	0.7744	2.5416	0.9426	1.5864	0.0855	1.6843	5.1601	4.4901	0.1929	2.1562	0.2122	0.1435	0.4431	3.5728	2.6901	0.3538	5.2549	2.2086	1.0653	0.3398	1.7991	0.3590	1.1658	0.0000	0.7893	2.0306	1.7479	1.5697	1.5437	1.0015	3.1620	1.6320	0.7342	2.8769	4.8250	0.6279	2.5960	0.6887	1.0809	6.6961	0.2066	3.7349	1.1683	0.9015	1.9220	1.4884	10.1065	2.6896	1.8633	1.3991	2.2683	6.5362	9.0618	7.4565	8.1511	4.9328	1.6770	0.2995	3.6251		
47	MARDİN	0.5634	0.9311	2.6666	1.9224	4.2821	0.4886	1.2426	6.7069	2.9391	2.5998	13.1174	1.8483	1.4338	8.6206	9.1849	1.2632	6.8917	7.3817	2.8298	2.9965	0.1368	8.1884	0.8544	3.1029	0.8771	3.3882	0.4962	2.9333	6.5182	3.2432	0.8155	4.3970	0.7130	0.2842	0.8336	3.7494	5.4875	1.2546	9.9233	6.2921	2.1802	0.7940	3.5996	0.7954	2.2019	0.7929	0.0000	3.8460	1.5269	4.8059	4.1492	1.8214	4.2685	3.3814	1.4833	1.7117	9.2212	1.4943	4.9814	1.6186	1.4509	7.7793	0.2556	7.4338	1.0108	2.2959	4.0356	3.9436	10.9446	6.6242	4.7330	0.6402	1.1167	13.1263	9.6535	7.2263	16.3534	10.1297	6.5853	1.9034	7.7053		
48	MUĞLA	0.9108	3.7234	0.8832	6.1119	5.0728	0.3001	0.3520	16.3335	0.2014	0.7043	5.4140	11.0136	7.9761	5.4306	1.8150	0.4923	2.3042	5.3865	2.8051	0.3299	1.9784	3.6652	4.4104	7.9473	3.0741	1.3751	1.6206	4.6151	14.4308	14.4691	1.6382	1.0994	0.9392	0.1513	0.1314	10.0561	4.4657	1.5684	4.5926	6.0866	1.0792	0.4905	1.2777	2.7209	0.3913	2.0393	3.8454	0.0000	6.6291	4.8612	4.5060	2.6272	7.7266	1.6522	1.6650	11.5667	9.0536	2.7047	2.2764	2.3847	2.7508	29.5931	1.6266	1.7821	3.9031	2.3788	2.6044	3.4374	28.1678	5.2641	3.5249	6.3092	8.6514	9.2510	24.9271	20.4253	6.9974	6.9849	18.7793	4.0342	4.4000		
49	MUŞ	1.2299	2.2722	4.5822	1.4185	6.2866	0.7753	2.3160	7.2255	4.9459	4.3631	20.7479	1.3754	0.6537	13.1096	15.6644	1.9966	10.9097	11.3010	4.3173	5.0781	0.5796	12.5465	1.3759	3.7200	0.8001	5.3639	1.3696	3.5475	7.2870	5.1114	1.7899	7.5271	1.5053	0.4342	1.4023	3.0801	8.1778	2.0064	15.2016	10.0218	3.3252	1.3951	6.1284	1.2695	3.7072	1.7622	1.5327	6.6550	0.0000	7.6655	7.2383	2.2449	5.0530	5.1538	2.0660	2.0899	13.3137	2.3637	7.6241	2.5474	1.7110	8.3418	0.9290	12.6611	0.7780	3.6176	6.1467	6.5775	11.5402	12.7385	7.5196	1.4612	2.4009	19.6970	8.7890	7.0438	24.9680	15.1641	16.9449	4.3841	11.7287		
50	NEVŞEHİR	0.6969	3.7291	2.4322	7.5762	4.4634	0.3104	1.4049	21.7601	3.5898	3.1793	13.3806	11.7874	9.9250	7.7653	9.4083	1.3694	8.8760	5.0663	2.1963	3.3495	2.2179	10.6971	4.0997	7.4129	3.4063	3.1741	1.5165	4.9211	15.2295	21.3931	1.7122	4.2576	0.7614	0.3272	1.0232	12.5876	5.0114	0.3430	12.8521	1.6138	2.3048	0.4568	3.6985	2.2200	2.6728	1.5860	4.8342	4.8906	7.6819	0.0000	1.0579	2.8885	9.4987	3.4565	1.7345	14.6473	11.9252	1.6474	6.2078	1.8386	3.2191	31.3358	1.7765	7.7608	5.1125	1.2494	3.9758	0.8504	30.3056	5.0040	2.3888	7.6006	11.9138	13.6546	31.7284	26.6841	18.2199	9.8156	19.3376	3.6512	7.3308		
51	NİĞDE	0.4429	3.4272	2.3217	7.0968	4.8252	0.3450	1.2966	20.3417	3.3289	2.9479	13.2434	11.2291	9.3150	7.8697	8.8699	1.3407	8.4569	5.7203	2.4764	3.1310	2.1114	10.1640	3.9778	7.1892	3.2314	3.1924	1.2779	4.7376	14.5566	18.6481	1.2622	4.0376	0.4791	0.3171	0.9484	11.7789	5.3321	0.4824	12.2272	2.7300	2.2663	0.4648	3.4858	2.1955	2.4798	1.5588	4.1713	4.5306	7.2497	1.0573	0.0000	2.8179	8.9656	3.4192	1.8012	13.7462	11.9934	1.7147	5.9405	1.9015	3.0572	29.8910	1.5172	7.3027	4.7634	1.5682	3.9598	1.2208	28.8965	3.1055	2.9801	7.1746	10.3413	13.5608	29.6376	24.8585	17.7536	9.8883	15.6052	2.5347	7.3498		
52	ORDU	0.6135	1.8114	1.6090	1.7314	1.2469	0.2265	1.0023	3.3607	1.9405	1.5365	6.8467	3.6019	2.9352	3.6754	6.0889	0.6678	3.9579	2.8516	0.8851	1.9401	0.8315	4.3664	1.6045	1.5845	0.6765	1.7987	0.8792	0.1306	1.7127	6.7210	1.0203	3.0410	0.7520	0.1399	0.5363	2.9076	1.9663	0.7299	5.2621	3.3819	1.0194	0.5630	2.1177	1.0196	1.4123	1.0032	1.8164	2.6205	2.2305	2.8637	2.7953	0.0000	1.0874	1.5499	0.2121	4.8986	2.2739	0.6443	2.5773	0.4355	0.2885	7.5238	0.8722	4.5909	1.4542	0.9992	1.8103	2.5350	4.5340	5.2085	2.0548	2.6714	4.0838	5.5445	6.1124	6.4427	7.8917	4.0532	10.6625	2.5308	3.3879		
53	RİZE	1.9006	5.2024	5.1313	3.8954	5.7122	0.7965	2.8991	3.1481	5.7677	4.6604	21.7458	8.3420	6.7169	12.5804	18.6750	2.0904	11.7689	10.5703	3.7934	5.8878	1.9549	13.0918	3.8094	3.6701	1.5284	5.7755	2.7084	1.5380	3.5572	14.7939	3.0857	9.3288	2.2874	0.4392	1.5997	4.2209	7.3984	2.4834	15.8272	12.1100	3.2989	1.7283	6.6585	2.9336	4.2249	3.1921	4.2901	7.7668	5.0596	9.4908	8.9632	1.0958	0.0000	5.0758	1.3231	11.2992	9.8721	2.5013	7.8613	2.2396	0.2923	17.7046	2.3194	14.2427	3.1137	3.8674	6.0064	8.1456	9.8753	15.7813	7.5605	6.2735	9.4790	18.8380	7.6710	11.1323	25.0650	14.2315	32.3294	7.8027	11.3787		
54	SAKARYA	0.7820	3.1127	0.7044	4.3467	2.6182	0.1391	0.6124	11.1361	1.1558	0.5266	0.9597	8.3804	6.3788	0.7701	3.2324	0.1368	1.6909	2.3603	1.4270	1.0776	1.6329	1.7121	3.4153	5.1244	2.0988	0.4713	1.3913	2.7854	9.3888	12.8910	1.4321	1.6124	0.8680	0.0270	0.2609	7.1782	1.7530	1.0776	1.9928	3.5450	0.0561	0.4337	0.5901	2.0690	0.6457	1.6380	3.3788	1.6512	5.1307	3.4336	3.3986	1.5529	5.0464	0.0000	0.8907	9.7357	4.4499	1.8040	0.8210	1.4066	1.7531	19.8892	1.4124	2.0025	3.1025	1.4002	0.5435	2.4281	18.4609	4.7588	1.8212	5.2722	7.6667	2.7002	17.4972	14.8216	1.1062	2.0144	16.4792	3.4951	0.4014		
55	SAMSUN	0.4477	1.3709	0.9450	1.6196	0.4074	0.1187	0.6327	3.4320	1.2208	0.9486	4.0385	3.2227	2.6269	1.9932	3.7193	0.3997	2.4889	1.3905	0.3329	1.1971	0.6826	2.7250	1.3279	1.5951	0.6942	1.0488	0.6415	0.4531	2.2538	5.7030	0.7446	1.8572	0.5110	0.0835	0.3362	2.7011	0.9377	0.4841	3.2744	1.7535	0.5895	0.3331	1.2621	0.7796	0.8832	0.7319	1.4722	1.6528	2.0428	1.7114	1.7782	0.2111	1.3066	0.8846	0.0000	4.2900	0.8307	0.5099	1.5827	0.3168	0.4030	6.9781	0.6578	2.7731	1.2761	0.4640	1.0184	1.4365	5.2377	3.3248	1.0128	2.2802	3.5146	3.0339	5.8673	5.8189	4.6549	2.1291	7.7810	1.8467	1.8792		
56	SİİRT	2.0163	3.2853	8.3155	3.3066	12.8568	1.4484	3.8822	17.4200	8.8833	7.8566	38.0807	5.9119	1.3182	25.1752	28.3225	3.6537	19.7773	21.6668	8.4308	9.1531	0.7248	23.3658	3.1528	9.3190	2.3948	9.8830	2.0548	7.9358	17.6581	6.4077	2.9323	13.6348	2.4788	0.8182	2.5181	8.2395	16.0650	3.8802	28.3347	19.0431	6.3108	2.5589	11.0962	2.7101	6.6603	2.9087	1.7230	11.6446	2.0958	14.6573	13.7634	4.9442	11.3163	9.8072	4.3509	0.0000	26.9749	4.6658	14.2639	4.9437	3.9271	24.2132	1.3283	22.8773	1.5951	6.8914	11.7292	12.4687	29.6765	21.6309	14.1309	1.0061	1.4506	37.9706	22.2722	13.5938	47.1827	29.4249	25.7829	7.1381	22.4378		
57	SİNOP	2.9227	8.9029	5.2544	10.7373	4.4485	0.6690	3.5132	23.9788	6.7380	4.9302	20.6954	21.3032	16.9112	9.9288	20.5919	2.0581	13.0070	6.9236	3.1764	6.6208	4.3747	14.2087	8.8064	11.6986	4.8636	5.8363	4.1913	4.4108	17.7115	35.3298	4.7698	10.2824	3.2620	0.4298	1.8565	17.8288	3.1096	3.4022	17.0587	12.6120	3.0015	1.9501	7.0061	5.2973	4.8728	4.8811	9.2871	9.1197	13.3588	11.9401	12.0152	2.2964	9.8927	4.4852	0.8430	26.9902	0.0000	3.9679	8.2126	2.8127	3.2373	48.1887	4.2028	15.3716	8.1029	3.7179	4.6162	9.5765	38.9601	20.3966	6.5722	14.4049	21.8459	12.4440	39.5352	37.6959	23.8542	8.2606	50.1863	12.0111	9.4356		
58	SİVAS	0.4237	1.2152	1.5754	2.1297	1.1130	0.2019	0.8677	6.2296	1.9971	1.6535	7.1140	3.4133	3.1375	4.2689	5.8110	0.7100	4.3120	2.9935	0.8771	1.9624	0.6450	5.1028	1.0511	1.4216	0.8477	1.7506	0.6055	1.0382	3.4965	7.3836	0.7609	2.7233	0.5511	0.1632	0.5546	3.5718	2.3164	0.3384	6.1488	2.3861	1.1872	0.4176	2.0989	0.5298	1.4574	0.6302	1.4932	2.7031	2.3531	1.6366	1.7044	0.6456	2.4868	1.8040	0.5134	4.6318	3.9369	0.0000	3.0097	0.2388	0.7924	7.3567	0.6305	4.6016	1.6818	0.6006	2.1059	1.6272	7.1468	3.8622	1.7427	2.3252	3.9607	6.5317	9.1445	7.8721	9.1990	4.7748	7.7408	1.7760	3.9386		
59	TEKİRDAĞ	1.2864	4.7791	1.6215	6.4577	4.8842	0.3243	1.1057	16.7712	1.4837	0.7884	4.3670	12.6336	9.3506	3.2339	6.3496	0.3920	0.8982	5.1685	2.7756	1.7458	2.4404	0.7725	5.2416	8.1893	3.2136	1.4537	2.1744	4.5718	14.7345	18.2918	2.2362	3.1700	1.4313	0.0293	0.3328	10.6354	3.7866	1.8959	0.8184	6.7635	0.4476	0.8107	1.6638	3.2425	0.9096	2.6107	4.9875	2.2795	7.6049	6.1789	5.9163	2.5874	7.8312	0.8226	1.5966	14.1879	8.1642	3.0156	0.0000	2.4602	2.7679	30.8120	2.1470	4.1630	4.4783	2.6121	1.6708	4.5206	28.8190	8.3394	3.8347	7.7676	11.0762	6.6581	25.9095	21.6968	4.0584	5.2108	25.4442	5.6024	2.4670		
60	TOKAT	0.4491	1.3957	1.3468	2.1230	0.5206	0.1661	0.8506	5.6225	1.7578	1.4396	6.1112	3.8060	3.3129	3.2230	5.3324	0.6130	3.7737	2.0606	0.4973	1.7189	0.7197	4.2008	1.2738	1.6003	0.8754	1.4931	0.6424	0.8788	3.3546	7.4873	0.7863	2.6561	0.5727	0.1307	0.4839	3.5512	1.6303	0.4184	5.0526	2.1011	0.9321	0.4276	1.8028	0.6936	1.2706	0.6905	1.6157	2.3807	2.5332	1.8245	1.8880	0.4359	2.2243	1.4051	0.3187	4.9024	2.7876	0.2386	2.4527	0.0000	0.7064	7.7351	0.6991	3.9691	1.7202	0.5056	1.6257	1.7434	6.8357	3.9982	1.4004	2.5125	4.1179	4.9718	9.0532	7.7445	7.3111	3.5492	8.0690	1.8723	3.0146		
61	TRABZON	0.6495	1.7648	1.7778	1.2909	1.8341	0.2697	1.0165	1.7229	2.0334	1.6346	7.5414	2.6845	2.2834	4.2868	6.5321	0.7275	4.1486	3.5388	1.2332	2.0649	0.6492	4.6053	1.2306	1.0303	0.4553	1.9977	0.9247	0.3696	0.7559	5.4776	1.0629	3.2628	0.7864	0.1528	0.5635	1.8958	2.4690	0.8236	5.5631	4.0849	1.1389	0.5944	2.3148	0.9833	1.4870	1.0813	1.4451	2.7401	1.6978	3.1874	3.0287	0.2881	0.2896	1.7474	0.4044	3.8857	3.2014	0.7898	2.7535	0.7049	0.0000	5.4514	0.7891	4.9677	1.1515	1.2830	2.0615	2.7616	2.5838	5.4329	2.5352	2.1009	3.2890	6.4300	3.6451	4.7684	8.6925	4.8215	11.0987	2.6706	3.8942		
62	TUNCELİ	5.0176	9.9973	19.7419	11.9359	20.2207	3.0451	10.2371	35.8350	22.1733	18.4079	85.9895	8.5259	12.9743	49.8325	69.1943	8.2632	46.4620	41.0027	14.6681	22.5893	3.0218	51.6955	3.5360	6.1215	3.8517	22.2101	5.5720	12.0481	20.8289	40.9913	7.2830	33.1108	6.2429	1.7364	6.1832	20.2897	29.7220	8.0477	62.5019	41.5942	13.0507	5.9620	25.6420	4.0722	16.3265	6.7872	7.8502	29.8673	8.3864	31.4362	30.0038	7.6131	17.7761	20.0857	7.0950	24.2742	48.2828	7.4293	31.0551	7.8199	5.5233	0.0000	4.7134	54.8991	8.1269	13.1081	23.7755	27.4222	39.8438	54.5354	28.8272	11.1718	22.2191	75.3362	53.0948	47.1564	99.1145	57.0004	70.2260	17.4308	45.0534		
63	ŞANLIURFA	0.1758	0.1657	1.0689	1.1170	1.8663	0.1916	0.4967	3.6601	1.2325	1.0904	5.4201	1.2105	0.9488	3.5062	3.7433	0.5264	2.9462	2.9385	1.2179	1.2380	0.1252	3.5133	0.5542	1.7534	0.5097	1.3844	0.1011	1.4370	3.5801	2.2280	0.2518	1.7773	0.2365	0.1195	0.3499	2.0593	2.4037	0.4381	4.2515	2.3360	0.9055	0.3023	1.4677	0.2976	0.9223	0.2052	0.2528	1.6089	0.9153	1.7467	1.4925	0.8650	2.2824	1.3979	0.6555	1.3051	4.1271	0.6240	2.1208	0.6927	0.7836	4.6194	0.0000	3.0384	0.6018	0.9232	1.6601	1.4553	6.1152	2.4674	1.8219	0.5729	0.9824	5.6261	5.2662	4.0814	6.8434	4.3168	1.6279	0.5311	3.1554		
64	UŞAK	1.6107	7.0593	0.6218	11.6354	8.3218	0.3964	0.7381	30.7489	1.2624	0.8985	5.5764	20.8090	15.7285	7.4493	2.8916	0.6298	4.0018	7.9685	4.4253	0.7720	3.8430	6.7879	8.1629	14.3892	5.7295	1.3392	3.0098	8.2090	26.3491	28.9972	3.0338	1.4372	1.7830	0.2159	0.2702	19.1812	7.0484	2.5975	8.5436	9.2573	1.3960	0.6696	0.9267	4.9512	0.6612	3.7730	7.4762	1.7925	12.6858	7.7594	7.3055	4.6297	14.2519	2.0154	2.8100	22.8574	15.3496	4.6313	4.1817	3.9991	5.0162	54.7137	3.0897	0.0000	7.6553	3.7046	3.7591	5.2538	51.6172	8.0414	5.0095	12.3734	17.1007	14.6506	47.7061	39.2985	9.6542	10.7212	35.1108	7.3024	5.7973		
65	VAN	0.7653	1.4673	2.7856	0.6901	4.1596	0.4858	1.3333	4.6541	2.9096	2.5672	12.4633	2.0887	0.6798	7.9897	9.4128	1.1907	6.3588	7.0620	2.7868	3.0213	0.4351	7.2891	1.3225	2.9832	0.6963	3.2523	0.8492	2.3328	5.1735	1.3428	1.1164	4.5496	0.9228	0.2570	0.8244	1.7613	5.1058	1.3615	8.8436	6.5332	1.9898	0.8767	3.6821	1.0630	2.1828	1.1704	1.0082	3.8937	0.7731	5.0695	4.7260	1.4544	3.0900	3.0968	1.2825	1.5806	8.0247	1.6787	4.4614	1.7189	1.1531	8.0329	0.6069	7.5923	0.0000	2.3720	3.7095	4.2644	8.6745	7.6950	4.7774	1.0433	1.6119	11.9631	5.2793	2.0984	14.8414	9.2991	10.3362	2.7904	7.1062		
66	YOZGAT	0.5183	1.9883	1.1850	3.2160	1.0876	0.1102	0.8073	9.0178	1.7501	1.4085	5.5381	5.5672	4.6408	3.0627	5.0510	0.5722	3.7965	1.8441	0.3530	1.6571	1.0470	4.5306	1.9605	3.0064	1.4227	1.2947	0.8326	1.8688	6.2985	10.0916	1.0087	2.4107	0.5719	0.1357	0.4792	5.3503	1.5977	0.3345	5.4361	0.8964	0.9410	0.3421	1.6321	1.1182	1.2529	0.9058	2.2966	2.3800	3.6053	1.2425	1.5604	1.0022	3.8492	1.4018	0.4677	6.8486	3.6927	0.6012	2.6098	0.5067	1.2886	12.9940	0.9337	3.6848	2.3789	0.0000	1.6000	1.1360	12.5736	3.6083	0.7451	3.5677	5.6694	5.2600	13.5159	11.4055	7.5134	3.6735	10.3877	2.4209	2.9279		
67	ZONGULDAK	0.9175	3.6980	1.3741	5.1930	2.9948	0.1505	0.9933	13.2738	1.8559	1.0309	3.3008	9.9874	7.6376	1.3222	5.5826	0.3622	2.9671	2.5973	1.6171	1.8110	1.9489	3.1305	4.0578	6.0449	2.4946	1.1635	1.6478	3.2697	11.1114	15.5158	1.6964	2.7865	1.0181	0.0744	0.4433	8.5796	1.6244	1.2479	3.7069	4.0348	0.4105	0.5359	1.3533	2.4492	1.1216	1.9332	4.0410	2.6083	6.1319	3.9578	3.9441	1.8177	5.9842	0.5447	1.0275	11.6681	4.5895	2.1103	1.6710	1.6308	2.0726	23.5922	1.6808	3.7427	3.7240	1.6017	0.0000	2.7786	21.8686	5.8576	2.0246	6.3074	9.2013	1.0876	20.9151	17.7504	3.8046	1.7297	19.5588	4.1207	0.8164		
68	AKSARAY	0.5028	3.3360	1.5767	6.4181	4.0164	0.1970	0.9448	18.3756	2.5284	2.2399	9.4449	10.2485	8.4331	5.3421	6.3272	0.9776	6.5134	4.0370	1.9161	2.3078	1.9263	7.8711	3.6658	6.6235	2.9426	2.2020	1.2861	4.3480	13.3089	17.2664	1.2764	2.8147	0.5483	0.2361	0.7215	10.6463	3.9722	0.5163	9.4449	1.5244	1.6382	0.2369	2.4895	2.0432	1.8798	1.5019	3.9618	3.4538	6.5831	0.8493	1.2199	2.5537	8.1420	2.4412	1.4541	12.4443	9.5523	1.6360	4.5359	1.7546	2.7855	27.2997	1.4782	5.2480	4.2951	1.1408	2.7877	0.0000	26.3856	3.0446	1.9216	6.5157	9.6777	9.6033	26.7618	22.4129	13.0722	6.7973	15.5395	2.6849	5.1033		
69	BAYBURT	6.2651	15.0115	18.5872	8.2722	18.0615	2.8482	9.9648	25.6275	21.1015	17.2270	80.0688	17.1811	16.6030	46.0436	66.7317	7.7062	43.5790	37.5546	13.2581	21.4763	4.7145	48.4421	9.9444	6.9702	1.8970	20.9011	8.2567	6.5704	5.9831	44.7949	9.9742	31.9372	7.6157	1.6189	5.8496	14.2957	27.2315	7.7894	58.5476	40.2061	12.1279	5.7567	24.1663	8.2818	15.4424	10.2434	11.0437	28.4273	11.6013	30.4010	29.0039	4.5876	9.9146	18.6423	5.3252	29.7496	39.0341	7.2169	29.0448	6.9102	2.6177	39.8415	6.2392	51.7892	8.7757	12.6833	22.0373	26.5026	0.0000	52.6544	26.8855	15.7304	26.1477	69.6866	38.3826	35.2913	92.2900	52.5580	100.0000	24.8812	41.7074		
70	KARAMAN	0.8982	5.6932	2.3691	12.2203	9.8651	0.5274	1.2524	34.7988	3.8981	3.5018	15.6524	20.3628	15.0619	11.7673	9.3907	1.6173	10.6563	10.5938	5.1519	3.5109	3.4175	14.3701	7.6025	13.7220	5.7869	3.6592	2.2106	8.8577	26.6566	28.7886	2.1977	4.1260	0.8151	0.4465	1.1284	20.2151	9.3671	1.7124	17.2825	7.2609	3.1821	0.3110	3.8106	4.4153	2.9364	2.7201	6.6698	5.3012	12.7783	5.0089	3.1103	5.2587	15.8100	4.7952	3.3730	21.6375	20.3913	3.8917	8.3867	4.0331	5.4924	54.4149	2.5121	8.0508	7.7679	3.6319	5.8901	3.0515	52.5409	0.0000	6.1538	11.4004	16.2019	20.1537	50.5772	42.0527	22.3225	14.7593	26.6128	4.6946	10.9546		
71	KIRIKKALE	0.9310	3.9749	1.4904	6.7190	2.5707	0.0696	1.2985	17.4141	2.5928	2.0444	7.2754	11.8866	9.5600	3.5896	7.0441	0.7830	5.6914	1.4079	1.0140	2.3626	2.2319	6.8341	4.3658	6.9907	3.0899	1.5917	1.6923	3.8132	13.4958	19.8126	1.9257	3.5145	1.0273	0.1918	0.7055	11.1425	2.1144	0.8444	8.1671	1.6176	1.2594	0.4978	2.1412	2.4970	1.8353	1.8806	4.7557	3.5424	7.5275	2.3862	2.9786	2.0703	7.5586	1.8313	1.0254	14.1058	6.5568	1.7523	3.8484	1.4097	2.5577	28.7038	1.8510	5.0050	4.8127	0.7485	2.0316	1.9220	26.7719	6.1410	0.0000	7.4529	11.3209	7.0858	27.9969	23.4317	10.4071	4.7025	20.8551	4.4328	3.6105		
72	BATMAN	1.0177	1.4672	4.4613	2.1220	6.6768	0.7678	2.0810	9.7270	4.8355	4.2770	20.5601	2.3607	1.0561	13.5149	15.2739	1.9788	10.8160	11.4942	4.4102	4.9578	0.2231	12.7936	1.3505	4.5296	1.2229	5.3145	0.9771	4.3013	9.4169	4.8068	1.4770	7.3340	1.2668	0.4446	1.3711	5.1080	8.5434	1.9842	15.5057	9.9177	3.4135	1.3524	5.9849	1.2502	3.6241	1.4105	0.6425	6.3335	1.4611	7.5840	7.1630	2.6886	6.2651	5.2958	2.3060	1.0033	14.3556	2.3356	7.7869	2.5264	2.1172	11.1118	0.5814	12.3488	1.0499	3.5797	6.3223	6.5098	15.6469	11.3643	7.4448	0.0000	1.5840	20.4218	13.6850	8.5106	25.5920	15.7635	12.5363	3.5325	12.0748		
73	ŞIRNAK	1.5096	2.9986	6.2142	3.1877	10.6312	1.1555	2.9013	14.9777	6.6354	5.8685	29.9312	5.9131	1.9656	19.8897	21.1619	2.8648	15.3378	17.5375	6.9254	6.8380	0.8207	18.1736	3.0212	8.1534	2.1929	7.7922	1.5412	6.6458	15.2083	3.1626	2.1956	10.1884	1.8552	0.6403	1.8809	7.3182	12.9946	3.1788	22.0482	15.3950	4.9564	1.9132	8.2908	2.4680	4.9750	2.2904	1.1226	8.6981	2.4045	11.9062	10.3405	4.1165	9.4808	7.7128	3.5597	1.4487	21.8046	3.9845	11.1208	4.1471	3.3196	22.1339	0.9985	17.0929	1.6245	5.6972	9.2373	9.6838	26.0489	16.1755	11.3260	1.5865	0.0000	30.3830	19.4609	12.4001	36.9757	23.6347	19.3254	5.3476	17.6934		
74	BARTIN	3.1479	12.6218	4.8085	16.7382	9.0170	0.5346	3.5350	42.2848	6.8640	4.0937	14.5707	32.0747	24.6985	4.8672	20.0765	1.5354	11.4301	7.8129	4.7930	6.5552	6.3168	12.2041	13.0784	19.1157	7.9795	4.8684	5.6313	10.1316	34.9478	50.5613	5.7971	10.0220	3.4934	0.3174	1.6912	27.6728	3.6697	4.3050	14.5210	14.0211	1.9396	1.8546	5.5781	8.0173	4.3076	6.6162	13.2282	9.3242	19.7758	13.6801	13.5938	5.6028	18.8888	2.7233	3.0806	38.0153	12.4516	6.5873	6.7016	5.0196	6.5061	75.2354	5.7328	14.6806	12.0870	5.2991	1.0945	9.6335	69.5973	20.1713	7.1067	20.5044	30.4592	0.0000	66.9595	57.4204	16.7947	2.8251	66.7832	14.1091	4.8903		
75	ARDAHAN	5.9115	12.8439	17.5541	6.0376	22.4800	2.8893	8.9963	6.4682	18.7087	15.4111	74.1936	17.2272	12.5348	44.9442	60.2463	7.0642	38.3668	39.4372	15.1316	19.3793	4.3102	42.9370	10.2747	13.8951	2.6599	19.8452	7.1431	9.5996	24.3301	28.7072	8.6374	29.0830	7.0565	1.4870	5.2273	2.9210	27.8126	8.5000	52.0259	41.1139	11.3919	5.5585	22.5674	8.0536	13.8337	9.1796	9.7357	25.1432	8.8307	31.8112	29.7318	6.1813	7.6974	17.6596	5.9620	22.3150	39.5889	9.2292	26.0984	9.1471	3.6910	53.0633	5.3701	47.8394	5.3380	13.6265	21.0650	26.8659	38.3619	50.6591	28.1006	13.7506	19.5242	67.0095	0.0000	13.8577	85.5180	51.5828	85.4796	21.8755	40.2009		
76	IĞDIR	4.7804	9.9568	14.4966	2.2368	19.1121	2.4082	7.4061	14.7800	15.3274	12.8859	62.5208	15.4173	7.1709	38.2886	49.5968	5.9388	31.9633	33.4058	12.9655	15.9178	3.3138	35.8261	8.9295	12.5034	2.5851	16.4120	5.5534	10.3417	21.8096	14.9273	6.9860	23.9737	5.6993	1.2506	4.2839	3.5371	24.1634	7.1831	43.4349	34.4552	9.6277	4.6216	18.6083	6.9078	11.3409	7.5495	7.2841	20.5917	7.0736	26.7399	24.9246	6.5120	11.1648	14.9515	5.9098	13.6130	37.7276	7.9409	21.8437	7.8208	4.8259	47.1041	4.1598	39.3880	2.1206	11.4929	17.8685	22.4886	35.2541	42.0991	23.5064	8.5470	12.4340	57.4336	13.8506	0.0000	72.0635	44.4202	66.5397	17.7207	34.1594		
77	YALOVA	3.9943	15.4362	3.4316	21.2624	14.1564	0.8401	2.8862	54.7814	4.4462	1.6909	5.3639	41.2423	31.0318	6.6020	15.3981	0.2686	6.0491	13.8001	7.8698	4.9244	8.0072	8.3217	16.9338	25.8484	10.3960	2.4138	6.9515	14.2135	46.9928	61.8917	7.1526	7.6818	4.4383	0.1453	0.9596	35.0739	10.1789	5.6714	9.7217	19.3715	0.4458	2.0529	2.9720	10.3497	2.3304	8.2529	16.4841	7.0545	25.0736	18.2580	17.8008	7.9765	25.1383	1.1159	4.7276	47.2491	23.8743	9.2795	4.0859	7.3831	8.7974	99.0047	6.9749	9.6762	14.9986	7.5709	3.8299	13.1163	92.1929	22.3472	10.4402	25.7015	37.0769	16.7986	85.4740	72.0636	0.0000	12.8626	81.9150	17.6529	4.5013		
78	KARABÜK	2.3464	9.6461	3.4138	12.8673	6.1867	0.3321	2.6458	32.3186	5.1700	3.2094	11.1500	24.5197	19.0811	3.0650	14.7774	1.1856	9.0269	4.4652	3.1935	4.8650	4.8473	9.6103	9.9335	14.2632	6.0626	3.7179	4.2772	7.4573	26.2589	39.5124	4.4045	7.3755	2.6016	0.2447	1.3388	21.2948	1.8466	3.1233	11.4216	9.8028	1.4629	1.3245	4.3350	6.0481	3.4044	4.9902	10.2022	7.0359	15.2155	9.8279	9.9063	4.0933	14.2612	2.0303	2.1606	29.4417	8.2606	4.8125	5.2417	3.5812	4.8756	56.8896	4.3961	10.7367	9.3898	3.6985	1.7397	6.8145	52.4588	14.7633	4.7135	15.8177	23.6796	2.8234	51.5132	44.3831	12.8518	0.0000	50.9394	10.6195	3.5261		
79	KİLİS	1.5986	4.0958	12.2203	18.8686	22.2858	2.2252	5.6668	59.4595	14.5371	12.8635	63.2981	24.9816	18.3433	41.3565	43.3028	6.1831	35.1935	34.2468	14.0604	14.4563	3.3660	42.6400	8.6505	25.7279	9.0985	16.0439	0.6058	18.1633	52.1279	38.7245	1.4265	20.4403	2.2986	1.4354	4.1291	33.8028	28.3528	4.7385	51.5615	26.2801	10.8039	3.3245	16.9839	4.3755	10.8713	1.6993	6.6433	18.9474	17.0302	19.3935	15.6591	10.7857	32.4498	16.6369	7.9089	25.8397	50.2686	7.8147	25.6369	8.1549	11.2416	70.2041	1.6605	35.2188	10.4540	10.4756	19.7046	15.6044	99.9744	26.6634	20.9382	12.5999	19.3937	66.8518	85.5037	66.5927	81.9802	51.0226	0.0000	4.1635	37.3594		
80	OSMANİYE	0.1408	1.1840	2.4553	5.0378	5.2130	0.4350	1.1335	15.1399	3.1169	2.7588	13.3025	6.5254	5.0309	8.5333	8.9228	1.3147	7.7338	7.4119	3.2953	3.0375	0.9707	9.4281	2.1309	6.3626	2.3347	3.3185	0.2826	4.2877	12.9042	10.4020	0.3090	4.1602	0.2841	0.3097	0.8863	8.6147	6.2558	1.0647	11.3812	5.5103	2.2939	0.6103	3.5020	1.0744	2.3276	0.3020	1.9104	4.0496	4.3837	3.6431	2.5306	2.5470	7.7920	3.5106	1.8675	7.1175	11.9696	1.7839	5.6161	1.8826	2.6913	17.3368	0.5389	7.2877	2.8078	2.4289	4.1303	2.6824	24.7484	4.6796	4.4279	3.5324	5.3392	14.0518	21.7704	17.6447	17.5771	10.5828	4.1424	0.0000	7.7825		
81	DÜZCE	1.728753242	7.049222189	2.082235635	9.949837047	5.50469423	0.260762082	1.66088332	25.37965713	3.12068728	1.559307921	3.896818504	19.0930398	14.66336237	0.736280068	9.018754719	0.475107932	4.752432118	4.586364901	2.944515691	2.969518894	3.730646183	4.905684293	7.735455297	11.44688991	4.757234912	1.574376011	3.131998809	6.162987131	21.10523757	29.93047301	3.224876777	4.50009809	1.917338272	0.095916169	0.72254713	16.44551616	3.432067226	2.321864902	5.75690475	7.379498364	0.389200087	0.989845976	1.894305649	4.653219165	1.806256017	3.662396703	7.750159788	4.42635046	11.7529455	7.33028988	7.353472966	3.416941411	11.38746599	0.404087835	1.904464196	22.42103433	9.423173259	3.964536145	2.47839525	3.03772753	3.93275812	44.90653935	3.20910069	5.798018653	7.165959032	2.943958183	0.82007189	5.109446788	41.57378174	10.94304094	3.614222535	12.10030236	17.7036441	4.880937707	40.09367358	34.08588156	4.491604946	3.521426734	37.24929112	7.799198434	0		

SHEET "Fixed hub cost"
1	ADANA	478.957924
2	ADIYAMAN	774.842802
3	AFYON	473.810696
4	AĞRI	671.636154
5	AMASYA	565.284654
6	ANKARA	310.437927
7	ANTALYA	326.460914
8	ARTVİN	652.072517
9	AYDIN	549.690005
10	BALIKESİR	361.801799
11	BİLECİK	640.987979
12	BİNGÖL	685.102249
13	BİTLİS	786.578054
14	BOLU	526.652592
15	BURDUR	551.190689
16	BURSA	296.378151
17	ÇANAKKALE	406.112895
18	ÇANKIRI	755.084886
19	ÇORUM	522.540268
20	DENİZLİ	346.902826
21	DİYARBAKIR	514.788453
22	EDİRNE	592.112656
23	ELAZIĞ	520.609315
24	ERZİNCAN	584.033442
25	ERZURUM	512.032417
26	ESKİŞEHİR	378.539703
27	GAZİANTEP	493.975979
28	GİRESUN	580.83904
29	GÜMÜŞHANE	724.327527
30	HAKKARİ	773.453864
31	HATAY	530.581113
32	ISPARTA	648.69953
33	İÇEL	369.931717
34	İSTANBUL	229.729357
35	İZMİR	247.333341
36	KARS	674.843203
37	KASTAMONU	478.410676
38	KAYSERİ	403.291577
39	KIRKLARELİ	396.078325
40	KIRŞEHİR	683.706532
41	KOCAELİ	499.616196
42	KONYA	385.034994
43	KÜTAHYA	479.908611
44	MALATYA	494.886421
45	MANİSA	453.520925
46	KAHRAMANMARAŞ	625.805861
47	MARDİN	566.419328
48	MUĞLA	447.460135
49	MUŞ	673.284316
50	NEVŞEHİR	576.106979
51	NİĞDE	625.589873
52	ORDU	744.741915
53	RİZE	741.686448
54	SAKARYA	630.034092
55	SAMSUN	554.392218
56	SİİRT	924.513909
57	SİNOP	631.680712
58	SİVAS	552.596564
59	TEKİRDAĞ	460.064483
60	TOKAT	523.694943
61	TRABZON	498.754841
62	TUNCELİ	747.409327
63	ŞANLIURFA	646.840153
64	UŞAK	639.864708
65	VAN	566.806027
66	YOZGAT	529.804149
67	ZONGULDAK	621.02999
68	AKSARAY	733.564463
69	BAYBURT	691.813196
70	KARAMAN	679.967888
71	KIRIKKALE	634.766414
72	BATMAN	781.239665
73	ŞIRNAK	669.453426
74	BARTIN	688.799738
75	ARDAHAN	781.928674
76	IĞDIR	774.349576
77	YALOVA	665.912106
78	KARABÜK	728.395651
79	KİLİS	682.611194
80	OSMANİYE	683.390832
81	DÜZCE	791.728108
