Cost Matrix C for 190 nodes
0.0000 449.7691 100.1000 340.5186 454.6103 284.2202 205.4340 104.1174 245.3338 11.4586 90.4003 283.2852 303.0912 37.8067 258.5884 356.6990 269.9694 67.5432 199.9030 417.0873 84.5887 108.2073 212.2457 298.9700 493.4881 313.3054 126.3519 187.1988 376.8446 358.1988 415.5504 173.3068 114.2910 489.1331 368.0724 261.3307 114.0372 442.3389 336.1856 127.6620 312.2236 406.0780 82.2744 439.1288 179.6717 228.6280 62.5298 328.7273 203.1905 50.8603 205.8101 116.1891 240.9963 265.1224 325.7167 365.9710 413.4310 258.1063 265.7245 130.7803 217.2325 151.5402 281.8291 250.4490 338.3824 430.0784 405.2492 365.3112 418.6975 95.5406 82.7607 253.5199 367.3144 196.7058 340.6256 175.0788 87.8264 308.7121 265.3160 36.5938 182.8986 173.3972 436.3798 197.1210 114.0884 216.4963 463.6749 254.5042 143.9902 83.8842 203.3490 163.8712 447.7993 215.0709 117.7606 190.7114 498.2214 170.8020 141.2040 420.0197 495.9850 326.1504 274.5770 278.5596 251.4661 355.7076 447.1459 179.3525 383.8121 255.7576 354.7870 438.1416 283.8500 284.6828 391.1479 383.7687 168.5204 101.5356 319.8932 271.3275 375.3995 309.0529 402.9057 289.0170 301.3011 346.0304 315.0092 482.2152 153.2915 382.6458 78.3711 323.0356 105.3292 345.9193 89.4407 255.2365 372.4380 370.1649 478.7331 303.4901 406.2608 416.7065 492.4447 461.8356 256.9782 170.8813 395.9132 388.3256 264.8798 230.7943 492.2486 391.7455 314.7906 168.7519 90.2243 331.2970 205.5447 448.0809 185.1250 337.3186 207.8523 499.3950 260.2056 406.6688 386.1528 417.1641 401.9695 419.0240 232.6948 98.7838 157.5540 328.3284 337.4359 416.7243 266.3165 368.6236 283.7931 356.7749 326.0752 433.2236 265.6451 80.3417 369.4300 281.7900 163.7504 350.0449 443.4437 368.3424 150.0784 227.9817
449.7691 0.0000 385.5465 321.7395 148.3429 287.8008 314.8064 374.0839 272.8160 439.4960 398.1298 318.9306 224.2713 415.4667 387.4082 289.9137 244.5725 402.6327 281.1658 173.6062 380.2296 354.8693 238.3877 382.6455 92.8221 189.3414 323.7402 355.7052 128.4821 185.2977 88.3757 284.5503 370.4180 91.3383 158.9141 259.4929 339.0483 14.5489 135.9905 351.2923 257.2561 214.8675 438.7614 82.5825 289.4187 256.9693 387.9086 249.8103 258.5871 444.9715 366.0446 360.5785 261.0818 184.6805 210.4429 236.0238 77.7980 191.7991 184.3340 338.5327 233.0541 390.3298 384.5552 234.2988 132.0288 214.2806 75.1423 161.1350 278.6115 408.6406 407.0493 375.4448 147.7420 261.5572 119.5206 341.0776 392.6802 149.4433 201.5869 445.2801 359.0066 277.1994 193.0384 253.4321 350.1846 346.6590 41.2393 224.5997 320.8268 366.9520 307.5131 298.6735 99.7514 427.5258 364.0917 316.3330 65.7059 412.8744 335.3709 89.5799 47.1053 283.1085 192.7109 344.7732 229.0398 259.1002 147.7217 283.9648 95.0187 276.0767 95.7527 26.9635 169.3722 182.5199 73.7900 77.7225 281.2656 448.0778 291.8393 290.0123 95.1217 140.7898 76.5711 185.0772 205.7755 270.6867 156.5796 143.2448 381.2229 115.4190 431.4683 368.2415 352.9168 140.0462 457.9389 262.8337 177.2398 93.6140 55.9887 163.2756 148.7998 159.8162 69.1147 19.9835 261.3512 405.2532 92.6326 227.3104 329.3334 391.9182 92.3846 100.4677 339.4873 362.6077 360.5784 245.7191 255.8384 94.2867 387.7714 332.2981 317.7543 50.1426 194.4305 113.6368 182.6416 53.5858 213.4893 102.1070 227.0913 371.8946 294.6730 147.7190 244.8654 64.6597 285.3562 147.5741 366.3160 287.9109 309.1034 256.9829 243.1019 399.0151 83.7252 211.4422 358.2565 271.2170 49.3613 272.4620 402.8615 242.8565
100.1000 385.5465 0.0000 355.7805 367.3904 185.1272 217.4914 136.1669 242.4893 89.3466 13.0758 183.1862 210.5205 66.2688 163.4117 257.1081 258.2338 118.3743 190.2319 390.2807 115.0084 36.6930 152.0475 202.3029 443.6815 286.0407 83.9557 218.1486 337.7135 267.8890 368.7395 101.7885 145.9539 411.0668 336.9541 166.5527 62.2974 375.9486 259.2694 146.4711 308.7024 311.3987 53.2160 391.3597 166.4940 213.4511 62.9386 323.1642 127.0791 66.3738 241.5189 139.3689 231.6008 207.7693 307.4588 356.2890 363.9771 202.2082 210.1362 47.1065 167.4104 199.1146 185.7495 163.9785 293.4058 335.5766 330.6704 334.6483 319.8079 154.0666 139.8123 156.7527 332.9011 124.1176 290.1649 197.4535 133.2457 260.3593 187.3894 125.0135 83.4764 117.1947 413.2061 138.4595 38.9231 244.0574 392.4781 170.4258 139.6170 83.7369 211.1871 86.9587 403.3984 131.5045 144.8271 201.2419 425.9355 86.0339 51.2387 341.4625 432.6436 330.7673 237.4575 304.1496 166.6454 352.6497 359.9001 101.6079 307.9308 158.8340 295.3328 369.6779 216.2657 245.8463 319.4602 312.8541 119.5835 64.9216 220.2810 172.3389 325.5978 247.5002 352.1293 208.8970 278.4816 247.3131 237.2047 396.3938 196.1804 302.4496 152.2719 224.6940 44.1629 265.5541 72.5660 249.3128 346.6624 297.8412 405.9661 261.5206 373.6786 386.6437 437.4055 400.3293 250.6493 224.4896 348.7037 292.5699 285.6420 137.0433 442.5142 346.2377 336.7848 202.3646 85.0474 324.5085 176.9927 368.1252 91.1235 355.7711 221.7094 435.6646 191.1607 365.5522 362.0447 345.6689 385.3936 338.4585 158.6572 19.2679 97.9502 249.6867 240.7204 364.3329 270.8632 283.7173 185.7560 361.6836 226.0303 335.6018 173.6061 19.9425 302.1073 257.4744 63.7829 251.2824 370.6682 269.4919 203.8192 146.3254
340.5186 321.7395 355.7805 0.0000 434.3842 419.9102 139.3108 237.4851 118.2374 337.0529 361.0270 444.0971 379.8124 329.0843 477.0341 473.8346 118.0930 273.0854 168.9249 167.4201 259.2493 321.4298 258.2015 500.5019 293.1374 145.9322 274.6613 154.0292 193.2712 394.2762 236.4206 292.9762 226.8746 408.5066 162.8635 374.4066 295.3319 326.4117 320.4910 216.9056 72.5971 452.3418 391.0234 252.1085 191.8904 154.2804 307.2592 73.6496 297.8022 373.2523 139.4326 227.3499 133.7608 241.6025 115.6480 89.3329 245.1085 238.1766 236.4650 326.0751 233.0996 195.0196 490.5641 333.2595 204.5459 467.0193 341.3210 160.6055 505.0465 248.5491 259.0382 465.1666 174.0546 290.1350 223.7726 166.0244 252.6958 212.9677 305.5121 311.3030 400.3331 264.4696 166.7209 259.4754 321.8631 124.8473 359.8758 325.2375 216.2380 278.4127 144.7580 305.8867 244.8032 474.9513 224.3376 155.5060 387.3267 434.6495 334.9289 367.5833 347.2047 41.2484 182.8098 66.5505 327.3268 64.6528 429.6119 304.5809 336.3131 385.5190 259.4255 332.7447 273.4098 185.4901 321.7996 315.1354 254.6206 410.9743 449.8391 411.4699 230.8194 256.4663 245.1763 318.4462 134.5304 452.4738 316.8783 444.9591 190.4832 355.2159 272.3173 506.3799 312.5694 338.9789 408.7716 115.7564 145.6666 314.9898 376.5356 192.7889 181.7149 178.1300 311.9728 317.8812 115.2087 186.6110 229.1114 449.5948 75.8247 461.2957 292.0391 221.2737 32.2758 172.4451 274.7730 77.2361 195.7997 391.1320 425.9585 11.3420 135.6732 351.1010 276.3709 211.7908 144.4349 334.1433 126.3639 376.6821 290.8027 336.6823 277.8998 324.7559 426.3498 257.6218 87.0820 370.8229 479.2824 38.4161 466.9935 498.7285 361.6163 352.9104 294.5070 145.0033 383.8388 455.6757 354.5956 469.0422 201.7132 313.2204
454.6103 148.3429 367.3904 434.3842 0.0000 209.6600 383.5673 408.1913 353.2347 443.2415 380.3844 235.0835 159.4879 416.9574 307.0963 177.6635 332.0874 426.4826 339.4718 311.3625 405.9408 347.2668 255.7667 288.2959 239.1003 288.9432 334.4841 420.9575 251.8209 101.0091 226.0966 282.3755 408.4670 80.0913 281.0821 204.8216 341.6702 135.1733 129.9236 391.0848 362.9486 86.9052 417.1550 227.6278 337.2287 324.8122 393.4325 360.9430 252.3464 433.4559 437.8739 397.0732 337.2069 222.8851 318.8489 358.6779 213.9274 229.9885 226.0671 325.6799 265.2795 444.5087 296.1175 204.5978 229.9266 75.0790 94.3023 282.3019 143.5682 444.2570 437.8743 297.6015 268.6321 259.8698 210.6139 400.5201 423.4376 225.1899 192.0548 462.0709 311.4674 289.9865 334.0466 269.1517 341.5168 421.7726 112.2617 200.1061 358.3453 381.8802 374.3092 290.7513 246.0318 361.2766 402.3244 378.8821 120.0516 362.4701 317.3806 68.2220 169.8324 393.2673 265.2011 439.3805 203.1918 378.3202 7.4942 275.3370 98.6320 217.3552 174.9729 123.2593 190.2694 258.2621 113.1092 119.3801 299.2375 419.5784 195.5818 217.9240 209.4833 187.6334 206.6115 167.7708 302.1672 165.2682 146.4694 30.6892 435.7103 83.7120 461.9439 265.7433 349.3261 114.4756 433.3557 346.2918 301.9132 120.1109 107.9631 245.2516 284.2246 297.8685 212.1924 166.1702 345.3895 465.5620 221.2348 107.0614 420.1404 321.3730 238.8607 227.9041 444.4441 421.6005 376.1499 357.6550 304.4258 54.0677 334.5231 443.5383 387.8662 169.3663 206.5197 248.8636 311.8666 107.1996 346.3011 57.8757 225.4823 360.1195 301.2161 133.2491 149.2572 201.1463 375.6490 86.6186 277.8058 406.3912 208.0757 117.0621 194.6034 385.4089 139.8777 298.0361 319.3435 163.8175 99.0768 156.6078 456.6583 226.7131
284.2202 287.8008 185.1272 419.9102 209.6600 0.0000 309.6145 279.9361 305.4436 273.0439 196.6186 31.4648 63.6048 247.8219 101.0200 73.0552 301.9782 281.7037 263.9162 374.6405 267.3209 180.6012 163.1661 96.6801 371.6533 293.4612 194.6634 332.8985 307.4196 112.6044 315.1320 145.7300 285.3539 274.5124 323.3666 45.5350 189.0858 274.2298 155.4099 274.2695 352.0560 135.3351 225.8621 331.5341 247.5250 268.4106 232.6309 359.8052 127.5248 249.3773 355.9621 274.4133 288.3426 184.4082 325.6303 378.9470 305.3308 185.6247 189.6091 158.1627 187.6031 336.0661 96.8208 87.0761 262.2397 158.9390 214.8039 322.5055 134.6817 311.1791 299.8072 90.0067 313.5762 136.7790 247.5736 308.7521 287.8428 232.9760 120.0206 303.6995 110.4229 170.8458 400.9298 165.5942 174.9595 348.0822 275.9769 96.1100 247.2801 234.7787 300.0225 142.0409 349.0352 151.6501 280.7979 297.1474 302.7664 156.0635 145.8775 212.1494 330.7288 382.5980 243.2194 392.6212 93.3743 387.5141 202.7277 133.0535 193.0648 36.2799 229.3085 263.6109 161.2855 244.6465 214.1900 211.3082 183.0238 222.8191 36.9926 12.9468 274.6313 193.3463 292.8530 118.4446 296.5193 62.3478 139.5119 240.3489 329.3540 175.4703 319.6725 90.4685 186.9928 147.9447 238.4881 305.2919 341.4592 196.0523 283.7432 247.6741 349.4668 365.1574 354.3673 307.0621 305.5580 361.9650 298.2876 114.1519 371.1101 111.9317 370.7943 300.1656 414.2864 324.4290 231.1610 358.7688 229.0623 231.0565 128.0912 424.8303 314.7677 332.4674 148.2310 325.0530 356.8972 235.6193 390.2075 203.6897 129.1077 185.9108 168.0878 143.7457 62.3412 298.8527 336.4678 145.1960 78.7909 408.2529 49.4877 151.7153 59.9016 205.0432 213.3426 279.7229 124.5377 66.2603 253.0314 84.3886 345.5324 107.2689
205.4340 314.8064 217.4914 139.3108 383.5673 309.6145 0.0000 101.3241 47.4491 200.6920 222.1403 328.8112 284.2988 190.6014 350.2029 373.5072 77.8057 138.1945 47.2176 225.7324 121.7982 184.2703 149.4149 378.4547 327.0201 133.8663 139.0859 40.9677 205.0918 315.8763 251.3223 168.4612 91.3703 384.0566 185.8550 266.0308 158.6202 313.1765 254.7294 78.6303 108.5355 375.3663 251.7290 273.9636 62.4933 59.6390 168.0393 125.4377 182.0973 234.6756 54.3121 89.6799 54.2581 161.5867 132.7236 163.5671 253.9839 154.9839 157.9357 191.6471 128.5521 80.5957 366.4239 228.7810 183.2961 394.7983 302.1392 182.8059 417.0785 120.9240 128.0396 339.1546 189.7592 172.9354 195.5543 33.2708 118.7256 168.0502 212.0059 180.1648 269.3285 140.5499 240.6934 144.3198 185.3284 39.8196 343.2824 223.6659 78.1140 139.1091 9.8610 178.4241 276.5144 340.7929 87.6756 16.2730 376.7174 298.7084 201.8191 325.6202 354.2223 120.7614 123.8906 88.3640 224.2674 150.9292 377.2168 181.1526 288.2742 273.4452 225.1949 314.3879 195.6677 133.3633 282.9639 275.0249 128.8868 271.6663 343.7631 299.1122 222.1130 196.9275 247.2051 232.0209 117.7528 354.0092 242.3309 402.6030 72.2186 299.8793 146.5721 389.0395 175.1158 271.9791 269.5939 58.9023 183.1865 267.8750 360.5299 151.8437 222.2088 228.8749 334.9199 319.6857 60.7655 90.9097 234.8303 366.7136 68.5556 331.4182 325.7553 228.3148 119.3611 51.2616 135.4817 128.5355 84.4604 353.6488 292.7202 138.5094 5.1535 358.1359 186.5378 234.3692 194.0275 303.9817 202.5545 330.8048 186.6494 198.6025 149.3496 254.0316 331.5343 262.1460 61.1128 303.9284 357.5841 151.5433 358.9138 417.8354 257.0576 213.7737 254.7125 105.2992 251.2240 357.7293 329.6555 373.7394 92.3354 204.1055
104.1174 374.0839 136.1669 237.4851 408.1913 279.9361 101.3241 0.0000 142.5736 99.7359 136.5650 290.3825 276.0547 92.8810 291.6148 351.4609 168.9772 37.0333 101.8402 318.2279 22.7212 112.2737 152.4252 326.5730 405.1796 217.0637 85.3065 86.7461 284.7327 322.2668 327.0564 137.4345 10.8144 427.6092 272.0007 243.7838 93.6526 368.9984 280.2282 25.2850 208.6695 377.9538 158.2271 350.6485 86.2853 130.9027 75.9590 225.3299 164.0279 136.8072 108.3674 14.0591 140.2364 194.0004 225.4490 262.9468 326.7997 186.4262 192.8623 129.2680 146.0206 63.0969 311.7163 217.4716 251.4536 400.4604 342.3904 269.0952 405.9463 36.1291 33.1387 282.6524 272.8972 154.7930 257.6155 71.4760 19.5283 225.9296 217.5212 80.7429 207.4479 120.4093 336.0121 139.2974 116.0086 115.3416 394.6765 217.0891 53.2929 52.9427 99.5606 138.0965 356.9857 267.3667 13.7118 86.8101 429.4260 222.1514 141.9825 361.6064 418.2079 222.0344 186.0606 177.7041 215.6494 251.8586 401.0503 149.0267 323.6093 245.0238 278.5775 367.0607 221.2190 196.6051 325.5319 317.6359 109.8309 179.1455 316.8068 267.5236 290.3240 237.8127 317.5535 241.5332 203.4630 335.5766 261.8815 432.4199 60.0809 328.2794 57.3869 343.7945 103.0665 294.0037 174.2305 152.9757 273.9476 306.3666 411.0355 216.3450 310.0162 319.1546 407.8687 383.3056 154.7779 88.9458 308.2753 364.1688 162.3877 267.9388 403.9159 303.1030 213.1713 69.0803 53.3787 228.0693 118.5311 390.4723 223.8383 234.9436 103.7542 421.8902 202.0056 314.8754 286.7810 350.1748 300.0938 363.4350 184.7351 120.0815 114.8890 275.2676 319.1820 332.1209 162.2817 322.2136 307.3717 252.6884 328.2496 413.7972 241.1811 126.2393 300.1255 185.4233 186.9490 339.6159 376.9089 357.4762 69.0895 191.1333
245.3338 272.8160 242.4893 118.2374 353.2347 305.4436 47.4491 142.5736 0.0000 239.3778 249.1497 328.1345 271.1641 226.0156 358.8612 363.7875 30.5729 179.4988 52.3437 178.7046 160.7451 206.8866 142.3619 383.0148 280.2808 87.5388 159.3507 86.7806 158.6825 294.9115 205.3944 174.7501 133.6318 346.5241 138.5269 260.2794 180.6688 272.3336 227.5524 117.9164 67.7058 354.4745 282.6028 227.6896 76.0493 37.0520 200.9320 83.7083 180.7697 269.2462 93.4955 129.5069 17.5572 137.6301 85.4767 120.6372 208.7354 132.3355 133.0852 209.4146 117.8902 128.0088 372.6984 220.1331 140.7951 372.1595 267.2164 135.4734 401.3921 166.3191 171.9985 347.0487 142.8004 172.7261 155.0324 80.1370 161.2404 130.6628 196.6267 223.0799 282.3119 146.2327 194.5563 142.1301 206.6793 73.8490 303.5344 213.1514 106.0775 171.5361 44.5928 187.6951 229.5821 357.5429 128.9469 57.2591 336.1567 318.2471 217.6472 291.8672 310.4735 88.4527 88.1628 90.2031 214.6721 111.9042 347.3156 186.4266 255.6887 270.2204 187.1592 274.6027 171.9204 95.9836 247.5854 239.8378 136.4569 301.4346 337.1622 296.2505 178.6421 165.7316 202.6972 213.3669 71.0653 343.1340 218.4328 369.9227 119.6677 269.8565 192.0504 390.0454 198.4967 245.6402 301.4811 11.4552 135.8222 234.5857 320.8717 112.3512 174.7601 181.5315 289.1036 276.3251 13.3164 136.6304 189.6168 348.2909 69.1545 343.0961 279.0194 182.8232 108.8674 98.6797 166.8016 86.0619 77.9306 319.0408 308.3631 121.2340 48.5087 314.4222 168.5327 187.5994 146.9835 266.7272 157.6309 298.2777 177.1268 223.2234 159.9084 228.7990 318.5324 217.5701 31.4689 278.1135 361.8218 119.2267 353.6271 398.9757 248.8033 242.1749 218.9759 61.3768 266.1882 346.6031 291.5559 361.3421 139.6248 198.1787
11.4586 439.4960 89.3466 337.0529 443.2415 273.0439 200.6920 99.7359 239.3778 0.0000 80.0981 272.4658 291.6333 26.3595 249.0855 345.5987 263.3148 64.2435 192.8656 409.6121 79.0212 96.7499 201.6834 289.2464 484.2580 305.4733 115.8479 184.5311 368.2381 346.7545 406.4316 162.1210 110.2238 478.1222 360.0989 249.9043 102.9550 431.9263 325.1271 122.3341 306.6025 394.6310 75.6092 429.9773 172.0683 221.3615 51.7668 322.9743 191.9614 45.3431 203.9876 111.0537 234.3652 254.9240 318.7317 359.9504 404.1124 247.9687 255.6327 119.3239 207.2662 150.7031 272.1995 239.0328 329.2292 418.6279 394.3568 357.3683 407.4654 95.1967 81.6079 243.7295 359.0642 185.5686 331.0863 171.1557 84.7965 299.2312 254.1386 41.3527 172.4541 162.7959 429.2744 186.5568 102.6303 213.7192 453.0028 243.1372 136.5836 74.6884 198.1173 152.5222 438.9193 207.0061 113.1815 185.6230 487.5116 162.2800 129.7798 408.9520 485.8100 321.4426 265.7815 276.0105 240.0810 350.3154 435.7751 168.0256 372.8408 244.4073 344.6835 427.6034 273.1471 275.8025 380.3893 373.0431 158.2391 95.7067 308.8051 260.1409 365.9846 298.7307 393.4730 277.7916 293.8017 334.7892 303.8939 470.8925 151.7773 371.4883 80.6818 312.9635 93.9324 334.7319 84.9722 249.0465 364.9379 359.3529 467.9851 294.4493 398.2607 408.9456 482.8302 451.7475 250.7605 171.2705 386.7281 376.9019 261.6598 221.4616 483.0224 382.6793 311.9990 166.1802 80.9456 325.4323 196.9545 436.9669 175.6110 334.2087 203.3405 489.1978 249.3804 397.9718 378.8397 406.4394 395.3932 407.8711 221.6006 87.4496 146.6848 317.1928 326.0530 407.1992 261.2762 357.2964 273.7714 352.2232 315.1633 421.8745 254.1872 69.7462 358.8825 274.0666 153.0988 338.8082 432.6717 357.1131 150.1936 216.6461
90.4003 398.1298 13.0758 361.0270 380.3844 196.6186 222.1403 136.5650 249.1497 80.0981 0.0000 193.4912 223.3061 59.0096 169.8646 268.2012 266.0049 115.5233 197.1149 400.1086 114.6579 46.4982 163.7646 209.5420 455.4623 295.5681 92.2124 220.4459 348.4968 280.7864 380.2011 114.0037 146.7351 424.1205 347.0329 179.1669 70.6834 388.6276 272.2556 148.9384 315.8759 323.8727 40.7772 402.9291 173.4244 221.2286 61.2162 330.6304 139.8022 53.6845 243.4639 141.0419 238.9057 219.5795 316.1878 364.3281 375.6246 213.8797 221.8203 59.5980 178.3252 198.9705 192.6743 177.0507 304.5496 348.0597 343.6300 344.6785 331.2699 151.5611 137.0756 163.9660 343.2636 136.6014 301.7308 200.5530 131.7831 271.6686 200.3421 117.6675 92.5152 128.1432 422.7495 149.9209 49.7132 247.0723 405.3599 183.4971 144.8667 85.4119 216.2704 99.4594 414.7361 133.6117 146.1717 205.8674 438.8652 87.8034 64.2726 354.5121 445.2175 337.1386 247.6785 307.8745 179.7202 359.9680 372.8951 114.2924 320.9155 171.0987 307.5368 382.4432 228.7931 256.2715 332.3185 325.6780 129.7843 54.4057 231.3902 183.9051 337.1983 259.7364 363.8512 221.9284 287.5334 258.9057 250.2001 409.4210 196.6140 315.5129 147.6417 232.8919 52.5807 278.6119 60.4782 256.3771 356.2751 310.7072 418.9034 272.2978 383.9869 396.7586 449.5207 412.7850 257.7693 223.8552 360.1578 304.8941 289.8453 142.7717 454.2887 357.5567 341.1321 204.1046 87.6480 332.1132 185.8337 381.1940 96.6661 360.6358 226.1884 448.2594 203.7061 376.5640 371.5456 358.5370 394.2292 351.5292 171.3830 28.1940 108.9135 262.7092 252.9088 376.1876 276.8965 296.7807 193.7340 368.1539 236.5699 347.4967 186.4753 11.3635 314.7627 266.5611 73.7138 262.8520 383.5920 281.0068 202.9090 159.3371
283.2852 318.9306 183.1862 444.0971 235.0835 31.4648 328.8112 290.3825 328.1345 272.4658 193.4912 0.0000 94.9403 248.3533 72.2468 77.9146 326.6677 288.2131 284.2527 404.7350 275.8053 184.9445 186.0125 65.3347 403.1033 321.2941 206.0562 349.3779 337.7985 141.1383 346.3691 161.4693 296.7298 302.8128 352.9921 72.7120 197.3718 305.2756 186.8741 287.2859 377.5770 155.9499 218.1885 362.9212 266.3392 291.1140 236.3774 386.0495 147.7771 244.3084 372.8889 286.2341 311.3548 212.2441 353.0456 406.5797 336.6454 212.8840 217.3788 163.6902 211.0150 348.9596 65.6422 114.0240 292.2546 178.4492 245.5728 352.0381 142.8716 319.6553 307.4359 62.5436 343.4436 156.4380 278.0169 325.2443 296.3927 262.3525 148.9057 305.9624 102.1035 188.4562 430.9929 186.4959 179.6836 366.4017 306.2263 123.8308 262.3968 242.3370 319.4300 154.9362 380.3688 127.9216 292.6466 315.5410 332.2862 139.9154 150.8804 241.9634 361.5211 407.6607 270.2331 413.6715 120.6213 414.2124 228.4146 148.5958 224.0681 59.0442 260.4930 294.5312 190.9112 272.2913 245.4121 242.6417 200.3943 212.3113 43.5558 34.0752 305.6247 223.6583 324.1454 149.1138 323.5250 75.9765 170.8540 265.6670 342.7921 205.9526 325.7814 62.5043 192.4162 179.2276 228.6464 328.7563 370.7330 227.4399 313.4903 276.3682 379.8325 395.4834 385.7002 338.2636 329.1442 375.1701 329.3809 134.0898 392.2550 87.6791 402.2466 331.1327 436.9223 339.6103 239.4241 385.2152 250.7525 259.7872 112.9716 448.5312 333.9531 363.1908 176.3103 355.9506 386.2918 266.5268 419.2182 233.0621 154.2324 187.2148 182.8415 175.2098 85.8291 330.2594 359.4365 175.1754 47.4183 434.0881 43.4140 164.3334 88.7805 203.0069 244.8074 306.0541 119.7799 79.1188 283.3749 95.0748 357.7065 131.0113
303.0912 224.2713 210.5205 379.8124 159.4879 63.6048 284.2988 276.0547 271.1641 291.6333 223.3061 94.9403 0.0000 265.3340 163.5259 94.1875 262.2596 286.0996 237.1208 317.5949 268.1574 194.9316 135.3234 159.6468 308.2870 244.5242 193.3267 313.6069 249.6844 58.4944 253.7464 139.3516 279.2283 216.3186 268.2257 45.3418 194.8533 210.7822 92.3868 264.8820 309.1370 103.6666 258.6793 269.2597 225.3238 235.1119 244.7218 314.7362 112.1069 276.8943 335.0720 267.7131 253.6186 138.4024 277.5405 329.6456 243.5431 141.6412 143.6034 172.3183 156.0368 324.9906 160.4255 58.7419 206.2420 127.3459 151.7916 267.6884 133.1658 310.4681 301.2452 151.8724 257.6663 121.5038 190.0360 290.0816 287.7503 179.7892 74.6881 315.8575 152.3347 156.8335 343.8864 143.2287 189.0387 324.0055 213.7519 61.2139 234.1800 239.0823 274.4435 142.8667 287.0731 208.9099 273.7902 274.1911 241.8560 204.3755 162.4226 151.0716 267.5643 340.5602 197.9200 360.9667 61.5121 340.8509 152.1053 129.0539 129.7196 58.5509 168.4882 200.3173 109.1617 197.2535 150.6077 147.7110 168.5008 260.2803 76.3590 66.2450 214.5434 137.1380 231.2164 63.2105 250.1041 72.6646 78.4010 189.6134 317.2231 113.1494 323.6506 149.4341 198.7114 84.3432 274.3370 268.9140 287.3633 132.5064 222.4509 196.6637 291.5686 307.3375 290.7716 243.4824 268.8398 349.5664 237.6477 88.2108 339.5579 170.8003 307.4436 240.0909 378.3005 308.4158 234.1873 313.1325 200.0863 172.2907 176.7451 385.9598 289.3437 269.3966 103.5566 265.1893 302.2973 172.3650 336.6332 143.7078 97.9471 205.5051 161.4232 80.9301 47.4470 236.4752 300.7878 84.4946 142.3490 363.8160 94.9409 137.8870 37.4462 229.3508 150.3019 235.6762 159.8880 75.8807 190.6892 90.1874 335.8298 85.2385
37.8067 415.4667 66.2688 329.0843 416.9574 247.8219 190.6014 92.8810 226.0156 26.3595 59.0096 248.3533 265.3340 0.0000 228.8174 320.5816 248.1274 62.8298 177.2215 392.0455 70.3370 70.4174 177.2102 268.2528 462.5522 287.2997 91.8524 179.6131 348.0976 320.3950 385.0498 136.2287 103.6952 452.4982 341.4575 223.7940 77.4245 407.5915 299.4342 112.2088 293.6851 368.4101 66.9053 408.4963 155.2087 204.9290 28.2026 309.6805 165.9579 44.1713 200.8027 101.7973 219.3998 231.2260 302.5324 345.9055 382.2726 224.4266 232.1860 93.0566 184.2340 150.6722 251.5082 212.6911 307.8719 392.3861 368.9942 338.8044 382.0189 98.1834 83.6128 222.6684 339.7748 159.7671 308.8218 163.4388 82.1664 277.1540 228.2197 58.8196 149.7226 138.3189 412.5366 162.1101 76.3039 208.1820 428.0948 216.8628 120.7328 55.6069 186.8661 126.2916 418.0538 190.9207 105.2582 174.8671 462.5138 145.3420 103.7178 383.2233 461.9779 310.6224 245.4192 270.4976 213.7792 337.7781 409.4881 141.8327 347.3177 218.6025 321.0983 402.9944 248.2563 255.2074 355.3177 348.0460 134.5943 88.0570 283.8431 234.8927 343.9641 274.6875 371.3814 251.7707 276.4598 309.3312 278.0890 444.6797 150.1527 345.5856 90.1736 290.9546 67.6314 308.7757 81.5607 235.0578 347.3995 334.1732 442.9109 273.4248 379.4882 390.7135 460.2540 428.1246 236.6945 173.6498 365.2154 350.7912 254.6674 201.7809 461.3265 361.4471 305.7180 161.7837 61.3110 311.8655 177.3973 411.1417 155.6756 327.0836 193.7773 465.3153 224.2315 377.5769 361.7108 381.4320 379.9556 381.9728 195.8711 61.9158 121.5771 291.3433 300.1087 384.8824 249.9707 331.0804 251.9765 341.6538 290.7345 396.0403 227.8882 47.8353 334.2840 256.2587 129.7975 313.3634 407.5550 331.6868 152.3521 190.4275
258.5884 387.4082 163.4117 477.0341 307.0963 101.0200 350.2029 291.6148 358.8612 249.0855 169.8646 72.2468 163.5259 228.8174 0.0000 140.7042 363.0782 280.3083 310.0185 458.8203 273.0944 179.4120 222.8681 41.4195 468.7154 367.5575 214.5899 363.2472 393.8126 213.0851 407.6107 184.1807 299.9016 374.9232 405.4668 130.4155 199.5555 374.1098 252.8673 294.7852 415.5138 226.2666 182.0359 425.7123 288.9396 322.8928 224.9820 426.1140 181.9029 212.3416 387.2857 290.9160 343.3976 261.1274 397.4027 450.9740 398.6898 260.0287 265.8898 163.4907 247.8334 353.9596 23.7843 166.1880 347.1087 247.8499 315.3064 404.1383 203.4591 315.0619 301.3217 12.7972 397.0493 188.3437 334.9995 339.8590 292.8922 315.1205 203.5012 287.5320 84.1782 212.7756 484.7436 218.6539 175.6204 384.5340 376.8884 176.9265 276.1014 239.3457 341.6422 172.2277 442.4047 62.4954 297.1181 335.2678 403.7668 91.8746 151.4371 313.1693 431.0790 443.7404 314.9120 438.1080 172.8646 455.3686 300.4975 172.4534 293.1998 113.7562 321.9459 363.7962 246.2593 318.9022 313.6225 310.1900 223.2219 170.1854 112.6111 97.4186 365.3303 280.8924 386.0369 209.6727 367.0355 144.8423 234.7280 337.6172 349.3062 276.3033 315.4364 69.7006 188.5513 247.3808 186.9664 361.6202 421.5838 294.5963 384.7631 326.4004 435.4225 450.7573 452.8826 406.3700 362.3417 380.2105 389.5855 204.3327 417.3415 28.4065 467.7954 390.4630 465.4267 350.5138 238.2560 425.9363 281.3082 331.7347 73.4781 479.9664 355.1702 432.9223 227.2995 414.6574 437.4754 335.8687 468.5554 304.6406 198.8080 174.4714 201.1246 241.0288 157.8858 393.4975 390.2304 246.2138 33.9687 472.2200 104.5007 228.4761 147.5609 180.9821 310.1974 347.8040 104.6978 147.3605 353.9010 160.7963 360.7041 174.5066
356.6990 289.9137 257.1081 473.8346 177.6635 73.0552 373.5072 351.4609 363.7875 345.5987 268.2012 77.9146 94.1875 320.5816 140.7042 0.0000 356.0870 354.4790 326.7466 406.4213 339.6333 253.6561 224.2904 113.5295 380.4648 338.2729 266.1868 399.7935 338.3693 105.2895 336.1230 215.3431 356.3999 253.5793 359.1228 109.0340 261.6876 275.4508 174.9388 344.4003 403.3131 91.3472 295.1510 348.5632 312.5950 327.2757 305.6858 408.8826 193.5480 320.2210 422.2412 345.2658 346.3047 232.5736 371.3741 423.0829 324.9631 235.6776 237.7805 231.2040 246.9348 405.9843 124.4656 144.8165 297.0663 109.9972 214.8845 358.8222 64.9698 383.3943 372.2994 134.4665 348.0455 203.1414 279.7208 375.7983 360.0848 272.5554 168.3585 376.7178 178.7699 238.4355 432.5328 229.5708 248.0136 412.7881 268.2893 150.8214 316.0639 307.4179 363.7267 213.3736 367.2041 201.6296 351.6053 362.1808 288.5969 217.6461 218.9326 203.4846 327.0705 434.7124 292.1075 453.0286 149.6801 434.8174 172.1250 203.0508 197.4315 106.4755 254.0009 263.4455 202.9581 291.3483 220.9002 220.6503 250.6174 290.0064 36.8271 85.9875 300.4108 228.8272 313.3178 156.9429 344.2070 22.0143 167.0888 206.7899 398.9165 175.0107 392.4786 88.5086 260.0158 160.8443 306.2359 362.0934 378.8501 207.8674 271.7372 290.0908 379.6369 395.3622 358.9601 309.8912 362.1001 431.5624 322.0480 70.6076 431.5302 162.0822 379.8015 325.5528 471.6256 392.6133 303.6346 407.2402 290.3869 214.1348 190.8735 479.8333 378.6273 327.9778 197.4649 350.6706 393.3583 236.3984 428.1931 192.2635 187.5200 258.7099 238.0137 165.2890 50.1834 316.0101 393.8843 143.0845 107.6385 457.9745 36.4531 87.9177 116.4518 277.0506 229.3845 329.8578 195.0315 19.8114 246.9934 21.3797 415.8875 169.5684
269.9694 244.5725 258.2338 118.0930 332.0874 301.9782 77.8057 168.9772 30.5729 263.3148 266.0049 326.6677 262.2596 248.1274 363.0782 356.0870 0.0000 205.4908 70.9154 149.7978 185.6772 221.8511 141.4271 384.3997 249.7285 57.2898 174.2823 117.3457 128.2504 280.4409 175.1190 180.8720 160.6765 320.7986 108.0496 256.4517 195.9366 244.7941 209.6971 143.8509 52.6473 339.5150 301.4301 197.2674 93.6393 44.7906 221.9131 65.3302 181.8458 290.4464 123.1467 155.4327 28.9734 124.7409 56.5744 98.5209 178.7772 120.7464 119.7401 221.4601 116.1812 158.3991 375.2691 215.2080 112.9483 355.9302 243.5676 105.0003 389.5159 194.8113 199.5826 350.8886 112.2310 174.8294 128.5160 110.0020 188.0896 107.1680 187.7330 249.7198 290.1246 153.2491 167.0378 144.4244 220.9067 103.0535 276.5705 207.1445 127.4081 192.7863 74.0059 195.2042 199.0109 366.9115 155.5787 86.2258 308.6102 329.7280 228.3434 268.8319 281.1587 81.1239 68.4417 107.3011 209.2461 95.0903 326.4818 191.5051 233.7224 267.8791 162.0820 247.7197 157.7948 74.0233 223.7785 216.2284 145.1563 319.4191 331.7487 293.7584 149.8188 146.1897 173.1524 201.7676 40.6592 334.8639 203.0481 347.1812 149.9609 249.5081 220.4876 389.0865 214.0880 228.1061 320.7759 19.2751 106.2136 212.3441 293.9100 87.6194 144.5894 151.9036 258.8238 247.2743 17.5203 167.1473 159.7089 335.0074 88.3404 349.3822 248.4677 152.7816 117.0769 129.0659 187.5587 66.3629 83.9731 295.2894 317.5129 123.7484 79.0605 285.1211 158.7047 157.0514 118.1555 241.5256 132.0810 276.0145 172.8988 239.0519 169.2157 212.2908 309.1118 187.9544 43.5825 260.5463 363.1817 109.1689 348.9082 385.0467 243.5303 259.9527 195.1857 34.5324 275.4681 338.1357 265.6778 351.9108 170.1052 195.6594
67.5432 402.6327 118.3743 273.0854 426.4826 281.7037 138.1945 37.0333 179.4988 64.2435 115.5233 288.2131 286.0996 62.8298 280.3083 354.4790 205.4908 0.0000 137.1267 354.3066 22.4296 103.6557 172.6728 317.6293 438.0999 252.1942 93.1755 120.2879 318.6634 336.1312 359.8789 147.1540 46.8530 451.3721 307.1925 249.7699 92.9298 396.7053 301.0700 61.6941 245.7028 389.4595 129.7351 383.5213 119.4214 166.2368 55.5330 262.3594 176.2191 104.8052 140.0117 50.0895 176.6314 219.6195 261.8309 299.9479 358.9900 212.1585 219.1466 124.5421 170.8332 88.1041 301.7862 228.7148 283.4825 412.6657 366.2274 304.3274 412.1291 36.0871 21.5524 272.5645 307.5606 167.7616 288.2683 107.5375 20.5559 256.3114 234.4464 44.8204 197.2596 136.5462 372.5001 158.3009 108.6685 149.4814 420.9511 230.0198 84.1733 47.3283 136.5916 143.6968 390.6399 249.0709 50.7431 123.8308 455.7519 203.2760 137.3330 383.9497 447.6146 258.7870 218.3058 211.7675 227.9381 288.8644 419.1861 157.0467 346.3653 248.5168 306.8800 393.9615 243.9132 228.7573 350.2673 342.5108 127.9507 150.8867 318.6625 268.9088 321.8577 263.9700 349.2774 258.7294 239.0800 340.3086 281.4726 452.0394 88.2348 348.9398 38.0220 337.4591 95.8139 313.4785 143.7795 189.8006 309.8785 330.3165 436.9130 248.2741 345.3196 354.8606 439.5584 412.8741 191.5902 110.8251 340.7567 374.1299 197.5508 254.8221 436.8420 335.9123 247.7727 101.9481 51.9197 265.0872 149.4475 412.6800 209.2424 270.0674 140.4643 451.2131 222.6930 348.7688 322.9752 375.5402 336.9117 384.7705 201.0392 105.8460 126.1832 294.9810 326.5591 363.6316 199.2287 339.9157 299.5984 289.3309 328.3534 422.4300 249.6930 104.3408 326.0447 220.5027 176.5049 344.3820 402.2381 362.5785 89.5305 203.2361
199.9030 281.1658 190.2319 168.9249 339.4718 263.9162 47.2176 101.8402 52.3437 192.8656 197.1149 284.2527 237.1208 177.2215 310.0185 326.7466 70.9154 137.1267 0.0000 217.4469 116.3043 154.5474 102.4781 336.1810 304.6076 115.2363 107.0099 81.5087 183.3751 269.1065 226.8188 126.1522 95.0449 344.7455 170.2008 219.8272 128.3324 277.9711 209.9078 76.6398 118.8223 328.5018 231.3473 250.2660 23.7379 29.1178 151.0463 133.9298 136.6983 219.5832 99.9144 87.8409 42.3939 116.6303 125.8687 169.0805 227.4706 109.6771 113.4213 157.4066 81.3402 109.6496 324.9765 181.9403 153.0635 348.1976 261.2419 167.3093 369.8626 132.0454 134.1663 298.5149 171.1015 127.8332 162.0020 61.8115 121.3526 131.8360 164.8347 181.8712 231.6619 97.6051 236.4814 98.3220 154.3462 87.0172 306.4843 176.5981 56.5385 121.8777 37.3567 137.9001 255.7497 306.0402 89.2498 39.4672 340.6395 266.1923 166.0209 283.7290 323.1406 140.7879 88.6632 129.5310 177.2945 163.0040 332.9429 138.4359 245.9054 227.9138 188.0229 277.8827 150.1319 99.0792 242.5885 234.5818 86.8021 249.8157 297.5371 253.7620 192.3991 154.8489 219.0430 185.1058 101.9661 307.0750 196.4667 359.6719 100.5229 256.0161 156.9591 345.2369 146.1922 226.7305 250.4899 59.3011 172.8991 226.1415 323.5031 118.7989 208.2691 217.7450 308.9242 288.2148 60.7417 127.4179 208.6077 319.5938 108.2351 293.0351 303.3398 202.9867 155.4099 83.4235 116.6957 135.7023 37.2816 312.1731 257.0356 170.7541 52.2323 326.9556 139.7094 213.4968 186.3286 264.9870 202.8079 288.1118 139.5889 170.9640 109.3825 208.5092 284.3910 233.8663 82.0564 258.3502 315.1156 171.5613 313.0212 370.7214 210.3463 190.4213 214.9476 83.5838 214.9275 310.7693 291.2344 326.6654 122.2127 157.6455
417.0873 173.6062 390.2807 167.4201 311.3625 374.6405 225.7324 318.2279 178.7046 409.6121 400.1086 404.7350 317.5949 392.0455 458.8203 406.4213 149.7978 354.3066 217.4469 0.0000 333.7442 353.8013 246.0104 469.1742 126.3232 105.0395 308.7798 262.3361 68.0777 306.8843 86.2430 296.4566 310.2544 264.9214 54.3046 332.6749 329.7865 182.6373 231.9191 292.9749 125.6866 355.8482 438.6379 93.0817 237.5439 188.5140 364.5934 110.6185 284.2531 432.2725 261.7632 304.4761 178.1148 198.4276 93.3271 79.0567 98.0715 200.6118 193.9787 347.2251 225.2167 305.4939 464.7498 293.3120 112.4869 363.4595 218.9207 56.2136 417.3548 344.5887 349.2811 446.0259 61.7715 281.1079 127.5686 258.7741 337.5119 143.7003 256.5616 398.8598 400.9920 274.3484 26.3108 256.3518 351.3955 241.3611 214.7322 282.7496 273.1141 336.5108 223.2423 312.5550 80.9604 478.6486 304.9993 235.7479 235.5641 448.8278 350.5703 243.7916 187.8060 137.7892 153.3276 212.3301 286.5688 103.5267 308.6129 303.2502 224.0471 348.1727 153.2194 192.3487 213.9865 145.9338 202.7672 198.8801 270.7383 454.5138 393.9536 370.8650 107.7672 181.3433 104.7622 256.4564 115.8113 384.5544 239.9807 313.1373 297.5561 247.3309 370.2769 464.8712 347.6458 247.6412 458.5526 167.4280 44.6785 206.3291 229.3493 133.9152 27.6464 13.7976 147.4766 163.9309 165.5547 310.0631 90.6830 360.7021 204.8323 452.5077 125.2762 84.8063 193.4866 276.3999 330.7347 106.2631 215.7554 260.1083 430.7143 178.7553 225.9747 191.4633 231.5240 62.5013 31.7211 204.1655 42.9076 255.4827 261.1934 372.0040 293.2613 241.1557 356.2821 111.3101 171.5568 273.3077 449.0607 129.3634 412.5356 402.5977 316.0761 396.0893 183.0410 135.7869 391.2223 386.6378 216.8766 394.7569 316.4906 285.1165
84.5887 380.2296 115.0084 259.2493 405.9408 267.3209 121.7982 22.7212 160.7451 79.0212 114.6579 275.8053 268.1574 70.3370 273.0944 339.6333 185.6772 22.4296 116.3043 333.7442 0.0000 93.9052 151.2873 309.0403 415.9628 230.9778 74.8789 109.4044 296.8424 316.8851 337.7412 128.8112 33.4874 429.5568 285.9599 233.3962 78.5209 374.3527 279.7768 43.3136 227.7223 371.1084 135.5073 361.3871 97.6888 145.3250 53.6543 244.1785 157.1580 114.3910 131.0827 32.1245 156.7177 197.4022 241.7203 281.3823 336.7395 189.9221 196.8590 112.7500 148.6536 84.3220 293.7637 210.1883 261.2321 394.0797 344.3662 283.1220 395.9346 43.9131 33.1039 264.5855 286.0429 148.3933 265.8753 93.3070 20.5934 233.9095 214.0724 66.6564 189.1390 116.0170 352.4428 137.1481 98.2061 137.8540 398.7435 210.8985 62.1552 33.9595 119.0970 126.9851 368.6997 246.4867 34.9856 106.6124 433.5451 201.0293 125.6204 362.3857 425.1874 242.4964 196.1304 200.1606 209.0343 271.3418 398.6836 139.4331 324.6962 233.2459 284.4778 371.6792 222.1683 206.5572 328.2499 320.4687 106.8474 156.4349 304.3086 254.6800 299.5311 241.7226 326.9662 238.3252 218.2152 324.6636 260.4586 431.1518 82.1366 327.7302 56.1465 327.3910 85.1115 292.5303 151.5603 170.6786 289.2028 308.4173 414.7589 226.0258 324.1303 333.9554 417.2284 390.4448 172.4282 109.4855 318.5593 356.3482 184.4815 248.7095 414.7063 313.7799 235.4396 91.7998 36.3828 246.7217 127.1571 391.1586 203.9985 256.9787 124.6013 428.7874 201.3297 326.9201 302.5629 353.4392 317.5450 363.4273 180.7585 99.8146 107.0895 273.9526 309.7539 341.2939 182.2598 319.4740 290.2933 273.3367 314.8658 405.2225 232.2707 104.1212 303.8528 199.3004 168.4578 328.7277 380.1507 346.7997 88.8535 184.3186
108.2073 354.8693 36.6930 321.4298 347.2668 180.6012 184.2703 112.2737 206.8866 96.7499 46.4982 184.9445 194.9316 70.4174 179.4120 253.6561 221.8511 103.6557 154.5474 353.8013 93.9052 0.0000 118.3381 215.1504 409.8151 249.4340 47.6718 188.7558 302.0292 250.0904 334.1523 70.5063 120.8632 385.7058 300.6141 153.8138 26.2238 345.9033 232.7809 117.7792 272.6351 298.1153 86.5159 356.9979 130.8417 177.0988 52.0297 286.9085 98.7140 90.3542 212.5854 112.5081 195.5150 174.1795 270.7755 319.7579 329.8071 168.2407 176.1886 22.8890 131.9461 174.9606 199.8725 142.7186 258.2495 322.0538 303.4772 298.2771 313.6692 136.7637 123.6722 170.7101 296.7761 93.9783 255.8416 166.8175 114.0404 225.5127 160.8499 123.3292 95.3116 81.8460 376.6135 104.1125 5.8980 213.2082 364.1547 147.4376 106.1718 60.0083 177.4084 57.9178 368.5578 158.1485 118.5213 168.1469 398.1257 114.7089 34.7243 316.1400 401.8601 295.3039 201.2107 271.9141 144.1564 316.4666 339.7838 73.5347 281.2125 149.5784 262.9394 340.2952 185.6414 209.7752 291.0416 284.1088 83.2999 100.8227 217.2628 167.6706 291.3344 215.3237 318.1493 183.7309 241.7913 241.1007 211.0120 375.3525 170.7956 277.8283 140.9195 234.0239 9.4988 240.8641 106.4842 213.3760 310.0892 269.5653 378.2885 225.8358 337.5093 350.3305 404.5559 368.9344 214.6702 201.0854 314.1076 280.7257 252.7711 155.7424 408.6319 311.3759 303.5846 174.1951 58.8955 288.1773 140.3100 343.5923 112.3425 321.8722 188.7066 405.0021 160.7713 330.1747 325.4361 317.2901 348.7017 314.1599 129.8539 18.3067 62.6836 223.9975 230.4928 330.7034 235.7995 261.8256 196.5497 326.1086 225.8389 326.6263 157.4883 44.6032 272.0337 220.7853 74.7149 245.1619 342.8819 263.4940 181.3499 121.4908
212.2457 238.3877 152.0475 258.2015 255.7667 163.1661 149.4149 152.4252 142.3619 201.6834 163.7646 186.0125 135.3234 177.2102 222.8681 224.2904 141.4271 172.6728 102.4781 246.0104 151.2873 118.3381 0.0000 242.9790 291.6977 147.0351 85.8977 178.4509 188.1053 173.0062 216.8241 51.5323 152.9170 279.1585 191.7217 118.2456 100.7137 230.3814 128.4922 136.0746 193.3184 231.0743 204.4313 239.3360 90.0924 105.3105 149.9345 203.3534 40.9746 207.3539 199.7505 141.4512 125.4112 55.8554 175.2561 228.5509 211.9298 50.1643 58.0888 105.6060 25.2475 193.0197 234.0961 79.4741 142.4516 252.2983 194.2953 189.8144 268.4507 188.5024 182.5092 210.4561 185.7763 35.6341 138.1640 155.1520 167.9741 108.9600 66.6841 211.8275 155.9272 38.9059 270.6726 15.1269 114.2764 188.9554 251.5029 74.3366 103.6029 131.3667 139.5932 67.6225 251.6663 233.9017 146.8584 138.8893 286.1223 202.8224 106.4221 211.3146 285.0739 222.5449 94.3828 229.7370 74.8525 232.5172 248.6326 57.2438 173.8845 127.8624 144.9540 225.9200 71.9725 100.3842 179.2968 171.7845 44.9222 216.7628 195.6776 153.8922 173.5651 97.7700 200.0992 89.9405 144.7619 204.6122 109.5202 280.2088 184.7459 176.4719 206.8252 248.1969 115.2879 141.6499 224.2400 142.7442 204.8136 158.6745 266.7579 112.8416 226.4223 240.4711 286.2453 251.5682 143.1420 216.4759 196.8088 220.1240 208.2064 211.4558 290.5245 194.6010 251.2293 174.1656 125.1475 203.0964 66.2730 240.0173 185.2699 262.5208 154.5090 288.3512 50.0434 214.8129 220.7475 205.1476 249.1392 212.1447 37.3803 136.1870 56.4812 122.9541 182.3188 212.4499 173.5351 169.9290 221.7642 250.0908 211.6867 271.1111 107.9599 162.9405 157.1995 125.0873 145.2349 208.3208 231.5924 224.3619 204.5545 55.9323
298.9700 382.6455 202.3029 500.5019 288.2959 96.6801 378.4547 326.5730 383.0148 289.2464 209.5420 65.3347 159.6468 268.2528 41.4195 113.5295 384.3997 317.6293 336.1810 469.1742 309.0403 215.1504 242.9790 0.0000 467.9220 383.2129 246.5222 394.4704 402.5584 201.1175 411.7017 210.2342 334.3355 360.5554 416.9691 136.5009 233.3444 368.7850 251.9074 327.8223 436.2034 203.7595 223.2785 428.2140 316.3132 346.3577 262.7310 445.6527 202.7575 253.3657 418.4205 324.8279 366.8424 274.6505 414.3333 468.0108 401.9755 274.6532 279.6817 197.3856 268.2265 388.1206 17.6440 176.6720 356.7053 223.4383 308.5483 415.9134 171.9775 351.7490 338.3220 45.5856 407.6913 210.3852 342.8719 370.6943 329.1756 326.2070 212.7377 327.0663 120.3705 238.6304 495.3838 241.0426 210.8867 414.2473 367.8905 186.9436 306.8518 275.1022 369.5104 200.2201 445.6940 101.1986 331.1362 364.1158 392.3202 133.2940 184.8183 303.0049 424.3099 465.5060 331.3533 465.4262 183.3949 474.3543 282.1954 197.7751 287.6297 121.2816 325.8181 357.7441 255.1885 334.1653 309.4762 307.0357 249.8513 211.6047 93.8074 98.5108 370.8684 288.4553 389.4790 214.2463 384.3863 123.0357 236.1725 318.2282 382.9699 268.4837 353.4962 30.2045 223.9659 243.5696 228.3857 384.7462 434.2894 292.0323 374.0678 339.4473 444.5579 460.1628 449.9872 402.1617 385.3051 414.4691 394.6715 182.1930 444.3083 69.8088 467.0829 396.3578 491.0016 382.7263 273.4922 445.1002 305.0848 318.6508 114.0145 504.1841 383.5183 425.8086 239.2119 421.1277 449.9696 329.7652 482.3976 293.3221 214.4099 211.9800 229.2791 240.3057 142.1223 395.5307 414.4828 236.9825 21.2255 492.9516 80.2447 198.8943 153.1649 220.4904 309.8564 366.1200 141.1247 124.6443 345.3128 134.7666 395.5023 190.3414
493.4881 92.8221 443.6815 293.1374 239.1003 371.6533 327.0201 405.1796 280.2808 484.2580 455.4623 403.1033 308.2870 462.5522 468.7154 380.4648 249.7285 438.0999 304.6076 126.3232 415.9628 409.8151 291.6977 467.9220 0.0000 193.1802 371.7652 367.0591 122.0854 275.2361 78.2222 342.1988 399.3127 171.1149 143.2388 338.5717 390.0672 107.2325 216.3288 380.4742 242.8054 307.6229 496.1107 54.5787 319.0586 276.5072 434.3583 230.2924 320.5192 497.2728 371.6134 391.1395 273.5926 235.9128 200.3052 203.9355 80.3187 241.6077 233.6619 396.9318 279.2387 407.2169 468.2342 307.6276 155.1393 306.9555 166.0783 146.2643 371.4047 436.6472 438.1036 456.3331 137.5459 321.1928 154.2043 357.8451 424.6276 185.4844 271.6044 482.6047 430.4439 328.3439 134.8989 305.7045 405.9220 351.1151 127.1186 297.1438 353.9293 409.6494 321.9308 357.7225 51.0930 503.2796 393.3147 333.0425 132.4740 483.3061 396.2481 182.3777 76.5115 260.7666 219.8412 332.6213 301.5831 228.6575 239.1820 344.5553 183.2145 355.3161 151.1512 119.7321 232.4802 209.4531 160.0238 161.4064 329.3180 508.2043 379.5774 372.2371 118.7730 198.2224 91.6762 260.1405 209.3089 360.5559 234.0112 229.6894 398.4954 205.4818 461.4045 455.7240 406.0634 224.6248 515.9367 268.9899 152.8465 175.9931 135.1670 190.1990 112.9404 115.0141 28.8211 73.5017 267.2026 416.8632 97.5979 319.6000 321.9109 470.0899 1.2693 102.1876 317.6920 378.0136 403.3458 225.8236 288.9914 185.2965 460.1445 304.4336 328.6505 79.0019 256.7682 92.6830 149.7246 144.8746 168.9798 194.9238 290.6003 427.8091 347.2661 228.0868 333.8686 79.4961 282.7077 237.3949 450.4198 255.4036 397.3718 349.7348 321.5527 454.3785 158.5808 223.0457 426.4761 361.3773 141.4159 363.7524 419.2292 310.4335
313.3054 189.3414 286.0407 145.9322 288.9432 293.4612 133.8663 217.0637 87.5388 305.4733 295.5681 321.2941 244.5242 287.2997 367.5575 338.2729 57.2898 252.1942 115.2363 105.0395 230.9778 249.4340 147.0351 383.2129 193.1802 0.0000 203.9200 174.1374 71.2398 251.2006 117.8651 195.3593 209.9816 269.3835 54.9986 248.7284 225.0634 190.7134 175.9161 191.8293 74.0064 308.0936 333.7843 140.1962 133.6897 86.1637 259.7162 73.6324 187.2989 327.2598 180.4146 203.0756 80.5577 109.0999 33.1971 85.5331 121.5447 108.5757 103.9345 244.0434 124.0339 214.0604 376.4578 207.2719 60.5645 321.8244 196.8273 52.1451 363.2154 246.1380 249.1832 354.9042 56.4763 182.6692 78.8610 164.8069 236.5644 68.1045 173.7222 296.9932 302.8876 171.4171 127.1854 155.4202 247.2638 160.2468 223.2816 197.5732 169.4550 231.8645 128.8082 211.2045 142.8657 380.8645 204.3303 140.1475 254.2280 348.2429 248.3053 222.8949 224.4080 104.6861 52.8195 156.2250 200.6784 96.8930 283.9960 203.4687 190.5810 262.5560 114.3913 194.7632 135.3739 49.0555 177.0929 170.1147 166.8335 349.9465 318.7886 287.3181 94.2201 112.6326 116.3024 181.3872 16.7542 316.3846 174.7746 300.9231 205.3762 209.2844 271.4665 383.4267 243.0216 194.2773 353.6664 76.4894 60.7475 169.1922 240.5333 48.6953 93.1526 103.4882 201.5761 190.8791 74.7807 224.1007 102.5203 306.8917 140.0564 357.9631 191.9144 95.5183 156.0368 184.8370 226.0067 71.0453 110.7176 247.6523 332.0312 154.7370 135.6225 228.3812 145.2330 100.5933 76.0040 191.7684 102.1304 231.4725 169.1790 267.5509 189.9416 181.2245 289.0061 130.9976 96.0592 225.6569 362.3316 122.0021 336.9000 354.9155 233.5616 291.2824 149.2404 31.6915 291.3026 319.2107 214.3867 330.8735 226.0501 193.4852
126.3519 323.7402 83.9557 274.6613 334.4841 194.6634 139.0859 85.3065 159.3507 115.8479 92.2124 206.0562 193.3267 91.8524 214.5899 266.1868 174.2823 93.1755 107.0099 308.7798 74.8789 47.6718 85.8977 246.5222 371.7652 203.9200 0.0000 148.6610 259.8709 242.9852 294.7658 54.0552 90.8500 363.9116 256.2726 158.9238 21.6630 316.0810 211.5873 81.6546 224.9634 296.4529 129.8681 318.0414 83.3594 129.5051 64.1716 239.2710 83.0943 125.9070 172.7016 80.1916 147.8432 139.3755 223.9783 272.3632 291.4479 132.5813 140.3559 52.6667 92.6990 143.0140 232.8236 135.5979 217.8583 319.5658 279.5028 253.8164 321.3863 117.8465 107.9828 204.4077 253.2365 74.8421 217.6826 125.3977 94.7762 186.2995 142.6158 127.8877 131.6260 47.1048 331.0036 70.7760 47.3550 170.7514 337.3747 136.8735 62.0410 47.3961 131.6092 52.8151 328.3950 201.7096 86.6042 123.2747 371.9626 160.1120 63.5484 295.2860 370.1744 247.7978 157.6749 227.3514 134.7630 268.8090 327.1265 64.5780 258.4796 159.7306 229.2461 311.7927 157.6345 166.8668 264.9956 257.5541 42.7820 146.3452 231.5108 182.3024 253.0105 182.9517 280.3111 166.8432 195.4373 250.5371 191.0619 360.7441 137.1574 258.8808 130.3947 261.4701 39.8452 222.6964 149.7728 165.7181 264.6674 244.1599 352.5374 184.1297 293.7055 305.9868 368.7176 336.2775 167.0053 169.3025 274.8100 281.4975 207.5883 193.8248 370.5514 271.4236 257.8968 136.2382 41.7458 240.5756 93.6984 323.6935 153.7645 275.4892 143.7525 373.5287 134.3844 288.7721 279.7841 290.9402 302.0294 295.0943 109.2416 64.8105 33.2842 204.5407 234.9921 293.5894 188.5751 247.8695 226.4892 278.5447 243.1424 330.3540 157.4003 87.3731 243.0788 174.5001 112.6846 254.5878 317.3041 272.5447 151.6553 110.0642
187.1988 355.7052 218.1486 154.0292 420.9575 332.8985 40.9677 86.7461 86.7806 184.5311 220.4459 349.3779 313.6069 179.6131 363.2472 399.7935 117.3457 120.2879 81.5087 262.3361 109.4044 188.7558 178.4509 394.4704 367.0591 174.1374 148.6610 0.0000 245.3621 349.1860 291.8541 187.9713 75.9377 424.0210 225.0611 291.0400 165.0726 353.9342 291.4137 71.6777 140.2803 408.2495 244.7284 314.3329 88.3638 99.6304 161.4971 157.1505 206.3376 223.4368 24.0423 79.5975 95.1748 198.1386 170.3992 195.3146 294.7377 191.1740 194.8913 200.5226 160.4491 44.0737 381.2116 256.3210 224.2609 428.5043 341.4655 222.0032 446.7721 94.5846 105.1032 352.9766 229.5765 196.7973 236.3727 24.1606 99.7349 208.4588 243.6779 157.2756 280.0877 162.0641 275.5208 170.7785 191.0407 29.3201 383.8254 252.4192 87.6433 135.0341 48.4215 195.1817 316.3540 346.8810 75.0066 42.0766 417.3940 302.8501 212.0506 364.4942 395.1854 145.4781 164.2759 91.4796 252.4688 179.4186 414.4438 200.8409 326.8605 296.6390 265.5481 354.9624 231.5555 173.9386 322.4828 314.5092 149.8769 265.5243 368.2805 321.6432 263.0744 235.5626 288.0930 265.0347 157.7918 381.2031 277.7086 440.8957 37.5416 337.4516 118.8384 407.6825 179.2667 308.1782 260.9637 98.1101 220.9725 306.7832 401.0412 192.6237 260.6652 266.4238 375.5179 360.6533 99.9174 50.0463 275.5851 398.2985 78.2110 342.1757 365.7974 268.9921 127.5921 18.4706 133.1343 160.7767 117.6240 392.7490 300.6276 150.2661 38.5693 399.1002 220.0325 274.3766 230.8147 343.9845 235.9514 369.2235 215.7361 200.3678 166.6501 289.8904 360.2483 303.0292 91.9247 339.6793 374.0906 174.4374 382.3836 449.3730 283.8190 210.7835 294.4183 146.1330 260.6683 385.0480 369.8373 401.7195 54.2655 230.5722
376.8446 128.4821 337.7135 193.2712 251.8209 307.4196 205.0918 284.7327 158.6825 368.2381 348.4968 337.7985 249.6844 348.0976 393.8126 338.3693 128.2504 318.6634 183.3751 68.0777 296.8424 302.0292 188.1053 402.5584 122.0854 71.2398 259.8709 245.3621 0.0000 239.4596 47.3396 239.5662 278.3796 216.1625 30.6741 266.1951 279.7692 133.4300 164.0468 259.7552 130.1705 289.8941 388.3042 69.0169 199.2420 154.8876 319.9979 121.5896 223.8327 385.5981 251.0375 270.6740 151.5153 136.2694 83.9133 109.0177 53.2190 139.6879 132.3736 292.6315 170.3129 285.1604 398.7432 227.7124 47.0115 298.8448 157.6954 32.7130 350.6004 315.3256 317.4064 381.0202 19.3006 221.8896 59.8644 235.7609 304.2503 80.3800 190.5690 363.4201 340.0114 220.5200 94.2899 200.1504 298.9221 230.6957 166.9151 217.0269 234.7006 293.6556 199.8651 255.6971 72.3923 416.9480 272.5001 210.9602 194.1232 389.7231 294.4152 183.5997 157.3621 154.7836 102.6844 219.4469 221.0034 131.1856 248.2827 244.8332 159.6380 281.9917 85.8239 140.5261 147.7721 93.0744 139.9305 135.0389 219.0060 402.5955 326.0318 304.0870 42.5795 114.1405 51.9111 189.0265 87.6206 316.4910 171.9260 257.5042 276.4217 182.2811 340.3331 397.4457 296.9308 180.0906 408.3174 147.5186 50.5499 140.6771 183.3933 76.2021 42.0472 57.7587 130.7731 125.7735 145.7703 295.2992 35.9136 293.7726 205.9100 388.9746 120.8173 28.0770 211.5144 255.9857 287.5035 117.4232 171.3091 203.4622 369.9745 203.8161 206.8594 161.3396 167.0287 30.1429 60.2152 146.0372 95.2933 194.4852 198.3504 320.3301 239.7633 173.1327 288.2205 64.8659 164.0085 206.7340 382.6899 160.0154 344.6182 336.9132 249.4014 345.7960 117.4679 101.0227 331.8761 318.5919 163.4996 326.8797 297.2071 221.6667
358.1988 185.2977 267.8890 394.2762 101.0091 112.6044 315.8763 322.2668 294.9115 346.7545 280.7864 141.1383 58.4944 320.3950 213.0851 105.2895 280.4409 336.1312 269.1065 306.8843 316.8851 250.0904 173.0062 201.1175 275.2361 251.2006 242.9852 349.1860 239.4596 0.0000 232.5846 189.2533 324.1533 161.9264 263.0452 103.8360 247.3099 170.9436 76.4921 308.2731 321.8446 59.6509 316.8017 243.9219 261.4632 261.2793 298.3669 324.4668 159.9124 334.1982 368.9556 312.5788 277.5750 157.2814 284.1733 332.8629 221.1161 162.7770 161.8686 227.8883 188.7448 366.0255 205.6854 108.2613 202.1134 79.4039 110.1565 263.1780 112.4324 357.6922 349.6778 202.4742 251.2785 168.5016 183.3656 326.6972 335.6671 183.1509 106.3392 368.6420 210.5554 201.8780 332.5873 184.1234 244.2426 355.5709 166.9923 106.1129 276.2211 289.9273 306.1027 195.4021 262.6992 263.4808 318.3415 307.9946 191.4385 262.0086 218.7559 101.9429 224.3994 353.5351 212.4066 384.8904 108.3254 347.6915 93.6445 180.5558 92.1420 116.4773 153.7068 159.1933 123.0874 208.8487 115.6273 115.6039 212.5587 318.7293 107.9674 119.2067 199.3953 138.5748 209.8524 84.1513 260.2457 85.4388 77.5089 131.2334 357.7279 69.9535 372.9547 183.9873 253.0493 59.4123 332.6843 290.5586 283.5914 103.5061 172.9830 202.6489 279.5545 295.0873 254.1569 205.2284 290.1225 389.2988 219.7022 55.7230 364.0510 224.2270 274.5614 223.8710 397.4327 346.4880 284.6036 322.1359 231.9940 118.6618 234.1741 401.7358 320.6828 225.6466 129.3972 248.7270 297.1035 131.7129 332.4926 92.2643 137.8226 261.7991 209.9811 69.9846 59.9497 211.5953 322.1208 37.8570 187.1029 373.1806 124.4363 104.6357 94.3399 286.3705 125.8387 249.6927 218.3802 86.1473 144.6879 89.7516 377.5376 132.9521
415.5504 88.3757 368.7395 236.4206 226.0966 315.1320 251.3223 327.0564 205.3944 406.4316 380.2011 346.3691 253.7464 385.0498 407.6107 336.1230 175.1190 359.8789 226.8188 86.2430 337.7412 334.1523 216.8241 411.7017 78.2222 117.8651 294.7658 291.8541 47.3396 232.5846 0.0000 268.0199 321.3139 179.3098 74.7708 277.5059 313.5622 96.5596 162.4039 302.4228 176.4709 276.5357 420.6469 23.6471 240.8843 199.0308 356.8472 166.7138 248.3968 420.5602 298.1242 313.0255 197.3523 161.6545 130.7885 148.9064 12.2307 166.7135 158.8419 322.4279 202.6691 330.9317 409.8725 242.5158 77.2105 281.8708 135.4746 77.4456 339.4908 358.7888 360.0209 394.9428 65.6384 248.0790 78.7252 281.3443 346.4858 108.7190 205.3451 404.3846 361.7408 252.3617 107.9694 230.3012 330.5095 277.8385 129.1139 231.7711 275.7093 331.7713 245.6907 283.8556 35.4162 436.8172 315.2827 256.4089 152.4870 413.4682 322.6506 159.2939 111.2390 199.4387 141.6247 266.2010 236.0714 172.6414 223.7226 271.4624 144.0157 293.9994 85.9337 106.1065 163.7031 131.2524 121.2517 118.7895 252.6176 433.5506 328.8426 313.7099 43.7983 128.5008 22.8059 198.2119 134.4643 314.8281 175.7214 226.9481 322.0933 167.7904 383.4248 403.1804 329.9561 175.2954 440.5751 194.3475 90.7739 129.1699 144.3644 112.0952 60.5250 72.4944 83.7110 81.6886 192.6283 341.8677 20.0450 283.8180 253.0770 405.9400 76.9653 23.9694 256.6304 301.9041 325.4897 162.4018 210.7985 174.1608 391.7168 247.2894 253.2943 115.1869 186.5191 25.3330 94.6219 119.0871 125.1577 171.3686 219.8963 352.2998 271.4704 173.2483 286.8352 25.1139 211.3473 196.5647 392.8386 201.2674 347.2786 322.4264 260.3500 378.5660 106.8446 146.3723 355.9395 316.3851 130.6466 322.1832 343.1046 241.4325
173.3068 284.5503 101.7885 292.9762 282.3755 145.7300 168.4612 137.4345 174.7501 162.1210 114.0037 161.4693 139.3516 136.2287 184.1807 215.3431 180.8720 147.1540 126.1522 296.4566 128.8112 70.5063 51.5323 210.2342 342.1988 195.3593 54.0552 187.9713 239.5662 189.2533 268.0199 0.0000 141.5315 316.4074 242.2729 106.7368 59.4468 275.4440 163.3114 129.0574 233.5175 242.3978 154.7772 290.3330 106.1302 139.1517 111.3246 245.3954 30.0437 160.8538 211.4257 130.2295 159.5816 106.4658 221.4568 273.7496 262.7953 101.3391 109.1838 54.7845 71.4636 190.6935 198.8259 81.5623 193.9824 265.5251 233.4477 240.2531 268.5336 171.2679 161.8943 172.5040 236.7799 23.6637 189.2983 163.8216 148.4364 160.4662 92.0177 179.9127 109.3966 28.6090 320.7286 40.1284 65.6616 205.2417 293.7432 83.2582 101.5825 100.6763 159.3818 16.1540 302.9848 186.8176 136.5117 154.5694 327.8083 152.8954 54.8899 247.0398 331.5875 260.6047 143.5721 255.1974 80.9311 275.0835 274.9591 12.8742 211.4399 109.7442 193.5555 269.7889 115.2173 150.5237 220.6517 213.6634 39.6284 166.0191 181.9225 134.0611 224.5732 145.7385 250.7997 115.7482 191.1048 198.6158 141.8712 309.3781 183.7763 209.3746 184.4497 220.7491 69.6763 172.6141 174.3331 177.9090 254.4617 199.2278 308.0172 164.0210 277.5236 291.3611 335.6182 298.9034 178.7232 216.4171 248.0378 227.5533 234.1165 168.7412 341.0419 245.9914 281.4359 178.8091 95.4149 245.7264 97.6264 274.9135 137.5255 295.7906 173.5597 334.6924 90.2846 266.3431 270.3012 246.8910 297.2956 245.7600 59.8095 87.3476 22.7147 155.1147 181.7528 262.7660 206.0769 195.9461 189.2598 289.8250 195.0685 276.6687 103.8128 114.4651 201.5598 170.5451 96.1251 202.6282 272.6063 220.3244 200.5474 56.3389
114.2910 370.4180 145.9539 226.8746 408.4670 285.3539 91.3703 10.8144 133.6318 110.2238 146.7351 296.7298 279.2283 103.6952 299.9016 356.3999 160.6765 46.8530 95.0449 310.2544 33.4874 120.8632 152.9170 334.3355 399.3127 209.9816 90.8500 75.9377 278.3796 324.1533 321.3139 141.5315 0.0000 425.8693 264.7987 248.2152 101.0257 365.7121 279.8501 19.1537 199.1954 380.4616 168.9631 344.8534 81.3562 123.8936 86.4158 215.9310 167.1276 147.6153 97.6697 11.5776 132.1400 192.0666 217.2351 253.7003 321.4071 184.4840 190.6476 136.9554 144.7587 54.1026 319.7012 220.5156 246.2668 402.7199 340.7410 261.8656 409.9499 38.2228 39.2085 290.7198 266.0752 157.7353 253.1391 60.9338 27.6237 221.6710 218.7536 89.4629 215.7287 122.7386 327.6102 140.3793 124.3320 104.5340 391.9682 219.6193 50.8768 62.3457 90.0895 143.3155 350.7296 276.8911 6.3642 77.2622 426.6580 231.8319 149.5376 360.4974 414.1045 211.9348 180.9327 166.9027 218.3850 242.1594 401.3892 153.4795 322.4127 250.1113 275.1787 364.1244 220.3460 191.4933 323.5569 315.6199 111.6477 189.8555 322.1128 273.0726 285.3320 235.4687 312.4216 242.5696 196.0117 340.0931 262.0112 432.2025 50.2926 327.8530 62.1154 350.9803 111.5333 294.0817 185.0310 144.2326 266.1394 304.7429 408.4722 211.2976 302.6952 311.5079 402.6614 379.1618 146.0553 80.3089 302.7464 367.1614 151.6813 276.6036 398.0466 297.3967 202.4090 58.3309 62.1319 218.7559 114.5798 389.3706 232.8530 224.2453 93.6121 417.8222 201.9854 308.5117 278.7154 347.9024 291.2589 362.6977 186.3623 129.4817 118.8383 275.3122 323.0082 327.0818 152.4438 322.8406 314.9243 242.4983 333.9699 417.0989 244.9199 136.5344 297.7165 178.4437 195.3544 344.1152 374.6117 361.8517 61.2684 194.0629
489.1331 91.3383 411.0668 408.5066 80.0913 274.5124 384.0566 427.6092 346.5241 478.1222 424.1205 302.8128 216.3186 452.4982 374.9232 253.5793 320.7986 451.3721 344.7455 264.9214 429.5568 385.7058 279.1585 360.5554 171.1149 269.3835 363.9116 424.0210 216.1625 161.9264 179.3098 316.4074 425.8693 0.0000 246.8340 259.6733 375.1781 83.1527 153.0961 407.2698 341.0370 165.0433 463.2074 173.5256 348.0280 324.5080 426.6610 335.4162 287.1182 475.2444 437.4748 415.0694 332.5950 233.8044 294.4872 325.0020 168.2261 241.3865 235.3718 366.0207 281.6341 453.9785 366.5677 248.0336 209.0543 155.1321 85.2432 248.7710 223.6147 463.4803 459.4429 364.3966 235.0225 292.7863 192.3197 406.4523 444.8143 216.3615 224.8576 490.9586 366.6926 317.0578 284.2283 293.9684 380.3157 419.2753 50.2113 240.7875 375.0126 410.3602 375.7178 327.7908 189.8842 424.7743 419.5232 382.7209 41.5513 419.8249 359.8556 69.6339 96.2505 368.7529 260.3019 425.4363 244.7159 347.3293 83.6634 312.1728 105.4320 274.5024 159.4047 75.7728 207.4736 251.2650 102.5346 110.5344 324.0781 468.6644 266.7696 280.6416 177.8388 190.9823 165.0366 202.3124 284.8936 238.7686 174.7037 60.9474 444.8880 108.7349 484.0331 340.1889 385.9447 145.5236 480.9384 337.6791 266.1812 121.2613 36.6510 234.1737 239.8338 251.1274 142.6062 103.7088 336.4204 471.9678 181.1435 183.5692 408.3309 385.8832 171.1414 188.8117 423.8823 428.1219 404.1999 331.5473 313.8500 44.1018 392.5478 418.7049 387.6757 94.8565 229.6085 204.3811 272.7788 80.0769 304.4408 73.5063 256.6453 400.7593 331.7072 161.7386 218.6403 154.8769 363.5324 132.1686 348.0075 376.1482 281.1562 197.0799 246.1762 427.3717 129.7993 286.4072 371.1044 237.9317 55.1374 233.1322 466.4992 264.9644
368.0724 158.9141 336.9541 162.8635 281.0821 323.3666 185.8550 272.0007 138.5269 360.0989 347.0329 352.9921 268.2257 341.4575 405.4668 359.1228 108.0496 307.1925 170.2008 54.3046 285.9599 300.6141 191.7217 416.9691 143.2388 54.9986 256.2726 225.0611 30.6741 263.0452 74.7708 242.2729 264.7987 246.8340 0.0000 280.5570 277.0154 164.0885 186.7520 246.7488 101.8712 315.4826 385.9643 93.6926 188.5711 141.1037 313.6917 92.0023 229.9881 380.7630 228.5520 258.0278 134.1218 144.5838 57.2416 78.4938 82.5029 146.5151 140.0280 293.4184 171.1535 266.4463 412.0055 240.5654 62.0876 325.5904 186.7934 3.0585 375.0381 300.6590 304.0072 392.6825 12.4605 226.8034 79.8215 217.8111 291.4891 90.7700 204.2469 351.9903 346.7221 220.5631 79.5167 202.1940 298.0351 208.0194 197.5707 230.1231 224.3461 286.1901 181.7221 258.3880 92.1509 424.4189 259.2000 193.5542 224.4655 394.5435 296.5191 212.9015 185.9745 124.9221 99.5597 191.8359 233.8187 100.5127 277.3071 248.9644 187.1651 295.7398 111.0409 171.1801 162.1194 91.7994 168.4993 163.1289 217.3745 401.4226 344.4196 318.9882 71.6894 131.0973 82.4013 205.9739 69.0546 337.1299 192.0348 287.6097 257.9798 209.1798 326.0892 413.8046 294.7214 203.7109 405.9319 127.0954 21.0329 167.3915 214.0054 79.7251 38.1973 49.7363 155.8332 155.3728 125.2581 274.5138 66.2873 318.0894 179.5609 398.6122 141.9981 58.4612 181.9770 237.1139 280.2479 87.7246 164.2134 233.5186 376.4264 173.5053 187.0266 189.9298 178.3585 52.0018 34.2481 176.0316 69.4633 223.4721 207.3297 318.8713 239.5769 194.8804 308.9666 94.8007 139.4850 231.9290 396.6384 129.3439 362.9417 362.6530 264.2120 343.3672 144.5200 86.6901 336.9231 339.4662 194.0427 348.8139 278.1427 231.3758
261.3307 259.4929 166.5527 374.4066 204.8216 45.5350 266.0308 243.7838 260.2794 249.9043 179.1669 72.7120 45.3418 223.7940 130.4155 109.0340 256.4517 249.7699 219.8272 332.6749 233.3962 153.8138 118.2456 136.5009 338.5717 248.7284 158.9238 291.0400 266.1951 103.8360 277.5059 106.7368 248.2152 259.6733 280.5570 0.0000 157.0667 246.7520 123.7050 235.6676 306.5479 145.0546 213.7450 295.3359 204.4238 223.2827 204.8993 314.4149 84.7040 232.8468 313.7027 236.9503 243.1020 139.6351 280.6607 334.1086 268.4011 140.5135 144.7939 130.9418 142.3897 297.1162 132.7839 41.6749 220.2136 169.1860 190.2044 279.5477 162.5389 276.7401 266.3995 117.8925 271.1995 94.2488 206.6424 266.9874 253.5808 189.8326 76.3219 276.4531 107.4326 129.4165 358.8828 121.7112 147.9307 304.9252 253.3115 51.1645 207.0412 202.4419 256.3434 106.4119 312.1474 168.5003 243.2429 254.1013 283.0292 160.1659 120.1268 192.7367 304.4885 337.0650 198.0342 347.9617 48.1216 342.2566 197.4316 94.7783 167.2568 16.7475 191.6902 237.1919 118.6885 199.7790 185.9588 181.7966 141.6065 214.9837 77.7356 38.6454 235.6731 152.2177 255.7658 79.3355 251.3519 91.8826 104.6066 234.8997 289.9633 153.7058 287.7197 134.7018 158.5662 120.7619 229.1482 259.9293 298.1190 165.9632 263.2988 203.6589 308.1564 323.7311 323.5163 277.9388 260.1703 322.6029 259.7801 126.9997 326.4337 132.4510 337.6337 261.0034 369.0678 283.6044 198.0936 313.4293 184.4061 215.5721 132.9106 379.3848 271.1762 306.6350 103.6232 285.5211 313.7208 209.6896 346.5301 186.4258 83.6124 162.8856 129.4515 111.8892 77.0104 263.0845 291.2030 127.5208 116.4949 362.7909 93.4413 173.2004 17.1654 185.7416 180.2799 234.3332 114.5478 95.9008 230.2190 113.6925 307.1751 62.3464
114.0372 339.0483 62.2974 295.3319 341.6702 189.0858 158.6202 93.6526 180.6688 102.9550 70.6834 197.3718 194.8533 77.4245 199.5555 261.6876 195.9366 92.9298 128.3324 329.7865 78.5209 26.2238 100.7137 233.3444 390.0672 225.0634 21.6630 165.0726 279.7692 247.3099 313.5622 59.4468 101.0257 375.1781 277.0154 157.0667 0.0000 330.8079 222.1722 95.2926 246.5234 298.5121 108.9507 336.6795 104.6216 151.1551 51.8784 260.8949 89.4663 107.2515 189.0519 91.5300 169.4042 155.8126 245.5286 294.0246 309.8130 149.3747 157.2700 36.0887 110.9102 154.7897 218.8751 139.0550 236.9879 322.0676 291.5711 274.6022 319.2591 122.4295 110.7350 190.0145 273.6737 82.6933 235.8629 142.5307 99.1126 204.8724 151.3504 121.3512 115.6170 62.2159 352.2147 85.7770 26.7084 188.6132 350.8005 141.9526 80.6761 45.7321 151.5532 52.0687 347.5360 182.6777 97.8117 142.5829 385.1672 140.0887 48.5262 305.9989 385.7796 269.0815 178.0221 246.5520 139.2665 290.4112 334.2393 66.7741 269.9348 155.5972 245.5048 325.9339 171.0453 186.9704 277.9515 270.7174 60.9920 124.9459 226.0759 176.3702 271.3159 198.4825 298.4449 175.1778 216.8562 247.3790 200.9729 368.8034 149.8326 268.6339 130.9502 250.1446 18.1910 231.9566 128.9291 187.2150 285.8008 256.7708 365.5338 203.7604 314.2635 326.7499 386.0931 352.2634 188.5220 181.1309 293.5504 282.4015 227.1705 177.3800 388.8652 290.4326 277.8245 151.3598 42.1711 262.2185 115.1503 334.0438 135.6331 295.8862 163.1396 389.0459 146.8622 308.3881 300.9990 304.0916 323.5558 305.0058 118.6585 43.1496 44.4190 214.3001 234.0019 311.4320 209.5953 255.3254 213.9002 299.8930 236.3760 330.0651 157.8978 66.3518 257.2733 195.8908 95.7672 251.4525 330.1657 269.6531 162.2623 115.1016
442.3389 14.5489 375.9486 326.4117 135.1733 274.2298 313.1765 368.9984 272.3336 431.9263 388.6276 305.2756 210.7822 407.5915 374.1098 275.4508 244.7941 396.7053 277.9711 182.6373 374.3527 345.9033 230.3814 368.7850 107.2325 190.7134 316.0810 353.9342 133.4300 170.9436 96.5596 275.4440 365.7121 83.1527 164.0885 246.7520 330.8079 0.0000 123.6390 346.6403 260.3902 200.4015 429.1535 93.5699 285.1099 254.6742 380.2321 253.7982 248.8739 436.1645 365.1383 355.6489 259.9051 177.7005 213.5947 242.0209 85.2208 184.9830 177.7268 329.0481 226.3911 387.4783 370.9154 222.6620 131.8466 200.0938 60.8044 166.1254 264.1724 403.9053 401.8247 362.2205 152.4752 252.2363 117.6716 338.5223 387.3701 146.1880 190.7693 438.8992 347.2938 269.2783 203.0734 245.4861 341.1036 346.0494 33.4869 213.1562 315.7058 359.9815 305.5822 289.2497 111.4336 415.0215 359.3641 313.9593 63.8367 401.2207 325.4799 75.1473 58.0459 287.1608 190.0582 346.7842 217.5727 264.5903 134.2442 274.3466 81.2152 263.2677 90.5561 12.5077 160.2679 180.1102 60.7932 65.4278 273.8572 438.0029 277.7022 276.6919 97.0056 133.4145 81.9661 173.4040 206.8649 256.2975 144.6575 131.7273 378.3549 101.1370 426.3313 354.0991 344.2599 126.7529 448.1849 262.6714 183.1704 81.3444 50.2342 161.3328 157.0276 168.8475 83.6444 34.5049 261.2550 403.1779 98.1057 212.7651 330.7166 379.0866 106.7701 105.8267 343.0122 360.1424 353.6246 249.8143 251.2388 81.2682 375.8525 336.7872 316.3151 60.5596 185.1653 121.4264 189.6280 39.2674 221.5014 87.7096 217.3051 362.7068 286.3896 135.2557 230.5919 71.8489 286.3606 133.2758 352.6295 293.4248 294.8885 242.7226 230.5173 389.8335 73.8963 211.1086 347.0717 256.7965 36.1592 257.9426 400.0340 232.2189
336.1856 135.9905 259.2694 320.4910 129.9236 155.4099 254.7294 280.2282 227.5524 325.1271 272.2556 186.8741 92.3868 299.4342 252.8673 174.9388 209.6971 301.0700 209.9078 231.9191 279.7768 232.7809 128.4922 251.9074 216.3288 175.9161 211.5873 291.4137 164.0468 76.4921 162.4039 163.3114 279.8501 153.0961 186.7520 123.7050 222.1722 123.6390 0.0000 262.0777 247.8948 132.1775 311.9695 177.0619 207.3188 196.8282 273.7795 249.4862 134.0995 322.6254 308.9357 268.5911 210.8100 93.3032 208.6195 256.5528 151.7986 100.2493 96.7961 213.5289 135.7088 314.6318 251.9061 99.8222 125.6263 146.6841 71.5528 186.8160 188.8787 316.3569 310.8776 240.6468 175.1094 139.6944 106.9737 270.6962 296.3040 107.8622 72.0427 339.2326 224.0023 165.1771 257.8997 142.7770 227.4562 293.5075 134.3690 90.9545 229.3292 258.5036 245.3063 174.8718 195.0766 291.5352 273.6265 249.3680 167.0010 277.9641 208.0600 83.8378 181.6439 279.4421 141.2874 316.1856 95.2466 271.8890 123.2160 159.2960 48.6617 140.3744 79.0683 114.8366 60.3562 136.2547 63.1364 58.2911 173.1245 318.8918 166.5051 155.9795 125.4730 64.1027 139.6835 51.0284 185.9810 153.2701 22.1166 152.3782 305.8136 48.0538 335.2612 241.4193 232.8673 18.5091 330.2699 221.8013 207.2020 42.3786 146.9761 127.8176 204.9072 220.5917 200.0465 154.2521 221.1300 335.6520 147.3937 132.0159 296.0015 256.1464 215.4538 150.6680 325.7465 291.7136 252.4581 246.9614 174.5428 112.1083 252.3236 328.4376 259.1781 184.0047 78.4596 175.8127 220.8903 88.3523 256.2152 83.7136 103.5640 248.1580 178.9995 11.8458 125.0568 144.2467 252.5705 50.8496 234.1282 297.8571 184.9018 179.0560 107.1580 274.9625 57.9491 177.2980 224.8100 155.1274 111.9324 162.8436 326.8145 112.9906
127.6620 351.2923 146.4711 216.9056 391.0848 274.2695 78.6303 25.2850 117.9164 122.3341 148.9384 287.2859 264.8820 112.2088 294.7852 344.4003 143.8509 61.6941 76.6398 292.9749 43.3136 117.7792 136.0746 327.8223 380.4742 191.8293 81.6546 71.6777 259.7552 308.2731 302.4228 129.0574 19.1537 407.2698 246.7488 235.6676 95.2926 346.6403 262.0777 0.0000 184.5644 365.1907 175.0161 325.9835 62.2138 105.6658 91.1462 201.0967 153.0664 156.3641 95.1512 11.6070 115.0490 173.4851 200.2691 238.4885 302.4065 165.9068 171.9445 131.3034 126.6189 61.8156 313.7622 206.1533 227.2092 387.1582 322.2043 243.8387 396.5108 57.3614 57.6623 285.0617 247.7362 143.5289 233.9906 52.0302 44.7405 202.5173 202.3928 105.9179 210.9095 108.0500 310.8850 124.1598 120.4646 98.2545 373.0258 204.6373 32.7550 63.6066 75.7890 132.6198 332.0618 275.6521 12.9121 63.3066 407.6954 231.3456 143.4224 342.2281 394.9513 199.2319 161.8529 159.7699 203.6504 228.0836 384.0589 141.4398 304.1114 238.5793 256.0970 345.1261 202.3104 172.4124 304.8827 296.9313 96.4674 195.4727 310.7617 262.2436 266.2411 216.6847 293.3588 225.9768 178.1804 327.4739 244.6254 414.4553 55.5407 310.0137 81.1097 343.1242 108.2830 276.6241 192.1937 128.1279 248.6736 286.2319 389.5698 192.2083 284.7489 293.8700 383.6202 360.0082 129.9120 87.9024 283.7830 352.4658 142.9357 272.5943 379.2089 278.4903 194.2098 56.4195 61.4675 203.7190 95.4600 371.0952 230.0539 215.1130 81.6253 398.6697 184.5746 289.8963 261.5492 329.1067 275.2261 344.6427 170.4894 128.7688 106.4058 257.8473 309.4358 308.0021 138.9473 305.7919 307.9619 230.1134 323.3005 402.7337 231.3937 139.4917 278.8854 160.2068 190.9862 331.4644 355.8017 348.9937 71.5076 179.6528
312.2236 257.2561 308.7024 72.5971 362.9486 352.0560 108.5355 208.6695 67.7058 306.6025 315.8759 377.5770 309.1370 293.6851 415.5138 403.3131 52.6473 245.7028 118.8223 125.6866 227.7223 272.6351 193.3184 436.2034 242.8054 74.0064 224.9634 140.2803 130.1705 321.8446 176.4709 233.5175 199.1954 341.0370 101.8712 306.5479 246.5234 260.3902 247.8948 184.5644 0.0000 379.7802 350.0130 195.4055 142.4614 96.0954 268.6241 16.9694 233.9923 336.9519 136.9082 196.0696 77.1209 170.7397 46.8268 55.2433 183.3715 167.8956 165.5339 273.3148 168.0988 184.2851 427.3885 265.0052 133.8544 394.4298 270.6134 99.0955 432.9088 229.3502 236.5261 403.2746 111.0858 227.1870 152.6572 141.4583 226.7643 140.4152 235.4084 288.4604 342.7467 205.8396 135.9744 196.8982 272.0069 116.8121 293.5767 256.4231 173.7273 239.2328 109.1267 247.8022 192.0627 419.4285 194.9608 121.9345 322.8965 381.8502 280.5426 296.7527 287.4265 31.7129 111.3090 90.0882 258.8265 44.2486 357.9968 244.1338 264.5704 318.6070 188.2794 265.6333 201.6698 113.2728 250.9313 244.0358 197.5478 368.6215 380.6300 344.3256 163.5072 183.8810 181.2670 247.1082 61.9397 381.7587 244.5301 374.6224 177.1002 283.0236 254.9206 440.0718 264.5594 266.3819 369.0042 59.5212 89.9835 243.1649 310.6024 120.2098 130.3454 132.2802 257.3666 255.8576 58.1071 185.9418 165.7367 377.2536 79.6246 402.0140 241.6039 157.9918 82.8567 156.1375 234.4595 20.5057 136.4398 321.1288 370.0363 80.8887 107.3489 291.3974 206.1910 153.7360 95.6054 264.7248 95.7430 305.4498 223.3876 289.4492 221.5712 252.2281 355.2369 194.8941 48.4674 298.2385 415.0045 56.7742 398.1409 426.2254 292.9427 309.2420 223.2082 73.4708 327.9535 384.8603 286.4108 397.7782 194.4002 246.6747
406.0780 214.8675 311.3987 452.3418 86.9052 135.3351 375.3663 377.9538 354.4745 394.6310 323.8727 155.9499 103.6666 368.4101 226.2666 91.3472 339.5150 389.4595 328.5018 355.8482 371.1084 298.1153 231.0743 203.7595 307.6229 308.0936 296.4529 408.2495 289.8941 59.6509 276.5357 242.3978 380.4616 165.0433 315.4826 145.0546 298.5121 200.4015 132.1775 365.1907 379.7802 0.0000 357.0064 284.3499 320.2652 320.9299 348.2962 381.6547 214.1474 377.5405 428.2742 368.8906 337.1650 216.8574 340.7609 387.9415 264.5266 222.4129 221.3974 275.3616 247.8292 423.8690 213.0071 160.9206 256.1367 24.1952 143.4502 315.9130 63.8726 412.8889 404.1343 217.9526 303.3594 223.2238 236.8348 385.5494 390.4271 240.0290 164.7366 419.5056 244.2683 257.7371 380.8547 241.4044 292.2174 415.0942 186.7550 160.8815 333.5482 342.5764 365.5763 246.5013 303.3604 283.8620 374.8037 367.2507 202.4722 291.3984 264.9708 125.3001 246.2908 411.3996 271.2721 444.3826 162.3371 403.9008 81.9076 232.5035 132.5816 153.0950 204.5455 187.9146 182.5766 267.2643 155.3625 157.8856 268.8903 356.0869 113.6665 145.9685 248.2392 195.9285 254.4156 143.3994 317.9471 81.5811 136.4876 115.5108 415.7163 108.8855 426.8475 179.8176 302.1854 113.8579 371.1688 349.9828 336.3612 149.5268 187.2867 259.9119 328.2274 343.3567 283.3167 234.5427 349.5161 447.5478 266.2146 21.9355 423.5972 243.6168 307.1426 271.3330 456.3650 405.0771 337.5858 379.1388 291.3229 129.0243 263.4167 460.0604 380.1951 246.6150 188.8306 295.3815 349.0465 163.5810 384.5168 112.8523 194.9435 307.8739 264.0645 127.6419 73.1884 253.5053 381.4628 83.6107 195.1448 430.0214 123.7706 47.2014 140.8785 330.7227 172.8223 308.2573 255.8787 79.4294 167.7079 70.0664 435.1847 186.9617
82.2744 438.7614 53.2160 391.0234 417.1550 225.8621 251.7290 158.2271 282.6028 75.6092 40.7772 218.1885 258.6793 66.9053 182.0359 295.1510 301.4301 129.7351 231.3473 438.6379 135.5073 86.5159 204.4313 223.2785 496.1107 333.7843 129.8681 244.7284 388.3042 316.8017 420.6469 154.7772 168.9631 463.2074 385.9643 213.7450 108.9507 429.1535 311.9695 175.0161 350.0130 357.0064 0.0000 443.4507 207.9603 256.8737 83.9118 365.2769 180.2797 31.7819 266.5872 165.5603 273.6200 260.2699 353.1126 399.9507 416.2023 254.5053 262.4500 100.2686 218.4195 217.4675 205.7448 215.4247 344.7478 381.1807 383.4564 383.5457 359.4297 164.9165 150.4004 178.7853 382.5717 177.2970 342.2684 227.0009 148.9009 312.0257 240.2501 116.9619 116.3812 168.3609 460.8314 190.4628 90.1976 272.7335 445.4706 222.4208 176.7550 112.6235 246.8316 140.1398 455.0737 133.7705 169.7625 235.5866 478.8047 91.1301 104.0168 393.6800 485.8577 369.6124 286.9162 334.6922 218.5036 394.2515 409.6852 154.8212 360.6206 203.9815 348.3140 422.8337 269.4671 295.7443 372.5048 365.9512 169.3125 21.1520 258.7139 213.6061 377.7515 300.5125 404.4752 261.3646 325.0420 288.0361 289.8715 446.5808 216.6700 354.4896 154.6834 249.4731 91.4129 317.7063 20.0140 290.5561 394.5310 350.8754 458.8147 312.1504 423.1949 435.6979 490.2900 453.5056 292.0455 240.5522 400.6019 337.2707 317.8840 153.6846 494.9338 397.8917 369.1986 227.2938 116.5185 367.0147 223.3674 420.0088 110.0442 389.7858 255.3711 488.8804 244.3664 416.6033 409.6147 398.6931 431.1974 390.3026 211.8530 68.3510 149.1935 302.1905 284.8212 416.8781 308.9519 334.6851 210.2860 400.7271 261.5948 377.5763 222.5918 42.6032 355.3193 304.1739 101.5073 291.8557 423.5620 309.6582 219.2533 198.9806
439.1288 82.5825 391.3597 252.1085 227.6278 331.5341 273.9636 350.6485 227.6896 429.9773 402.9291 362.9212 269.2597 408.4963 425.7123 348.5632 197.2674 383.5213 250.2660 93.0817 361.3871 356.9979 239.3360 428.2140 54.5787 140.1962 318.0414 314.3329 69.0169 243.9219 23.6471 290.3330 344.8534 173.5256 93.6926 295.3359 336.6795 93.5699 177.0619 325.9835 195.4055 284.3499 443.4507 0.0000 264.4990 222.3450 380.2944 184.5390 269.9794 443.7626 319.9790 336.6134 220.1701 183.8699 150.7371 163.3020 27.7929 189.1741 181.2626 344.8843 225.7694 353.8226 427.0804 261.6404 100.7515 287.7795 141.2279 96.5749 347.9152 382.2735 383.5962 413.1202 86.0752 270.0061 101.2008 304.3014 370.0864 131.8145 224.7562 428.0312 382.2930 275.2829 110.7679 253.0098 353.2713 299.5991 123.7331 250.9551 299.3506 355.3297 268.5354 306.0740 19.0106 456.7017 338.8357 279.4084 142.5823 434.4375 344.8041 163.0283 95.7381 216.6092 165.2718 285.4595 255.3171 187.6561 226.0076 293.4061 153.0444 311.9592 103.9748 104.7403 183.8717 154.8973 129.5735 128.4838 275.7832 456.0968 343.3612 330.7799 65.7749 148.8541 40.3326 216.0397 156.6337 327.6435 192.0930 225.2756 345.0250 176.7107 406.9583 418.4797 352.9468 188.4321 463.3504 216.5352 107.1080 140.6959 137.3527 135.7105 71.2854 79.5342 62.2093 71.0261 214.7872 364.2924 43.2809 293.2117 273.1810 425.0374 53.3208 47.6091 273.9465 324.7216 349.0412 180.1382 234.4423 174.2749 412.2060 263.1789 275.8078 99.5397 207.3123 41.6952 108.0561 122.6020 134.8677 175.5078 240.9336 375.1006 294.3369 188.3464 299.9650 32.8212 232.3044 206.9522 409.7631 215.8221 361.6414 329.2926 278.1749 401.4728 119.7584 169.3269 377.0958 328.9643 129.4338 333.6624 365.9398 261.9135
179.6717 289.4187 166.4940 191.8904 337.2287 247.5250 62.4933 86.2853 76.0493 172.0683 173.4244 266.3392 225.3238 155.2087 288.9396 312.5950 93.6393 119.4214 23.7379 237.5439 97.6888 130.8417 90.0924 316.3132 319.0586 133.6897 83.3594 88.3638 199.2420 261.4632 240.8843 106.1302 81.3562 348.0280 188.5711 204.4238 104.6216 285.1099 207.3188 62.2138 142.4614 320.2652 207.9603 264.4990 0.0000 49.7342 128.5072 157.4059 120.0396 196.9859 109.8750 72.3202 65.6743 115.4536 147.3246 192.1068 240.5169 108.0206 113.1684 134.1903 73.0019 107.3673 304.5823 168.4106 165.1758 340.8591 263.4405 185.7739 358.4850 119.4981 119.3755 277.6568 188.3839 110.7473 171.7863 65.2872 105.6403 140.3826 155.5529 164.1897 209.4774 78.0716 257.4650 83.0349 130.7121 100.5712 312.1784 164.1788 35.7752 99.6336 53.2681 116.7464 271.2613 283.1467 75.1176 49.6805 346.7193 242.8652 143.1614 284.6574 332.8205 164.4655 99.7835 149.2745 164.3519 186.5990 330.4567 118.7550 246.5416 211.2936 194.5684 284.0088 146.9632 110.3331 245.4945 237.4935 66.5063 226.2671 282.0731 236.8514 204.1075 157.0482 231.2929 177.3886 121.7344 293.5769 191.9244 358.9515 98.5055 254.5704 143.2285 326.5663 122.4588 223.2046 227.2107 82.9533 192.8698 227.7199 328.9097 130.0946 226.7676 237.0381 321.5971 297.8683 84.3555 128.6763 222.0187 309.9988 128.4048 271.1753 317.7968 216.9199 177.0480 85.1855 94.1911 159.0697 34.2095 313.4059 234.3091 193.3027 67.6270 336.5518 132.9637 229.3496 206.8365 269.0565 224.8852 288.0420 127.4065 147.2261 87.8229 204.5987 272.1104 245.8905 105.3447 253.9428 295.3739 195.2758 296.9164 361.0522 196.2621 166.8377 218.7587 102.1247 192.3006 297.3747 295.6376 313.8183 119.6448 143.0387
228.6280 256.9693 213.4511 154.2804 324.8122 268.4106 59.6390 130.9027 37.0520 221.3615 221.2286 291.1140 235.1119 204.9290 322.8928 327.2757 44.7906 166.2368 29.1178 188.5140 145.3250 177.0988 105.3105 346.3577 276.5072 86.1637 129.5051 99.6304 154.8876 261.2793 199.0308 139.1517 123.8936 324.5080 141.1037 223.2827 151.1551 254.6742 196.8282 105.6658 96.0954 320.9299 256.8737 222.3450 49.7342 0.0000 178.2166 109.8570 143.8825 246.6602 113.6589 116.9241 20.5210 104.6023 97.6089 143.1660 200.2262 98.6139 100.4885 177.2201 80.9135 133.6796 336.2871 183.2919 126.8385 339.3823 242.5131 138.2058 366.1692 160.4719 163.0748 310.9570 142.1850 135.9807 137.4490 84.1732 150.4009 108.8667 160.8465 210.9880 247.6867 110.8900 207.9299 105.3358 176.2285 96.9613 284.2646 176.5083 84.7810 149.3653 51.2345 152.7360 227.2776 323.8083 118.1909 59.3637 317.9623 285.7856 184.5391 266.0978 297.7571 121.6240 64.7069 125.8700 177.9186 139.5086 318.5848 150.4840 228.8873 233.1684 165.9239 255.4317 139.0538 74.5679 223.3249 215.3869 101.8925 274.7178 300.2763 259.1985 166.1455 137.6214 192.3035 178.6182 72.8919 306.7797 185.8747 343.2943 124.6256 241.1037 185.6044 353.0742 169.3014 214.4761 276.3050 38.7611 143.9147 208.3637 301.4585 93.7086 179.1567 188.6562 281.6969 262.9522 39.5829 148.5122 181.2218 313.8272 104.4460 307.8584 275.2381 175.3363 145.9190 105.6443 143.9171 111.0785 41.5890 294.0565 274.4612 157.8450 63.5190 301.6206 133.3323 184.9572 157.5270 244.4440 175.1755 271.4712 140.2702 194.2639 125.7927 196.9676 282.5428 207.2096 68.3379 246.7391 325.1493 151.3805 316.6609 364.7364 211.9721 215.2583 195.0833 54.5581 232.3064 310.2956 270.2258 325.2897 146.1486 161.1424
62.5298 387.9086 62.9386 307.2592 393.4325 232.6309 168.0393 75.9590 200.9320 51.7668 61.2162 236.3774 244.7218 28.2026 224.9820 305.6858 221.9131 55.5330 151.0463 364.5934 53.6543 52.0297 149.9345 262.7310 434.3583 259.7162 64.1716 161.4971 319.9979 298.3669 356.8472 111.3246 86.4158 426.6610 313.6917 204.8993 51.8784 380.2321 273.7795 91.1462 268.6241 348.2962 83.9118 380.2944 128.5072 178.2166 0.0000 284.3555 141.3358 68.5370 183.9141 81.9787 193.4019 203.4631 275.7112 320.0871 354.0838 196.5908 204.3130 74.6470 156.2033 137.8587 246.6826 190.1616 279.6702 372.0655 342.7207 311.0624 365.5318 91.1280 76.8985 217.4851 311.8420 134.5211 280.6679 143.1648 70.6415 248.9763 203.1955 71.5766 142.4361 111.0389 385.3804 134.8090 57.7057 189.1165 401.2385 193.5180 94.9479 29.4049 163.4774 103.0306 389.8678 194.1212 86.5385 151.9747 435.7550 148.4149 86.7538 357.6171 434.3146 286.8436 217.3137 250.8960 190.6982 312.8361 385.9925 118.2059 321.3136 201.3588 293.3024 375.8514 221.3864 227.0662 328.6493 321.2901 106.7602 104.3320 269.2787 219.6999 315.7870 247.1215 343.2129 227.0530 249.1916 293.0213 252.7067 420.6594 135.7832 320.4250 90.8037 283.3437 46.3361 283.7933 101.5601 209.5562 319.9864 307.6437 416.2414 245.2390 351.6694 363.0445 432.1633 400.3578 211.1412 162.6413 337.0135 331.4600 233.9732 199.3218 433.1321 333.2469 285.2923 144.4874 34.3544 286.3782 149.5225 385.7529 153.7095 305.9040 171.5861 437.6786 197.6795 349.4378 334.4387 354.6865 353.3887 356.7845 170.3784 50.7604 95.0267 266.0672 281.8154 356.7426 226.1074 307.1531 245.0908 317.9510 277.6564 378.0170 207.4178 50.5044 307.1294 228.8393 121.7477 297.0863 380.9389 315.4120 141.6980 166.7534
328.7273 249.8103 323.1642 73.6496 360.9430 359.8052 125.4377 225.3299 83.7083 322.9743 330.6304 386.0495 314.7362 309.6805 426.1140 408.8826 65.3302 262.3594 133.9298 110.6185 244.1785 286.9085 203.3534 445.6527 230.2924 73.6324 239.2710 157.1505 121.5896 324.4668 166.7138 245.3954 215.9310 335.4162 92.0023 314.4149 260.8949 253.7982 249.4862 201.0967 16.9694 381.6547 365.2769 184.5390 157.4059 109.8570 284.3555 0.0000 244.2573 352.7775 153.2608 212.6290 91.7551 176.7450 42.0942 38.2756 174.4072 174.5538 171.4991 286.7903 178.2894 201.1781 437.3299 272.7558 131.0244 395.4507 267.7108 89.4421 436.2003 246.2880 253.3856 413.7611 102.2944 237.8491 150.3581 158.4030 243.5194 141.6260 241.8263 305.2538 354.7818 218.1388 119.6567 207.9015 286.0848 133.3128 287.1868 263.8141 189.4083 254.9944 125.8419 260.0287 179.9612 431.8603 211.6274 138.6735 315.5136 395.0138 293.6157 293.9866 277.9493 33.3647 117.1074 102.5415 266.4327 29.7851 356.2605 255.6319 263.0979 327.0073 185.9730 259.7208 206.2612 117.5912 248.2244 241.6230 210.3514 383.6721 387.3795 352.5236 157.5856 185.9359 173.3426 252.1083 64.7895 387.1641 247.6137 371.3099 194.0337 282.4464 271.8691 448.5435 279.0013 267.8744 384.3899 74.8240 77.7656 241.8590 304.0155 121.8404 117.3922 118.0473 246.0668 247.2348 73.2797 202.4596 157.4802 380.0951 94.2307 413.4007 229.1123 149.6545 89.9903 173.0873 250.1115 4.4710 149.1646 317.4872 382.4632 83.4196 124.3004 281.8997 212.6847 143.1116 81.4957 260.5398 79.0525 303.1837 231.8703 303.9408 234.4239 254.5497 360.2406 186.4291 65.4145 299.2889 424.4998 49.1190 405.1232 428.4109 300.3036 324.2343 221.0813 80.0836 340.4966 390.1528 281.2527 402.5238 211.2199 255.5444
203.1905 258.5871 127.0791 297.8022 252.3464 127.5248 182.0973 164.0279 180.7697 191.9614 139.8022 147.7771 112.1069 165.9579 181.9029 193.5480 181.8458 176.2191 136.6983 284.2531 157.1580 98.7140 40.9746 202.7575 320.5192 187.2989 83.0943 206.3376 223.8327 159.9124 248.3968 30.0437 167.1276 287.1182 229.9881 84.7040 89.4663 248.8739 134.0995 153.0664 233.9923 214.1474 180.2797 269.9794 120.0396 143.8825 141.3358 244.2573 0.0000 188.8048 229.0253 155.6214 164.2966 87.7440 216.0585 269.4419 242.2252 84.1974 91.4650 80.3047 65.9768 213.8058 193.4284 53.4454 177.1885 236.9648 204.7987 228.2502 243.5055 198.7513 190.0975 169.5105 223.2321 9.6321 170.0412 182.2945 176.2996 143.5308 62.3422 209.8467 116.7393 45.2546 309.3510 38.7398 93.4619 220.6107 265.8464 53.8050 123.1560 130.2240 172.5256 40.8797 283.7094 194.4756 161.7215 169.6990 299.6293 165.9600 76.8574 217.6235 305.6922 262.8777 134.4912 265.9518 51.8838 273.4686 244.9341 25.5364 182.4986 91.3521 170.1457 242.6466 89.6480 139.7244 192.7362 185.9792 57.3051 189.6748 162.1384 117.0993 204.6191 122.4458 229.9137 85.8301 185.5864 175.4495 112.4257 279.3409 206.3365 179.6701 213.1323 209.3519 98.8783 142.8230 199.3609 182.0686 244.0597 171.1753 279.7439 150.3693 263.4673 277.9691 312.2492 273.7029 182.5935 238.8964 228.6459 200.1480 244.5114 170.7374 319.3974 227.3503 289.3655 199.1478 124.7794 244.0403 103.0725 245.3168 146.5134 301.6949 187.2507 308.6756 64.5705 249.0477 260.0302 218.9827 289.2416 216.0553 31.5813 114.5099 50.0987 125.5434 156.4126 241.0640 212.1862 165.9028 181.5323 290.7617 176.8817 249.9715 78.4991 141.5333 175.0538 166.0346 108.1255 179.3699 244.3545 196.5377 224.3257 27.1896
50.8603 444.9715 66.3738 373.2523 433.4559 249.3773 234.6756 136.8072 269.2462 45.3431 53.6845 244.3084 276.8943 44.1713 212.3416 320.2210 290.4464 104.8052 219.5832 432.2725 114.3910 90.3542 207.3539 253.3657 497.2728 327.2598 125.9070 223.4368 385.5981 334.1982 420.5602 160.8538 147.6153 475.2444 380.7630 232.8468 107.2515 436.1645 322.6254 156.3641 336.9519 377.5405 31.7819 443.7626 196.9859 246.6602 68.5370 352.7775 188.8048 0.0000 244.2517 145.9646 261.9347 262.8593 344.0602 388.6139 416.9932 256.5350 264.4478 109.2299 218.0447 192.8490 235.9358 229.4603 343.7432 401.7296 393.5879 378.1991 383.8296 138.5074 124.3220 208.4272 378.3683 184.3246 343.0741 207.5885 124.9146 311.9529 250.5886 86.4052 142.2507 169.3336 453.4296 192.6399 95.3901 252.1487 454.4800 235.3565 163.4105 97.8029 230.7718 147.9252 454.2920 165.4780 149.3569 218.8747 488.3948 122.3011 116.2394 405.6161 491.8997 354.4746 283.1226 314.5053 231.7447 381.1261 425.9626 163.3982 371.1776 224.6859 352.3068 430.6373 275.8989 292.5297 381.3613 374.4523 167.9863 50.6980 283.5040 236.7856 378.5059 304.9504 405.6740 272.9555 317.2000 311.7242 300.7215 462.2797 192.9718 366.9406 125.8109 278.8634 92.1283 329.9639 39.7775 278.0103 387.7543 359.8622 468.5312 310.0098 418.5471 430.3095 493.2755 458.7407 279.6086 214.7034 400.5759 358.4911 298.8126 184.1190 496.0679 397.2886 349.8263 205.4636 102.8901 354.8446 216.6382 432.7197 139.5083 371.2464 237.8990 495.0813 251.0879 414.6288 402.3834 407.6120 421.8322 403.1434 220.1147 74.4892 150.8974 313.5283 306.4160 418.6836 293.7743 349.2763 239.5676 385.5372 287.6606 400.6669 239.9520 48.1248 362.3208 296.6827 125.1990 315.6338 433.1327 333.6908 193.4569 210.3375
205.8101 366.0446 241.5189 139.4326 437.8739 355.9621 54.3121 108.3674 93.4955 203.9876 243.4639 372.8889 335.0720 200.8027 387.2857 422.2412 123.1467 140.0117 99.9144 261.7632 131.0827 212.5854 199.7505 418.4205 371.6134 180.4146 172.7016 24.0423 251.0375 368.9556 298.1242 211.4257 97.6697 437.4748 228.5520 313.7027 189.0519 365.1383 308.9357 95.1512 136.9082 428.2742 266.5872 319.9790 109.8750 113.6589 183.9141 153.2608 229.0253 244.2517 0.0000 102.4223 105.2842 215.7126 172.2358 190.6698 301.9234 209.0101 212.1427 224.5475 180.5906 55.9204 405.2129 278.2770 234.0375 448.0975 356.0932 225.5047 468.1956 111.1084 123.0701 377.0013 234.2418 219.5406 247.5161 47.7857 119.5552 221.1548 264.1271 174.1147 304.1243 185.1388 272.8592 192.8212 214.9476 20.5662 395.8313 273.9915 111.5691 158.1069 63.6295 218.9513 320.5958 370.6643 97.4384 61.0938 428.8808 326.4875 236.0912 379.7567 403.9656 136.8458 177.1830 74.0249 274.2181 172.5077 431.5133 224.2999 342.4999 319.6851 278.2630 366.8940 249.6508 186.2832 336.8168 328.9047 172.9894 287.5124 391.1237 344.8331 272.1154 251.1750 296.1325 284.8836 163.7186 403.3930 296.1930 456.8640 52.6116 354.1894 133.6785 431.4420 203.0906 326.0903 282.3426 104.0819 222.2882 322.0214 413.1333 204.1230 262.6298 267.0314 381.7812 369.8117 105.7280 49.5576 282.8487 418.9348 65.2094 366.2036 370.3631 275.9253 110.7058 39.4304 156.4720 157.2400 136.9639 407.6900 324.5627 134.3269 50.1526 407.9154 239.5696 279.2050 230.7396 357.4132 232.2338 385.0545 237.1249 223.9195 190.3099 308.0467 381.9574 310.9823 90.3444 357.9363 398.0069 163.8889 405.4482 470.0562 306.0352 233.6154 308.4573 154.7566 284.6833 407.2049 382.8493 423.6914 62.3431 252.7808
116.1891 360.5785 139.3689 227.3499 397.0732 274.4133 89.6799 14.0591 129.5069 111.0537 141.0419 286.2341 267.7131 101.7973 290.9160 345.2658 155.4327 50.0895 87.8409 304.4761 32.1245 112.5081 141.4512 324.8279 391.1395 203.0756 80.1916 79.5975 270.6740 312.5788 313.0255 130.2295 11.5776 415.0694 258.0278 236.9503 91.5300 355.6489 268.5911 11.6070 196.0696 368.8906 165.5603 336.6134 72.3202 116.9241 81.9787 212.6290 155.6214 145.9646 102.4223 0.0000 126.6104 181.3066 211.8283 250.0606 312.8130 173.7246 180.0081 127.5975 133.7220 63.3071 310.4034 208.9923 237.4955 391.1428 329.8978 255.1280 398.5581 48.4690 47.0560 281.5173 258.8668 146.2129 243.8234 61.6908 33.5803 212.1962 207.2111 94.3877 206.8075 111.1743 322.4615 128.8381 115.6532 107.1848 381.5994 208.0543 40.1352 55.7299 87.1733 132.3850 342.9268 269.5897 6.4127 74.5947 416.3221 224.8616 140.0315 349.4623 404.5471 210.4009 172.1037 169.1789 206.8333 239.5207 389.9830 142.2666 311.4028 239.0551 265.1685 353.8699 209.2139 182.6531 312.8431 304.9223 100.0701 186.2069 311.1176 262.1912 276.4081 224.9016 303.6116 231.0484 189.5596 328.8329 250.6335 420.9173 58.4068 316.6124 71.0465 341.0036 103.0750 282.7187 182.3558 139.7339 260.1403 293.8851 398.0334 202.4087 296.0642 305.2871 393.9173 369.6289 141.5186 89.6665 294.2682 355.6220 152.9075 268.0596 389.8755 289.0747 204.0490 63.0818 54.5274 215.2723 104.8520 378.3357 224.8026 225.2881 92.4840 408.2417 190.6280 300.8167 273.0735 337.3215 286.8331 351.5467 174.7922 122.2438 107.5210 263.9540 311.5891 318.1985 150.2496 311.3803 305.2465 241.2222 323.1457 405.5907 233.4959 131.2362 287.1917 171.4233 186.5960 332.8497 364.0448 350.5508 71.4741 182.5314
240.9963 261.0818 231.6008 133.7608 337.2069 288.3426 54.2581 140.2364 17.5572 234.3652 238.9057 311.3548 253.6186 219.3998 343.3976 346.3047 28.9734 176.6314 42.3939 178.1148 156.7177 195.5150 125.4112 366.8424 273.5926 80.5577 147.8432 95.1748 151.5153 277.5750 197.3523 159.5816 132.1400 332.5950 134.1218 243.1020 169.4042 259.9051 210.8100 115.0490 77.1209 337.1650 273.6200 220.1701 65.6743 20.5210 193.4019 91.7551 164.2966 261.9347 105.2842 126.6104 0.0000 120.3085 85.2201 126.6943 199.7927 114.9073 115.8283 196.6069 100.7397 133.6632 356.8047 202.8032 129.2785 355.0048 252.2822 131.1147 383.8569 166.9328 171.1844 331.4713 136.9428 156.4583 142.2523 84.2669 159.4412 116.2659 179.0716 220.9602 267.9188 131.2493 195.8696 125.8049 194.9208 86.6829 290.5528 195.7243 98.6709 164.1819 48.3666 173.0230 223.4150 343.8005 126.9213 59.6041 323.6179 305.3417 204.2667 276.6151 300.0457 101.4731 72.8220 107.7207 197.2922 121.0773 331.1942 170.9739 240.0733 253.2562 173.2250 261.6141 154.6635 81.3663 232.7689 224.9462 122.0219 291.9259 319.8490 279.2830 167.9340 149.5783 192.9470 195.8579 65.1244 325.6199 201.2696 354.4552 124.9066 253.6776 192.5207 373.3904 187.4503 228.8048 292.8229 18.3973 134.0921 219.1208 307.8592 98.8515 171.4760 179.6121 280.8501 265.5725 19.4082 145.1649 180.6417 330.8336 86.5919 328.2469 272.3251 174.1989 125.9663 104.5594 159.0591 93.3972 62.0896 304.0697 294.4926 137.3989 56.7981 303.9661 150.9838 181.1130 146.5870 252.6105 161.0293 282.7040 159.8199 212.3535 145.8075 211.7969 300.9815 207.8882 48.1345 261.2469 345.6311 131.5418 336.3935 381.5552 231.4612 232.4822 204.2290 51.0888 252.3176 329.0815 277.8100 343.7939 145.7724 181.1092
265.1224 184.6805 207.7693 241.6025 222.8851 184.4082 161.5867 194.0004 137.6301 254.9240 219.5795 212.2441 138.4024 231.2260 261.1274 232.5736 124.7409 219.6195 116.6303 198.4276 197.4022 174.1795 55.8554 274.6505 235.9128 109.0999 139.3755 198.1386 136.2694 157.2814 161.6545 106.4658 192.0666 233.8044 144.5838 139.6351 155.8126 177.7005 93.3032 173.4851 170.7397 216.8574 260.2699 183.8699 115.4536 104.6023 203.4631 176.7450 87.7440 262.8593 215.7126 181.3066 120.3085 0.0000 141.2569 194.5437 156.3351 7.5828 5.2492 161.0873 48.8162 222.6984 268.5912 98.2562 89.4814 234.8740 148.7219 143.1443 264.8970 229.7513 226.1936 248.3632 136.8243 86.5960 82.9447 177.6890 211.5943 55.8903 65.1414 261.2966 203.7517 93.5969 224.0629 70.2498 170.1301 200.6391 201.3413 88.4751 141.2198 182.3328 152.0957 122.2223 196.7538 280.8654 185.7193 156.0799 236.1429 253.6999 160.9988 169.2789 230.8860 202.1632 59.6575 227.6594 91.6263 203.6438 216.3239 109.9209 131.1403 153.6471 89.8769 174.4331 34.4620 60.2455 131.5442 123.6378 96.7080 272.3527 210.7147 178.2408 118.1199 44.3975 144.3869 77.0338 112.5427 211.0429 81.2728 243.7133 213.7551 139.5965 250.8061 274.3289 170.9389 110.3929 280.0578 133.5094 160.4725 112.7696 217.4035 65.2764 176.4865 191.3172 230.4865 196.9035 133.1598 242.9320 141.7203 210.9359 206.7730 254.0831 234.7450 139.9917 241.6540 198.8891 175.9673 175.3545 81.8653 198.0760 233.7069 248.0406 166.1101 234.2794 36.2106 161.3305 176.3511 156.2574 207.9204 172.6093 62.7681 192.0419 112.0149 92.5296 184.7476 156.6096 165.2532 142.4055 253.9233 225.7148 228.5834 261.4474 124.5261 218.7826 106.4596 97.2936 195.8693 214.1780 182.9948 227.4518 235.0445 86.8024
325.7167 210.4429 307.4588 115.6480 318.8489 325.6303 132.7236 225.4490 85.4767 318.7317 316.1878 353.0456 277.5405 302.5324 397.4027 371.3741 56.5744 261.8309 125.8687 93.3271 241.7203 270.7755 175.2561 414.3333 200.3052 33.1971 223.9783 170.3992 83.9133 284.1733 130.7885 221.4568 217.2351 294.4872 57.2416 280.6607 245.5286 213.5947 208.6195 200.2691 46.8268 340.7609 353.1126 150.7371 147.3246 97.6089 275.7112 42.0942 216.0585 344.0602 172.2358 211.8283 85.2201 141.2569 0.0000 53.6896 137.1077 140.1708 136.0395 267.5198 151.1461 212.9390 407.0780 239.0713 88.9339 354.0732 225.6733 54.2766 396.2847 251.2791 256.1570 384.8323 65.1503 210.7166 108.2688 165.6093 244.6158 101.0232 206.2049 306.1788 330.2129 195.9403 110.7228 182.1658 269.1487 151.6696 246.8175 229.5785 182.2546 246.9552 129.9499 236.9265 149.2199 408.0461 212.0978 142.4254 276.0734 373.7512 272.8442 251.9361 241.2691 74.8131 82.9806 135.5338 232.5453 63.7028 314.1712 230.4681 221.0405 294.1432 143.8789 218.9718 168.4309 81.0185 206.1585 199.5344 189.9494 370.2616 351.5266 319.1622 116.7859 145.6585 134.5753 214.4530 30.5042 349.5027 207.9179 329.3713 204.8083 240.5485 276.9767 415.3327 263.6938 226.9038 372.7604 74.1441 50.5856 199.8312 263.8161 81.8628 90.4822 96.1851 212.9370 209.3143 72.2690 219.1693 119.1806 339.8840 122.4548 386.7118 199.0720 111.4887 129.4698 183.6999 241.4587 38.9171 130.4662 275.6216 358.8895 125.1645 133.2352 245.2477 177.4663 109.1162 61.6332 218.8346 78.0897 261.0938 199.9470 288.5604 213.7161 214.1888 322.1673 148.3635 82.4892 258.0148 393.3466 89.2956 369.5661 387.6739 265.7706 311.0042 178.9879 50.9442 317.5633 352.3477 240.0209 364.0648 224.2252 224.1299
365.9710 236.0238 356.2890 89.3329 358.6779 378.9470 163.5671 262.9468 120.6372 359.9504 364.3281 406.5797 329.6456 345.9055 450.9740 423.0829 98.5209 299.9479 169.0805 79.0567 281.3823 319.7579 228.5509 468.0108 203.9355 85.5331 272.3632 195.3146 109.0177 332.8629 148.9064 273.7496 253.7003 325.0020 78.4938 334.1086 294.0246 242.0209 256.5528 238.4885 55.2433 387.9415 399.9507 163.3020 192.1068 143.1660 320.0871 38.2756 269.4419 388.6139 190.6698 250.0606 126.6943 194.5437 53.6896 0.0000 158.4331 193.7011 189.3533 318.0609 204.1606 239.3661 460.7610 292.5701 131.9890 399.7478 264.4107 76.8696 445.2849 284.4684 291.3931 438.4236 90.7145 263.8797 151.5091 196.6075 281.3148 150.8610 259.2553 343.1102 382.8779 247.5246 83.5413 234.9075 318.5506 170.9758 275.4447 282.9804 225.2589 290.8350 163.6516 288.9675 155.4898 460.5498 249.2654 176.5077 301.0943 425.3149 324.0578 290.6483 258.8047 59.2524 136.6592 134.6265 286.0145 24.7241 354.6469 283.1635 263.1332 347.7247 185.7732 249.4842 220.5125 134.3322 245.6840 239.8737 240.7607 417.8837 404.2361 372.6555 149.8775 195.3479 160.0629 266.4407 83.9392 401.1324 257.9407 365.9706 232.2769 284.2269 310.0737 468.8065 312.2076 274.4478 419.2898 110.9592 58.8565 242.6228 291.6153 133.0136 92.4883 89.0261 222.6854 230.5929 109.2799 240.0643 143.9159 388.5248 129.5305 439.9535 202.8251 136.2044 114.4346 211.3502 285.7496 35.0329 180.1041 311.8653 411.2748 100.5809 162.5241 262.6625 230.7182 123.8216 55.2864 254.3722 41.9970 300.8822 253.6338 337.1736 264.7491 263.1261 373.5164 171.3909 103.6813 304.4897 447.0311 52.5336 422.3849 435.0955 319.0543 358.4231 220.3912 103.5667 369.6851 403.8591 272.5081 414.9727 249.2980 277.8195
413.4310 77.7980 363.9771 245.1085 213.9274 305.3308 253.9839 326.7997 208.7354 404.1124 375.6246 336.6454 243.5431 382.2726 398.6898 324.9631 178.7772 358.9900 227.4706 98.0715 336.7395 329.8071 211.9298 401.9755 80.3187 121.5447 291.4479 294.7377 53.2190 221.1161 12.2307 262.7953 321.4071 168.2261 82.5029 268.4011 309.8130 85.2208 151.7986 302.4065 183.3715 264.5266 416.2023 27.7929 240.5169 200.2262 354.0838 174.4072 242.2252 416.9932 301.9234 312.8130 199.7927 156.3351 137.1077 158.4331 0.0000 161.7700 153.8410 317.4082 198.9493 333.0041 400.4763 234.1918 75.5083 269.7064 123.2618 84.9813 327.5703 359.1286 359.8642 386.0631 72.3173 242.3269 73.9922 283.3309 346.1448 105.1673 197.2085 403.3032 354.5364 248.2012 120.1202 225.7398 326.0062 281.7895 118.1072 223.4841 274.9140 329.5597 247.9705 278.4893 43.7692 429.0718 315.3022 258.3368 142.6652 406.6480 317.1859 147.0672 104.1657 207.4183 140.7989 272.6306 227.8287 181.8101 211.5200 265.7269 132.0691 284.9724 76.7472 94.4123 156.1418 130.2903 109.1934 106.8958 249.0218 428.6552 318.3037 304.2217 38.5027 121.0878 12.6800 189.0660 138.2820 303.7600 165.8219 215.0668 324.0878 155.8549 383.5063 392.9468 325.9102 164.2227 436.0742 197.8837 99.8212 117.6253 133.7005 110.7164 71.8863 84.3729 81.4804 72.8704 196.2125 344.7840 19.1538 272.0175 258.8279 397.6310 79.1036 26.0818 264.3967 304.1580 323.2405 170.1686 209.5920 162.1272 384.4591 255.8563 256.1772 108.1456 179.5234 36.2105 104.8498 106.8798 136.2805 159.1379 213.1407 347.8637 267.1889 162.8181 275.8429 13.3744 216.3663 184.8820 383.3004 210.5566 336.6926 310.3373 251.2358 374.3305 95.5801 148.7046 349.3031 305.2544 118.8424 310.7879 345.2801 234.1560
258.1063 191.7991 202.2082 238.1766 229.9885 185.6247 154.9839 186.4262 132.3355 247.9687 213.8797 212.8840 141.6412 224.4266 260.0287 235.6776 120.7464 212.1585 109.6771 200.6118 189.9221 168.2407 50.1643 274.6532 241.6077 108.5757 132.5813 191.1740 139.6879 162.7770 166.7135 101.3391 184.4840 241.3865 146.5151 140.5135 149.3747 184.9830 100.2493 165.9068 167.8956 222.4129 254.5053 189.1741 108.0206 98.6139 196.5908 174.5538 84.1974 256.5350 209.0101 173.7246 114.9073 7.5828 140.1708 193.7011 161.7700 0.0000 7.9479 155.7304 41.4250 215.3125 268.1336 98.9017 93.2548 240.7761 156.2983 144.9405 269.4611 222.1703 218.6386 247.2971 139.2650 82.3242 88.0189 170.5340 204.0422 59.5646 67.5145 253.9473 200.7254 87.2018 226.0280 64.1420 164.3144 194.1971 208.8276 89.5149 133.6370 175.1566 145.4316 117.2560 201.6457 278.1474 178.1370 149.1434 243.6286 250.0353 156.0954 176.7847 237.8797 199.1344 57.6130 222.4964 92.3920 201.9288 223.3837 105.4776 138.6413 154.0348 96.7202 181.8413 40.6938 59.5203 139.1241 131.2152 89.8406 266.9227 212.8838 178.9918 123.4017 51.8142 149.9734 81.3373 110.8953 214.2987 87.4627 251.0360 206.3843 146.8233 243.2506 275.1642 164.7612 117.1080 274.3454 128.6715 161.7180 120.3397 224.9231 66.8193 179.3252 193.9400 236.7405 203.7845 128.4049 235.6920 146.7153 215.9640 201.4827 252.1907 240.4296 144.6765 237.3501 191.6720 168.7850 173.3414 74.5613 205.5931 230.6024 244.3548 159.5642 241.2985 38.2976 165.4583 177.6581 163.8106 208.5695 180.0215 61.2277 186.2033 105.8419 99.0509 188.3710 162.4688 160.5159 148.9474 253.8033 223.3518 230.5734 266.6484 125.8899 212.8288 113.9678 94.6683 192.1884 217.5151 190.5485 231.1646 227.6409 85.5237
265.7245 184.3340 210.1362 236.4650 226.0671 189.6091 157.9357 192.8623 133.0852 255.6327 221.8203 217.3788 143.6034 232.1860 265.8898 237.7805 119.7401 219.1466 113.4213 193.9787 196.8590 176.1886 58.0888 279.6817 233.6619 103.9345 140.3559 194.8913 132.3736 161.8686 158.8419 109.1838 190.6476 235.3718 140.0280 144.7939 157.2700 177.7268 96.7961 171.9445 165.5339 221.3974 262.4500 181.2626 113.1684 100.4885 204.3130 171.4991 91.4650 264.4478 212.1427 180.0081 115.8283 5.2492 136.0395 189.3533 153.8410 7.9479 0.0000 163.6280 48.7247 220.2161 273.5228 103.3722 85.7641 239.2145 150.4585 138.5399 269.8232 228.4760 225.2392 253.1339 132.4650 89.8990 80.1309 174.7399 210.6662 52.0812 70.3901 261.1747 207.7735 95.1149 219.5346 72.0886 172.2602 196.8188 202.0147 93.6413 139.8789 182.6374 148.5133 125.0659 193.8131 285.0376 184.2902 152.8153 236.8064 257.3994 163.8955 171.5062 230.2925 196.9743 54.4174 223.0234 96.7575 198.3974 219.5749 113.1258 133.4125 158.7359 89.0626 174.8203 38.8377 55.0376 132.9390 124.9871 97.5917 274.8362 215.9638 183.3879 115.4881 44.9751 142.0313 82.0845 107.2955 216.2352 85.5105 246.4761 211.2360 142.6017 249.8429 279.4932 172.6972 114.1358 282.2875 128.7692 155.6947 114.6179 218.2342 60.5372 172.3122 187.0486 228.8305 196.1192 128.3884 240.1148 138.8544 215.7116 202.1999 258.5856 232.4842 136.8896 236.7083 196.0418 176.2605 170.1056 79.3048 200.2393 237.6949 242.9483 162.4008 233.7319 41.4373 157.8534 171.5950 157.3229 202.9902 175.1665 67.3180 194.1501 113.7813 96.4835 189.8932 154.5219 160.4621 146.2940 258.9284 220.4735 233.8304 266.1453 129.7344 220.7764 107.2825 92.0791 199.5534 219.3605 184.0530 232.5787 232.6070 91.4646
130.7803 338.5327 47.1065 326.0751 325.6799 158.1627 191.6471 129.2680 209.4146 119.3239 59.5980 163.6902 172.3183 93.0566 163.4907 231.2040 221.4601 124.5421 157.4066 347.2251 112.7500 22.8890 105.6060 197.3856 396.9318 244.0434 52.6667 200.5226 292.6315 227.8883 322.4279 54.7845 136.9554 366.0207 293.4184 130.9418 36.0887 329.0481 213.5289 131.3034 273.3148 275.3616 100.2686 344.8843 134.1903 177.2201 74.6470 286.7903 80.3047 109.2299 224.5475 127.5975 196.6069 161.0873 267.5198 318.0609 317.4082 155.7304 163.6280 0.0000 122.5809 190.8239 182.8105 121.1020 247.6893 299.3300 284.6865 291.2328 290.8997 156.3561 143.8358 153.9284 288.7235 77.0284 243.7492 177.6144 133.2440 214.3914 141.4908 146.1090 79.6749 72.8769 370.7929 92.5731 17.0350 223.2810 346.0837 126.4108 114.6485 78.9374 183.9969 39.8721 357.2584 149.2833 133.8618 175.9042 379.7494 108.8337 12.8789 296.3903 385.6218 297.6898 193.9150 279.9629 122.9385 316.5417 318.1895 54.7697 262.1382 126.7581 248.2633 322.9375 169.2062 201.7702 272.9932 266.2746 77.5775 111.2742 194.9390 145.2556 279.1098 200.4213 305.4709 163.7256 237.8050 218.3745 191.5707 354.0403 185.9196 257.7256 162.2311 214.7515 28.8979 220.7456 119.6686 214.8479 304.2319 251.4084 359.8243 216.5975 329.5484 342.9262 390.3719 353.2389 215.9905 217.1519 302.4146 257.8791 260.0842 141.6580 395.7715 300.1630 310.1667 187.2040 76.5861 287.7138 138.0042 323.5095 101.1063 327.2968 196.3524 388.6616 144.1131 319.9967 319.8525 299.2316 344.8587 293.9543 111.8685 34.7830 54.1019 204.3208 207.6038 317.5209 239.4426 240.6734 178.1039 328.0899 203.9763 303.7405 134.8738 61.4351 255.1751 216.8333 60.1852 222.4394 324.4656 240.7656 198.1213 101.1150
217.2325 233.0541 167.4104 233.0996 265.2795 187.6031 128.5521 146.0206 117.8902 207.2662 178.3252 211.0150 156.0368 184.2340 247.8334 246.9348 116.1812 170.8332 81.3402 225.2167 148.6536 131.9461 25.2475 268.2265 279.2387 124.0339 92.6990 160.4491 170.3129 188.7448 202.6691 71.4636 144.7587 281.6341 171.1535 142.3897 110.9102 226.3911 135.7088 126.6189 168.0988 247.8292 218.4195 225.7694 73.0019 80.9135 156.2033 178.2894 65.9768 218.0447 180.5906 133.7220 100.7397 48.8162 151.1461 204.1606 198.9493 41.4250 48.7247 122.5809 0.0000 179.5274 259.2939 102.4941 126.3425 268.0916 196.3982 169.0599 288.5648 181.9924 177.8472 235.4718 166.1670 59.7761 125.0628 138.0411 163.2240 93.9643 83.5701 212.5237 179.1623 50.2188 249.3246 31.3981 128.6708 168.3574 250.1187 96.1520 93.9538 133.9557 118.6925 87.4612 236.7867 257.0840 138.4634 119.5057 284.9191 224.3326 125.3676 215.7463 278.9307 197.3009 72.1195 206.1991 97.2953 207.5496 258.3830 79.5089 177.6809 152.6239 137.6589 223.2464 75.7042 79.3610 179.7936 171.9589 50.0841 232.3104 219.3931 178.6359 160.4666 93.2092 187.6880 104.5964 120.6520 226.7731 119.2813 288.0120 170.8610 183.5141 202.4517 273.2818 127.3608 150.9001 238.4100 117.8198 183.0071 160.3749 266.1054 94.1419 206.9893 220.4964 276.0561 244.6474 118.1631 201.5804 182.6497 238.3865 184.6786 235.8371 278.0316 179.6322 226.6937 158.1871 127.5755 178.1106 44.1176 244.6199 208.0957 237.5556 133.5424 282.3913 59.9654 198.2398 198.8390 204.8202 226.1011 218.0239 59.4984 150.2131 69.4669 132.1826 203.4160 200.8962 148.8656 181.1864 247.0114 224.8729 235.7487 289.5154 131.1705 176.1048 155.2118 100.5948 167.2703 230.3812 231.5442 245.8985 191.5464 80.3910
151.5402 390.3298 199.1146 195.0196 444.5087 336.0661 80.5957 63.0969 128.0088 150.7031 198.9705 348.9596 324.9906 150.6722 353.9596 405.9843 158.3991 88.1041 109.6496 305.4939 84.3220 174.9606 193.0197 388.1206 407.2169 214.0604 143.0140 44.0737 285.1604 366.0255 330.9317 190.6935 54.1026 453.9785 266.4463 297.1162 154.7897 387.4783 314.6318 61.8156 184.2851 423.8690 217.4675 353.8226 107.3673 133.6796 137.8587 201.1781 213.8058 192.8490 55.9204 63.3071 133.6632 222.6984 212.9390 239.3661 333.0041 215.3125 220.2161 190.8239 179.5274 0.0000 373.6301 266.4137 260.4700 445.3016 369.9378 263.3981 457.2685 56.0557 69.0967 344.6965 270.1934 204.2000 270.8744 49.6876 68.5732 241.2905 259.6932 118.7059 269.7961 168.5659 319.2441 182.5457 178.4253 71.0898 416.1339 264.2093 90.8153 116.0300 85.2989 194.4191 356.8826 330.4300 56.9844 74.6931 450.2714 285.1398 203.3093 391.6789 431.4368 189.1440 197.6237 129.9441 263.5238 223.4150 437.6973 203.1600 353.6171 300.3263 297.6654 387.5233 254.2788 207.8262 351.5953 343.5816 156.6461 238.6031 372.5174 324.0569 299.7260 263.3632 325.5923 282.5826 198.1555 388.8093 298.8060 466.3082 9.1276 361.9377 77.7841 404.2345 165.6359 330.3202 231.8777 139.4635 263.4991 334.4516 433.1482 227.2497 302.7442 309.1195 414.2836 396.6257 141.3203 26.3608 313.8855 411.9915 119.8484 330.7027 405.9500 307.6243 166.6240 29.3342 116.1688 204.7700 140.9114 420.3476 286.8489 190.1870 79.7151 435.2998 239.2577 314.6512 273.8688 374.4098 279.8926 395.3050 228.9682 183.1783 168.1018 311.6472 370.1774 340.5302 135.8694 360.6955 368.5533 217.6077 385.1155 462.5901 292.2957 188.3631 324.2497 184.5595 249.4478 392.7811 400.7494 410.1851 12.5634 239.9693
281.8291 384.5552 185.7495 490.5641 296.1175 96.8208 366.4239 311.7163 372.6984 272.1995 192.6743 65.6422 160.4255 251.5082 23.7843 124.4656 375.2691 301.7862 324.9765 464.7498 293.7637 199.8725 234.0961 17.6440 468.2342 376.4578 232.8236 381.2116 398.7432 205.6854 409.8725 198.8259 319.7012 366.5677 412.0055 132.7839 218.8751 370.9154 251.9061 313.7622 427.3885 213.0071 205.7448 427.0804 304.5823 336.2871 246.6826 437.3299 193.4284 235.9358 405.2129 310.4034 356.8047 268.5912 407.0780 460.7610 400.4763 268.1336 273.5228 182.8105 259.2939 373.6301 0.0000 171.4698 352.4650 233.5914 311.1872 410.8333 185.1829 336.1851 322.6216 29.2259 403.0803 200.6031 339.3371 357.5811 313.7700 321.2851 208.2575 310.2947 104.6814 227.3833 490.8608 231.2182 195.7912 401.6324 371.5972 182.0012 293.7161 259.8798 357.6317 188.0000 444.2446 84.2618 316.6723 351.8244 397.1135 115.6558 170.4164 307.1017 427.1316 456.2619 324.1923 453.8471 178.2167 466.2877 289.7873 186.6178 289.7096 116.7591 323.9470 360.1696 251.0001 327.5027 310.9945 308.1233 238.3146 193.9674 100.5461 96.3054 368.3685 284.9371 387.8965 211.7392 376.9203 131.5337 235.0880 326.3578 368.6848 271.4840 337.3562 46.7436 208.8296 244.7638 210.7462 374.8610 428.8363 292.8322 378.5139 333.7243 440.6257 456.1317 451.1789 403.8600 375.4885 399.9496 392.3976 191.1972 432.8638 52.1860 467.3598 393.7428 480.1706 369.0471 258.4815 436.9347 294.8255 324.0416 96.7430 493.9324 371.4516 428.7796 233.7183 418.2995 444.6216 332.1646 476.5088 297.8977 207.2861 195.9899 217.0754 240.1627 148.0182 394.5559 404.1541 240.4976 18.5852 484.1624 89.3860 211.3036 149.8234 203.6971 309.7465 358.2259 125.4279 133.5782 348.8083 145.3104 380.7482 183.0071
250.4490 234.2988 163.9785 333.2595 204.5978 87.0761 228.7810 217.4716 220.1331 239.0328 177.0507 114.0240 58.7419 212.6911 166.1880 144.8165 215.2080 228.7148 181.9403 293.3120 210.1883 142.7186 79.4741 176.6720 307.6276 207.2719 135.5979 256.3210 227.7124 108.2613 242.5158 81.5623 220.5156 248.0336 240.5654 41.6749 139.0550 222.6620 99.8222 206.1533 265.0052 160.9206 215.4247 261.6404 168.4106 183.2919 190.1616 272.7558 53.4454 229.4603 278.2770 208.9923 202.8032 98.2562 239.0713 292.5701 234.1918 98.9017 103.3722 121.1020 102.4941 266.4137 171.4698 0.0000 181.1661 183.9678 170.8085 239.4289 191.0523 252.1087 243.2157 153.4093 231.6182 62.7803 168.8175 232.5675 229.5453 149.8219 37.3610 260.3986 124.7091 98.1035 319.4007 85.5425 136.9460 268.1901 234.0234 10.7712 175.6011 182.0905 218.9808 87.1540 277.6502 195.6520 215.0580 217.7897 266.0503 178.5864 113.2230 178.7221 280.6866 295.6318 156.3781 308.6763 6.7473 300.5828 197.1099 72.3287 147.5819 55.4471 157.7159 214.4149 80.0716 158.2683 162.7537 157.3164 109.8238 220.6767 117.0492 80.0913 199.6679 114.8351 221.5129 49.2585 209.6956 125.2646 78.1287 232.9757 258.7279 139.3209 265.9728 176.2626 145.1376 102.8697 232.9358 219.2939 257.6458 141.4740 246.0249 162.7861 269.4423 284.8680 294.9019 251.6088 219.4639 291.1504 224.0350 146.7029 287.1506 163.4497 306.6192 224.5863 328.6917 250.4272 176.9343 271.7577 145.6165 204.6351 153.6578 338.4430 233.8905 283.2105 62.5467 248.5875 273.3599 188.1739 305.7401 174.9200 43.0223 155.6442 103.1574 88.9121 104.1039 230.1183 250.7848 119.8185 156.1487 321.1768 133.8101 196.6271 28.6815 181.3359 151.8076 192.6724 125.0100 129.0223 211.3641 145.4232 277.1720 26.5007
338.3824 132.0288 293.4058 204.5459 229.9266 262.2397 183.2961 251.4536 140.7951 329.2292 304.5496 292.2546 206.2420 307.8719 347.1087 297.0663 112.9483 283.4825 153.0635 112.4869 261.2321 258.2495 142.4516 356.7053 155.1393 60.5645 217.8583 224.2609 47.0115 202.1134 77.2105 193.9824 246.2668 209.0543 62.0876 220.2136 236.9879 131.8466 125.6263 227.2092 133.8544 256.1367 344.7478 100.7515 165.1758 126.8385 279.6702 131.0244 177.1885 343.7432 234.0375 237.4955 129.2785 89.4814 88.9339 131.9890 75.5083 93.2548 85.7641 247.6893 126.3425 260.4700 352.4650 181.1661 0.0000 267.7702 136.8596 61.7611 314.4408 284.1422 284.5512 334.3126 51.4749 175.5786 19.6206 210.8561 270.7551 33.6931 144.2091 327.8035 293.1327 176.4191 138.7384 155.1315 254.8459 214.6327 163.7594 170.5332 199.4205 254.5783 176.3960 210.0485 110.5614 369.9709 240.1174 185.8983 195.6684 343.1452 248.8699 163.0781 171.0816 163.5420 65.3931 216.3822 174.4372 149.4604 225.3017 198.6913 132.3889 235.7935 54.9845 134.9977 101.5365 54.8512 117.2704 110.6009 175.9960 358.3237 282.5030 258.3782 39.3544 69.2176 66.1566 144.3069 75.8394 275.0681 129.9905 240.7823 251.4367 152.6375 308.3167 352.5584 253.6760 143.0946 364.7304 130.9151 81.9139 111.3807 181.0846 35.2084 88.3138 103.7020 156.4238 136.4228 129.4695 274.0738 57.5420 257.5210 199.4767 341.9975 153.8954 53.5981 216.3882 232.1271 248.2908 127.7321 134.0897 187.2902 323.1143 213.8919 186.0571 174.9719 120.0918 72.3615 96.2997 131.2076 131.2061 172.1599 151.3547 276.4910 195.6372 133.2386 246.9233 80.8740 154.8414 172.5915 336.6431 176.9676 301.0463 303.3252 203.5906 302.4458 90.0997 79.4321 285.3031 277.4275 153.9805 286.9785 272.9041 174.6585
430.0784 214.2806 335.5766 467.0193 75.0790 158.9390 394.7983 400.4604 372.1595 418.6279 348.0597 178.4492 127.3459 392.3861 247.8499 109.9972 355.9302 412.6657 348.1976 363.4595 394.0797 322.0538 252.2983 223.4383 306.9555 321.8244 319.5658 428.5043 298.8448 79.4039 281.8708 265.5251 402.7199 155.1321 325.5904 169.1860 322.0676 200.0938 146.6841 387.1582 394.4298 24.1952 381.1807 287.7795 340.8591 339.3823 372.0655 395.4507 236.9648 401.7296 448.0975 391.1428 355.0048 234.8740 354.0732 399.7478 269.7064 240.7761 239.2145 299.3300 268.0916 445.3016 233.5914 183.9678 267.7702 0.0000 146.7249 326.2268 68.4898 435.5835 427.0557 239.9821 313.2953 245.9200 248.2400 406.0807 413.2523 254.0971 185.6793 443.1824 268.2452 280.1002 387.9105 263.1173 316.1561 434.4037 182.7302 183.4225 355.2845 365.9040 385.0599 270.0183 306.7214 306.3202 396.9920 387.2084 194.5355 314.9554 289.0202 125.4683 241.8447 425.8960 287.5007 461.6910 185.0847 416.6649 71.7843 255.8570 139.4618 177.2860 214.6457 187.6143 200.4222 282.8593 160.9715 164.5793 291.0758 380.1636 135.5630 169.7983 256.6021 210.7838 260.3229 163.5012 332.4907 103.0656 153.7358 100.6306 437.0437 116.5678 449.9321 198.1943 326.0177 128.1754 395.2879 367.1831 346.5918 158.2776 181.0397 274.2336 335.8206 350.6126 281.4616 233.4643 366.6303 468.6735 273.0528 44.8057 441.1339 266.0973 306.5692 278.6571 472.3371 425.8919 360.8400 392.7478 311.1750 123.6771 287.0171 475.0740 399.5564 241.7815 208.5544 302.0279 358.6350 165.4144 394.0064 112.8283 216.6905 331.9560 286.9918 143.6820 97.0527 258.0439 398.3935 96.2077 216.0577 443.3434 144.2175 43.0146 164.6818 354.8843 181.3933 323.9170 280.0165 100.4918 165.6472 88.6820 456.7515 209.7812
405.2492 75.1423 330.6704 341.3210 94.3023 214.8039 302.1392 342.3904 267.2164 394.3568 343.6300 245.5728 151.7916 368.9942 315.3064 214.8845 243.5676 366.2274 261.2419 218.9207 344.3662 303.4772 194.2953 308.5483 166.0783 196.8273 279.5028 341.4655 157.6954 110.1565 135.4746 233.4477 340.7410 85.2432 186.7934 190.2044 291.5711 60.8044 71.5528 322.2043 270.6134 143.4502 383.4564 141.2279 263.4405 242.5131 342.7207 267.7108 204.7987 393.5879 356.0932 329.8978 252.2822 148.7219 225.6733 264.4107 123.2618 156.2983 150.4585 284.6865 196.3982 369.9378 311.1872 170.8085 136.8596 146.7249 0.0000 188.0007 207.2407 378.2877 374.1997 303.6534 174.3403 209.7867 117.9800 323.0526 359.5711 136.6982 143.2889 406.1140 293.9745 232.4968 242.5530 209.2053 298.2599 338.5930 63.4106 162.3041 289.8707 325.6350 293.4605 245.6739 160.2154 358.6489 334.4010 299.7742 95.4518 347.8743 279.4963 26.3197 115.9489 300.3853 179.4635 350.2540 166.5336 284.2767 90.5888 230.1937 23.2614 206.3713 82.4800 49.2748 122.4261 171.2330 19.8274 27.3855 239.1788 390.4374 217.0149 218.0116 115.2517 106.5748 114.5135 122.5075 210.9199 195.5486 93.6689 104.1313 360.8823 40.3506 398.7901 293.3937 303.1239 69.5281 401.8080 259.2045 207.6499 36.0242 75.4242 155.9482 191.4724 205.6833 144.0887 95.0843 258.1114 388.6573 128.2747 153.8639 331.8899 321.7157 165.4812 134.5680 352.8498 344.6531 319.4341 264.2916 229.3434 51.8253 321.6421 350.7425 306.0064 117.6646 145.1306 156.6934 217.8457 21.5566 252.5288 36.8084 173.6911 319.1999 247.6952 81.9330 169.7926 111.3678 287.0277 72.4734 292.7998 312.4916 234.1188 188.0649 174.6905 346.1088 48.3831 209.0738 295.7591 196.1043 40.5647 197.7502 382.4162 184.4841
365.3112 161.1350 334.6483 160.6055 282.3019 322.5055 182.8059 269.0952 135.4734 357.3683 344.6785 352.0381 267.6884 338.8044 404.1383 358.8222 105.0003 304.3274 167.3093 56.2136 283.1220 298.2771 189.8144 415.9134 146.2643 52.1451 253.8164 222.0032 32.7130 263.1780 77.4456 240.2531 261.8656 248.7710 3.0585 279.5477 274.6022 166.1254 186.8160 243.8387 99.0955 315.9130 383.5457 96.5749 185.7739 138.2058 311.0624 89.4421 228.2502 378.1991 225.5047 255.1280 131.1147 143.1443 54.2766 76.8696 84.9813 144.9405 138.5399 291.2328 169.0599 263.3981 410.8333 239.4289 61.7611 326.2268 188.0007 0.0000 375.2621 297.6883 301.0741 391.3583 13.8502 224.9665 79.8429 214.7765 288.5792 89.7165 203.2269 349.1203 344.9697 218.3651 81.1256 200.1557 295.7337 204.9736 199.6120 229.0195 221.5474 283.5082 178.6885 256.3573 95.1796 422.7084 256.2772 190.5323 226.7318 392.6242 294.4264 214.1528 188.6045 122.4465 97.3308 189.0146 232.6839 98.5628 278.4619 247.0497 188.0150 294.6590 111.6027 173.0731 161.2265 89.7376 169.5871 164.1146 215.0648 399.0744 343.8288 318.0164 73.0681 130.5515 84.5802 205.3016 66.0664 336.8217 191.7513 289.1172 254.9352 209.8929 323.1277 412.9595 292.3357 203.8890 403.5067 124.0410 20.4565 168.1044 216.1061 78.1221 41.0089 52.1729 158.7372 157.8376 122.2032 271.4555 68.5062 318.3106 176.6395 397.0978 145.0228 60.6682 179.4311 234.0655 277.5783 85.1901 161.6134 235.0153 374.6431 171.1987 183.9721 192.5636 177.1389 54.8968 34.6100 177.5217 69.4891 224.6334 205.8565 316.5253 237.3504 194.8052 308.6833 97.1670 136.4715 232.3300 395.5402 127.3773 362.3370 363.0967 263.2595 340.9529 145.3213 83.8323 335.0388 339.1880 195.8067 348.6753 275.0907 229.9467
418.6975 278.6115 319.8079 505.0465 143.5682 134.6817 417.0785 405.9463 401.3921 407.4654 331.2699 142.8716 133.1658 382.0189 203.4591 64.9698 389.5159 412.1291 369.8626 417.3548 395.9346 313.6692 268.4507 171.9775 371.4047 363.2154 321.3863 446.7721 350.6004 112.4324 339.4908 268.5336 409.9499 223.6147 375.0381 162.5389 319.2591 264.1724 188.8787 396.5108 432.9088 63.8726 359.4297 347.9152 358.4850 366.1692 365.5318 436.2003 243.5055 383.8296 468.1956 398.5581 383.8569 264.8970 396.2847 445.2849 327.5703 269.4611 269.8232 290.8997 288.5648 457.2685 185.1829 191.0523 314.4408 68.4898 207.2407 375.2621 0.0000 439.2302 428.9357 198.2297 363.1368 253.0916 295.5522 423.2255 416.1000 295.2950 205.5483 436.9956 243.1165 288.7123 442.6814 276.2752 307.8955 456.8509 249.4457 194.3610 366.5084 364.8121 407.2176 268.9508 366.9235 265.2628 404.7699 407.2596 262.8047 282.5960 279.0759 189.0326 308.8824 464.6209 322.3761 491.5732 194.4566 459.8922 140.1439 256.9911 195.5031 164.1961 264.8151 251.6753 231.8658 319.6428 218.6033 220.7015 300.6295 354.7563 100.7590 147.4846 309.5876 250.6294 317.1737 188.1365 371.6877 72.6878 188.5880 168.2949 449.6887 171.7157 450.1199 143.5303 319.3686 171.4033 370.9061 398.1261 395.7037 211.3374 248.7929 314.5584 389.8179 405.1339 346.8680 298.2216 397.8658 482.1611 328.4618 56.9515 470.3489 226.1964 370.9359 333.2759 506.5305 441.4105 360.5686 433.9922 332.6823 190.8882 255.8392 512.1123 422.0897 309.0166 232.9160 357.6507 408.9630 227.4510 444.4106 176.5207 231.0890 320.1289 291.1641 182.2403 87.0945 316.8017 429.9770 144.0486 169.7028 485.0779 100.8823 29.3522 165.1252 339.7205 234.5221 360.0738 258.7040 68.6596 231.0667 50.3561 467.8304 217.3816
95.5406 408.6406 154.0666 248.5491 444.2570 311.1791 120.9240 36.1291 166.3191 95.1967 151.5611 319.6553 310.4681 98.1834 315.0619 383.3943 194.8113 36.0871 132.0454 344.5887 43.9131 136.7637 188.5024 351.7490 436.6472 246.1380 117.8465 94.5846 315.3256 357.6922 358.7888 171.2679 38.2228 463.4803 300.6590 276.7401 122.4295 403.9053 316.3569 57.3614 229.3502 412.8889 164.9165 382.2735 119.4981 160.4719 91.1280 246.2880 198.7513 138.5074 111.1084 48.4690 166.9328 229.7513 251.2791 284.4684 359.1286 222.1703 228.4760 156.3561 181.9924 56.0557 336.1851 252.1087 284.1422 435.5835 378.2877 297.6883 439.2302 0.0000 14.6214 306.9645 302.4794 189.6811 291.2774 87.8989 23.3401 259.8587 253.3508 63.0325 231.5109 155.8487 360.8688 175.2491 141.3608 123.7026 430.0298 252.1623 88.6035 77.4211 121.7878 170.4097 387.7171 285.0461 44.5527 109.0601 464.7406 239.2666 169.2350 397.6595 452.2977 238.6339 218.8815 184.7402 250.5607 270.9843 437.1040 182.3509 359.6398 276.9599 313.3810 402.2491 257.3001 229.4405 361.2936 353.3775 145.5675 186.0327 348.1614 298.5581 323.2831 273.3699 350.2955 277.4237 231.6417 368.2137 297.9840 468.5442 58.5489 364.4079 25.7320 370.7103 128.2885 330.1091 178.0275 177.3810 300.9170 342.2686 446.4853 249.2594 338.3009 346.5146 440.4676 417.3509 179.2431 76.2228 340.3876 398.6699 172.7648 289.9822 435.3796 334.9134 221.3054 76.3029 80.2720 249.4423 152.8022 426.5289 244.6369 244.4511 122.0207 456.0202 238.1280 345.4168 312.9116 385.7905 323.3412 399.5457 220.4193 140.7265 149.0451 311.3782 352.7978 364.9971 181.3441 358.2087 333.3065 268.3148 358.7780 447.9366 275.0404 140.4048 335.6574 214.8295 210.7580 372.2725 412.5138 390.2913 55.0394 225.9303
82.7607 407.0493 139.8123 259.0382 437.8743 299.8072 128.0396 33.1387 171.9985 81.6079 137.0756 307.4359 301.2452 83.6128 301.3217 372.2994 199.5826 21.5524 134.1663 349.2811 33.1039 123.6722 182.5092 338.3220 438.1036 249.1832 107.9828 105.1032 317.4064 349.6778 360.0209 161.8943 39.2085 459.4429 304.0072 266.3995 110.7350 401.8247 310.8776 57.6623 236.5261 404.1343 150.4004 383.5962 119.3755 163.0748 76.8985 253.3856 190.0975 124.3220 123.0701 47.0560 171.1844 226.1936 256.1570 291.3931 359.8642 218.6386 225.2392 143.8358 177.8472 69.0967 322.6216 243.2157 284.5512 427.0557 374.1997 301.0741 428.9357 14.6214 0.0000 293.3958 305.2440 181.2475 290.7482 95.7170 14.6297 259.0459 246.2937 52.5386 217.9938 148.3216 366.3469 168.7528 128.4500 134.4112 427.2065 243.7820 86.2295 65.1716 127.8717 159.9923 389.7218 270.6160 44.9205 115.0165 461.9802 224.8236 156.6993 392.9148 451.2817 247.3600 219.1590 196.1250 241.9812 278.8514 430.6573 172.5342 355.0359 266.0015 311.4738 399.7240 252.4929 229.7076 357.6096 349.7495 138.6475 171.5285 336.7993 287.1039 323.4492 270.2142 350.6642 270.4946 235.2099 357.5445 291.9784 462.7011 70.5308 358.9108 24.6128 357.6936 115.4391 324.0976 163.7325 182.7966 305.2450 338.1845 443.4734 249.4588 341.8996 350.6578 440.9724 416.3896 184.6367 90.4158 341.3046 389.4410 183.2224 276.0332 436.8389 336.0776 232.5233 86.6405 68.6662 256.3740 151.6383 421.7509 230.5594 255.3619 129.6384 454.9566 232.4465 347.5460 317.7016 382.4492 329.5534 394.3657 213.0964 126.8716 140.0762 305.4383 342.8260 365.2432 189.0129 351.5448 320.0704 277.4313 347.0195 438.3240 265.3733 125.8911 332.5179 217.6307 197.2319 361.6116 409.1870 379.7149 69.1455 217.2757
253.5199 375.4448 156.7527 465.1666 297.6015 90.0067 339.1546 282.6524 347.0487 243.7295 163.9660 62.5436 151.8724 222.6684 12.7972 134.4665 350.8886 272.5645 298.5149 446.0259 264.5855 170.7101 210.4561 45.5856 456.3331 354.9042 204.4077 352.9766 381.0202 202.4742 394.9428 172.5040 290.7198 364.3966 392.6825 117.8925 190.0145 362.2205 240.6468 285.0617 403.2746 217.9526 178.7853 413.1202 277.6568 310.9570 217.4851 413.7611 169.5105 208.4272 377.0013 281.5173 331.4713 248.3632 384.8323 438.4236 386.0631 247.2971 253.1339 153.9284 235.4718 344.6965 29.2259 153.4093 334.3126 239.9821 303.6534 391.3583 198.2297 306.9645 293.3958 0.0000 384.2551 176.0878 322.2244 329.4618 284.5676 302.3259 190.7302 281.4811 75.4712 201.1127 471.9525 206.4819 166.6820 373.8570 365.4743 164.1513 265.6316 230.7180 330.5037 160.9110 429.7667 67.1635 287.7656 324.3482 392.7008 90.3558 141.6439 302.0084 419.3231 431.6347 302.2852 426.9007 160.0820 442.9729 290.9041 160.6256 281.4251 101.1992 309.3164 352.0024 233.4808 306.2161 301.6550 298.1188 211.7176 168.2209 104.4233 85.6428 352.6138 268.1349 373.4060 197.0852 354.4845 136.9389 222.3242 328.1984 339.8471 264.8541 308.1846 70.7502 179.7029 235.4684 185.0305 349.6587 408.8255 282.4810 373.5960 313.6380 422.6263 437.9602 440.6896 394.3335 350.3581 370.9984 376.8804 196.0299 406.0540 28.3256 455.4070 377.7293 453.8948 340.5444 229.3787 413.5486 269.3871 321.0335 68.9194 468.2131 344.1467 421.2086 214.5043 401.9033 424.7134 324.1083 455.8390 293.6796 186.0831 166.7789 189.9018 228.8032 148.3607 380.9431 378.4487 235.0388 31.9593 460.0026 98.0230 222.3826 135.0184 174.9052 297.8609 335.3176 96.2103 139.6793 342.4520 153.9564 351.7083 161.7734
367.3144 147.7420 332.9011 174.0546 268.6321 313.5762 189.7592 272.8972 142.8004 359.0642 343.2636 343.4436 257.6663 339.7748 397.0493 348.0455 112.2310 307.5606 171.1015 61.7715 286.0429 296.7761 185.7763 407.6913 137.5459 56.4763 253.2365 229.5765 19.3006 251.2785 65.6384 236.7799 266.0752 235.0225 12.4605 271.1995 273.6737 152.4752 175.1094 247.7362 111.0858 303.3594 382.5717 86.0752 188.3839 142.1850 311.8420 102.2944 223.2321 378.3683 234.2418 258.8668 136.9428 136.8243 65.1503 90.7145 72.3173 139.2650 132.4650 288.7235 166.1670 270.1934 403.0803 231.6182 51.4749 313.2953 174.3403 13.8502 363.1368 302.4794 305.2440 384.2551 0.0000 220.4793 68.3910 221.1164 292.4216 81.9307 194.9841 352.3802 339.9257 216.0263 87.7827 196.8562 293.9883 213.7938 185.9607 221.0845 224.1010 284.7942 185.0599 252.9292 86.7845 417.4125 260.3399 196.5469 213.4009 388.4542 291.3329 200.4574 176.3439 135.4830 95.6559 200.6091 224.8726 112.3439 264.8485 242.9636 174.7600 286.5837 98.8428 159.3005 152.5514 87.0619 156.0394 150.6825 213.4794 397.5833 333.9535 309.5033 59.2817 120.6924 71.1759 195.7712 72.0379 326.0720 180.9879 275.2873 261.5818 196.8430 327.7354 403.9439 291.1881 191.8992 402.5715 131.4756 33.4516 155.0600 202.5208 72.9962 40.8250 54.7547 148.2407 145.0120 129.6801 279.3306 55.2120 306.1977 187.4871 390.8531 136.2879 47.3770 192.2336 240.9088 278.7555 98.1233 162.3877 221.1880 369.7443 184.5641 191.2421 180.3160 169.7547 44.9645 45.8326 163.6954 81.2755 211.0138 199.5622 315.0716 235.1682 183.4545 297.8682 84.1423 146.2304 219.8457 387.4924 141.1429 352.5025 350.5134 254.7025 339.9740 132.1420 87.6685 330.7060 328.3509 181.9739 337.4470 282.0772 223.4167
196.7058 261.5572 124.1176 290.1350 259.8698 136.7790 172.9354 154.7930 172.7261 185.5686 136.6014 156.4380 121.5038 159.7671 188.3437 203.1414 174.8294 167.7616 127.8332 281.1079 148.3933 93.9783 35.6341 210.3852 321.1928 182.6692 74.8421 196.7973 221.8896 168.5016 248.0790 23.6637 157.7353 292.7863 226.8034 94.2488 82.6933 252.2363 139.6944 143.5289 227.1870 223.2238 177.2970 270.0061 110.7473 135.9807 134.5211 237.8491 9.6321 184.3246 219.5406 146.2129 156.4583 86.5960 210.7166 263.8797 242.3269 82.3242 89.8990 77.0284 59.7761 204.2000 200.6031 62.7803 175.5786 245.9200 209.7867 224.9665 253.0916 189.6811 181.2475 176.0878 220.4793 0.0000 169.4524 172.7387 167.3523 141.8888 68.6771 202.2030 120.3400 35.6375 305.9513 30.6599 88.9896 211.3041 270.1822 62.5394 113.5316 122.1673 163.4069 37.1593 283.2701 198.3024 152.2868 160.3728 304.2008 168.0085 75.0954 223.4586 308.6344 255.7070 129.9999 257.2371 60.8867 267.2140 252.4859 23.4003 187.7812 100.5487 171.5712 246.4052 92.1962 135.8109 197.0752 190.1305 47.6737 187.6393 171.5882 126.1779 204.3985 123.7203 230.1494 92.6333 180.2129 185.0790 118.3323 286.5197 196.7157 185.9435 204.4534 217.7261 93.3387 149.2725 196.6506 174.3805 240.2681 175.6237 284.3946 147.4865 260.9503 275.2301 313.7604 276.2126 174.9641 229.2710 228.2060 209.4537 235.8325 176.0790 320.0537 226.5851 281.1176 189.5288 116.5877 237.7666 94.8529 251.4016 149.7853 293.8220 178.0885 311.6948 67.1294 247.7505 256.2173 223.3209 284.7707 222.3190 36.1551 110.4824 41.6038 131.6254 165.9972 241.6969 204.1809 173.3023 189.1729 283.9172 186.1889 259.3883 88.1185 137.6057 178.3402 160.3298 110.2281 189.0006 248.9837 206.1686 214.7476 36.3509
340.6256 119.5206 290.1649 223.7726 210.6139 247.5736 195.5543 257.6155 155.0324 331.0863 301.7308 278.0169 190.0360 308.8218 334.9995 279.7208 128.5160 288.2683 162.0020 127.5686 265.8753 255.8416 138.1640 342.8719 154.2043 78.8610 217.6826 236.3727 59.8644 183.3656 78.7252 189.2983 253.1391 192.3197 79.8215 206.6424 235.8629 117.6716 106.9737 233.9906 152.6572 236.8348 342.2684 101.2008 171.7863 137.4490 280.6679 150.3581 170.0412 343.0741 247.5161 243.8234 142.2523 82.9447 108.2688 151.5091 73.9922 88.0189 80.1309 243.7492 125.0628 270.8744 339.3371 168.8175 19.6206 248.2400 117.9800 79.8429 295.5522 291.2774 290.7482 322.2244 68.3910 169.4524 0.0000 221.5654 276.6589 32.0194 131.5029 332.0892 284.5211 174.2092 153.8693 151.8147 252.0811 228.5613 148.5036 158.0732 204.8087 256.7627 188.0894 205.1311 113.8214 360.5360 246.8845 196.8126 181.3666 335.6093 243.9307 144.0956 161.2633 182.6821 73.3566 233.5887 162.1596 169.0787 205.9027 192.8170 112.8527 222.5878 35.6631 119.5704 88.7516 63.0539 98.2753 91.4187 175.1469 354.9245 266.3947 244.3713 35.4968 54.4299 62.6300 129.1647 93.3310 257.7626 112.7474 222.0627 261.7760 133.0170 314.8648 337.5817 251.9183 124.1489 362.1591 145.7290 100.2329 91.7886 165.8397 43.7767 101.9061 117.6224 151.8631 126.3061 144.4008 285.7952 58.7757 238.6064 216.0876 331.2075 153.0026 57.3515 234.8974 243.0875 250.4087 147.1348 139.1773 168.8486 314.5398 232.9934 198.6527 165.0474 109.6483 80.1234 114.0233 113.4909 149.2725 152.9270 142.3383 273.9214 193.2068 115.0866 229.5381 76.1131 171.2453 153.2455 323.1139 196.5457 284.9744 284.0338 189.7649 300.3503 70.7364 94.2384 277.9146 260.0072 137.1861 269.0653 283.3951 164.7426
175.0788 341.0776 197.4535 166.0244 400.5201 308.7521 33.2708 71.4760 80.1370 171.1557 200.5530 325.2443 290.0816 163.4388 339.8590 375.7983 110.0020 107.5375 61.8115 258.7741 93.3070 166.8175 155.1520 370.6943 357.8451 164.8069 125.3977 24.1606 235.7609 326.6972 281.3443 163.8216 60.9338 406.4523 217.8111 266.9874 142.5307 338.5223 270.6962 52.0302 141.4583 385.5494 227.0009 304.3014 65.2872 84.1732 143.1648 158.4030 182.2945 207.5885 47.7857 61.6908 84.2669 177.6890 165.6093 196.6075 283.3309 170.5340 174.7399 177.6144 138.0411 49.6876 357.5811 232.5675 210.8561 406.0807 323.0526 214.7765 423.2255 87.8989 95.7170 329.4618 221.1164 172.7387 221.5654 0.0000 87.4659 192.3963 220.8400 148.1530 256.9990 137.9278 273.9484 147.0453 168.8011 46.6040 367.6106 228.8701 63.8670 115.4673 36.0931 171.1688 307.6723 324.9197 58.3417 25.0055 401.5669 281.3392 188.9178 345.4911 381.8778 151.7296 148.4841 107.7397 228.8234 183.2494 393.8931 176.6925 307.6192 272.4963 249.1010 338.8898 210.5315 158.5711 304.3735 296.3692 125.7359 247.4959 344.1725 297.4849 250.0838 216.6468 275.9070 242.5847 149.1297 357.3084 256.2569 421.1937 40.7615 317.2771 113.4676 383.6643 157.3704 287.1166 244.0042 91.5180 215.9347 287.9350 384.7102 177.8606 254.5907 261.6503 364.6360 347.1001 93.3929 65.6065 264.2176 375.2156 91.2294 319.1673 356.5772 257.9865 142.3632 21.6913 112.9056 161.5929 96.2063 373.9652 278.1597 163.6783 34.1227 385.7493 197.8992 265.3788 227.0563 326.6096 235.7985 349.7368 192.3267 179.2529 142.5634 268.6711 336.5780 290.8458 93.4897 318.3012 350.2503 182.0120 358.2358 426.2417 259.9346 191.3207 276.6563 134.9851 237.7996 361.1662 352.7639 377.9149 62.0587 206.7114
87.8264 392.6802 133.2457 252.6958 423.4376 287.8428 118.7256 19.5283 161.2404 84.7965 131.7831 296.3927 287.7503 82.1664 292.8922 360.0848 188.0896 20.5559 121.3526 337.5119 20.5934 114.0404 167.9741 329.1756 424.6276 236.5644 94.7762 99.7349 304.2503 335.6671 346.4858 148.4364 27.6237 444.8143 291.4891 253.5808 99.1126 387.3701 296.3040 44.7405 226.7643 390.4271 148.9009 370.0864 105.6403 150.4009 70.6415 243.5194 176.2996 124.9146 119.5552 33.5803 159.4412 211.5943 244.6158 281.3148 346.1448 204.0422 210.6662 133.2440 163.2240 68.5732 313.7700 229.5453 270.7551 413.2523 359.5711 288.5792 416.1000 23.3401 14.6297 284.5676 292.4216 167.3523 276.6589 87.4659 0.0000 244.8955 231.9768 61.8425 209.0971 134.0901 355.0854 154.2912 118.4888 128.9405 412.6514 229.8886 71.9397 54.3344 117.6853 147.2047 376.4924 264.6739 32.5201 104.8461 447.4297 219.0170 146.1201 378.2950 437.0277 239.0276 205.3694 191.2141 228.1698 269.6180 416.2321 159.3413 340.4105 253.6636 297.0634 385.2058 237.8706 215.9041 342.9933 335.1361 124.2539 170.0329 324.8264 275.2188 309.5529 255.6412 336.8226 256.1524 222.8985 344.9791 277.4663 448.1796 68.0865 344.3424 39.2280 347.7873 105.3964 309.5900 163.5667 171.8033 293.2899 323.5563 428.8989 235.6158 329.4871 338.5507 427.1484 402.1541 173.6210 92.3749 327.6586 375.9610 177.0959 268.1799 423.3644 322.5274 227.2399 81.3926 56.9745 246.3621 137.4919 407.1330 223.1466 249.5866 120.7692 440.6912 217.8848 334.3928 306.0238 367.8515 318.8604 379.7710 198.8389 118.9678 126.3939 290.9185 329.7683 351.3565 179.8366 337.1560 310.5586 269.4424 335.4444 425.0574 252.1172 120.8750 317.9395 204.9324 188.3735 349.0400 394.5890 367.0801 71.2466 203.4890
308.7121 149.4433 260.3593 212.9677 225.1899 232.9760 168.0502 225.9296 130.6628 299.2312 271.6686 262.3525 179.7892 277.1540 315.1205 272.5554 107.1680 256.3114 131.8360 143.7003 233.9095 225.5127 108.9600 326.2070 185.4844 68.1045 186.2995 208.4588 80.3800 183.1509 108.7190 160.4662 221.6710 216.3615 90.7700 189.8326 204.8724 146.1880 107.8622 202.5173 140.4152 240.0290 312.0257 131.8145 140.3826 108.8667 248.9763 141.6260 143.5308 311.9529 221.1548 212.1962 116.2659 55.8903 101.0232 150.8610 105.1673 59.5646 52.0812 214.3914 93.9643 241.2905 321.2851 149.8219 33.6931 254.0971 136.6982 89.7165 295.2950 259.8587 259.0459 302.3259 81.9307 141.8888 32.0194 192.3963 244.8955 0.0000 113.5111 300.0841 259.6334 143.6850 169.6736 121.9281 221.9572 202.9296 175.4001 139.3577 172.9940 224.8355 160.0376 176.4998 143.0675 336.6473 215.3889 167.9517 209.1910 309.4777 215.3376 161.7291 192.4402 171.8087 44.1844 214.3279 143.0746 164.5973 219.7453 165.0192 126.6586 204.9699 57.1502 146.5846 71.7476 34.9060 116.9946 109.3147 143.9697 325.2480 255.3950 228.3178 66.8107 44.6827 94.2574 116.7508 78.5064 250.5649 107.1813 240.0449 232.1674 143.3942 283.2409 323.4445 221.2397 126.2689 331.9764 122.5065 108.4848 105.2340 192.5924 20.2982 120.8812 135.9276 183.8515 157.4922 121.4167 257.3008 88.6908 238.8608 195.4832 309.2262 184.2671 85.8894 220.0171 214.0440 218.4883 139.1354 107.4109 188.5110 289.5946 221.2180 171.5111 196.1692 87.8240 105.9428 123.9526 136.3482 157.3847 168.8574 118.1620 243.6969 162.8323 113.1663 222.7984 108.0221 150.7405 157.8895 305.8691 190.1040 273.7983 286.8172 173.5840 269.8770 88.3673 72.8883 251.6327 253.2081 161.7002 264.1162 253.8460 141.7570
265.3160 201.5869 187.3894 305.5121 192.0548 120.0206 212.0059 217.5212 196.6267 254.1386 200.3421 148.9057 74.6881 228.2197 203.5012 168.3585 187.7330 234.4464 164.8347 256.5616 214.0724 160.8499 66.6841 212.7377 271.6044 173.7222 142.6158 243.6779 190.5690 106.3392 205.3451 92.0177 218.7536 224.8576 204.2469 76.3219 151.3504 190.7693 72.0427 202.3928 235.4084 164.7366 240.2501 224.7562 155.5529 160.8465 203.1955 241.8263 62.3422 250.5886 264.1271 207.2111 179.0716 65.1414 206.2049 259.2553 197.2085 67.5145 70.3901 141.4908 83.5701 259.6932 208.2575 37.3610 144.2091 185.6793 143.2889 203.2269 205.5483 253.3508 246.2937 190.7302 194.9841 68.6771 131.5029 220.8400 231.9768 113.5111 0.0000 270.4443 159.0733 98.0555 282.7250 78.3743 155.4790 251.8252 205.2873 26.5944 170.1165 189.9868 202.1545 102.9335 240.5504 232.0289 212.8154 203.0337 238.5623 212.4444 136.2469 155.3148 248.4682 266.6374 124.7198 286.5890 30.7836 268.7779 184.7448 87.3215 120.6510 91.6113 121.0107 183.5031 42.8074 125.2150 132.5145 126.2653 107.7961 247.8443 145.5774 114.8457 162.3682 77.4751 184.5381 24.2846 177.6814 147.1623 50.1654 218.1340 251.3887 117.3659 270.1686 210.3701 161.2193 80.6079 258.7672 194.2340 221.8293 110.8804 218.5829 127.6625 232.3907 247.8776 259.9461 218.0822 194.1533 282.9989 186.7536 154.8184 265.2385 200.6071 270.5703 187.2389 303.6143 240.3550 184.1856 240.4797 127.5559 182.9772 188.6187 311.4764 216.9578 251.2072 29.2174 211.2276 237.4086 158.6027 270.3550 153.7532 33.4313 176.1165 109.4330 63.2042 121.9381 193.5202 226.1139 105.4694 192.5108 290.7345 163.4508 205.9464 60.2425 202.9258 118.0777 162.1212 156.8400 150.4818 183.3121 164.7732 271.2381 41.5587
36.5938 445.2801 125.0135 311.3030 462.0709 303.6995 180.1648 80.7429 223.0799 41.3527 117.6675 305.9624 315.8575 58.8196 287.5320 376.7178 249.7198 44.8204 181.8712 398.8598 66.6564 123.3292 211.8275 327.0663 482.6047 296.9932 127.8877 157.2756 363.4201 368.6420 404.3846 179.9127 89.4629 490.9586 351.9903 276.4531 121.3512 438.8992 339.2326 105.9179 288.4604 419.5056 116.9619 428.0312 164.1897 210.9880 71.5766 305.2538 209.8467 86.4052 174.1147 94.3877 220.9602 261.2966 306.1788 343.1102 403.3032 253.9473 261.1747 146.1090 212.5237 118.7059 310.2947 260.3986 327.8035 443.1824 406.1140 349.1203 436.9956 63.0325 52.5386 281.4811 352.3802 202.2030 332.0892 148.1530 61.8425 300.0841 270.4443 0.0000 208.3756 174.0859 416.7550 196.9910 129.1015 186.5153 462.2513 263.0439 128.7915 80.7292 179.4599 173.3775 435.3352 247.6517 94.2165 166.6072 497.0178 202.5494 157.9794 422.7514 490.6553 299.8558 262.7654 247.7660 260.4859 331.0849 454.6824 188.0863 385.6041 272.8660 349.5877 435.6955 283.7166 273.1779 390.7924 383.1511 166.9361 136.9767 340.1641 290.7544 365.9720 305.6877 393.4361 294.6304 283.7915 364.4278 318.8971 488.5742 121.5807 386.6944 42.6225 349.6989 117.9075 350.5802 125.6570 233.6127 354.4966 370.4149 477.9326 292.6044 390.1064 399.5629 483.6440 456.0349 235.4255 136.2090 385.1731 402.8931 235.4801 260.3373 481.3488 380.4257 284.3136 138.8634 86.8016 308.1375 193.7140 451.2836 214.2636 307.3862 181.9468 494.2067 261.4237 393.5143 367.4603 416.3839 380.6928 422.8497 237.1090 118.7489 161.0114 332.3876 353.3868 407.6996 241.2433 375.5021 310.7643 329.9657 347.8942 449.5905 278.6623 106.5977 367.3793 265.3026 188.2716 368.4882 442.9876 386.8213 115.8841 236.1277
182.8986 359.0066 83.4764 400.3331 311.4674 110.4229 269.3285 207.4479 282.3119 172.4541 92.5152 102.1035 152.3347 149.7226 84.1782 178.7699 290.1246 197.2596 231.6619 400.9920 189.1390 95.3116 155.9272 120.3705 430.4439 302.8876 131.6260 280.0877 340.0114 210.5554 361.7408 109.3966 215.7287 366.6926 346.7221 107.4326 115.6170 347.2938 224.0023 210.9095 342.7467 244.2683 116.3812 382.2930 209.4774 247.6867 142.4361 354.7818 116.7393 142.2507 304.1243 206.8075 267.9188 203.7517 330.2129 382.8779 354.5364 200.7254 207.7735 79.6749 179.1623 269.7961 104.6814 124.7091 293.1327 268.2452 293.9745 344.9697 243.1165 231.5109 217.9938 75.4712 339.9257 120.3400 284.5211 256.9990 209.0971 259.6334 159.0733 208.3756 0.0000 136.9420 426.0517 148.0491 91.4449 302.3004 357.3845 134.5575 193.5818 155.3034 261.1832 94.9890 397.1548 77.9790 212.9885 253.9492 388.3844 53.9625 68.0825 298.9235 405.3344 369.3107 250.3077 357.6445 130.0963 384.4781 304.1505 99.7483 270.7298 94.1128 279.4123 338.8255 198.4506 256.1134 287.1219 281.8940 145.9297 112.3962 142.3686 98.6980 318.0493 233.4503 341.9615 173.9391 299.7492 172.1402 202.6458 341.7867 265.2109 259.5195 233.2360 141.4033 104.3957 224.7242 128.1383 286.3131 360.5610 266.0094 368.4656 267.1051 380.0457 394.6421 418.9720 376.2657 287.2325 296.0374 342.3962 223.7097 337.2980 62.2204 429.3911 341.7880 386.5185 266.8784 154.1023 355.1229 206.4580 322.6214 30.0196 402.4142 274.1794 407.8172 175.2326 364.3403 376.5187 312.1922 405.0163 293.2620 142.1888 91.6766 122.4349 212.7128 171.2105 351.8174 313.2539 234.7014 102.7565 398.8634 145.4987 261.8867 120.5654 102.7239 276.3479 279.4384 20.7620 175.8912 334.4665 193.5197 276.5356 120.3804
173.3972 277.1994 117.1947 264.4696 289.9865 170.8458 140.5499 120.4093 146.2327 162.7959 128.1432 188.4562 156.8335 138.3189 212.7756 238.4355 153.2491 136.5462 97.6051 274.3484 116.0170 81.8460 38.9059 238.6304 328.3439 171.4171 47.1048 162.0641 220.5200 201.8780 252.3617 28.6090 122.7386 317.0578 220.5631 129.4165 62.2159 269.2783 165.1771 108.0500 205.8396 257.7371 168.3609 275.2829 78.0716 110.8900 111.0389 218.1388 45.2546 169.3336 185.1388 111.1743 131.2493 93.5969 195.9403 247.5246 248.2012 87.2018 95.1149 72.8769 50.2188 168.5659 227.3833 98.1035 176.4191 280.1002 232.4968 218.3651 288.7123 155.8487 148.3216 201.1127 216.0263 35.6375 174.2092 137.9278 134.0901 143.6850 98.0555 174.0859 136.9420 0.0000 297.9701 23.7922 78.4632 177.9583 290.2875 96.8807 77.9058 93.3737 131.3246 41.9643 286.7152 213.7227 117.1435 127.0848 324.8634 177.8575 76.9972 248.6712 323.8119 232.4747 121.0410 226.8214 95.6993 247.8938 282.7104 40.8554 211.6405 134.5787 183.3199 264.8128 110.5301 128.9974 217.8933 210.4494 12.2072 182.0916 206.2888 159.7074 209.7038 136.4735 236.6719 122.3106 165.8683 220.6069 145.1096 315.5193 161.0820 212.7893 172.1191 248.4948 77.7196 177.0249 188.3291 149.6129 231.4290 197.0857 305.4326 144.3323 256.8452 270.1096 323.9422 290.1611 150.4718 193.6466 232.3195 244.5308 205.6782 197.0008 327.1511 229.5342 252.8366 154.1887 87.2906 218.6419 69.5250 277.1998 164.3247 267.2109 145.6746 327.1147 87.4507 248.4308 247.0936 243.8360 272.7113 248.8465 64.7786 100.0727 19.2482 158.6211 201.6183 249.4772 177.5227 203.4737 217.6028 261.9250 220.3333 294.6974 123.7534 126.2047 196.0906 145.0287 122.3935 224.5427 270.2019 241.7724 179.1539 71.6032
436.3798 193.0384 413.2061 166.7209 334.0466 400.9298 240.6934 336.0121 194.5563 429.2744 422.7495 430.9929 343.8864 412.5366 484.7436 432.5328 167.0378 372.5001 236.4814 26.3108 352.4428 376.6135 270.6726 495.3838 134.8989 127.1854 331.0036 275.5208 94.2899 332.5873 107.9694 320.7286 327.6102 284.2283 79.5167 358.8828 352.2147 203.0734 257.8997 310.8850 135.9744 380.8547 460.8314 110.7679 257.4650 207.9299 385.3804 119.6567 309.3510 453.4296 272.8592 322.4615 195.8696 224.0629 110.7228 83.5413 120.1202 226.0280 219.5346 370.7929 249.3246 319.2441 490.8608 319.4007 138.7384 387.9105 242.5530 81.1256 442.6814 360.8688 366.3469 471.9525 87.7827 305.9513 153.8693 273.9484 355.0854 169.6736 282.7250 416.7550 426.0517 297.9701 0.0000 280.6002 374.4007 252.7843 234.2741 308.8622 292.7072 356.9309 239.0900 336.7754 95.7537 503.8198 322.5885 251.8117 252.8023 473.3774 374.5260 266.9667 202.4217 142.4289 177.2285 217.9721 312.6552 106.0447 331.5832 327.8602 248.6867 374.3341 179.0467 213.3975 240.1977 170.3372 226.9841 223.4268 293.8678 477.1217 420.2443 397.1066 133.2387 207.6468 128.0414 282.7639 136.2296 410.6862 266.2157 334.4548 311.6533 272.1327 386.6008 491.1735 370.1955 273.4385 480.6750 183.5874 66.5806 231.4383 248.1196 159.2234 53.0427 37.5500 159.0905 181.5844 181.7383 321.9022 114.8631 386.1381 212.9421 478.1201 134.0074 109.5218 195.2808 290.5131 351.2920 115.6242 237.5111 282.0376 455.6884 177.9843 240.4535 205.8804 257.4819 85.9364 51.2195 226.9478 41.6819 278.8711 286.8228 394.7361 316.7257 267.2475 382.4121 133.0104 183.7225 298.6506 475.2347 128.3397 438.8273 427.4531 342.3123 418.3767 208.1913 156.8423 415.8994 412.7416 238.1039 420.7044 329.7816 310.8308
197.1210 253.4321 138.4595 259.4754 269.1517 165.5942 144.3198 139.2974 142.1301 186.5568 149.9209 186.4959 143.2287 162.1101 218.6539 229.5708 144.4244 158.3009 98.3220 256.3518 137.1481 104.1125 15.1269 241.0426 305.7045 155.4202 70.7760 170.7785 200.1504 184.1234 230.3012 40.1284 140.3793 293.9684 202.1940 121.7112 85.7770 245.4861 142.7770 124.1598 196.8982 241.4044 190.4628 253.0098 83.0349 105.3358 134.8090 207.9015 38.7398 192.6399 192.8212 128.8381 125.8049 70.2498 182.1658 234.9075 225.7398 64.1420 72.0886 92.5731 31.3981 182.5457 231.2182 85.5425 155.1315 263.1173 209.2053 200.1557 276.2752 175.2491 168.7528 206.4819 196.8562 30.6599 151.8147 147.0453 154.2912 121.9281 78.3743 196.9910 148.0491 23.7922 280.6002 0.0000 100.2688 183.3133 266.6104 82.0592 92.1729 116.4310 134.6360 56.2035 264.9416 225.8963 134.4477 132.6153 301.2185 192.9458 94.4825 225.9100 300.0763 225.1799 103.4605 227.3284 81.8199 237.3986 261.9573 48.3023 188.6230 129.6179 159.7490 241.0467 86.9882 110.4191 194.3447 186.8543 30.3502 203.3272 199.4448 155.5129 187.2914 112.7431 214.0430 102.2598 151.7115 210.5722 123.3170 294.0330 174.5184 190.6443 192.9308 248.0822 100.6901 155.4064 210.3449 143.7215 214.3467 173.6556 281.8343 124.2865 237.6396 251.3654 300.7343 266.4916 144.3096 206.6413 210.2611 229.5225 205.8656 205.5395 304.5222 207.7881 250.6460 165.1876 110.2428 207.9572 64.3447 254.5532 176.8188 263.1806 149.4650 303.3680 64.5102 227.4249 230.1962 220.2264 257.4617 226.4866 46.4623 122.1257 41.7654 136.8068 189.5369 226.6104 173.5727 182.9672 219.8288 253.5750 214.7347 280.2676 113.2312 148.6916 172.3263 131.4046 135.8834 214.3845 246.6473 230.9504 193.7853 60.0056
114.0884 350.1846 38.9231 321.8631 341.5168 174.9595 185.3284 116.0086 206.6793 102.6303 49.7132 179.6836 189.0387 76.3039 175.6204 248.0136 220.9067 108.6685 154.3462 351.3955 98.2061 5.8980 114.2764 210.8867 405.9220 247.2638 47.3550 191.0407 298.9221 244.2426 330.5095 65.6616 124.3320 380.3157 298.0351 147.9307 26.7084 341.1036 227.4562 120.4646 272.0069 292.2174 90.1976 353.2713 130.7121 176.2285 57.7057 286.0848 93.4619 95.3901 214.9476 115.6532 194.9208 170.1301 269.1487 318.5506 326.0062 164.3144 172.2602 17.0350 128.6708 178.4253 195.7912 136.9460 254.8459 316.1561 298.2599 295.7337 307.8955 141.3608 128.4500 166.6820 293.9883 88.9896 252.0811 168.8011 118.4888 221.9572 155.4790 129.1015 91.4449 78.4632 374.4007 100.2688 0.0000 215.0405 359.0966 141.7605 107.3603 64.2476 178.2426 52.5982 365.0246 156.1673 121.7554 169.2859 393.0069 113.3811 29.1128 310.7305 397.2047 295.1311 198.5345 273.2330 138.4469 315.7086 334.0323 68.1626 275.9336 143.7759 258.5969 335.3858 180.8760 206.9383 285.9762 279.0869 80.6720 103.6823 211.6648 162.0362 287.5600 210.9076 314.2801 178.2471 239.9612 235.3468 205.6443 369.6510 174.0362 272.3449 146.1029 229.3496 13.0956 235.3721 110.0792 212.9014 307.8411 264.4725 373.1491 222.7207 334.7612 347.7219 400.3628 364.3941 214.1577 204.6302 310.4653 274.8344 253.8781 152.4064 404.7439 307.8446 304.5249 176.8201 62.6968 287.2662 138.7517 338.1198 109.6419 322.5123 189.8439 400.3246 155.9401 326.8938 323.2622 312.2275 346.9684 308.6608 124.7249 21.9185 59.2214 218.5872 224.6298 326.7223 235.9137 256.1458 192.0902 325.8466 220.3963 320.7725 151.5948 48.8960 267.2164 218.9448 71.0227 239.4098 337.7482 257.7395 185.0932 115.9127
216.4963 346.6590 244.0574 124.8473 421.7726 348.0822 39.8196 115.3416 73.8490 213.7192 247.0723 366.4017 324.0055 208.1820 384.5340 412.7881 103.0535 149.4814 87.0172 241.3611 137.8540 213.2082 188.9554 414.2473 351.1151 160.2468 170.7514 29.3201 230.6957 355.5709 277.8385 205.2417 104.5340 419.2753 208.0194 304.9252 188.6132 346.0494 293.5075 98.2545 116.8121 415.0942 272.7335 299.5991 100.5712 96.9613 189.1165 133.3128 220.6107 252.1487 20.5662 107.1848 86.6829 200.6391 151.6696 170.9758 281.7895 194.1971 196.8188 223.2810 168.3574 71.0898 401.6324 268.1901 214.6327 434.4037 338.5930 204.9736 456.8509 123.7026 134.4112 373.8570 213.7938 211.3041 228.5613 46.6040 128.9405 202.9296 251.8252 186.5153 302.3004 177.9583 252.7843 183.3133 215.0405 0.0000 377.0240 263.2668 108.7263 161.8483 49.6719 214.0664 300.0849 371.2070 103.0747 50.9449 409.8485 327.8216 234.2688 362.6008 384.1174 118.4609 159.2417 62.3938 263.7857 153.5038 415.5345 218.0636 325.6332 311.8381 259.9071 348.0822 234.8871 168.0240 319.1793 311.3131 166.0129 293.3899 382.6103 337.3342 252.4350 234.4926 276.1785 271.7832 143.5217 393.4526 281.6418 440.0770 65.8197 338.0630 147.6135 425.9643 203.7868 310.9539 289.3162 84.1389 201.7355 304.9353 394.3475 185.4226 242.0664 246.5247 361.4611 350.0783 85.7358 69.1470 262.7432 406.5280 49.1085 364.5198 349.8658 255.7632 98.3102 47.7905 159.4405 137.2214 124.2765 390.3101 324.1343 120.9513 34.9089 388.0739 226.2814 258.7522 210.2739 339.2778 212.3552 368.2525 226.2576 225.8396 185.0669 293.1652 371.1936 290.9976 69.8562 343.0444 393.5707 146.5449 397.4849 457.6482 296.3471 237.7347 290.7045 135.2252 283.4159 397.1961 364.4883 413.3172 79.4442 243.2572
463.6749 41.2393 392.4781 359.8758 112.2617 275.9769 343.2824 394.6765 303.5344 453.0028 405.3599 306.2263 213.7519 428.0948 376.8884 268.2893 276.5705 420.9511 306.4843 214.7322 398.7435 364.1547 251.5029 367.8905 127.1186 223.2816 337.3747 383.8254 166.9151 166.9923 129.1139 293.7432 391.9682 50.2113 197.5707 253.3115 350.8005 33.4869 134.3690 373.0258 293.5767 186.7550 445.4706 123.7331 312.1784 284.2646 401.2385 287.1868 265.8464 454.4800 395.8313 381.5994 290.5528 201.3413 246.8175 275.4447 118.1072 208.8276 202.0147 346.0837 250.1187 416.1339 371.5972 234.0234 163.7594 182.7302 63.4106 199.6120 249.4457 430.0298 427.2065 365.4743 185.9607 270.1822 148.5036 367.6106 412.6514 175.4001 205.2873 462.2513 357.3845 290.2875 234.2741 266.6104 359.0966 377.0240 0.0000 225.3194 341.4912 382.4588 335.4060 306.6680 140.5681 421.6073 385.6048 343.3012 34.8016 411.2846 341.4548 65.1580 59.5372 320.5514 219.5643 379.4840 229.5972 298.0674 112.8603 291.3658 86.6577 269.3397 118.5115 28.9421 179.8630 209.9229 73.1216 80.1176 295.8758 453.0118 274.9585 279.9524 130.0797 157.0606 115.3827 185.3914 239.2520 250.6427 156.3973 103.4610 407.0072 100.6254 451.7979 350.8214 363.2510 132.8492 464.0535 294.1377 216.5889 94.6758 17.3435 191.7090 189.6344 200.9365 99.9345 55.5241 292.7729 432.6788 131.5340 201.7785 363.1022 384.3006 126.9388 139.2750 376.2740 389.2882 376.1558 283.2215 278.0524 59.1839 385.0235 370.2321 346.5976 59.9851 203.9765 154.2231 222.8037 46.8699 254.2605 76.0259 234.3976 380.3416 306.5181 145.1132 226.7988 104.7816 318.5722 131.1006 353.0825 326.9025 291.1986 225.7447 237.9782 407.3797 94.9158 242.5748 359.0234 250.6130 23.1087 249.3973 428.6970 246.7549
254.5042 224.5997 170.4258 325.2375 200.1061 96.1100 223.6659 217.0891 213.1514 243.1372 183.4971 123.8308 61.2139 216.8628 176.9265 150.8214 207.1445 230.0198 176.5981 282.7496 210.8985 147.4376 74.3366 186.9436 297.1438 197.5732 136.8735 252.4192 217.0269 106.1129 231.7711 83.2582 219.6193 240.7875 230.1231 51.1645 141.9526 213.1562 90.9545 204.6373 256.4231 160.8815 222.4208 250.9551 164.1788 176.5083 193.5180 263.8141 53.8050 235.3565 273.9915 208.0543 195.7243 88.4751 229.5785 282.9804 223.4841 89.5149 93.6413 126.4108 96.1520 264.2093 182.0012 10.7712 170.5332 183.4225 162.3041 229.0195 194.3610 252.1623 243.7820 164.1513 221.0845 62.5394 158.0732 228.8701 229.8886 139.3577 26.5944 263.0439 134.5575 96.8807 308.8622 82.0592 141.7605 263.2668 225.3194 0.0000 173.4712 183.8817 213.8279 90.6553 266.9201 206.1622 214.0067 213.2077 257.7000 188.3238 119.3298 171.2714 271.1363 287.2389 147.1116 302.2106 4.4674 291.4154 192.6423 75.3151 139.1539 65.6621 147.0574 205.1437 69.3373 148.6485 153.5707 147.9299 108.1852 228.3959 124.6176 89.7916 188.9010 104.0659 210.8063 39.9799 200.4093 130.6403 69.0106 227.9331 256.3316 132.0828 266.9142 185.8539 149.2336 95.2932 240.2635 211.8892 247.3485 132.1585 237.6654 152.6387 258.7871 274.2325 284.6746 241.7187 211.9916 288.5833 213.2709 147.8650 280.7097 174.1787 296.1291 213.8151 321.4106 247.2379 178.5125 262.7197 139.8504 197.7049 163.7217 330.6419 228.7432 273.7158 52.4811 237.8220 263.0273 179.1991 295.5739 168.0328 37.0165 161.1483 103.8935 80.3984 107.9898 219.4933 243.5355 114.3881 166.5209 312.3978 141.8139 198.3818 36.5224 187.2685 141.7935 183.7543 134.0346 134.2746 202.8040 150.0748 275.2127 26.9266
143.9902 320.8268 139.6170 216.2380 358.3453 247.2801 78.1140 53.2929 106.0775 136.5836 144.8667 262.3968 234.1800 120.7328 276.1014 316.0639 127.4081 84.1733 56.5385 273.1141 62.1552 106.1718 103.6029 306.8518 353.9293 169.4550 62.0410 87.6433 234.7006 276.2211 275.7093 101.5825 50.8768 375.0126 224.3461 207.0412 80.6761 315.7058 229.3292 32.7550 173.7273 333.5482 176.7550 299.3506 35.7752 84.7810 94.9479 189.4083 123.1560 163.4105 111.5691 40.1352 98.6709 141.2198 182.2546 225.2589 274.9140 133.6370 139.8789 114.6485 93.9538 90.8153 293.7161 175.6011 199.4205 355.2845 289.8707 221.5474 366.5084 88.6035 86.2295 265.6316 224.1010 113.5316 204.8087 63.8670 71.9397 172.9940 170.1165 128.7915 193.5818 77.9058 292.7072 92.1729 107.3603 108.7263 341.4912 173.4712 0.0000 65.6076 71.5701 107.7260 306.5470 263.2408 44.5497 61.9754 376.2235 220.7197 125.5425 309.6568 365.0896 192.9125 134.1650 165.8760 172.7278 217.9606 351.3273 114.3532 271.5605 211.1999 225.2899 313.8090 169.6149 144.6383 272.7399 264.8129 65.8905 195.9476 283.2970 235.6421 237.9797 184.7665 265.3389 193.5434 157.3153 298.4645 211.8936 381.7074 83.1923 277.2756 110.6532 320.1615 97.0018 243.8796 195.4736 114.6100 228.4560 253.8695 357.9076 164.2194 262.5424 272.7633 355.6599 330.2145 116.2008 115.7409 256.6191 321.3127 146.5996 255.7990 352.6711 251.7418 197.4649 77.2711 60.7322 191.4383 65.6406 338.5287 215.6673 216.1588 82.5359 368.7554 151.8467 264.7705 242.2655 297.1878 259.3460 311.9632 138.6272 120.6155 79.5931 225.1031 279.4280 279.7809 132.3476 273.1351 286.4490 224.0171 296.6475 371.8311 201.6491 137.1020 247.0572 137.8658 174.7247 302.4107 323.9104 319.6757 101.7473 149.1666
83.8842 366.9520 83.7369 278.4127 381.8802 234.7787 139.1091 52.9427 171.5361 74.6884 85.4119 242.3370 239.0823 55.6069 239.3457 307.4179 192.7863 47.3283 121.8777 336.5108 33.9595 60.0083 131.3667 275.1022 409.6494 231.8645 47.3961 135.0341 293.6556 289.9273 331.7713 100.6763 62.3457 410.3602 286.1901 202.4419 45.7321 359.9815 258.5036 63.6066 239.2328 342.5764 112.6235 355.3297 99.6336 149.3653 29.4049 254.9944 130.2240 97.8029 158.1069 55.7299 164.1819 182.3328 246.9552 290.8350 329.5597 175.1566 182.6374 78.9374 133.9557 116.0300 259.8798 182.0905 254.5783 365.9040 325.6350 283.5082 364.8121 77.4211 65.1716 230.7180 284.7942 122.1673 256.7627 115.4673 54.3344 224.8355 189.9868 80.7292 155.3034 93.3737 356.9309 116.4310 64.2476 161.8483 382.4588 183.8817 65.6076 0.0000 134.2920 96.4500 364.2343 214.5513 61.0949 122.9639 417.1690 169.5042 91.8162 342.0447 412.8852 257.5076 191.1274 223.1059 181.6073 283.4394 374.5220 110.0729 304.9683 201.3073 271.6117 356.2974 203.3331 201.1233 310.5927 303.0210 86.6228 132.6278 271.7639 222.0381 291.5154 226.5681 319.0216 214.2261 220.8751 293.0503 238.2003 408.0985 112.6367 305.9833 85.3086 293.4649 51.1540 269.9368 130.7076 180.2120 291.8526 290.0405 397.9345 219.7662 324.2827 335.3260 408.6015 378.5606 181.8071 141.8575 312.0935 327.0092 205.6807 215.2534 408.4116 308.0037 257.0342 118.8074 6.3837 257.0440 122.4721 370.5605 170.9342 277.2993 142.7890 416.3468 180.7694 323.3385 306.1207 336.3341 324.4642 342.1242 156.5909 67.1708 80.6711 251.6968 279.2464 332.8528 196.7755 295.2656 256.3338 288.6200 281.8543 375.1565 202.5161 75.8870 287.7428 200.7304 134.6614 297.1228 362.8587 315.3023 121.7319 156.9878
203.3490 307.5131 211.1871 144.7580 374.3092 300.0225 9.8610 99.5606 44.5928 198.1173 216.2704 319.4300 274.4435 186.8661 341.6422 363.7267 74.0059 136.5916 37.3567 223.2423 119.0970 177.4084 139.5932 369.5104 321.9308 128.8082 131.6092 48.4215 199.8651 306.1027 245.6907 159.3818 90.0895 375.7178 181.7221 256.3434 151.5532 305.5822 245.3063 75.7890 109.1267 365.5763 246.8316 268.5354 53.2681 51.2345 163.4774 125.8419 172.5256 230.7718 63.6295 87.1733 48.3666 152.0957 129.9499 163.6516 247.9705 145.4316 148.5133 183.9969 118.6925 85.2989 357.6317 218.9808 176.3960 385.0599 293.4605 178.6885 407.2176 121.7878 127.8717 330.5037 185.0599 163.4069 188.0894 36.0931 117.6853 160.0376 202.1545 179.4599 261.1832 131.3246 239.0900 134.6360 178.2426 49.6719 335.4060 213.8279 71.5701 134.2920 0.0000 169.6567 271.6664 333.2562 85.8491 12.8616 369.0001 291.5582 193.9154 316.7654 347.4600 123.7662 115.8544 96.5260 214.4450 152.3641 367.9234 172.0219 279.3141 263.8776 217.1327 306.5468 186.0985 125.5362 274.3711 266.4142 119.7664 266.5265 334.0787 289.5815 215.4212 187.9549 240.8622 222.2167 113.0530 344.1969 232.7167 393.5721 76.5702 290.6460 147.5191 379.8100 168.3640 262.4828 264.9885 55.8144 180.1044 259.0214 352.6200 144.3189 218.5668 225.8194 329.1336 312.8149 57.6880 97.7521 228.8298 356.8734 76.1588 323.1869 320.6637 222.4686 126.3100 56.2172 130.3403 128.6806 74.6048 344.8833 284.9660 144.5957 14.9164 351.3578 176.7457 229.3996 191.5243 295.6615 201.7360 321.8006 176.8115 192.1711 140.6130 244.4815 321.6850 255.8094 63.2251 294.3770 348.5975 154.7878 349.2915 407.9967 247.2811 208.1966 246.2109 99.3449 243.3103 347.9124 321.4603 363.9024 97.4153 194.3661
163.8712 298.6735 86.9587 305.8867 290.7513 142.0409 178.4241 138.0965 187.6951 152.5222 99.4594 154.9362 142.8667 126.2916 172.2277 213.3736 195.2042 143.6968 137.9001 312.5550 126.9851 57.9178 67.6225 200.2201 357.7225 211.2045 52.8151 195.1817 255.6971 195.4021 283.8556 16.1540 143.3155 327.7908 258.3880 106.4119 52.0687 289.2497 174.8718 132.6198 247.8022 246.5013 140.1398 306.0740 116.7464 152.7360 103.0306 260.0287 40.8797 147.9252 218.9513 132.3850 173.0230 122.2223 236.9265 288.9675 278.4893 117.2560 125.0659 39.8721 87.4612 194.4191 188.0000 87.1540 210.0485 270.0183 245.6739 256.3573 268.9508 170.4097 159.9923 160.9110 252.9292 37.1593 205.1311 171.1688 147.2047 176.4998 102.9335 173.3775 94.9890 41.9643 336.7754 56.2035 52.5982 214.0664 306.6680 90.6553 107.7260 96.4500 169.6567 0.0000 318.8772 171.8533 138.7757 163.9143 340.4953 137.0564 38.8456 258.2336 345.7591 274.3546 159.5806 265.9958 87.7172 289.7683 283.2912 15.6493 223.3357 106.9274 208.5678 283.2515 129.3355 166.6218 233.5491 226.7358 51.2785 150.6745 178.8088 129.8109 240.3393 160.7124 266.4337 125.9319 206.6459 197.8139 153.0945 318.3881 188.0180 220.0047 181.5339 212.5014 58.7266 183.0628 159.4986 191.4083 270.4655 212.0090 320.6170 180.1748 293.6759 307.5020 350.7300 313.3719 192.3020 220.5075 263.8937 230.6151 245.1478 155.4090 356.5723 261.9322 293.2892 184.7816 91.8468 260.4780 111.4694 285.7453 122.4712 308.3361 183.4548 348.8059 104.2468 282.4049 286.2871 259.7996 313.0463 256.3598 72.2782 73.6763 29.0821 166.0949 182.9385 278.2515 218.8338 204.7888 179.5047 303.8749 190.8010 278.7340 106.0933 100.7462 215.3635 185.9862 80.7177 201.8704 285.2242 219.8821 203.6179 64.1363
447.7993 99.7514 403.3984 244.8032 246.0318 349.0352 276.5144 356.9857 229.5821 438.9193 414.7361 380.3688 287.0731 418.0538 442.4047 367.2041 199.0109 390.6399 255.7497 80.9604 368.6997 368.5578 251.6663 445.6940 51.0930 142.8657 328.3950 316.3540 72.3923 262.6992 35.4162 302.9848 350.7296 189.8842 92.1509 312.1474 347.5360 111.4336 195.0766 332.0618 192.0627 303.3604 455.0737 19.0106 271.2613 227.2776 389.8678 179.9612 283.7094 454.2920 320.5958 342.9268 223.4150 196.7538 149.2199 155.4898 43.7692 201.6457 193.8131 357.2584 236.7867 356.8826 444.2446 277.6502 110.5614 306.7214 160.2154 95.1796 366.9235 387.7171 389.7218 429.7667 86.7845 283.2701 113.8214 307.6723 376.4924 143.0675 240.5504 435.3352 397.1548 286.7152 95.7537 264.9416 365.0246 300.0849 140.5681 266.9201 306.5470 364.2343 271.6664 318.8772 0.0000 472.1651 344.8286 282.9806 157.1636 448.8713 357.6993 181.8485 107.1344 211.0398 173.2361 282.0277 271.2405 180.1507 244.5508 306.6380 171.9953 328.7055 120.4648 122.9030 199.0594 163.1253 148.5476 147.3592 286.5450 468.2650 361.5216 347.9861 79.1860 163.8711 56.3821 232.8122 158.7636 346.2085 209.5240 242.9066 348.2275 195.6800 412.7085 436.4169 364.1475 206.8531 475.0326 218.2467 102.2600 159.3593 153.4183 144.6290 63.2042 68.1357 67.2301 86.3959 216.4460 366.0718 55.0737 312.1840 270.9738 441.0982 49.8561 57.1825 268.2241 327.6223 358.0044 175.5027 242.4094 192.4795 427.1290 256.0177 278.0257 110.7181 221.9350 42.3638 100.4620 141.4630 123.7052 194.3562 255.3040 386.7561 305.8855 206.2374 318.4563 51.1995 231.6147 225.8236 427.0574 207.6662 379.8513 348.2796 294.9825 412.8646 138.1166 173.2837 391.3244 347.5747 147.4898 352.4494 368.8109 276.8385
215.0709 427.5258 131.5045 474.9513 361.2766 151.6501 340.7929 267.3667 357.5429 207.0061 133.6117 127.9216 208.9099 190.9207 62.4954 201.6296 366.9115 249.0709 306.0402 478.6486 246.4867 158.1485 233.9017 101.1986 503.2796 380.8645 201.7096 346.8810 416.9480 263.4808 436.8172 186.8176 276.8911 424.7743 424.4189 168.5003 182.6777 415.0215 291.5352 275.6521 419.4285 283.8620 133.7705 456.7017 283.1467 323.8083 194.1212 431.8603 194.4756 165.4780 370.6643 269.5897 343.8005 280.8654 408.0461 460.5498 429.0718 278.1474 285.0376 149.2833 257.0840 330.4300 84.2618 195.6520 369.9709 306.3202 358.6489 422.7084 265.2628 285.0461 270.6160 67.1635 417.4125 198.3024 360.5360 324.9197 264.6739 336.6473 232.0289 247.6517 77.9790 213.7227 503.8198 225.8963 156.1673 371.2070 421.6073 206.1622 263.2408 214.5513 333.2562 171.8533 472.1651 0.0000 275.3224 324.9311 450.6201 45.8083 140.0225 359.9034 472.8737 445.2677 328.2839 429.0085 201.7357 461.6102 354.3695 177.6043 335.7489 152.2849 353.0390 405.6334 273.1142 334.0326 354.2565 349.8153 221.9460 117.9552 170.8937 144.2800 393.3604 308.3210 416.4218 243.7057 377.6054 203.4848 271.3245 391.9620 327.1837 321.4628 280.8252 130.9925 167.6269 289.2567 134.0842 362.1834 438.4618 333.9126 431.0778 344.7334 457.3391 472.0695 490.1103 445.6290 363.1917 355.9424 417.7776 262.0109 409.2946 40.2452 502.2711 417.5668 459.4500 332.0374 215.0867 432.3308 282.9888 380.9042 49.4001 476.4271 345.4392 475.0684 250.8944 440.5949 454.4250 378.1844 482.9939 352.5854 218.6315 147.4270 198.0185 279.8223 212.7451 425.5437 388.0551 293.3900 96.4132 475.1869 165.1838 289.5447 184.5087 144.8944 346.6529 357.2140 91.5029 206.3740 398.4999 221.0202 335.3187 195.7936
117.7606 364.0917 144.8271 224.3376 402.3244 280.7979 87.6756 13.7118 128.9469 113.1815 146.1717 292.6466 273.7902 105.2582 297.1181 351.6053 155.5787 50.7431 89.2498 304.9993 34.9856 118.5213 146.8584 331.1362 393.3147 204.3303 86.6042 75.0066 272.5001 318.3415 315.2827 136.5117 6.3642 419.5232 259.2000 243.2429 97.8117 359.3641 273.6265 12.9121 194.9608 374.8037 169.7625 338.8357 75.1176 118.1909 86.5385 211.6274 161.7215 149.3569 97.4384 6.4127 126.9213 185.7193 212.0978 249.2654 315.3022 178.1370 184.2902 133.8618 138.4634 56.9844 316.6723 215.0580 240.1174 396.9920 334.4010 256.2772 404.7699 44.5527 44.9205 287.7656 260.3399 152.2868 246.8845 58.3417 32.5201 215.3889 212.8154 94.2165 212.9885 117.1435 322.5885 134.4477 121.7554 103.0747 385.6048 214.0067 44.5497 61.0949 85.8491 138.7757 344.8286 275.3224 0.0000 73.0993 420.2955 230.4790 146.3270 354.1931 407.8160 208.4155 174.7638 165.2910 212.8332 238.1500 395.2570 148.5873 316.1030 245.4179 268.8339 357.7646 214.0736 185.3235 317.2031 309.2649 105.9262 190.5256 317.4919 268.5844 279.1530 229.1070 306.2681 236.5837 190.5035 335.1249 255.8603 425.9888 52.2855 321.6194 68.2064 347.3811 109.1122 287.9188 186.2432 139.4081 260.8001 298.4054 402.1080 205.1202 297.1467 306.0979 396.5259 372.8764 141.2172 83.3372 296.6677 361.6473 149.4960 274.1537 392.0492 291.3555 200.4698 58.0132 60.2427 214.3767 108.2539 383.0659 230.7578 221.9992 90.1833 411.5304 195.8234 302.6379 273.5050 341.5407 286.5118 356.4274 180.5269 127.9174 113.7989 269.1467 317.7804 320.9134 148.5929 316.7636 311.5826 239.1093 329.5447 411.6750 239.6858 136.2062 291.3532 172.7489 192.7354 339.1391 368.2494 356.8221 65.0624 188.5832
190.7114 316.3330 201.2419 155.5060 378.8821 297.1474 16.2730 86.8101 57.2591 185.6230 205.8674 315.5410 274.1911 174.8671 335.2678 362.1808 86.2258 123.8308 39.4672 235.7479 106.6124 168.1469 138.8893 364.1158 333.0425 140.1475 123.2747 42.0766 210.9602 307.9946 256.4089 154.5694 77.2622 382.7209 193.5542 254.1013 142.5829 313.9593 249.3680 63.3066 121.9345 367.2507 235.5866 279.4084 49.6805 59.3637 151.9747 138.6735 169.6990 218.8747 61.0938 74.5947 59.6041 156.0799 142.4254 176.5077 258.3368 149.1434 152.8153 175.9042 119.5057 74.6931 351.8244 217.7897 185.8983 387.2084 299.7742 190.5323 407.2596 109.0601 115.0165 324.3482 196.5469 160.3728 196.8126 25.0055 104.8461 167.9517 203.0337 166.6072 253.9492 127.0848 251.8117 132.6153 169.2859 50.9449 343.3012 213.2077 61.9754 122.9639 12.8616 163.9143 282.9806 324.9311 73.0993 0.0000 377.1388 282.6639 186.2593 322.6132 356.9454 135.9618 123.9066 104.0815 213.5579 165.0554 372.3731 167.3546 284.9112 260.8988 224.8299 314.5243 189.5882 133.8927 280.9073 272.9183 115.1974 255.4723 331.7534 286.3896 225.1055 193.6696 250.9024 223.8831 124.6703 343.0318 235.8625 398.8706 65.7513 295.3767 134.7914 375.3161 158.9622 266.1941 253.5345 68.3654 192.4273 264.9345 360.4459 153.0692 230.6228 238.1266 339.6582 322.1892 70.2332 89.3947 239.2274 357.8413 84.6242 316.1031 331.7741 233.0178 135.5713 46.2896 119.2672 141.5305 76.0404 350.9390 277.0077 154.7790 20.5616 360.8218 178.6540 240.6569 204.0392 302.7635 214.5703 327.2288 176.2673 182.3729 134.8410 247.9554 321.1974 265.8416 75.6564 297.7815 343.3335 166.8988 346.5600 408.9632 245.7901 197.5142 252.9874 110.0815 235.6462 346.8068 328.7871 363.1104 87.0521 192.6125
498.2214 65.7059 425.9355 387.3267 120.0516 302.7664 376.7174 429.4260 336.1567 487.5116 438.8652 332.2862 241.8560 462.5138 403.7668 288.5969 308.6102 455.7519 340.6395 235.5641 433.5451 398.1257 286.1223 392.3202 132.4740 254.2280 371.9626 417.3940 194.1232 191.4385 152.4870 327.8083 426.6580 41.5513 224.4655 283.0292 385.1672 63.8367 167.0010 407.6954 322.8965 202.4722 478.8047 142.5823 346.7193 317.9623 435.7550 315.5136 299.6293 488.3948 428.8808 416.3221 323.6179 236.1429 276.0734 301.0943 142.6652 243.6286 236.8064 379.7494 284.9191 450.2714 397.1135 266.0503 195.6684 194.5355 95.4518 226.7318 262.8047 464.7406 461.9802 392.7008 213.4009 304.2008 181.3666 401.5669 447.4297 209.1910 238.5623 497.0178 388.3844 324.8634 252.8023 301.2185 393.0069 409.8485 34.8016 257.7000 376.2235 417.1690 369.0001 340.4953 157.1636 450.6201 420.2955 377.1388 0.0000 442.1373 374.8090 90.7998 56.2220 348.8058 253.2664 410.0698 261.9038 324.4200 122.7540 325.1117 118.5461 298.6976 152.6250 62.7796 214.3721 243.4647 107.2297 114.4740 330.5688 485.8891 298.6847 307.6464 160.1608 191.8575 142.2266 217.9524 270.4877 272.3953 189.1151 102.4986 441.1439 129.3273 486.5682 373.5738 397.3996 163.7415 497.2211 326.5081 242.4556 128.5805 20.0347 224.9137 212.1553 221.9100 103.6729 71.6387 325.0911 466.4617 158.2325 219.7245 394.2820 412.6409 132.6303 166.0733 405.1864 423.2254 410.8724 311.4172 312.6278 74.4638 415.5037 397.9261 379.9239 54.3219 238.3057 177.8038 247.1088 81.0823 276.7059 99.2339 268.2837 414.1346 340.9436 177.3020 250.2930 129.8273 350.0384 157.7057 378.5336 353.1938 314.0687 237.0047 268.2543 441.1218 129.7126 274.9447 390.8505 271.9398 55.2838 268.7470 462.8345 279.8718
170.8020 412.8744 86.0339 434.6495 362.4701 156.0635 298.7084 222.1514 318.2471 162.2800 87.8034 139.9154 204.3755 145.3420 91.8746 217.6461 329.7280 203.2760 266.1923 448.8278 201.0293 114.7089 202.8224 133.2940 483.3061 348.2429 160.1120 302.8501 389.7231 262.0086 413.4682 152.8954 231.8319 419.8249 394.5435 160.1659 140.0887 401.2207 277.9641 231.3456 381.8502 291.3984 91.1301 434.4375 242.8652 285.7856 148.4149 395.0138 165.9600 122.3011 326.4875 224.8616 305.3417 253.6999 373.7512 425.3149 406.6480 250.0353 257.3994 108.8337 224.3326 285.1398 115.6558 178.5864 343.1452 314.9554 347.8743 392.6242 282.5960 239.2666 224.8236 90.3558 388.4542 168.0085 335.6093 281.3392 219.0170 309.4777 212.4444 202.5494 53.9625 177.8575 473.3774 192.9458 113.3811 327.8216 411.2846 188.3238 220.7197 169.5042 291.5582 137.0564 448.8713 45.8083 230.4790 282.6639 442.1373 0.0000 101.4049 352.4404 459.2565 406.5128 296.3909 386.5671 183.8712 424.7955 355.2485 145.5791 324.6376 145.8248 332.1625 392.7845 250.9168 303.0432 341.0813 335.8319 184.7499 78.3117 183.1351 145.8194 369.6861 285.6510 394.1425 227.8373 343.5713 214.9054 256.5853 392.9870 282.1042 313.1135 235.1066 160.8019 124.0728 278.5591 95.0925 323.6194 407.2543 319.9533 422.2443 315.4585 428.9580 443.1942 472.3815 430.0331 324.7394 310.5146 393.9215 270.1512 367.2591 63.5101 482.2367 392.9605 417.8635 287.6040 170.3407 395.7781 245.8769 375.7261 28.0562 435.5977 303.2230 461.7530 227.1254 414.9573 423.1241 366.1500 450.0989 346.5045 193.5771 102.6413 160.6857 266.6730 218.3251 404.3842 348.1898 287.6855 122.3137 436.8656 181.9554 304.1249 174.0228 99.0887 330.0577 322.8143 57.8477 218.3315 388.3449 234.8793 289.8024 172.8745
141.2040 335.3709 51.2387 334.9289 317.3806 145.8775 201.8191 141.9825 217.6472 129.7798 64.2726 150.8804 162.4226 103.7178 151.4371 218.9326 228.3434 137.3330 166.0209 350.5703 125.6204 34.7243 106.4221 184.8183 396.2481 248.3053 63.5484 212.0506 294.4152 218.7559 322.6506 54.8899 149.5376 359.8556 296.5191 120.1268 48.5262 325.4799 208.0600 143.4224 280.5426 264.9708 104.0168 344.8041 143.1614 184.5391 86.7538 293.6157 76.8574 116.2394 236.0912 140.0315 204.2667 160.9988 272.8442 324.0578 317.1859 156.0954 163.8955 12.8789 125.3676 203.3093 170.4164 113.2230 248.8699 289.0202 279.4963 294.4264 279.0759 169.2350 156.6993 141.6439 291.3329 75.0954 243.9307 188.9178 146.1201 215.3376 136.2469 157.9794 68.0825 76.9972 374.5260 94.4825 29.1128 234.2688 341.4548 119.3298 125.5425 91.8162 193.9154 38.8456 357.6993 140.0225 146.3270 186.2593 374.8090 101.4049 0.0000 290.2430 382.4744 305.6322 197.3234 290.1831 115.6232 323.3987 309.8864 51.8487 256.7213 115.1226 246.5873 318.9590 166.4872 204.7215 268.5054 261.9914 83.3625 112.8217 182.5576 132.9482 279.0948 198.7569 305.0820 157.6591 242.8422 206.4669 185.9851 346.0776 198.2710 251.2735 174.9611 201.9318 41.5657 214.3567 122.7476 222.6034 308.0680 246.8725 354.8267 218.7325 332.1213 345.8015 388.7755 350.5603 223.6749 229.6539 302.7007 247.1223 270.0724 130.2764 395.1051 300.7718 319.8063 199.0808 89.4286 294.3734 144.4721 316.9816 91.1780 336.4635 206.6036 385.4293 141.3869 321.2297 323.8073 294.6845 349.7081 287.3336 108.2808 43.0968 59.3189 198.4482 196.4138 316.7560 248.0498 233.0411 165.4153 335.8017 191.3397 292.4246 125.0569 68.1173 251.7551 221.9696 49.4057 210.5243 319.5570 228.8597 210.7509 95.0940
420.0197 89.5799 341.4625 367.5833 68.2220 212.1494 325.6202 361.6064 291.8672 408.9520 354.5121 241.9634 151.0716 383.2233 313.1693 203.4846 268.8319 383.9497 283.7290 243.7916 362.3857 316.1400 211.3146 303.0049 182.3777 222.8949 295.2860 364.4942 183.5997 101.9429 159.2939 247.0398 360.4974 69.6339 212.9015 192.7367 305.9989 75.1473 83.8378 342.2281 296.7527 125.3001 393.6800 163.0283 284.6574 266.0978 357.6171 293.9866 217.6235 405.6161 379.7567 349.4623 276.6151 169.2789 251.9361 290.6483 147.0672 176.7847 171.5062 296.3903 215.7463 391.6789 307.1017 178.7221 163.0781 125.4683 26.3197 214.1528 189.0326 397.6595 392.9148 302.0084 200.4574 223.4586 144.0956 345.4911 378.2950 161.7291 155.3148 422.7514 298.9235 248.6712 266.9667 225.9100 310.7305 362.6008 65.1580 171.2714 309.6568 342.0447 316.7654 258.2336 181.8485 359.9034 354.1931 322.6132 90.7998 352.4404 290.2430 0.0000 123.5882 326.6189 203.8377 375.7522 175.2446 310.5862 64.8999 242.6056 38.1473 208.1890 108.5037 62.6456 140.4313 195.9531 45.8236 52.8678 256.1847 399.3981 209.8786 216.8588 141.2734 128.9436 139.0747 132.6786 236.8095 185.5549 105.2028 78.3771 382.6754 39.5268 417.4288 285.6708 316.4884 75.9782 411.5077 284.1226 233.7094 57.7463 71.5945 181.2684 216.4917 230.4115 158.1156 109.2482 283.0774 411.0674 153.3607 138.3886 357.1714 321.8442 181.9174 159.8920 378.8739 366.9948 335.9500 290.5817 250.7886 28.8736 325.5187 376.9700 329.6117 124.5145 161.4003 181.3641 243.6628 40.4798 278.1704 12.6446 187.3612 331.1332 262.8058 92.1438 161.6667 134.6644 312.3626 66.9697 288.5492 338.8103 226.0455 167.8206 178.4212 357.7378 73.9099 234.4040 302.4830 185.5938 43.5285 184.9751 404.0918 195.3307
495.9850 47.1053 432.6436 347.2047 169.8324 330.7288 354.2223 418.2079 310.4735 485.8100 445.2175 361.5211 267.5643 461.9779 431.0790 327.0705 281.1587 447.6146 323.1406 187.8060 425.1874 401.8601 285.0739 424.3099 76.5115 224.4080 370.1744 395.1854 157.3621 224.3994 111.2390 331.5875 414.1045 96.2505 185.9745 304.4885 385.7796 58.0459 181.6439 394.9513 287.4265 246.2908 485.8577 95.7381 332.8205 297.7571 434.3146 277.9493 305.6922 491.8997 403.9656 404.5471 300.0457 230.8860 241.2691 258.8047 104.1657 237.8797 230.2925 385.6218 278.9307 431.4368 427.1316 280.6866 171.0816 241.8447 115.9489 188.6045 308.8824 452.2977 451.2817 419.3231 176.3439 308.6344 161.2633 381.8778 437.0277 192.4402 248.4682 490.6553 405.3344 323.8119 202.4217 300.0763 397.2047 384.1174 59.5372 271.1363 365.0896 412.8852 347.4600 345.7591 107.1344 472.8737 407.8160 356.9454 56.2220 459.2565 382.4744 123.5882 0.0000 310.6544 234.4897 376.7959 275.5600 282.9919 171.1620 331.0667 137.8984 320.9382 141.2742 67.3675 216.4412 224.0628 118.6416 123.4715 327.5832 495.1725 332.1583 333.6985 132.1129 187.3384 108.1062 231.4283 241.1416 308.9427 202.7027 156.4340 422.3792 155.8271 475.5692 408.3634 399.8123 184.0700 505.0429 299.9791 201.6155 139.3842 62.1402 204.3923 167.0234 174.5924 47.7002 34.9624 298.3855 445.0816 122.4834 261.1887 362.8640 436.6881 76.7393 129.9879 367.8673 403.1954 406.5042 273.6405 299.6971 118.1748 433.8953 358.1729 356.8330 3.9835 241.5127 135.4340 203.6611 95.2152 230.2005 135.0516 274.1955 418.9350 341.4443 193.2198 284.3491 93.5046 320.0193 187.4829 408.7332 311.3374 348.8356 284.8357 288.3695 446.0513 130.7875 249.3975 404.9797 309.0835 80.0815 308.4801 443.8998 289.8151
326.1504 283.1085 330.7673 41.2484 393.2673 382.5980 120.7614 222.0344 88.4527 321.4426 337.1386 407.6607 340.5602 310.6224 443.7404 434.7124 81.1239 258.7870 140.7879 137.7892 242.4964 295.3039 222.5449 465.5060 260.7666 104.6861 247.7978 145.4781 154.7836 353.5351 199.4387 260.6047 211.9348 368.7529 124.9221 337.0650 269.0815 287.1608 279.4421 199.2319 31.7129 411.3996 369.6124 216.6092 164.4655 121.6240 286.8436 33.3647 262.8777 354.4746 136.8458 210.4009 101.4731 202.1632 74.8131 59.2524 207.4183 199.1344 196.9743 297.6898 197.3009 189.1440 456.2619 295.6318 163.5420 425.8960 300.3853 122.4465 464.6209 238.6339 247.3600 431.6347 135.4830 255.7070 182.6821 151.7296 239.0276 171.8087 266.6374 299.8558 369.3107 232.4747 142.4289 225.1799 295.1311 118.4609 320.5514 287.2389 192.9125 257.5076 123.7662 274.3546 211.0398 445.2677 208.4155 135.9618 348.8058 406.5128 305.6322 326.6189 310.6544 0.0000 142.8741 75.5516 289.5349 36.8725 388.4529 271.6648 295.1199 348.7935 218.3443 293.0709 233.3243 144.9821 280.8121 274.0838 223.4703 388.8516 411.6351 374.6133 190.9154 215.4775 206.6031 278.6863 93.4654 413.2061 276.2375 404.1651 183.0196 313.9685 263.6545 470.1114 286.8543 297.9169 388.1298 83.0849 109.5040 273.7804 337.3761 151.6689 147.9581 146.7952 277.6797 280.2823 82.1015 186.3325 190.6934 408.9592 72.7841 429.3452 259.6142 182.8598 57.3374 162.9415 253.2038 37.3898 162.9938 350.4341 395.9654 50.3633 118.3227 314.5922 237.4268 175.4612 111.0618 293.6191 100.7472 335.6090 253.6655 311.5108 247.2805 283.8824 386.7797 219.5674 60.7366 329.6909 444.2858 31.1179 429.0369 457.8868 323.7341 329.8423 253.4007 105.0035 353.7895 416.3340 314.5301 429.3598 197.9025 276.6547
274.5770 192.7109 237.4575 182.8098 265.2011 243.2194 123.8906 186.0606 88.1628 265.7815 247.6785 270.2331 197.9200 245.4192 314.9120 292.1075 68.4417 218.3058 88.6632 153.3276 196.1304 201.2107 94.3828 331.3533 219.8412 52.8195 157.6749 164.2759 102.6844 212.4066 141.6247 143.5721 180.9327 260.3019 99.5597 198.0342 178.0221 190.0582 141.2874 161.8529 111.3090 271.2721 286.9162 165.2718 99.7835 64.7069 217.3137 117.1074 134.4912 283.1226 177.1830 172.1037 72.8220 59.6575 82.9806 136.6592 140.7989 57.6130 54.4174 193.9150 72.1195 197.6237 324.1923 156.3781 65.3931 287.5007 179.4635 97.3308 322.3761 218.8815 219.1590 302.2852 95.6559 129.9999 73.3566 148.4841 205.3694 44.1844 124.7198 262.7654 250.3077 121.0410 177.2285 103.4605 198.5345 159.2417 219.5643 147.1116 134.1650 191.1274 115.8544 159.5806 173.2361 328.2839 174.7638 123.9066 253.2664 296.3909 197.3234 203.8377 234.4897 142.8741 0.0000 175.0927 149.9228 144.3158 259.3656 151.1547 167.5261 211.2694 101.3096 190.7253 90.6034 10.5606 159.9736 152.1361 117.9174 302.0330 270.2832 236.4290 104.4050 78.1079 131.5167 135.8126 53.3179 270.4999 134.9133 281.7943 188.5143 182.0243 242.9518 332.6009 195.5388 159.6774 306.9157 81.1527 110.8898 146.4458 236.7686 30.3794 136.3161 149.1994 221.8137 199.5567 80.3206 213.1955 122.4546 267.3106 155.2588 305.1437 218.5859 117.6738 185.0935 170.0883 184.9382 115.7892 69.2359 231.2477 279.5863 189.7362 127.4047 238.2993 95.5963 132.2221 126.7365 180.2334 154.7984 210.1200 116.9814 219.4937 140.0217 143.8936 243.9280 146.1501 111.3598 192.1320 310.3727 166.0575 288.0692 317.0420 183.5029 244.3181 131.4678 37.8736 239.1557 273.5778 205.7825 286.4863 210.1604 141.1983
278.5596 344.7732 304.1496 66.5505 439.3805 392.6212 88.3640 177.7041 90.2031 276.0105 307.8745 413.6715 360.9667 270.4976 438.1080 453.0286 107.3011 211.7675 129.5310 212.3301 200.1606 271.9141 229.7370 465.4262 332.6213 156.2250 227.3514 91.4796 219.4469 384.8904 266.2010 255.1974 166.9027 425.4363 191.8359 347.9617 246.5520 346.7842 316.1856 159.7699 90.0882 444.3826 334.6922 285.4595 149.2745 125.8700 250.8960 102.5415 265.9518 314.5053 74.0249 169.1789 107.7207 227.6594 135.5338 134.6265 272.6306 222.4964 223.0234 279.9629 206.1991 129.9441 453.8471 308.6763 216.3822 461.6910 350.2540 189.0146 491.5732 184.7402 196.1250 426.9007 200.6091 257.2371 233.5887 107.7397 191.2141 214.3279 286.5890 247.7660 357.6445 226.8214 217.9721 227.3284 273.2330 62.3938 379.4840 302.2106 165.8760 223.1059 96.5260 265.9958 282.0277 429.0085 165.2910 104.0815 410.0698 386.5671 290.1831 375.7522 376.7959 75.5516 175.0927 0.0000 303.4801 112.2400 433.7828 267.6704 340.9643 356.8538 268.1844 350.9880 261.8146 181.2687 330.4309 322.9998 215.5991 355.2279 425.3892 382.8034 249.9160 253.1717 269.7052 303.5697 140.5433 432.6209 308.0950 454.1293 126.2164 356.7668 207.6796 474.7659 262.6371 334.4721 351.4974 94.5097 179.8013 319.5581 396.7161 194.5193 219.8382 220.4350 347.4523 344.6116 95.0959 120.1454 254.5562 438.4602 21.5321 419.6897 331.4302 246.9216 36.6816 109.8568 220.3030 107.0079 163.5786 401.8119 381.0556 60.4832 83.6114 380.7753 258.6784 243.7747 183.9930 347.0795 176.2905 383.1698 265.6973 285.5562 237.0056 318.0791 408.3876 283.7310 63.7998 366.9681 444.4204 96.3657 441.3907 489.0914 337.3406 298.8644 301.9296 141.4461 339.5880 436.1499 370.3549 451.1502 135.8513 285.6172
251.4661 229.0398 166.6454 327.3268 203.1918 93.3743 224.2674 215.6494 214.6721 240.0810 179.7202 120.6213 61.5121 213.7792 172.8646 149.6801 209.2461 227.9381 177.2945 286.5688 209.0343 144.1564 74.8525 183.3949 301.5831 200.6784 134.7630 252.4688 221.0034 108.3254 236.0714 80.9311 218.3850 244.7159 233.8187 48.1216 139.2665 217.5727 95.2466 203.6504 258.8265 162.3371 218.5036 255.3171 164.3519 177.9186 190.6982 266.4327 51.8838 231.7447 274.2181 206.8333 197.2922 91.6263 232.5453 286.0145 227.8287 92.3920 96.7575 122.9385 97.2953 263.5238 178.2167 6.7473 174.4372 185.0847 166.5336 232.6839 194.4566 250.5607 241.9812 160.0820 224.8726 60.8867 162.1596 228.8234 228.1698 143.0746 30.7836 260.4859 130.0963 95.6993 312.6552 81.8199 138.4469 263.7857 229.5972 4.4674 172.7278 181.6073 214.4450 87.7172 271.2405 201.7357 212.8332 213.5579 261.9038 183.8712 115.6232 175.2446 275.5600 289.5349 149.9228 303.4801 0.0000 294.1751 195.7181 72.5211 143.3626 62.1482 151.4394 209.5251 73.4082 151.6952 157.9341 152.3260 107.1896 224.2997 122.6926 86.6450 193.1470 108.2448 215.1521 44.3232 203.2392 129.7825 73.3443 231.2046 255.7256 135.9884 264.9763 182.7947 146.1513 99.2744 236.2636 213.6320 250.9124 136.5419 241.8700 156.0758 262.7195 278.1388 289.1408 246.1761 213.7705 288.0558 217.5275 148.8354 281.9644 169.8687 300.5672 218.0197 323.1001 246.9712 176.3135 265.3974 140.7367 201.5408 159.2543 332.6101 229.3610 278.1322 55.8401 241.9735 266.6221 183.5269 299.0292 171.8507 37.8399 157.6341 101.9528 84.6078 107.7809 223.8902 245.2006 117.7433 162.8866 314.9209 139.6684 199.1342 34.3018 183.6369 146.2571 186.3517 129.6654 133.4760 207.0499 149.5588 274.4265 24.7206
355.7076 259.1002 352.6497 64.6528 378.3202 387.5141 150.9292 251.8586 111.9042 350.3154 359.9680 414.2124 340.8509 337.7781 455.3686 434.8174 95.0903 288.8644 163.0040 103.5267 271.3418 316.4666 232.5172 474.3543 228.6575 96.8930 268.8090 179.4186 131.1856 347.6915 172.6414 275.0835 242.1594 347.3293 100.5127 342.2566 290.4112 264.5903 271.8890 228.0836 44.2486 403.9008 394.2515 187.6561 186.5990 139.5086 312.8361 29.7851 273.4686 381.1261 172.5077 239.5207 121.0773 203.6438 63.7028 24.7241 181.8101 201.9288 198.3974 316.5417 207.5496 223.4150 466.2877 300.5828 149.4604 416.6649 284.2767 98.5628 459.8922 270.9843 278.8514 442.9729 112.3439 267.2140 169.0787 183.2494 269.6180 164.5973 268.7779 331.0849 384.4781 247.8938 106.0447 237.3986 315.7086 153.5038 298.0674 291.4154 217.9606 283.4394 152.3641 289.7683 180.1507 461.6102 238.1500 165.0554 324.4200 424.7955 323.3987 310.5862 282.9919 36.8725 144.3158 112.2400 294.1751 0.0000 374.0309 285.2357 281.6797 355.1778 204.1346 271.6351 231.8665 143.7263 265.2120 259.0763 240.1363 412.8192 414.3218 380.5400 170.8497 209.2700 182.7803 277.8748 91.1051 412.9837 271.6028 386.7465 216.8324 302.0852 296.3432 476.6644 308.4905 290.0731 413.2523 103.7161 81.9914 260.8071 314.4366 145.5646 117.0739 113.7255 247.3223 254.2975 102.2627 222.0653 166.6279 403.4132 109.3152 442.9333 227.5479 158.8402 90.0650 196.2798 278.6919 29.4484 178.9496 332.6631 412.2153 75.8772 149.2181 286.8675 239.7856 147.7400 79.8062 275.2429 64.4530 320.4464 260.2243 333.4109 264.2088 277.7191 385.7427 194.5976 89.8457 320.8412 453.2356 28.8354 432.2266 450.9107 327.8187 353.4202 239.1045 108.2622 370.2628 415.8672 294.2579 427.7173 232.7095 284.0774
447.1459 147.7217 359.9001 429.6119 7.4942 202.7277 377.2168 401.0503 347.3156 435.7751 372.8951 228.4146 152.1053 409.4881 300.4975 172.1250 326.4818 419.1861 332.9429 308.6129 398.6836 339.7838 248.6326 282.1954 239.1820 283.9960 327.1265 414.4438 248.2827 93.6445 223.7226 274.9591 401.3892 83.6634 277.3071 197.4316 334.2393 134.2442 123.2160 384.0589 357.9968 81.9076 409.6852 226.0076 330.4567 318.5848 385.9925 356.2605 244.9341 425.9626 431.5133 389.9830 331.1942 216.3239 314.1712 354.6469 211.5200 223.3837 219.5749 318.1895 258.3830 437.6973 289.7873 197.1099 225.3017 71.7843 90.5888 278.4619 140.1439 437.1040 430.6573 290.9041 264.8485 252.4859 205.9027 393.8931 416.2321 219.7453 184.7448 454.6824 304.1505 282.7104 331.5832 261.9573 334.0323 415.5345 112.8603 192.6423 351.3273 374.5220 367.9234 283.2912 244.5508 354.3695 395.2570 372.3731 122.7540 355.2485 309.8864 64.8999 171.1620 388.4529 259.3656 433.7828 195.7181 374.0309 0.0000 267.8842 93.4527 210.0422 170.3176 122.1302 183.5236 252.5752 108.9631 114.9560 292.0131 412.1489 189.2415 210.8639 205.8320 181.6234 203.8595 160.4603 297.0231 159.2221 139.4340 37.7554 428.9167 77.5331 454.7039 259.9818 341.8569 107.5102 425.9057 340.4961 298.1982 114.9085 109.6945 239.8710 281.3586 295.1888 212.6322 165.9595 339.6168 458.8641 218.2511 101.5395 414.4325 314.5135 238.9034 224.7906 439.2773 414.9294 368.8026 353.0228 297.7572 53.9003 327.3166 438.6771 381.5452 170.8672 199.4843 246.1475 308.4190 104.6423 343.0210 53.8357 218.1672 352.6265 293.8542 126.2708 142.6163 198.8825 370.0198 79.2834 271.4328 401.9950 202.0244 114.3479 187.1442 377.9151 135.2020 292.5275 311.9405 157.8780 98.3604 151.1951 449.8244 219.2640
179.3525 283.9648 101.6079 304.5809 275.3370 133.0535 181.1526 149.0267 186.4266 168.0256 114.2924 148.5958 129.0539 141.8327 172.4534 203.0508 191.5051 157.0467 138.4359 303.2502 139.4331 73.5347 57.2438 197.7751 344.5553 203.4687 64.5780 200.8409 244.8332 180.5558 271.4624 12.8742 153.4795 312.1728 248.9644 94.7783 66.7741 274.3466 159.2960 141.4398 244.1338 232.5035 154.8212 293.4061 118.7550 150.4840 118.2059 255.6319 25.5364 163.3982 224.2999 142.2666 170.9739 109.9209 230.4681 283.1635 265.7269 105.4776 113.1258 54.7697 79.5089 203.1600 186.6178 72.3287 198.6913 255.8570 230.1937 247.0497 256.9911 182.3509 172.5342 160.6256 242.9636 23.4003 192.8170 176.6925 159.3413 165.0192 87.3215 188.0863 99.7483 40.8554 327.8602 48.3023 68.1626 218.0636 291.3658 75.3151 114.3532 110.0729 172.0219 15.6493 306.6380 177.6043 148.5873 167.3546 325.1117 145.5791 51.8487 242.6056 331.0667 271.6648 151.1547 267.6704 72.5211 285.2357 267.8842 0.0000 207.7970 97.1721 194.7392 268.1726 114.8015 157.5296 218.2607 211.5145 52.2664 164.5880 169.3658 121.3023 227.7920 146.9130 253.5457 110.2828 200.0116 186.6317 137.4865 302.8671 196.3367 204.3560 194.6511 207.9655 74.3259 167.4135 173.9834 189.2345 261.8751 196.6916 305.2124 169.9882 283.5559 297.6802 336.9269 298.9178 189.9914 228.9647 251.5790 217.1131 246.5336 157.8804 343.4184 249.9098 293.5535 191.6036 105.1335 255.8223 108.8955 270.0987 128.5884 307.5911 186.2597 334.0729 89.6843 270.9357 277.7838 244.5051 305.5762 240.7105 57.1015 89.0273 35.0630 150.4638 170.4470 265.0593 217.8233 189.2721 176.7505 300.6165 182.3385 265.7898 92.8417 116.0202 200.4994 179.6936 88.0512 190.6602 269.8319 208.4655 212.8789 48.6356
383.8121 95.0187 307.9308 336.3131 98.6320 193.0648 288.2742 323.6093 255.6887 372.8408 320.9155 224.0681 129.7196 347.3177 293.1998 197.4315 233.7224 346.3653 245.9054 224.0471 324.6962 281.2125 173.8845 287.6297 183.2145 190.5810 258.4796 326.8605 159.6380 92.1420 144.0157 211.4399 322.4127 105.4320 187.1651 167.2568 269.9348 81.2152 48.6617 304.1114 264.5704 132.5816 360.6206 153.0444 246.5416 228.8873 321.3136 263.0979 182.4986 371.1776 342.4999 311.4028 240.0733 131.1403 221.0405 263.1332 132.0691 138.6413 133.4125 262.1382 177.6809 353.6171 289.7096 147.5819 132.3889 139.4618 23.2614 188.0150 195.5031 359.6398 355.0359 281.4251 174.7600 187.7812 112.8527 307.6192 340.4105 126.6586 120.6510 385.6041 270.7298 211.6405 248.6867 188.6230 275.9336 325.6332 86.6577 139.1539 271.5605 304.9683 279.3141 223.3357 171.9953 335.7489 316.1030 284.9112 118.5461 324.6376 256.7213 38.1473 137.8984 295.1199 167.5261 340.9643 143.3626 281.6797 93.4527 207.7970 0.0000 183.5153 77.5454 70.5996 102.5640 160.1421 23.6036 25.3165 218.8029 367.3979 197.1072 195.8052 117.2348 91.3593 121.8341 99.4446 203.5819 177.3497 70.7490 114.4471 344.6245 23.7894 379.5745 273.4858 281.0901 46.4953 378.8833 248.3499 208.1965 21.4792 98.5115 146.6551 196.4020 211.2926 162.9841 114.6193 247.3844 373.1656 133.8585 140.2220 321.9285 299.0461 182.5184 139.2721 345.8487 329.0837 298.8232 259.9406 212.7114 66.9914 298.4499 345.2974 292.3486 139.8199 124.1999 162.9667 219.6695 42.6866 254.9171 42.6372 151.6306 296.7321 226.3230 58.7566 150.7374 121.4200 277.3041 54.4355 271.4152 309.3464 214.6001 178.8366 151.6026 323.5733 42.7581 199.5432 272.5121 178.2211 63.8206 181.3860 366.0172 161.6468
255.7576 276.0767 158.8340 385.5190 217.3552 36.2799 273.4452 245.0238 270.2204 244.4073 171.0987 59.0442 58.5509 218.6025 113.7562 106.4755 267.8791 248.5168 227.9138 348.1727 233.2459 149.5784 127.8624 121.2816 355.3161 262.5560 159.7306 296.6390 281.9917 116.4773 293.9994 109.7442 250.1113 274.5024 295.7398 16.7475 155.5972 263.2677 140.3744 238.5793 318.6070 153.0950 203.9815 311.9592 211.2936 233.1684 201.3588 327.0073 91.3521 224.6859 319.6851 239.0551 253.2562 153.6471 294.1432 347.7247 284.9724 154.0348 158.7359 126.7581 152.6239 300.3263 116.7591 55.4471 235.7935 177.2860 206.3713 294.6590 164.1961 276.9599 266.0015 101.1992 286.5837 100.5487 222.5878 272.4963 253.6636 204.9699 91.6113 272.8660 94.1128 134.5787 374.3341 129.6179 143.7759 311.8381 269.3397 65.6621 211.1999 201.3073 263.8776 106.9274 328.7055 152.2849 245.4179 260.8988 298.6976 145.8248 115.1226 208.1890 320.9382 348.7935 211.2694 356.8538 62.1482 355.1778 210.0422 97.1721 183.5153 0.0000 208.2408 253.6101 134.2798 213.5151 202.4786 198.4044 146.7621 203.8957 72.1937 26.0301 252.0075 168.2042 272.3280 95.9230 264.5401 91.8736 121.3540 247.6938 293.4994 169.3949 286.5387 121.5373 155.1726 137.0420 218.5695 270.4433 313.0088 182.5916 279.0434 218.2236 323.8937 339.4213 340.2402 294.5806 270.7751 326.1323 276.1671 133.8052 335.3618 115.8416 354.3772 277.2838 379.0866 288.2851 197.3651 326.1715 193.3942 230.4167 118.2180 390.1565 278.5987 323.0500 117.9878 301.7160 328.6891 226.0313 361.1765 201.4994 95.2254 156.9752 132.2351 128.5485 81.9210 279.7478 301.3873 142.3760 100.9124 375.0802 85.7632 177.4673 33.8211 178.4222 197.0246 247.0103 103.2954 95.9479 246.2347 114.2199 309.9619 72.3019
354.7870 95.7527 295.3328 259.4255 174.9729 229.3085 225.1949 278.5775 187.1592 344.6835 307.5368 260.4930 168.4882 321.0983 321.9459 254.0009 162.0820 306.8800 188.0229 153.2194 284.4778 262.9394 144.9540 325.8181 151.1512 114.3913 229.2461 265.5481 85.8239 153.7068 85.9337 193.5555 275.1787 159.4047 111.0409 191.6902 245.5048 90.5561 79.0683 256.0970 188.2794 204.5455 348.3140 103.9748 194.5684 165.9239 293.3024 185.9730 170.1457 352.3068 278.2630 265.1685 173.2250 89.8769 143.8789 185.7732 76.7472 96.7202 89.0626 248.2633 137.6589 297.6654 323.9470 157.7159 54.9845 214.6457 82.4800 111.6027 264.8151 313.3810 311.4738 309.3164 98.8428 171.5712 35.6631 249.1010 297.0634 57.1502 121.0107 349.5877 279.4123 183.3199 179.0467 159.7490 258.5969 259.9071 118.5115 147.0574 225.2899 271.6117 217.1327 208.5678 120.4648 353.0390 268.8339 224.8299 152.6250 332.1625 246.5873 108.5037 141.2742 218.3443 101.3096 268.1844 151.4394 204.1346 170.3176 194.7392 77.5454 208.2408 0.0000 89.8599 81.3595 91.9802 62.7111 55.7629 186.5434 359.2046 244.2117 227.7765 46.4482 47.8564 64.0910 112.3588 128.4658 232.2991 90.1508 186.6101 288.5379 98.5223 335.9413 317.8086 260.2185 94.4218 367.8874 178.4889 132.0017 56.8500 135.6200 74.8494 126.0091 141.6406 142.1917 107.0648 177.2806 314.2209 69.1627 207.9612 250.2015 321.0720 150.0772 71.8210 270.3851 270.7804 265.2305 182.7091 160.6834 133.6935 309.1903 268.6564 228.6604 144.7494 105.8832 96.9860 144.5016 79.5881 179.9735 117.2648 139.7098 280.4908 201.4269 89.0130 204.0591 72.5163 205.3003 121.1157 306.9069 231.8461 262.7459 251.6829 174.5263 307.4638 35.1158 127.5588 275.3532 234.1896 104.5951 241.6992 310.2289 159.2880
438.1416 26.9635 369.6779 332.7447 123.2593 263.6109 314.3879 367.0607 274.6027 427.6034 382.4432 294.5312 200.3173 402.9944 363.7962 263.4455 247.7197 393.9615 277.8827 192.3487 371.6792 340.2952 225.9200 357.7441 119.7321 194.7632 311.7927 354.9624 140.5261 159.1933 106.1065 269.7889 364.1244 75.7728 171.1801 237.1919 325.9339 12.5077 114.8366 345.1261 265.6333 187.9146 422.8337 104.7403 284.0088 255.4317 375.8514 259.7208 242.6466 430.6373 366.8940 353.8699 261.6141 174.4331 218.9718 249.4842 94.4123 181.8413 174.8203 322.9375 223.2464 387.5233 360.1696 214.4149 134.9977 187.6143 49.2748 173.0731 251.6753 402.2491 399.7240 352.0024 159.3005 246.4052 119.5704 338.8898 385.2058 146.5846 183.5031 435.6955 338.8255 264.8128 213.3975 241.0467 335.3858 348.0822 28.9421 205.1437 313.8090 356.2974 306.5468 283.2515 122.9030 405.6334 357.7646 314.5243 62.7796 392.7845 318.9590 62.6456 67.3675 293.0709 190.7253 350.9880 209.5251 271.6351 122.1302 268.1726 70.5996 253.6101 89.8599 0.0000 154.9494 181.0384 51.7040 57.2908 269.8817 431.2048 266.2829 266.3948 102.2074 130.0372 89.9065 165.2267 210.6226 244.4515 136.2866 121.0594 378.3957 89.5976 424.2880 342.6543 338.9603 116.7027 441.7064 265.2317 190.7371 72.9855 46.2703 162.7734 166.2794 178.5922 95.9057 46.8044 263.8739 403.8847 105.8807 200.3941 334.4308 369.3337 119.2738 113.4407 348.4310 360.5589 349.9638 255.8281 249.9507 69.5769 367.1392 342.9665 317.6853 69.4433 179.5716 130.5493 197.9282 28.0056 230.4458 75.2027 211.0711 356.8602 281.5373 126.2612 218.9643 81.0842 289.8381 121.6596 341.8273 300.4424 283.3413 230.2250 221.1624 383.9694 68.7223 213.6767 339.1758 244.8872 24.7546 245.7866 400.0866 225.0508
283.8500 169.3722 216.2657 273.4098 190.2694 161.2855 195.6677 221.2190 171.9204 273.1471 228.7931 190.9112 109.1617 248.2563 246.2593 202.9581 157.7948 243.9132 150.1319 213.9865 222.1683 185.6414 71.9725 255.1885 232.4802 135.3739 157.6345 231.5555 147.7721 123.0874 163.7031 115.2173 220.3460 207.4736 162.1194 118.6885 171.0453 160.2679 60.3562 202.3104 201.6698 182.5766 269.4671 183.8717 146.9632 139.0538 221.3864 206.2612 89.6480 275.8989 249.6508 209.2139 154.6635 34.4620 168.4309 220.5125 156.1418 40.6938 38.8377 169.2062 75.7042 254.2788 251.0001 80.0716 101.5365 200.4222 122.4261 161.2265 231.8658 257.3001 252.4929 233.4808 152.5514 92.1962 88.7516 210.5315 237.8706 71.7476 42.8074 283.7166 198.4506 110.5301 240.1977 86.9882 180.8760 234.8871 179.8630 69.3373 169.6149 203.3331 186.0985 129.3355 199.0594 273.1142 214.0736 189.5882 214.3721 250.9168 166.4872 140.4313 216.4412 233.3243 90.6034 261.8146 73.4082 231.8665 183.5236 114.8015 102.5640 134.2798 81.3595 154.9494 0.0000 88.6967 107.3680 99.9256 116.7862 279.3087 184.0288 156.9528 120.3205 35.2154 143.5400 46.0222 141.4812 181.1176 46.8281 212.3900 245.4575 107.8812 277.0204 251.7484 184.0567 76.6288 288.7460 167.4750 180.2171 86.7113 194.9057 87.6135 189.6256 205.1418 222.9445 184.1164 167.0512 275.3536 144.7452 177.2364 241.0255 242.7598 231.3977 144.8863 274.8711 231.4569 197.1027 204.4727 114.3289 169.2821 228.3413 280.2957 200.2564 219.5133 25.1176 168.6371 195.6155 133.3180 229.1183 142.3542 58.6008 202.5424 126.6951 58.3999 153.9951 153.4702 199.0778 108.2855 235.1075 255.3796 202.3432 227.4865 102.1526 229.6675 86.4340 128.4232 193.9994 184.0183 159.6756 196.2841 266.4715 78.1051
284.6828 182.5199 245.8463 185.4901 258.2621 244.6465 133.3633 196.6051 95.9836 275.8025 256.2715 272.2913 197.2535 255.2074 318.9022 291.3483 74.0233 228.7573 99.0792 145.9338 206.5572 209.7752 100.3842 334.1653 209.4531 49.0555 166.8668 173.9386 93.0744 208.8487 131.2524 150.5237 191.4933 251.2650 91.7994 199.7790 186.9704 180.1102 136.2547 172.4124 113.2728 267.2643 295.7443 154.8973 110.3331 74.5679 227.0662 117.5912 139.7244 292.5297 186.2832 182.6531 81.3663 60.2455 81.0185 134.3322 130.2903 59.5203 55.0376 201.7702 79.3610 207.8262 327.5027 158.2683 54.8512 282.8593 171.2330 89.7376 319.6428 229.4405 229.7076 306.2161 87.0619 135.8109 63.0539 158.5711 215.9041 34.9060 125.2150 273.1779 256.1134 128.9974 170.3372 110.4191 206.9383 168.0240 209.9229 148.6485 144.6383 201.1233 125.5362 166.6218 163.1253 334.0326 185.3235 133.8927 243.4647 303.0432 204.7215 195.9531 224.0628 144.9821 10.5606 181.2687 151.6952 143.7263 252.5752 157.5296 160.1421 213.5151 91.9802 181.0384 88.6967 0.0000 151.6143 143.8556 126.5040 310.5600 270.6545 238.3401 93.8447 72.3622 120.9620 134.5185 52.8588 269.5979 131.3998 274.1196 198.7255 175.4997 253.5101 334.4795 204.3320 154.7403 315.7547 88.2317 104.4572 138.8858 227.1667 19.8253 127.8645 141.1668 211.2650 189.1426 87.2456 223.0680 112.0030 264.1061 161.8784 309.9586 208.1996 107.3202 189.4941 180.1334 194.9072 115.8920 79.5471 223.0572 285.5932 192.8919 136.7360 227.8808 96.4513 122.3716 120.4083 171.2538 149.8201 202.6222 120.2767 228.0774 148.1168 139.6359 242.6524 135.5900 117.4755 187.0569 313.2967 166.7088 288.6319 313.3979 184.7704 253.1702 123.0175 41.0586 245.5767 272.5701 196.5677 284.9807 220.3509 144.6040
391.1479 73.7900 319.4602 321.7996 113.1092 214.1900 282.9639 325.5319 247.5854 380.3893 332.3185 245.4121 150.6077 355.3177 313.6225 220.9002 223.7785 350.2673 242.5885 202.7672 328.2499 291.0416 179.2968 309.4762 160.0238 177.0929 264.9956 322.4828 139.9305 115.6273 121.2517 220.6517 323.5569 102.5346 168.4993 185.9588 277.9515 60.7932 63.1364 304.8827 250.9313 155.3625 372.5048 129.5735 245.4945 223.3249 328.6493 248.2244 192.7362 381.3613 336.8168 312.8431 232.7689 131.5442 206.1585 245.6840 109.1934 139.1241 132.9390 272.9932 179.7936 351.5953 310.9945 162.7537 117.2704 160.9715 19.8274 169.5871 218.6033 361.2936 357.6096 301.6550 156.0394 197.0752 98.2753 304.3735 342.9933 116.9946 132.5145 390.7924 287.1219 217.8933 226.9841 194.3447 285.9762 319.1793 73.1216 153.5707 272.7399 310.5927 274.3711 233.5491 148.5476 354.2565 317.2031 280.9073 107.2297 341.0813 268.5054 45.8236 118.6416 280.8121 159.9736 330.4309 157.9341 265.2120 108.9631 218.2607 23.6036 202.4786 62.7111 51.7040 107.3680 151.6143 0.0000 8.0137 223.9793 380.3584 219.7665 216.2349 97.3536 88.4477 99.4039 113.6145 191.1171 200.6824 84.6310 123.9292 342.5176 47.1395 382.2201 296.0630 290.2015 66.2966 391.1827 239.4941 189.4503 21.6396 87.5989 136.1607 175.1735 189.7739 140.5580 92.8748 238.3882 369.9569 112.1721 163.6383 312.0924 318.3046 159.3010 118.0119 333.0962 326.0104 304.3349 244.8479 211.3209 71.5331 315.4538 331.1590 286.7735 120.9275 131.0905 141.0710 200.1453 26.2518 235.1035 55.2404 161.2766 307.2239 233.7635 74.6109 173.8493 98.1993 267.2240 78.0047 292.8245 293.3141 237.4345 201.1844 169.7477 334.2680 28.6288 189.2764 287.5994 201.6236 52.3086 204.9741 364.1011 174.0595
383.7687 77.7225 312.8541 315.1354 119.3801 211.3082 275.0249 317.6359 239.8378 373.0431 325.6780 242.6417 147.7110 348.0460 310.1900 220.6503 216.2284 342.5108 234.5818 198.8801 320.4687 284.1088 171.7845 307.0357 161.4064 170.1147 257.5541 314.5092 135.0389 115.6039 118.7895 213.6634 315.6199 110.5344 163.1289 181.7966 270.7174 65.4278 58.2911 296.9313 244.0358 157.8856 365.9512 128.4838 237.4935 215.3869 321.2901 241.6230 185.9792 374.4523 328.9047 304.9223 224.9462 123.6378 199.5344 239.8737 106.8958 131.2152 124.9871 266.2746 171.9589 343.5816 308.1233 157.3164 110.6009 164.5793 27.3855 164.1146 220.7015 353.3775 349.7495 298.1188 150.6825 190.1305 91.4187 296.3692 335.1361 109.3147 126.2653 383.1511 281.8940 210.4494 223.4268 186.8543 279.0869 311.3131 80.1176 147.9299 264.8129 303.0210 266.4142 226.7358 147.3592 349.8153 309.2649 272.9183 114.4740 335.8319 261.9914 52.8678 123.4715 274.0838 152.1361 322.9998 152.3260 259.0763 114.9560 211.5145 25.3165 198.4044 55.7629 57.2908 99.9256 143.8556 8.0137 0.0000 216.3991 374.0559 218.1847 212.9098 92.5025 80.4497 96.5391 108.0742 183.9449 200.1158 79.2482 131.1892 334.5039 49.0253 374.3612 294.3209 283.1400 63.4672 384.7165 231.8205 184.1308 15.9256 94.9838 128.6131 171.2418 186.0640 143.0606 96.2403 230.7298 361.9547 108.5777 165.1706 304.5601 314.2391 160.6331 114.0791 326.0452 318.0043 296.7527 238.3024 203.3170 79.2088 310.4247 324.4070 278.8485 125.9234 123.8706 137.6665 195.2001 33.3964 230.3221 61.5625 154.4609 300.4088 226.4725 69.9979 172.9259 96.5092 259.7104 78.4687 290.0564 287.0546 236.0419 204.1452 165.3796 327.4789 21.0712 181.7489 281.9426 201.2141 59.8424 205.2726 356.0874 167.8227
168.5204 281.2656 119.5835 254.6206 299.2375 183.0238 128.8868 109.8309 136.4569 158.2391 129.7843 200.3943 168.5008 134.5943 223.2219 250.6174 145.1563 127.9507 86.8021 270.7383 106.8474 83.2999 44.9222 249.8513 329.3180 166.8335 42.7820 149.8769 219.0060 212.5587 252.6176 39.6284 111.6477 324.0781 217.3745 141.6065 60.9920 273.8572 173.1245 96.4674 197.5478 268.8903 169.3125 275.7832 66.5063 101.8925 106.7602 210.3514 57.3051 167.9863 172.9894 100.0701 122.0219 96.7080 189.9494 240.7607 249.0218 89.8406 97.5917 77.5775 50.0841 156.6461 238.3146 109.8238 175.9960 291.0758 239.1788 215.0648 300.6295 145.5675 138.6475 211.7176 213.4794 47.6737 175.1469 125.7359 124.2539 143.9697 107.7961 166.9361 145.9297 12.2072 293.8678 30.3502 80.6720 166.0129 295.8758 108.1852 65.8905 86.6228 119.7664 51.2785 286.5450 221.9460 105.9262 115.1974 330.5688 184.7499 83.3625 256.1847 327.5832 223.4703 117.9174 215.5991 107.1896 240.1363 292.0131 52.2664 218.8029 146.7621 186.5434 269.8817 116.7862 126.5040 223.9793 216.3991 0.0000 184.1187 218.4947 171.8441 210.5451 140.5327 237.7714 131.9220 160.2421 232.7277 153.6165 324.3049 149.0828 220.9929 162.7252 260.1908 77.9249 185.6829 189.3265 140.4192 227.2903 203.4937 311.3141 142.8948 254.2095 267.0736 325.9750 293.5976 141.3695 181.6153 232.6175 255.9985 194.5569 206.6797 328.1100 229.4488 242.2054 141.9985 80.3559 211.0504 61.1921 284.8547 172.5814 257.0655 133.9956 330.9628 94.8069 247.4711 242.7855 249.7120 267.3104 256.8318 74.9046 101.5925 24.0747 167.1145 213.5438 250.9448 167.5597 212.9041 228.8867 253.2520 232.5103 306.3034 135.7734 126.7901 201.2465 139.2617 130.4452 236.6567 276.2381 253.8422 167.3482 83.3475
101.5356 448.0778 64.9216 410.9743 419.5784 222.8191 271.6663 179.1455 301.4346 95.7067 54.4057 212.3113 260.2803 88.0570 170.1854 290.0064 319.4191 150.8867 249.8157 454.5138 156.4349 100.8227 216.7628 211.6047 508.2043 349.9465 146.3452 265.5243 402.5955 318.7293 433.5506 166.0191 189.8555 468.6644 401.4226 214.9837 124.9459 438.0029 318.8918 195.4727 368.6215 356.0869 21.1520 456.0968 226.2671 274.7178 104.3320 383.6721 189.6748 50.6980 287.5124 186.2069 291.9259 272.3527 370.2616 417.8837 428.6552 266.9227 274.8362 111.2742 232.3104 238.6031 193.9674 220.6767 358.3237 380.1636 390.4374 399.0744 354.7563 186.0327 171.5285 168.2209 397.5833 187.6393 354.9245 247.4959 170.0329 325.2480 247.8443 136.9767 112.3962 182.0916 477.1217 203.3272 103.6823 293.3899 453.0118 228.3959 195.9476 132.6278 266.5265 150.6745 468.2650 117.9552 190.5256 255.4723 485.8891 78.3117 112.8217 399.3981 495.1725 388.8516 302.0330 355.2279 224.2997 412.8192 412.1489 164.5880 367.3979 203.8957 359.2046 431.2048 279.3087 310.5600 380.3584 374.0559 184.1187 0.0000 254.0736 211.0201 390.3236 311.3494 416.7393 267.9538 341.7742 284.3986 296.7820 449.3922 237.7555 359.9864 175.4268 238.8928 106.9261 323.5010 16.8108 309.1076 410.6628 358.7247 465.8605 326.3961 438.3267 451.1444 501.3862 463.3733 310.5574 261.7022 413.5215 335.8043 338.2027 141.8094 507.0446 411.1153 389.5436 248.1809 136.2192 385.2934 240.0403 425.1019 100.8209 409.9269 275.4030 498.0927 254.2064 430.4731 425.9124 406.4212 448.3361 395.3939 221.0381 82.5515 162.8438 308.7014 283.2596 428.7838 328.2860 338.7117 200.0977 419.9485 255.4872 374.1812 225.2025 59.4673 364.4026 320.8224 100.6238 288.1058 430.7930 305.5594 240.4029 206.3031
319.8932 291.8393 220.2810 449.8391 195.5818 36.9926 343.7631 316.8068 337.1622 308.8051 231.3902 43.5558 76.3590 283.8431 112.6111 36.8271 331.7487 318.6625 297.5371 393.9536 304.3086 217.2628 195.6776 93.8074 379.5774 318.7886 231.5108 368.2805 326.0318 107.9674 328.8426 181.9225 322.1128 266.7696 344.4196 77.7356 226.0759 277.7022 166.5051 310.7617 380.6300 113.6665 258.7139 343.3612 282.0731 300.2763 269.2787 387.3795 162.1384 283.5040 391.1237 311.1176 319.8490 210.7147 351.5266 404.2361 318.3037 212.8838 215.9638 194.9390 219.3931 372.5174 100.5461 117.0492 282.5030 135.5630 217.0149 343.8288 100.7590 348.1614 336.7993 104.4233 333.9535 171.5882 266.3947 344.1725 324.8264 255.3950 145.5774 340.1641 142.3686 206.2888 420.2443 199.4448 211.6648 382.6103 274.9585 124.6176 283.2970 271.7639 334.0787 178.8088 361.5216 170.8937 317.4919 331.7534 298.6847 183.1351 182.5576 209.8786 332.1583 411.6351 270.2832 425.3892 122.6926 414.3218 189.2415 169.3658 197.1072 72.1937 244.2117 266.2829 184.0288 270.6545 219.7665 218.1847 218.4947 254.0736 0.0000 49.7568 290.4706 213.3287 306.1607 138.6783 323.2414 32.5916 154.4525 225.8707 365.6896 176.6892 356.6199 76.4023 223.8032 155.3779 270.1749 336.3109 363.3836 203.9586 280.6064 271.5988 367.8934 383.6641 360.0895 311.6077 336.4592 398.3241 313.2772 91.7310 403.8571 130.7359 378.8123 315.9774 445.7385 360.2865 268.1535 386.0558 261.9316 224.8760 155.8707 455.2535 348.9092 333.4877 174.6949 341.1186 378.4269 238.4646 412.5828 199.8814 160.0362 221.9984 204.4288 155.6062 48.3916 310.5448 367.8318 144.7328 82.2325 436.2334 18.5879 120.9916 88.4206 240.2235 223.6634 307.5495 158.3049 35.5921 252.6217 51.7737 382.1181 139.9374
271.3275 290.0123 172.3389 411.4699 217.9240 12.9468 299.1122 267.5236 296.2505 260.1409 183.9051 34.0752 66.2450 234.8927 97.4186 85.9875 293.7584 268.9088 253.7620 370.8650 254.6800 167.6706 153.8922 98.5108 372.2371 287.3181 182.3024 321.6432 304.0870 119.2067 313.7099 134.0611 273.0726 280.6416 318.9882 38.6454 176.3702 276.6919 155.9795 262.2436 344.3256 145.9685 213.6061 330.7799 236.8514 259.1985 219.6999 352.5236 117.0993 236.7856 344.8331 262.1912 279.2830 178.2408 319.1622 372.6555 304.2217 178.9918 183.3879 145.2556 178.6359 324.0569 96.3054 80.0913 258.3782 169.7983 218.0116 318.0164 147.4846 298.5581 287.1039 85.6428 309.5033 126.1779 244.3713 297.4849 275.2188 228.3178 114.8457 290.7544 98.6980 159.7074 397.1066 155.5129 162.0362 337.3342 279.9524 89.7916 235.6421 222.0381 289.5815 129.8109 347.9861 144.2800 268.5844 286.3896 307.6464 145.8194 132.9482 216.8588 333.6985 374.6133 236.4290 382.8034 86.6450 380.5400 210.8639 121.3023 195.8052 26.0301 227.7765 266.3948 156.9528 238.3401 216.2349 212.9098 171.8441 211.0201 49.7568 0.0000 272.5189 189.9637 291.6581 115.8250 289.7405 75.0008 138.7919 248.5895 317.4394 179.3295 306.8635 96.1761 174.0981 149.9725 226.5448 296.4527 336.6749 197.3966 288.3828 242.2947 346.1014 361.7261 355.7812 309.0279 296.7772 350.0237 296.4240 125.1304 361.3189 105.2646 371.3461 297.9739 405.1167 312.8644 218.4775 351.6191 219.3860 236.8910 117.7686 416.1511 304.2651 335.5712 142.2631 322.6874 352.2462 238.4834 385.1440 208.9464 120.9590 172.9795 156.2595 144.1805 72.7808 298.2507 327.4149 149.9589 79.1405 400.7258 61.0719 164.0416 54.8009 192.2430 213.6685 272.4731 112.1620 78.9534 256.9045 97.1543 333.4066 98.2823
375.3995 95.1217 325.5978 230.8194 209.4833 274.6313 222.1130 290.3240 178.6421 365.9846 337.1983 305.6247 214.5434 343.9641 365.3303 300.4108 149.8188 321.8577 192.3991 107.7672 299.5311 291.3344 173.5651 370.8684 118.7730 94.2201 253.0105 263.0744 42.5795 199.3953 43.7983 224.5732 285.3320 177.8388 71.6894 235.6731 271.3159 97.0056 125.4730 266.2411 163.5072 248.2392 377.7515 65.7749 204.1075 166.1455 315.7870 157.5856 204.6191 378.5059 272.1154 276.4081 167.9340 118.1199 116.7859 149.8775 38.5027 123.4017 115.4881 279.1098 160.4666 299.7260 368.3685 199.6679 39.3544 256.6021 115.2517 73.0681 309.5876 323.2831 323.4492 352.6138 59.2817 204.3985 35.4968 250.0838 309.5529 66.8107 162.3682 365.9720 318.0493 209.7038 133.2387 187.2914 287.5600 252.4350 130.0797 188.9010 237.9797 291.5154 215.4212 240.3393 79.1860 393.3604 279.1530 225.1055 160.1608 369.6861 279.0948 141.2734 132.1129 190.9154 104.4050 249.9160 193.1470 170.8497 205.8320 227.7920 117.2348 252.0075 46.4482 102.2074 120.3205 93.8447 97.3536 92.5025 210.5451 390.3236 290.4706 272.5189 0.0000 85.1138 27.5180 156.7017 110.6726 278.7310 136.1427 216.1043 290.7059 140.1055 347.3246 363.6571 287.4100 140.3975 397.6355 168.3571 92.4380 98.7391 147.1535 74.0343 80.2601 95.7094 117.7010 97.7135 166.8173 312.9859 24.4249 252.9510 234.2357 362.9329 117.5651 25.5628 246.2554 271.2903 285.1800 153.7423 172.4248 161.9970 348.0386 240.9220 224.7247 136.0321 142.8169 50.6525 102.7923 104.5095 137.8263 152.0090 176.1233 309.4069 228.7032 135.4537 250.4976 41.8058 190.2426 165.5410 351.6288 199.4915 309.0237 295.1174 218.5716 335.8466 75.4463 117.3922 312.1436 280.5996 123.7901 287.8910 312.1411 197.8035
309.0529 140.7898 247.5002 256.4663 187.6334 193.3463 196.9275 237.8127 165.7316 298.7307 259.7364 223.6583 137.1380 274.6875 280.8924 228.8272 146.1897 263.9700 154.8489 181.3433 241.7226 215.3237 97.7700 288.4553 198.2224 112.6326 182.9517 235.5626 114.1405 138.5748 128.5008 145.7385 235.4687 190.9823 131.0973 152.2177 198.4825 133.4145 64.1027 216.6847 183.8810 195.9285 300.5125 148.8541 157.0482 137.6214 247.1215 185.9359 122.4458 304.9504 251.1750 224.9016 149.5783 44.3975 145.6585 195.3479 121.0878 51.8142 44.9751 200.4213 93.2092 263.3632 284.9371 114.8351 69.2176 210.7838 106.5748 130.5515 250.6294 273.3699 270.2142 268.1349 120.6924 123.7203 54.4299 216.6468 255.6412 44.6827 77.4751 305.6877 233.4503 136.4735 207.6468 112.7431 210.9076 234.4926 157.0606 104.0659 184.7665 226.5681 187.9549 160.7124 163.8711 308.3210 229.1070 193.6696 191.8575 285.6510 198.7569 128.9436 187.3384 215.4775 78.1079 253.1717 108.2448 209.2700 181.6234 146.9130 91.3593 168.2042 47.8564 130.0372 35.2154 72.3622 88.4477 80.4497 140.5327 311.3494 213.3287 189.9637 85.1138 0.0000 108.5292 75.1361 122.0193 206.8137 62.5930 205.6908 254.3076 104.1297 294.8174 283.5281 212.8232 82.6116 320.0606 159.2020 150.2954 71.2940 173.2592 64.0957 156.1753 171.8380 190.0403 153.8181 158.4064 282.2480 109.5375 194.2593 233.3582 277.8787 197.1155 109.7923 261.7624 238.2028 220.2126 183.5675 122.8829 157.3252 263.3819 264.3496 201.0295 190.6453 58.6062 133.7714 165.1611 112.4338 199.6125 133.8801 92.4042 232.7822 154.2115 68.6181 178.8548 118.9042 189.4017 114.7821 268.6842 234.6058 231.8598 242.5284 135.3355 259.7952 62.3140 113.3296 228.4720 209.3361 139.1477 219.7961 275.8434 113.0711
402.9057 76.5711 352.1293 245.1763 206.6115 292.8530 247.2051 317.5535 202.6972 393.4730 363.8512 324.1454 231.2164 371.3814 386.0369 313.3178 173.1524 349.2774 219.0430 104.7622 326.9662 318.1493 200.0992 389.4790 91.6762 116.3024 280.3111 288.0930 51.9111 209.8524 22.8059 250.7997 312.4216 165.0366 82.4013 255.7658 298.4449 81.9661 139.6835 293.3588 181.2670 254.4156 404.4752 40.3326 231.2929 192.3035 343.2129 173.3426 229.9137 405.6740 296.1325 303.6116 192.9470 144.3869 134.5753 160.0629 12.6800 149.9734 142.0313 305.4709 187.6880 325.5923 387.8965 221.5129 66.1566 260.3229 114.5135 84.5802 317.1737 350.2955 350.6642 373.4060 71.1759 230.1494 62.6300 275.9070 336.8226 94.2574 184.5381 393.4361 341.9615 236.6719 128.0414 214.0430 314.2801 276.1785 115.3827 210.8063 265.3389 319.0216 240.8622 266.4337 56.3821 416.4218 306.2681 250.9024 142.2266 394.1425 305.0820 139.0747 108.1062 206.6031 131.5167 269.7052 215.1521 182.7803 203.8595 253.5457 121.8341 272.3280 64.0910 89.9065 143.5400 120.9620 99.4039 96.5391 237.7714 416.7393 306.1607 291.6581 27.5180 108.5292 0.0000 176.4304 133.0390 292.0232 153.3616 209.3260 316.6187 145.5630 374.4637 380.6428 314.3913 152.4895 424.3186 192.0679 101.2084 106.5063 131.6567 101.2095 77.6649 91.3379 90.3299 74.9509 190.4490 338.1078 16.1572 261.3355 255.1510 384.9513 90.4878 23.9469 263.1517 296.9373 312.6841 169.2201 199.8313 155.8053 371.8735 255.7269 249.5961 112.0803 167.0205 42.2910 108.0254 99.4270 140.9326 150.8735 200.6812 336.1592 255.5903 150.5974 264.0355 14.9472 211.9971 173.9793 370.7522 211.6128 324.5797 300.5254 238.6008 362.7068 84.0677 141.9772 336.8444 293.5793 113.7274 299.4175 337.9447 221.5827
289.0170 185.0772 208.8970 318.4462 167.7708 118.4446 232.0209 241.5332 213.3669 277.7916 221.9284 149.1138 63.2105 251.7707 209.6727 156.9429 201.7676 258.7294 185.1058 256.4564 238.3252 183.7309 89.9405 214.2463 260.1405 181.3872 166.8432 265.0347 189.0265 84.1513 198.2119 115.7482 242.5696 202.3124 205.9739 79.3355 175.1778 173.4040 51.0284 225.9768 247.1082 143.3994 261.3646 216.0397 177.3886 178.6182 227.0530 252.1083 85.8301 272.9555 284.8836 231.0484 195.8579 77.0338 214.4530 266.4407 189.0660 81.3373 82.0845 163.7256 104.5964 282.5826 211.7392 49.2585 144.3069 163.5012 122.5075 205.3016 188.1365 277.4237 270.4946 197.0852 195.7712 92.6333 129.1647 242.5847 256.1524 116.7508 24.2846 294.6304 173.9391 122.3106 282.7639 102.2598 178.2471 271.7832 185.3914 39.9799 193.5434 214.2261 222.2167 125.9319 232.8122 243.7057 236.5837 223.8831 217.9524 227.8373 157.6591 132.6786 231.4283 278.6863 135.8126 303.5697 44.3232 277.8748 160.4603 110.2828 99.4446 95.9230 112.3588 165.2267 46.0222 134.5185 113.6145 108.0742 131.9220 267.9538 138.6783 115.8250 156.7017 75.1361 176.4304 0.0000 187.3627 135.1228 29.0315 193.9499 274.1647 94.0987 294.4078 208.4413 184.5136 57.1352 279.5005 209.9907 224.7461 92.2547 197.9201 133.4532 231.0707 246.7804 246.4063 202.5249 209.7382 305.5010 180.6654 135.2230 282.4280 209.9496 259.1691 182.1489 318.6057 262.4900 208.4428 250.3849 147.9255 159.8737 202.7388 325.0212 236.8755 233.9541 45.5306 206.8821 239.8719 139.2197 273.9136 130.4336 57.7121 198.4833 133.6280 40.8273 108.1704 183.8840 241.8478 81.1864 194.9272 301.2240 157.1253 186.2048 62.1704 225.0593 102.9918 173.6832 173.9867 138.0595 162.9479 150.6737 294.2645 62.6542
301.3011 205.7755 278.4816 134.5304 302.1672 296.5193 117.7528 203.4630 71.0653 293.8017 287.5334 323.5250 250.1041 276.4598 367.0355 344.2070 40.6592 239.0800 101.9661 115.8113 218.2152 241.7913 144.7619 384.3863 209.3089 16.7542 195.4373 157.7918 87.6206 260.2457 134.4643 191.1048 196.0117 284.8936 69.0546 251.3519 216.8562 206.8649 185.9810 178.1804 61.9397 317.9471 325.0420 156.6337 121.7344 72.8919 249.1916 64.7895 185.5864 317.2000 163.7186 189.5596 65.1244 112.5427 30.5042 83.9392 138.2820 110.8953 107.2955 237.8050 120.6520 198.1555 376.9203 209.6956 75.8394 332.4907 210.9199 66.0664 371.6877 231.6417 235.2099 354.4845 72.0379 180.2129 93.3310 149.1297 222.8985 78.5064 177.6814 283.7915 299.7492 165.8683 136.2296 151.7115 239.9612 143.5217 239.2520 200.4093 157.3153 220.8751 113.0530 206.6459 158.7636 377.6054 190.5035 124.6703 270.4877 343.5713 242.8422 236.8095 241.1416 93.4654 53.3179 140.5433 203.2392 91.1051 297.0231 200.0116 203.5819 264.5401 128.4658 210.6226 141.4812 52.8588 191.1171 183.9449 160.2421 341.7742 323.2414 289.7405 110.6726 122.0193 133.0390 187.3627 0.0000 322.4546 183.1270 315.0461 189.5494 221.4704 257.1096 385.9092 234.9628 204.4609 344.8101 59.9106 71.1427 182.1156 256.5372 58.2750 106.7100 115.7810 218.1662 207.5573 58.1759 207.6924 119.2688 315.7720 123.8655 356.2171 208.0455 112.2436 142.2777 168.8738 215.1712 63.0332 101.7399 262.0974 328.4787 142.7120 119.3440 245.1137 148.6812 116.6348 85.2553 206.7300 107.0797 244.9981 169.9807 259.7236 183.8579 190.4846 295.4706 147.7464 79.5865 236.2988 363.3554 113.9033 341.1259 364.4873 236.7670 282.7235 162.9399 21.0171 287.2274 325.4200 229.8132 337.7349 210.0509 194.0791
346.0304 270.6867 247.3131 452.4738 165.2682 62.3478 354.0092 335.5766 343.1340 334.7892 258.9057 75.9765 72.6646 309.3312 144.8423 22.0143 334.8639 340.3086 307.0750 384.5544 324.6636 241.1007 204.6122 123.0357 360.5559 316.3846 250.5371 381.2031 316.4910 85.4388 314.8281 198.6158 340.0931 238.7686 337.1299 91.8826 247.3790 256.2975 153.2701 327.4739 381.7587 81.5811 288.0361 327.6435 293.5769 306.7797 293.0213 387.1641 175.4495 311.7242 403.3930 328.8329 325.6199 211.0429 349.5027 401.1324 303.7600 214.2987 216.2352 218.3745 226.7731 388.8093 131.5337 125.2646 275.0681 103.0656 195.5486 336.8217 72.6878 368.2137 357.5445 136.9389 326.0720 185.0790 257.7626 357.3084 344.9791 250.5649 147.1623 364.4278 172.1402 220.6069 410.6862 210.5722 235.3468 393.4526 250.6427 130.6403 298.4645 293.0503 344.1969 197.8139 346.2085 203.4848 335.1249 343.0318 272.3953 214.9054 206.4669 185.5549 308.9427 413.2061 270.4999 432.6209 129.7825 412.9837 159.2221 186.6317 177.3497 91.8736 232.2991 244.4515 181.1176 269.5979 200.6824 200.1158 232.7277 284.3986 32.5916 75.0008 278.7310 206.8137 292.0232 135.1228 322.4546 0.0000 145.1001 195.2113 381.5455 155.3919 378.3280 101.4270 246.9398 139.5441 300.2707 341.2059 356.8420 186.9931 254.9787 268.1545 357.8199 373.5543 339.5895 290.6327 341.1758 414.1612 300.5258 59.7015 411.1496 163.3257 359.8654 303.9319 450.6880 374.5632 288.9873 385.4852 270.4680 198.0472 187.3855 458.5866 359.1110 310.0028 176.1668 329.0676 371.3630 217.1031 406.1855 174.7639 167.5559 247.4419 221.3304 143.4744 28.2742 295.0098 373.0411 123.2810 113.5799 436.2682 42.8086 89.7877 97.3847 267.2034 208.2189 308.2902 186.8376 4.0745 228.9108 22.3935 398.9743 150.6398
315.0092 156.5796 237.2047 316.8783 146.4694 139.5119 242.3309 261.8815 218.4328 303.8939 250.2001 170.8540 78.4010 278.0890 234.7280 167.0888 203.0481 281.4726 196.4667 239.9807 260.4586 211.0120 109.5202 236.1725 234.0112 174.7746 191.0619 277.7086 171.9260 77.5089 175.7214 141.8712 262.0112 174.7037 192.0348 104.6066 200.9729 144.6575 22.1166 244.6254 244.5301 136.4876 289.8715 192.0930 191.9244 185.8747 252.7067 247.6137 112.4257 300.7215 296.1930 250.6335 201.2696 81.2728 207.9179 257.9407 165.8219 87.4627 85.5105 191.5707 119.2813 298.8060 235.0880 78.1287 129.9905 153.7358 93.6689 191.7513 188.5880 297.9840 291.9784 222.3242 180.9879 118.3323 112.7474 256.2569 277.4663 107.1813 50.1654 318.8971 202.6458 145.1096 266.2157 123.3170 205.6443 281.6418 156.3973 69.0106 211.8936 238.2003 232.7167 153.0945 209.5240 271.3245 255.8603 235.8625 189.1151 256.5853 185.9851 105.2028 202.7027 276.2375 134.9133 308.0950 73.3443 271.6028 139.4340 137.4865 70.7490 121.3540 90.1508 136.2866 46.8281 131.3998 84.6310 79.2482 153.6165 296.7820 154.4525 138.7919 136.1427 62.5930 153.3616 29.0315 183.1270 145.1001 0.0000 170.7286 290.1204 67.8266 316.2241 227.6578 211.2856 32.1298 308.1557 213.6208 211.8336 63.3706 169.0914 126.0812 213.6253 229.3966 219.0997 174.3591 213.1182 320.5939 159.3097 132.7259 287.4483 236.6690 233.0832 161.6900 319.9769 276.9104 232.2328 245.4276 160.1561 133.0734 231.2284 324.2607 246.9582 205.1715 60.0521 186.7901 226.2727 110.1885 261.1649 104.1149 82.3288 226.2387 158.2134 13.5123 116.9342 159.4909 245.0152 62.0492 217.6813 296.5180 173.0298 182.1368 87.6778 252.9956 75.6979 172.1930 202.9960 147.4373 134.0247 157.3339 310.8231 90.9006
482.2152 143.2448 396.3938 444.9591 30.6892 240.3489 402.6030 432.4199 369.9227 470.8925 409.4210 265.6670 189.6134 444.6797 337.6172 206.7899 347.1812 452.0394 359.6719 313.1373 431.1518 375.3525 280.2088 318.2282 229.6894 300.9231 360.7441 440.8957 257.5042 131.2334 226.9481 309.3781 432.2025 60.9474 287.6097 234.8997 368.8034 131.7273 152.3782 414.4553 374.6224 115.5108 446.5808 225.2756 358.9515 343.2943 420.6594 371.3099 279.3409 462.2797 456.8640 420.9173 354.4552 243.7133 329.3713 365.9706 215.0668 251.0360 246.4761 354.0403 288.0120 466.3082 326.3578 232.9757 240.7823 100.6306 104.1313 289.1172 168.2949 468.5442 462.7011 328.1984 275.2873 286.5197 222.0627 421.1937 448.1796 240.0449 218.1340 488.5742 341.7867 315.5193 334.4548 294.0330 369.6510 440.0770 103.4610 227.9331 381.7074 408.0985 393.5721 318.3881 242.9066 391.9620 425.9888 398.8706 102.4986 392.9870 346.0776 78.3771 156.4340 404.1651 281.7943 454.1293 231.2046 386.7465 37.7554 302.8671 114.4471 247.6938 186.6101 121.0594 212.3900 274.1196 123.9292 131.1892 324.3049 449.3922 225.8707 248.5895 216.1043 205.6908 209.3260 193.9499 315.0461 195.2113 170.7286 0.0000 457.4032 104.5095 486.9521 295.1464 377.0843 138.6267 463.0012 362.3373 308.0363 135.3500 94.7592 259.6385 286.6829 299.4228 201.6571 158.9766 361.3158 486.5887 224.7741 136.3759 435.5165 352.0481 229.6069 231.9365 456.9574 442.5178 402.2578 367.7919 325.5769 54.1074 365.0625 454.5271 406.7201 155.3089 230.4173 250.9547 316.7251 111.5984 350.2320 71.8264 251.5083 388.6199 327.5640 157.2627 179.8388 201.8452 390.7233 113.5993 308.1020 415.2298 237.9837 140.3285 224.2329 414.1792 152.2539 312.7699 349.3337 193.6118 96.3580 185.5624 478.5938 254.2527
153.2915 381.2229 196.1804 190.4832 435.7103 329.3540 72.2186 60.0809 119.6677 151.7773 196.6140 342.7921 317.2231 150.1527 349.3062 398.9165 149.9609 88.2348 100.5229 297.5561 82.1366 170.7956 184.7459 382.9699 398.4954 205.3762 137.1574 37.5416 276.4217 357.7279 322.0933 183.7763 50.2926 444.8880 257.9798 289.9633 149.8326 378.3549 305.8136 55.5407 177.1002 415.7163 216.6700 345.0250 98.5055 124.6256 135.7832 194.0337 206.3365 192.9718 52.6116 58.4068 124.9066 213.7551 204.8083 232.2769 324.0878 206.3843 211.2360 185.9196 170.8610 9.1276 368.6848 258.7279 251.4367 437.0437 360.8823 254.9352 449.6887 58.5489 70.5308 339.8471 261.5818 196.7157 261.7760 40.7615 68.0865 232.1674 251.3887 121.5807 265.2109 161.0820 311.6533 174.5184 174.0362 65.8197 407.0072 256.3316 83.1923 112.6367 76.5702 188.0180 348.2275 327.1837 52.2855 65.7513 441.1439 282.1042 198.2710 382.6754 422.3792 183.0196 188.5143 126.2164 255.7256 216.8324 428.9167 196.3367 344.6245 293.4994 288.5379 378.3957 245.4575 198.7255 342.5176 334.5039 149.0828 237.7555 365.6896 317.4394 290.7059 254.3076 316.6187 274.1647 189.5494 381.5455 290.1204 457.4032 0.0000 353.0615 81.8378 398.6027 161.3945 321.5784 231.6326 131.1208 255.3322 325.4181 424.0227 218.1636 294.4272 300.9913 405.3975 387.5596 132.9841 32.6480 304.9767 404.0304 114.8981 326.4380 397.2280 298.7473 162.8158 21.1644 112.3076 197.5490 131.9361 411.3313 282.9802 186.0881 71.6002 426.2397 230.6626 305.9688 265.8963 365.3034 272.5524 386.3525 220.8890 179.7711 161.2786 302.9227 362.6141 331.5537 128.6352 352.0468 363.2427 211.9034 378.5111 454.7033 284.8342 186.2051 315.1508 175.7256 244.9995 385.5039 391.6362 402.8270 21.6909 232.3231
382.6458 115.4190 302.4496 355.2159 83.7120 175.4703 299.8793 328.2794 269.8565 371.4883 315.5129 205.9526 113.1494 345.5856 276.3033 175.0107 249.5081 348.9398 256.0161 247.3309 327.7302 277.8283 176.4719 268.4837 205.4818 209.2844 258.8808 337.4516 182.2811 69.9535 167.7904 209.3746 327.8530 108.7349 209.1798 153.7058 268.6339 101.1370 48.0538 310.0137 283.0236 108.8855 354.4896 176.7107 254.5704 241.1037 320.4250 282.4464 179.6701 366.9406 354.1894 316.6124 253.6776 139.5965 240.5485 284.2269 155.8549 146.8233 142.6017 257.7256 183.5141 361.9377 271.4840 139.3209 152.6375 116.5678 40.3506 209.8929 171.7157 364.4079 358.9108 264.8541 196.8430 185.9435 133.0170 317.2771 344.3424 143.3942 117.3659 386.6944 259.5195 212.7893 272.1327 190.6443 272.3449 338.0630 100.6254 132.0828 277.2756 305.9833 290.6460 220.0047 195.6800 321.4628 321.6194 295.3767 129.3273 313.1135 251.2735 39.5268 155.8271 313.9685 182.0243 356.7668 135.9884 302.0852 77.5331 204.3560 23.7894 169.3949 98.5223 89.5976 107.8812 175.4997 47.1395 49.0253 220.9929 359.9864 176.6892 179.3295 140.1055 104.1297 145.5630 94.0987 221.4704 155.3919 67.8266 104.5095 353.0615 0.0000 383.2781 253.0568 278.5072 36.9828 372.2047 263.1769 230.2021 41.7897 109.6496 163.6601 219.6864 234.6848 184.2074 135.3196 262.3309 382.5132 157.3815 116.5043 337.2234 283.8312 204.8319 162.6393 363.3973 338.4816 299.9931 279.4534 221.3795 65.7873 286.3053 363.9028 304.1643 157.3629 126.4687 186.5296 242.0874 61.8700 277.4439 36.3874 150.0733 292.5018 226.0358 54.3831 129.4565 145.1893 292.9699 32.1574 253.0348 329.3952 193.7682 155.3205 139.1015 318.9670 64.8260 215.8207 262.9568 156.0495 77.6012 158.4149 374.1905 156.6112
78.3711 431.4683 152.2719 272.3173 461.9439 319.6725 146.5721 57.3869 192.0504 80.6818 147.6417 325.7814 323.6506 90.1736 315.4364 392.4786 220.4876 38.0220 156.9591 370.2769 56.1465 140.9195 206.8252 353.4962 461.4045 271.4665 130.3947 118.8384 340.3331 372.9547 383.4248 184.4497 62.1154 484.0331 326.0892 287.7197 130.9502 426.3313 335.2612 81.1097 254.9206 426.8475 154.6834 406.9583 143.2285 185.6044 90.8037 271.8691 213.1323 125.8109 133.6785 71.0465 192.5207 250.8061 276.9767 310.0737 383.5063 243.2506 249.8429 162.2311 202.4517 77.7841 337.3562 265.9728 308.3167 449.9321 398.7901 323.1277 450.1199 25.7320 24.6128 308.1846 327.7354 204.4534 314.8648 113.4676 39.2280 283.2409 270.1686 42.6225 233.2360 172.1191 386.6008 192.9308 146.1029 147.6135 451.7979 266.9142 110.6532 85.3086 147.5191 181.5339 412.7085 280.8252 68.2064 134.7914 486.5682 235.1066 174.9611 417.4288 475.5692 263.6545 242.9518 207.6796 264.9763 296.3432 454.7039 194.6511 379.5745 286.5387 335.9413 424.2880 277.0204 253.5101 382.2201 374.3612 162.7252 175.4268 356.6199 306.8635 347.3246 294.8174 374.4637 294.4078 257.1096 378.3280 316.2241 486.9521 81.8378 383.2781 0.0000 374.0710 133.3959 348.3294 165.5635 203.1056 326.5536 362.7772 468.0763 273.2975 363.8010 372.1268 464.7298 440.6585 204.9670 93.7504 364.8586 411.7620 196.7153 289.3126 460.1381 359.5104 244.3492 100.8451 89.6871 275.0551 175.8744 446.2565 243.3718 267.7988 147.5721 479.2571 256.8101 370.4507 338.6072 407.0612 349.0420 418.7996 236.8812 141.5596 163.0342 329.6989 364.4536 389.0959 206.8197 375.5286 335.8891 293.0987 366.1667 460.2479 287.4151 136.2794 357.1233 240.0671 212.5514 382.4012 433.7991 400.5942 73.7732 240.2557
323.0356 368.2415 224.6940 506.3799 265.7433 90.4685 389.0395 343.7945 390.0454 312.9635 232.8919 62.5043 149.4341 290.9546 69.7006 88.5086 389.0865 337.4591 345.2369 464.8712 327.3910 234.0239 248.1969 30.2045 455.7240 383.4267 261.4701 407.6825 397.4457 183.9873 403.1804 220.7491 350.9803 340.1889 413.8046 134.7018 250.1446 354.0991 241.4193 343.1242 440.0718 179.8176 249.4731 418.4797 326.5663 353.0742 283.3437 448.5435 209.3519 278.8634 431.4420 341.0036 373.3904 274.3289 415.3327 468.8065 392.9468 275.1642 279.4932 214.7515 273.2818 404.2345 46.7436 176.2626 352.5584 198.1943 293.3937 412.9595 143.5303 370.7103 357.6936 70.7502 403.9439 217.7261 337.5817 383.6643 347.7873 323.4445 210.3701 349.6989 141.4033 248.4948 491.1735 248.0822 229.3496 425.9643 350.8214 185.8539 320.1615 293.4649 379.8100 212.5014 436.4169 130.9925 347.3811 375.3161 373.5738 160.8019 201.9318 285.6708 408.3634 470.1114 332.6009 474.7659 182.7947 476.6644 259.9818 207.9655 273.4858 121.5373 317.8086 342.6543 251.7484 334.4795 296.0630 294.3209 260.1908 238.8928 76.4023 96.1761 363.6571 283.5281 380.6428 208.4413 385.9092 101.4270 227.6578 295.1464 398.6027 253.0568 374.0710 0.0000 242.4250 231.2302 255.7034 390.9100 431.9274 279.8848 355.8870 338.0267 439.4816 455.2041 436.4591 388.0079 391.3308 430.5818 386.9661 158.7835 453.4263 97.5131 454.9436 389.2198 498.7152 396.9359 291.3337 447.6936 312.4237 299.3362 139.4733 510.6834 394.1597 409.6328 238.2610 414.2472 447.3628 314.8559 480.6550 275.3342 216.7367 232.7088 241.1859 230.1799 124.0563 385.6659 421.4120 221.0494 39.3134 496.5917 59.6294 171.1500 150.1384 243.5403 299.0484 368.5342 161.8180 102.3203 328.6570 109.8724 412.2456 193.4587
105.3292 352.9168 44.1629 312.5694 349.3261 186.9928 175.1158 103.0665 198.4967 93.9324 52.5807 192.4162 198.7114 67.6314 188.5513 260.0158 214.0880 95.8139 146.1922 347.6458 85.1115 9.4988 115.2879 223.9659 406.0634 243.0216 39.8452 179.2667 296.9308 253.0493 329.9561 69.6763 111.5333 385.9447 294.7214 158.5662 18.1910 344.2599 232.8673 108.2830 264.5594 302.1854 91.4129 352.9468 122.4588 169.3014 46.3361 279.0013 98.8783 92.1283 203.0906 103.0750 187.4503 170.9389 263.6938 312.2076 325.9102 164.7612 172.6972 28.8979 127.3608 165.6359 208.8296 145.1376 253.6760 326.0177 303.1239 292.3357 319.3686 128.2885 115.4391 179.7029 291.1881 93.3387 251.9183 157.3704 105.3964 221.2397 161.2193 117.9075 104.3957 77.7196 370.1955 100.6901 13.0956 203.7868 363.2510 149.2336 97.0018 51.1540 168.3640 58.7266 364.1475 167.6269 109.1122 158.9622 397.3996 124.0728 41.5657 316.4884 399.8123 286.8543 195.5388 262.6371 146.1513 308.4905 341.8569 74.3259 281.0901 155.1726 260.2185 338.9603 184.0567 204.3320 290.2015 283.1400 77.9249 106.9261 223.8032 174.0981 287.4100 212.8232 314.3913 184.5136 234.9628 246.9398 211.2856 377.0843 161.3945 278.5072 133.3959 242.4250 0.0000 241.6106 111.4247 205.1973 303.7426 268.8272 377.6370 220.8101 331.8423 344.4571 401.4244 366.6131 206.5226 191.7959 309.9214 285.1926 243.5799 165.0816 404.8706 306.9901 294.4600 164.6980 49.7068 280.3503 133.2863 344.1867 121.8191 312.8951 179.5161 403.0100 159.4155 325.3459 318.9867 316.4241 341.7089 314.8847 129.4673 24.9684 58.9297 224.4217 235.4802 327.1614 227.1629 263.4871 205.1857 317.7191 232.8630 331.6831 161.3359 48.8652 270.4857 213.9857 83.8853 251.0092 342.2280 269.3212 172.1558 122.8491
345.9193 140.0462 265.5541 338.9789 114.4756 147.9447 271.9791 294.0037 245.6402 334.7319 278.6119 179.2276 84.3432 308.7757 247.3808 160.8443 228.1061 313.4785 226.7305 247.6412 292.5303 240.8641 141.6499 243.5696 224.6248 194.2773 222.6964 308.1782 180.0906 59.4123 175.2954 172.6141 294.0817 145.5236 203.7109 120.7619 231.9566 126.7529 18.5091 276.6241 266.3819 113.8579 317.7063 188.4321 223.2046 214.4761 283.7933 267.8744 142.8230 329.9639 326.0903 282.7187 228.8048 110.3929 226.9038 274.4478 164.2227 117.1080 114.1358 220.7456 150.9001 330.3202 244.7638 102.8697 143.0946 128.1754 69.5281 203.8890 171.4033 330.1091 324.0976 235.4684 191.8992 149.2725 124.1489 287.1166 309.5900 126.2689 80.6079 350.5802 224.7242 177.0249 273.4385 155.4064 235.3721 310.9539 132.8492 95.2932 243.8796 269.9368 262.4828 183.0628 206.8531 289.2567 287.9188 266.1941 163.7415 278.5591 214.3567 75.9782 184.0700 297.9169 159.6774 334.4721 99.2744 290.0731 107.5102 167.4135 46.4953 137.0420 94.4218 116.7027 76.6288 154.7403 66.2966 63.4672 185.6829 323.5010 155.3779 149.9725 140.3975 82.6116 152.4895 57.1352 204.4609 139.5441 32.1298 138.6267 321.5784 36.9828 348.3294 231.2302 241.6106 0.0000 335.5371 240.0400 224.3215 48.6607 143.7813 146.2720 220.3959 235.9866 206.4891 159.1608 239.3922 351.7837 161.3782 114.4588 314.2156 252.6593 223.8213 165.1822 344.2344 307.9630 264.0145 265.3175 190.9115 102.7701 252.1859 346.9415 276.4914 186.0989 92.0965 190.1973 237.7297 89.0057 273.1384 73.2986 113.5937 255.5207 189.6936 18.7767 111.6377 155.6889 270.9047 32.4985 226.6459 316.1709 173.4761 160.8397 105.1625 282.0011 68.7443 195.7889 227.2271 141.0934 109.8346 147.5515 342.4048 119.6306
89.4407 457.9389 72.5660 408.7716 433.3557 238.4881 269.5939 174.2305 301.4811 84.9722 60.4782 228.6464 274.3370 81.5607 186.9664 306.2359 320.7759 143.7795 250.4899 458.5526 151.5603 106.4842 224.2400 228.3857 515.9367 353.6664 149.7728 260.9637 408.3174 332.6843 440.5751 174.3331 185.0310 480.9384 405.9319 229.1482 128.9291 448.1849 330.2699 192.1937 369.0042 371.1688 20.0140 463.3504 227.2107 276.3050 101.5601 384.3899 199.3609 39.7775 282.3426 182.3558 292.8229 280.0578 372.7604 419.2898 436.0742 274.3454 282.2875 119.6686 238.4100 231.8777 210.7462 232.9358 364.7304 395.2879 401.8080 403.5067 370.9061 178.0275 163.7325 185.0305 402.5715 196.6506 362.1591 244.0042 163.5667 331.9764 258.7672 125.6570 128.1383 188.3291 480.6750 210.3449 110.0792 289.3162 464.0535 240.2635 195.4736 130.7076 264.9885 159.4986 475.0326 134.0842 186.2432 253.5345 497.2211 95.0925 122.7476 411.5077 505.0429 388.1298 306.9157 351.4974 236.2636 413.2523 425.9057 173.9834 378.8833 218.5695 367.8874 441.7064 288.7460 315.7547 391.1827 384.7165 189.3265 16.8108 270.1749 226.5448 397.6355 320.0606 424.3186 279.5005 344.8101 300.2707 308.1557 463.0012 231.6326 372.2047 165.5635 255.7034 111.4247 335.5371 0.0000 309.6105 414.4101 369.5445 477.2118 332.1617 443.1863 455.6636 509.9312 472.8433 311.1226 254.1482 420.5302 351.0617 335.1207 158.5983 514.7624 417.8501 386.3550 243.2524 134.9305 386.1914 243.1802 437.5628 117.5229 407.2660 273.1066 508.0354 263.6318 436.6056 429.4623 417.3331 450.8331 407.8464 230.8990 88.2803 169.1472 320.3188 298.5212 436.6657 327.4169 351.6948 216.9037 419.2473 271.8890 390.0249 238.7814 62.5975 374.4056 323.9664 115.3300 304.0088 442.0224 321.5577 232.8717 217.3549
255.2365 262.8337 249.3128 115.7564 346.2918 305.2919 58.9023 152.9757 11.4552 249.0465 256.3771 328.7563 268.9140 235.0578 361.6202 362.0934 19.2751 189.8006 59.3011 167.4280 170.6786 213.3760 142.7442 384.7462 268.9899 76.4894 165.7181 98.1101 147.5186 290.5586 194.3475 177.9090 144.2326 337.6791 127.0954 259.9293 187.2150 262.6714 221.8013 128.1279 59.5212 349.9828 290.5561 216.5352 82.9533 38.7611 209.5562 74.8240 182.0686 278.0103 104.0819 139.7339 18.3973 133.5094 74.1441 110.9592 197.8837 128.6715 128.7692 214.8479 117.8198 139.4635 374.8610 219.2939 130.9151 367.1831 259.2045 124.0410 398.1261 177.3810 182.7966 349.6587 131.4756 174.3805 145.7290 91.5180 171.8033 122.5065 194.2340 233.6127 286.3131 149.6129 183.5874 143.7215 212.9014 84.1389 294.1377 211.8892 114.6100 180.2120 55.8144 191.4083 218.2467 362.1834 139.4081 68.3654 326.5081 323.6194 222.6034 284.1226 299.9791 83.0849 81.1527 94.5097 213.6320 103.7161 340.4961 189.2345 248.3499 270.4433 178.4889 265.2317 167.4750 88.2317 239.4941 231.8205 140.4192 309.1076 336.3109 296.4527 168.3571 159.2020 192.0679 209.9907 59.9106 341.2059 213.6208 362.3373 131.1208 263.1769 203.1056 390.9100 205.1973 240.0400 309.6105 0.0000 124.4183 227.1157 311.4810 103.6543 163.3065 170.1327 278.0568 265.9587 1.8756 147.8781 178.7909 344.4451 74.2169 346.6016 267.7295 171.9200 109.5505 110.1348 175.2948 76.8366 80.3408 311.0166 312.8815 119.7780 59.9312 303.9352 165.6985 176.3167 135.7104 258.0715 147.1204 290.8516 176.4280 230.0507 164.1991 223.5720 316.1428 206.9068 31.8986 272.5385 363.5273 113.2466 353.0527 394.9133 247.8905 249.7216 210.8653 51.5763 270.7049 344.6031 282.6259 358.9867 151.0690 198.1866
372.4380 177.2398 346.6624 145.6666 301.9132 341.4592 183.1865 273.9476 135.8222 364.9379 356.2751 370.7330 287.3633 347.3995 421.5838 378.8501 106.2136 309.8785 172.8991 44.6785 289.2028 310.0892 204.8136 434.2894 152.8465 60.7475 264.6674 220.9725 50.5499 283.5914 90.7739 254.4617 266.1394 266.1812 21.0329 298.1190 285.8008 183.1704 207.2020 248.6736 89.9835 336.3612 394.5310 107.1080 192.8698 143.9147 319.9864 77.7656 244.0597 387.7543 222.2882 260.1403 134.0921 160.4725 50.5856 58.8565 99.8212 161.7180 155.6947 304.2319 183.0071 263.4991 428.8363 257.6458 81.9139 346.5918 207.6499 20.4565 395.7037 300.9170 305.2450 408.8255 33.4516 240.2681 100.2329 215.9347 293.2899 108.4848 221.8293 354.4966 360.5610 231.4290 66.5806 214.3467 307.8411 201.7355 216.5889 247.3485 228.4560 291.8526 180.1044 270.4655 102.2600 438.4618 260.8001 192.4273 242.4556 407.2543 308.0680 233.7094 201.6155 109.5040 110.8898 179.8013 250.9124 81.9914 298.1982 261.8751 208.1965 313.0088 132.0017 190.7371 180.2171 104.4572 189.4503 184.1308 227.2903 410.6628 363.3836 336.6749 92.4380 150.2954 101.2084 224.7461 71.1427 356.8420 211.8336 308.0363 255.3322 230.2021 326.5536 431.9274 303.7426 224.3215 414.4101 124.4183 0.0000 188.4128 232.7702 95.1985 40.5928 45.7176 168.3444 172.3565 122.5438 269.6124 85.0648 338.7522 169.3383 413.7880 151.6498 77.3698 166.8414 234.2412 286.0901 73.3205 171.3809 253.9788 390.0495 156.5794 183.7864 205.5265 195.1666 66.1857 15.9736 196.5263 49.3445 244.3630 222.9030 328.2332 250.1563 215.0973 328.7400 112.6566 132.0783 252.7822 413.7902 110.7397 381.8605 383.5426 282.0002 352.0294 165.5525 91.1506 349.9218 359.2473 213.9432 368.8923 274.8088 247.1333
370.1649 93.6140 297.8412 314.9898 120.1109 196.0523 267.8750 306.3666 234.5857 359.3529 310.7072 227.4399 132.5064 334.1732 294.5963 207.8674 212.3441 330.3165 226.1415 206.3291 308.4173 269.5653 158.6745 292.0323 175.9931 169.1922 244.1599 306.7832 140.6771 103.5061 129.1699 199.2278 304.7429 121.2613 167.3915 165.9632 256.7708 81.3444 42.3786 286.2319 243.1649 149.5268 350.8754 140.6959 227.7199 208.3637 307.6437 241.8590 171.1753 359.8622 322.0214 293.8851 219.1208 112.7696 199.8312 242.6228 117.6253 120.3397 114.6179 251.4084 160.3749 334.4516 292.8322 141.4740 111.3807 158.2776 36.0242 168.1044 211.3374 342.2686 338.1845 282.4810 155.0600 175.6237 91.7886 287.9350 323.5563 105.2340 110.8804 370.4149 266.0094 197.0857 231.4383 173.6556 264.4725 304.9353 94.6758 132.1585 253.8695 290.0405 259.0214 212.0090 159.3593 333.9126 298.4054 264.9345 128.5805 319.9533 246.8725 57.7463 139.3842 273.7804 146.4458 319.5581 136.5419 260.8071 114.9085 196.6916 21.4792 182.5916 56.8500 72.9855 86.7113 138.8858 21.6396 15.9256 203.4937 358.7247 203.9586 197.3966 98.7391 71.2940 106.5063 92.2547 182.1156 186.9931 63.3706 135.3500 325.4181 41.7897 362.7772 279.8848 268.8272 48.6607 369.5445 227.1157 188.4128 0.0000 108.8174 125.1954 178.7179 193.9093 158.4033 111.9941 226.1288 353.5326 117.1555 155.0775 300.5888 298.4133 175.1819 121.9592 324.3773 309.4792 283.8134 238.7441 193.6906 86.0316 294.5114 323.9244 271.8738 141.8163 109.9732 146.3375 200.3594 47.8300 235.7447 63.7364 139.7523 285.6778 212.6770 54.1132 159.4567 108.1856 255.9266 67.5576 274.8359 288.3339 221.9777 196.3787 149.5021 312.7080 23.2972 178.1223 266.1903 188.2752 73.4172 193.2240 346.9031 152.4294
478.7331 55.9887 405.9661 376.5356 107.9631 283.7432 360.5299 411.0355 320.8717 467.9851 418.9034 313.4903 222.4509 442.9109 384.7631 271.7372 293.9100 436.9130 323.5031 229.3493 414.7589 378.2885 266.7579 374.0678 135.1670 240.5333 352.5374 401.0412 183.3933 172.9830 144.3644 308.0172 408.4722 36.6510 214.0054 263.2988 365.5338 50.2342 146.9761 389.5698 310.6024 187.2867 458.8147 137.3527 328.9097 301.4585 416.2414 304.0155 279.7439 468.5312 413.1333 398.0334 307.8592 217.4035 263.8161 291.6153 133.7005 224.9231 218.2342 359.8243 266.1054 433.1482 378.5139 246.0249 181.0846 181.0397 75.4242 216.1061 248.7929 446.4853 443.4734 373.5960 202.5208 284.3946 165.8397 384.7102 428.8989 192.5924 218.5829 477.9326 368.4656 305.4326 248.1196 281.8343 373.1491 394.3475 17.3435 237.6654 357.9076 397.9345 352.6200 320.6170 153.4183 431.0778 402.1080 360.4459 20.0347 422.2443 354.8267 71.5945 62.1402 337.3761 236.7686 396.7161 241.8700 314.4366 109.6945 305.2124 98.5115 279.0434 135.6200 46.2703 194.9057 227.1667 87.5989 94.9838 311.3141 465.8605 280.6064 288.3828 147.1535 173.2592 131.6567 197.9201 256.5372 254.9787 169.0914 94.7592 424.0227 109.6496 468.0763 355.8870 377.6370 143.7813 477.2118 311.4810 232.7702 108.8174 0.0000 209.0106 204.7680 215.5765 106.9455 67.1187 310.1164 449.8331 147.8110 203.6698 380.3949 393.2505 135.1351 155.5970 393.2435 406.3929 391.6532 300.0207 294.7512 58.2782 395.6658 386.9495 363.8643 61.4596 218.6798 169.6197 238.5446 61.6111 269.4636 80.7471 248.4362 394.2392 321.3618 157.2675 232.2408 120.4733 335.8847 138.5612 359.9463 343.2694 296.2975 223.8903 248.4210 421.2109 110.9640 259.9183 370.8442 254.6778 35.4110 252.2300 445.7101 259.8679
303.4901 163.2756 261.5206 192.7889 245.2516 247.6741 151.8437 216.3450 112.3512 294.4493 272.2978 276.3682 196.6637 273.4248 326.4004 290.0908 87.6194 248.2741 118.7989 133.9152 226.0258 225.8358 112.8416 339.4473 190.1990 48.6953 184.1297 192.6237 76.2021 202.6489 112.0952 164.0210 211.2976 234.1737 79.7251 203.6589 203.7604 161.3328 127.8176 192.2083 120.2098 259.9119 312.1504 135.7105 130.0946 93.7086 245.2390 121.8404 150.3693 310.0098 204.1230 202.4087 98.8515 65.2764 81.8628 133.0136 110.7164 66.8193 60.5372 216.5975 94.1419 227.2497 333.7243 162.7861 35.2084 274.2336 155.9482 78.1221 314.5584 249.2594 249.4588 313.6380 72.9962 147.4865 43.7767 177.8606 235.6158 20.2982 127.6625 292.6044 267.1051 144.3323 159.2234 124.2865 222.7207 185.4226 191.7090 152.6387 164.2194 219.7662 144.3189 180.1748 144.6290 344.7334 205.1202 153.0692 224.9137 315.4585 218.7325 181.2684 204.3923 151.6689 30.3794 194.5193 156.0758 145.5646 239.8710 169.9882 146.6551 218.2236 74.8494 162.7734 87.6135 19.8253 136.1607 128.6131 142.8948 326.3961 271.5988 242.2947 74.0343 64.0957 101.2095 133.4532 58.2750 268.1545 126.0812 259.6385 218.1636 163.6601 273.2975 338.0267 220.8101 146.2720 332.1617 103.6543 95.1985 125.1954 209.0106 0.0000 113.5813 127.7438 191.5326 169.4977 102.4662 242.0186 92.6285 258.3082 175.9470 318.9959 188.9505 88.2559 199.7390 199.3529 213.5057 119.4890 98.8913 207.6785 296.8696 200.9705 155.0107 208.2233 100.2395 104.6548 111.0754 154.4375 142.9540 188.6877 127.8301 244.1347 163.5718 132.7117 240.6266 115.7991 131.1043 178.0342 318.8409 170.5495 289.8650 306.5952 187.8888 269.6709 107.5667 53.1404 257.7115 270.9151 179.2145 282.3366 239.7548 152.0017
406.2608 148.7998 373.6786 181.7149 284.2246 349.4668 222.2088 310.0162 174.7601 398.2607 383.9869 379.8325 291.5686 379.4882 435.4225 379.6369 144.5894 345.3196 208.2691 27.6464 324.1303 337.5093 226.4223 444.5579 112.9404 93.1526 293.7055 260.6652 42.0472 279.5545 60.5250 277.5236 302.6952 239.8338 38.1973 308.1564 314.2635 157.0276 204.9072 284.7489 130.3454 328.2274 423.1949 71.2854 226.7676 179.1567 351.6694 117.3922 263.4673 418.5471 262.6298 296.0642 171.4760 176.4865 90.4822 92.4883 71.8863 179.3252 172.3122 329.5484 206.9893 302.7442 440.6257 269.4423 88.3138 335.8206 191.4724 41.0089 389.8179 338.3009 341.8996 422.6263 40.8250 260.9503 101.9061 254.5907 329.4871 120.8812 232.3907 390.1064 380.0457 256.8452 53.0427 237.6396 334.7612 242.0664 189.6344 258.7871 262.5424 324.2827 218.5668 293.6759 63.2042 457.3391 297.1467 230.6228 212.1553 428.9580 332.1213 216.4917 167.0234 147.9581 136.3161 219.8382 262.7195 117.0739 281.3586 283.5559 196.4020 323.8937 126.0091 166.2794 189.6256 127.8645 175.1735 171.2418 254.2095 438.3267 367.8934 346.1014 80.2601 156.1753 77.6649 231.0707 106.7100 357.8199 213.6253 286.6829 294.4272 219.6864 363.8010 439.4816 331.8423 220.3959 443.1863 163.3065 40.5928 178.7179 204.7680 113.5813 0.0000 15.7724 130.2712 140.6827 161.4438 309.6274 63.1979 333.2086 209.8379 430.0778 111.7700 57.1795 205.0692 273.4259 318.3177 112.9216 202.1505 233.3760 409.9269 192.9000 223.0785 170.8229 208.3260 35.7470 37.2885 177.0719 64.6991 228.0977 239.0243 355.7986 275.9798 214.3509 329.5466 85.2486 172.5390 245.7700 424.6467 144.8779 386.4812 374.9599 291.3942 380.5923 155.4358 124.8362 371.1681 359.8378 190.6237 367.6854 314.2372 262.6241
416.7065 159.8162 386.6437 178.1300 297.8685 365.1574 228.8749 319.1546 181.5315 408.9456 396.7586 395.4834 307.3375 390.7135 450.7573 395.3622 151.9036 354.8606 217.7450 13.7976 333.9554 350.3305 240.4711 460.1628 115.0141 103.4882 305.9868 266.4238 57.7587 295.0873 72.4944 291.3611 311.5079 251.1274 49.7363 323.7311 326.7499 168.8475 220.5917 293.8700 132.2802 343.3567 435.6979 79.5342 237.0381 188.6562 363.0445 118.0473 277.9691 430.3095 267.0314 305.2871 179.6121 191.3172 96.1851 89.0261 84.3729 193.9400 187.0486 342.9262 220.4964 309.1195 456.1317 284.8680 103.7020 350.6126 205.6833 52.1729 405.1339 346.5146 350.6578 437.9602 54.7547 275.2301 117.6224 261.6503 338.5507 135.9276 247.8776 399.5629 394.6421 270.1096 37.5500 251.3654 347.7219 246.5247 200.9365 274.2325 272.7633 335.3260 225.8194 307.5020 68.1357 472.0695 306.0979 238.1266 221.9100 443.1942 345.8015 230.4115 174.5924 146.7952 149.1994 220.4350 278.1388 113.7255 295.1888 297.6802 211.2926 339.4213 141.6406 178.5922 205.1418 141.1668 189.7739 186.0640 267.0736 451.1444 383.6641 361.7261 95.7094 171.8380 91.3379 246.7804 115.7810 373.5543 229.3966 299.4228 300.9913 234.6848 372.1268 455.2041 344.4571 235.9866 455.6636 170.1327 45.7176 193.9093 215.5765 127.7438 15.7724 0.0000 135.0856 150.2714 168.2581 314.7865 77.6029 348.5888 211.8518 445.1483 113.9222 72.0457 203.2121 279.8850 329.4426 113.6105 213.6855 246.4636 424.4768 189.4324 229.4199 178.2835 223.5579 49.0474 36.6757 190.6702 55.6434 242.1708 253.9678 368.5929 289.1690 230.0815 345.2818 97.5804 176.6878 261.1011 440.2116 140.4232 402.2519 390.0000 306.9982 393.1017 170.6541 134.9167 385.4552 375.5609 203.1396 383.3371 320.3643 277.6755
492.4447 69.1147 437.4055 311.9728 212.1924 354.3673 334.9199 407.8687 289.1036 482.8302 449.5207 385.7002 290.7716 460.2540 452.8826 358.9601 258.8238 439.5584 308.9242 147.4766 417.2284 404.5559 286.2453 449.9872 28.8211 201.5761 368.7176 375.5179 130.7731 254.1569 83.7110 335.6182 402.6614 142.6062 155.8332 323.5163 386.0931 83.6444 200.0465 383.6202 257.3666 283.3167 490.2900 62.2093 321.5971 281.6969 432.1633 246.0668 312.2492 493.2755 381.7812 393.9173 280.8501 230.4865 212.9370 222.6854 81.4804 236.7405 228.8305 390.3719 276.0561 414.2836 451.1789 294.9019 156.4238 281.4616 144.0887 158.7372 346.8680 440.4676 440.9724 440.6896 148.2407 313.7604 151.8631 364.6360 427.1484 183.8515 259.9461 483.6440 418.9720 323.9422 159.0905 300.7343 400.3628 361.4611 99.9345 284.6746 355.6599 408.6015 329.1336 350.7300 67.2301 490.1103 396.5259 339.6582 103.6729 472.3815 388.7755 158.1156 47.7002 277.6797 221.8137 347.4523 289.1408 247.3223 212.6322 336.9269 162.9841 340.2402 142.1917 95.9057 222.9445 211.2650 140.5580 143.0606 325.9750 501.3862 360.0895 355.7812 117.7010 190.0403 90.3299 246.4063 218.1662 339.5895 219.0997 201.6571 405.3975 184.2074 464.7298 436.4591 401.4244 206.4891 509.9312 278.0568 168.3444 158.4033 106.9455 191.5326 130.2712 135.0856 0.0000 49.1395 276.3354 425.5435 100.4884 296.2646 335.3694 455.7643 29.0400 106.6662 334.9675 385.3480 402.2423 241.6356 290.1244 158.7626 448.3570 323.1682 336.9518 50.2640 247.8030 103.8407 167.5597 122.5620 190.3787 170.4757 281.5321 422.2789 342.4972 211.8916 313.5073 75.9446 294.4638 216.3502 433.1160 274.8958 377.5570 324.3950 306.7179 449.1465 143.4934 229.7911 416.2989 340.1856 115.9056 341.5758 426.5155 299.9888
461.8356 19.9835 400.3293 317.8812 166.1702 307.0621 319.6857 383.3056 276.3251 451.7475 412.7850 338.2636 243.4824 428.1246 406.3700 309.8912 247.2743 412.8741 288.2148 163.9309 390.4448 368.9344 251.5682 402.1617 73.5017 190.8791 336.2775 360.6533 125.7735 205.2284 81.6886 298.9034 379.1618 103.7088 155.3728 277.9388 352.2634 34.5049 154.2521 360.0082 255.8576 234.5427 453.5056 71.0261 297.8683 262.9522 400.3578 247.2348 273.7029 458.7407 369.8117 369.6289 265.5725 196.9035 209.3143 230.5929 72.8704 203.7845 196.1192 353.2389 244.6474 396.6257 403.8600 251.6088 136.4228 233.4643 95.0843 157.8376 298.2216 417.3509 416.3896 394.3335 145.0120 276.2126 126.3061 347.1001 402.1541 157.4922 218.0822 456.0349 376.2657 290.1611 181.5844 266.4916 364.3941 350.0783 55.5241 241.7187 330.2145 378.5606 312.8149 313.3719 86.3959 445.6290 372.8764 322.1892 71.6387 430.0331 350.5603 109.2482 34.9624 280.2823 199.5567 344.6116 246.1761 254.2975 165.9595 298.9178 114.6193 294.5806 107.0648 46.8044 184.1164 189.1426 92.8748 96.2403 293.5976 463.3733 311.6077 309.0279 97.7135 153.8181 74.9509 202.5249 207.5573 290.6327 174.3591 158.9766 387.5596 135.3196 440.6585 388.0079 366.6131 159.1608 472.8433 265.9587 172.3565 111.9941 67.1187 169.4977 140.6827 150.2714 49.1395 0.0000 264.3943 410.4942 90.1373 247.1982 330.0884 410.3889 73.1410 97.8659 337.2149 368.4571 372.1774 243.0119 264.7841 112.1701 405.2434 328.6705 322.3706 38.7443 209.2339 106.8413 176.1031 73.5320 205.1346 121.7066 242.3702 386.2032 308.0268 166.0525 264.7407 60.9643 286.7926 167.4770 385.6694 282.9489 328.9313 276.2708 261.4014 413.2847 100.0330 215.1054 374.9190 291.1785 67.9289 292.4422 409.1008 259.0548
256.9782 261.3512 250.6493 115.2087 345.3895 305.5580 60.7655 154.7779 13.3164 250.7605 257.7693 329.1442 268.8398 236.6945 362.3417 362.1001 17.5203 191.5902 60.7417 165.5547 172.4282 214.6702 143.1420 385.3051 267.2026 74.7807 167.0053 99.9174 145.7703 290.1225 192.6283 178.7232 146.0553 336.4204 125.2581 260.1703 188.5220 261.2550 221.1300 129.9120 58.1071 349.5161 292.0455 214.7872 84.3555 39.5829 211.1412 73.2797 182.5935 279.6086 105.7280 141.5186 19.4082 133.1598 72.2690 109.2799 196.2125 128.4049 128.3884 215.9905 118.1631 141.3203 375.4885 219.4639 129.4695 366.6303 258.1114 122.2032 397.8658 179.2431 184.6367 350.3581 129.6801 174.9641 144.4008 93.3929 173.6210 121.4167 194.1533 235.4255 287.2325 150.4718 181.7383 144.3096 214.1577 85.7358 292.7729 211.9916 116.2008 181.8071 57.6880 192.3020 216.4460 363.1917 141.2172 70.2332 325.0911 324.7394 223.6749 283.0774 298.3855 82.1015 80.3206 95.0959 213.7705 102.2627 339.6168 189.9914 247.3844 270.7751 177.2806 263.8739 167.0512 87.2456 238.3882 230.7298 141.3695 310.5574 336.4592 296.7772 166.8173 158.4064 190.4490 209.7382 58.1759 341.1758 213.1182 361.3158 132.9841 262.3309 204.9670 391.3308 206.5226 239.3922 311.1226 1.8756 122.5438 226.1288 310.1164 102.4662 161.4438 168.2581 276.3354 264.3943 0.0000 149.6614 177.1268 344.0903 74.9577 347.4393 265.9425 170.2377 109.5256 111.9928 176.8671 75.2377 81.1170 309.9165 313.8757 119.3938 61.7699 302.3432 165.5538 174.5333 133.8374 256.8552 145.3244 289.8651 176.6347 231.3900 165.1876 222.9938 316.0384 205.2792 32.1117 271.8901 364.0839 112.1359 353.2445 394.5171 248.0419 251.1586 209.7598 50.1982 271.7037 344.5606 281.3541 358.8834 152.9160 198.5004
170.8813 405.2532 224.4896 186.6110 465.5620 361.9650 90.9097 88.9458 136.6304 171.2705 223.8552 375.1701 349.5664 173.6498 380.2105 431.5624 167.1473 110.8251 127.4179 310.0631 109.4855 201.0854 216.4759 414.4691 416.8632 224.1007 169.3025 50.0463 295.2992 389.2988 341.8677 216.4171 80.3089 471.9678 274.5138 322.6029 181.1309 403.1779 335.6520 87.9024 185.9418 447.5478 240.5522 364.2924 128.6763 148.5122 162.6413 202.4596 238.8964 214.7034 49.5576 89.6665 145.1649 242.9320 219.1693 240.0643 344.7840 235.6920 240.1148 217.1519 201.5804 26.3608 399.9496 291.1504 274.0738 468.6735 388.6573 271.4555 482.1611 76.2228 90.4158 370.9984 279.3306 229.2710 285.7952 65.6065 92.3749 257.3008 282.9989 136.2090 296.0374 193.6466 321.9022 206.6413 204.6302 69.1470 432.6788 288.5833 115.7409 141.8575 97.7521 220.5075 366.0718 355.9424 83.3372 89.3947 466.4617 310.5146 229.6539 411.0674 445.0816 186.3325 213.1955 120.1454 288.0558 222.0653 458.8641 228.9647 373.1656 326.1323 314.2209 403.8847 275.3536 223.0680 369.9569 361.9547 181.6153 261.7022 398.3241 350.0237 312.9859 282.2480 338.1078 305.5010 207.6924 414.1612 320.5939 486.5887 32.6480 382.5132 93.7504 430.5818 191.7959 351.7837 254.1482 147.8781 269.6124 353.5326 449.8331 242.0186 309.6274 314.7865 425.5435 410.4942 149.6614 0.0000 325.6314 436.1495 114.2110 356.8164 415.6033 319.0347 156.3456 44.0852 142.2264 206.3648 161.1553 439.5608 312.7810 180.4720 88.6118 448.9894 261.5298 324.1942 278.7824 392.0683 281.4990 415.2180 252.9086 208.9047 193.9037 333.2210 395.1039 353.0469 138.5518 382.6183 394.9130 212.9274 411.0933 486.9046 317.3861 213.0808 342.1855 196.1651 275.6492 418.1160 418.1468 435.4129 21.3011 264.7800
395.9132 92.6326 348.7037 229.1114 221.2348 298.2876 234.8303 308.2753 189.6168 386.7281 360.1578 329.3809 237.6477 365.2154 389.5855 322.0480 159.7089 340.7567 208.6077 90.6830 318.5593 314.1076 196.8088 394.6715 97.5979 102.5203 274.8100 275.5851 35.9136 219.7022 20.0450 248.0378 302.7464 181.1435 66.2873 259.7801 293.5504 98.1057 147.3937 283.7830 165.7367 266.2146 400.6019 43.2809 222.0187 181.2218 337.0135 157.4802 228.6459 400.5759 282.8487 294.2682 180.6417 141.7203 119.1806 143.9159 19.1538 146.7153 138.8544 302.4146 182.6497 313.8855 392.3976 224.0350 57.5420 273.0528 128.2747 68.5062 328.4618 340.3876 341.3046 376.8804 55.2120 228.2060 58.7757 264.2176 327.6586 88.6908 186.7536 385.1731 342.3962 232.3195 114.8631 210.2611 310.4653 262.7432 131.5340 213.2709 256.6191 312.0935 228.8298 263.8937 55.0737 417.7776 296.6677 239.2274 158.2325 393.9215 302.7007 153.3607 122.4834 190.6934 122.4546 254.5562 217.5275 166.6279 218.2511 251.5790 133.8585 276.1671 69.1627 105.8807 144.7452 112.0030 112.1721 108.5777 232.6175 413.5215 313.2772 296.4240 24.4249 109.5375 16.1572 180.6654 119.2688 300.5258 159.3097 224.7741 304.9767 157.3815 364.8586 386.9661 309.9214 161.3782 420.5302 178.7909 85.0648 117.1555 147.8110 92.6285 63.1979 77.6029 100.4884 90.1373 177.1268 325.6314 0.0000 272.2194 240.3857 387.3356 96.3536 7.8411 247.3687 285.0224 305.7988 153.3266 191.4859 171.0601 372.3924 239.6937 237.0255 126.4669 167.1721 29.1896 92.1608 114.2343 125.5008 164.9112 200.3952 332.2548 251.4259 157.8137 272.3752 29.1842 197.6374 184.6699 375.5585 195.4596 331.7907 312.6779 242.6562 358.5240 94.1122 129.5532 336.3269 302.2537 129.5109 308.8587 326.1526 222.1889
388.3256 227.3104 292.5699 449.5948 107.0614 114.1519 366.7136 364.1688 348.2909 376.9019 304.8941 134.0898 88.2108 350.7912 204.3327 70.6076 335.0074 374.1299 319.5938 360.7021 356.3482 280.7257 220.1240 182.1930 319.6000 306.8917 281.4975 398.2985 293.7726 55.7230 283.8180 227.5533 367.1614 183.5692 318.0894 126.9997 282.4015 212.7651 132.0159 352.4658 377.2536 21.9355 337.2707 293.2117 309.9988 313.8272 331.4600 380.0951 200.1480 358.4911 418.9348 355.6220 330.8336 210.9359 339.8840 388.5248 272.0175 215.9640 215.7116 257.8791 238.3865 411.9915 191.1972 146.7029 257.5210 44.8057 153.8639 318.3106 56.9515 398.6699 389.4410 196.0299 306.1977 209.4537 238.6064 375.2156 375.9610 238.8608 154.8184 402.8931 223.7097 244.5308 386.1381 229.5225 274.8344 406.5280 201.7785 147.8650 321.3127 327.0092 356.8734 230.6151 312.1840 262.0109 361.6473 357.8413 219.7245 270.1512 247.1223 138.3886 261.1887 408.9592 267.3106 438.4602 148.8354 403.4132 101.5395 217.1131 140.2220 133.8052 207.9612 200.3941 177.2364 264.1061 163.6383 165.1706 255.9985 335.8043 91.7310 125.1304 252.9510 194.2593 261.3355 135.2230 315.7720 59.7015 132.7259 136.3759 404.0304 116.5043 411.7620 158.7835 285.1926 114.4588 351.0617 344.4451 338.7522 155.0775 203.6698 258.3082 333.2086 348.5888 296.2646 247.1982 344.0903 436.1495 272.2194 0.0000 417.4246 221.7671 319.0515 276.8597 452.0811 394.2540 322.2104 377.7964 282.3136 145.5167 242.2181 456.9072 371.6326 261.7621 180.6691 301.3910 352.0263 174.7756 387.4695 126.3696 183.2714 289.7952 249.6255 125.6985 52.5462 261.6204 376.1728 87.5565 173.2811 428.8544 102.0712 51.1298 124.5276 312.0613 178.1396 304.8044 235.9143 57.6575 181.6377 49.6847 423.0598 173.1077
264.8798 329.3334 285.6420 75.8247 420.1404 371.1101 68.5556 162.3877 69.1545 261.6598 289.8453 392.2550 339.5579 254.6674 417.3415 431.5302 88.3404 197.5508 108.2351 204.8323 184.4815 252.7711 208.2064 444.3083 321.9109 140.0564 207.5883 78.2110 205.9100 364.0510 253.0770 234.1165 151.6813 408.3309 179.5609 326.4337 227.1705 330.7166 296.0015 142.9357 79.6246 423.5972 317.8840 273.1810 128.4048 104.4460 233.9732 94.2307 244.5114 298.8126 65.2094 152.9075 86.5919 206.7730 122.4548 129.5305 258.8279 201.4827 202.1999 260.0842 184.6786 119.8484 432.8638 287.1506 199.4767 441.1339 331.8899 176.6395 470.3489 172.7648 183.2224 406.0540 187.4871 235.8325 216.0876 91.2294 177.0959 195.4832 265.2385 235.4801 337.2980 205.6782 212.9421 205.8656 253.8781 49.1085 363.1022 280.7097 146.5996 205.6807 76.1588 245.1478 270.9738 409.2946 149.4960 84.6242 394.2820 367.2591 270.0724 357.1714 362.8640 72.7841 155.2588 21.5321 281.9644 109.3152 414.4325 246.5336 321.9285 335.3618 250.2015 334.4308 241.0255 161.8784 312.0924 304.5601 194.5569 338.2027 403.8571 361.3189 234.2357 233.3582 255.1510 282.4280 123.8655 411.1496 287.4483 435.5165 114.8981 337.2234 196.7153 453.4263 243.5799 314.2156 335.1207 74.2169 169.3383 300.5888 380.3949 175.9470 209.8379 211.8518 335.3694 330.0884 74.9577 114.2110 240.3857 417.4246 0.0000 399.2473 320.6967 232.8874 51.3539 96.6204 202.5479 98.5700 142.0585 383.5861 361.1004 72.5673 64.0652 366.8475 237.4340 231.5308 175.1792 329.4593 171.5243 364.2918 244.1760 266.8698 216.2179 297.6233 386.9877 269.4588 44.9012 346.7127 423.2751 98.7404 419.8644 468.1279 315.8133 281.1248 283.5114 122.8163 319.4688 414.6866 353.1971 429.7350 127.3636 264.0900
230.7943 391.9182 137.0433 461.2957 321.3730 111.9317 331.4182 267.9388 343.0961 221.4616 142.7717 87.6791 170.8003 201.7809 28.4065 162.0822 349.3822 254.8221 293.0351 452.5077 248.7095 155.7424 211.4558 69.8088 470.0899 357.9631 193.8248 342.1757 388.9746 224.2270 405.9400 168.7412 276.6036 385.8832 398.6122 132.4510 177.3800 379.0866 256.1464 272.5943 402.0140 243.6168 153.6846 425.0374 271.1753 307.8584 199.3218 413.4007 170.7374 184.1190 366.2036 268.0596 328.2469 254.0831 386.7118 439.9535 397.6310 252.1907 258.5856 141.6580 235.8371 330.7027 52.1860 163.4497 341.9975 266.0973 321.7157 397.0978 226.1964 289.9822 276.0332 28.3256 390.8531 176.0790 331.2075 319.1673 268.1799 309.2262 200.6071 260.3373 62.2204 197.0008 478.1201 205.5395 152.4064 364.5198 384.3006 174.1787 255.7990 215.2534 323.1869 155.4090 441.0982 40.2452 274.1537 316.1031 412.6409 63.5101 130.2764 321.8442 436.6881 429.3452 305.1437 419.6897 169.8687 442.9333 314.5135 157.8804 299.0461 115.8416 321.0720 369.3337 242.7598 309.9586 318.3046 314.2391 206.6797 141.8094 130.7359 105.2646 362.9329 277.8787 384.9513 209.9496 356.2171 163.3257 236.6690 352.0481 326.4380 283.8312 289.3126 97.5131 165.0816 252.6593 158.5983 346.6016 413.7880 298.4133 393.2505 318.9959 430.0778 445.1483 455.7643 410.3889 347.4393 356.8164 387.3356 221.7671 399.2473 0.0000 469.1186 387.6439 448.1976 328.7395 214.5931 413.4946 266.3643 342.1553 46.1091 463.6778 336.2909 438.7536 221.9666 411.2903 429.7506 341.6584 459.7374 314.1480 191.3152 149.2736 183.6526 244.3371 172.6211 393.3363 374.2394 255.0640 59.7795 458.4687 125.6416 249.9270 149.0755 153.9999 312.3394 336.4088 81.6156 166.2606 361.2010 181.1542 336.9505 167.4729
492.2486 92.3846 442.5142 292.0391 238.8607 370.7943 325.7553 403.9159 279.0194 483.0224 454.2887 402.2466 307.4436 461.3265 467.7954 379.8015 248.4677 436.8420 303.3398 125.2762 414.7063 408.6319 290.5245 467.0829 1.2693 191.9144 370.5514 365.7974 120.8173 274.5614 76.9653 341.0419 398.0466 171.1414 141.9981 337.6337 388.8652 106.7701 215.4538 379.2089 241.6039 307.1426 494.9338 53.3208 317.7968 275.2381 433.1321 229.1123 319.3974 496.0679 370.3631 389.8755 272.3251 234.7450 199.0720 202.8251 79.1036 240.4296 232.4842 395.7715 278.0316 405.9500 467.3598 306.6192 153.8954 306.5692 165.4812 145.0228 370.9359 435.3796 436.8389 455.4070 136.2879 320.0537 153.0026 356.5772 423.3644 184.2671 270.5703 481.3488 429.3911 327.1511 134.0074 304.5222 404.7439 349.8658 126.9388 296.1291 352.6711 408.4116 320.6637 356.5723 49.8561 502.2711 392.0492 331.7741 132.6303 482.2367 395.1051 181.9174 76.7393 259.6142 218.5859 331.4302 300.5672 227.5479 238.9034 343.4184 182.5184 354.3772 150.0772 119.2738 231.3977 208.1996 159.3010 160.6331 328.1100 507.0446 378.8123 371.3461 117.5651 197.1155 90.4878 259.1691 208.0455 359.8654 233.0832 229.6069 397.2280 204.8319 460.1381 454.9436 404.8706 223.8213 514.7624 267.7295 151.6498 175.1819 135.1351 188.9505 111.7700 113.9222 29.0400 73.1410 265.9425 415.6033 96.3536 319.0515 320.6967 469.1186 0.0000 100.9298 316.5525 376.7473 402.1088 224.6437 287.7388 185.0263 459.0987 303.3331 327.3874 79.2790 255.6686 91.4210 148.5783 144.3064 167.9556 194.4732 289.4989 426.6296 346.0780 227.2058 333.1497 78.3598 281.4698 236.7251 449.5561 254.3225 396.6208 349.3316 320.6090 453.1933 157.6828 221.7768 425.3908 360.6986 141.0672 363.1284 417.9631 309.3629
391.7455 100.4677 346.2377 221.2737 227.9041 300.1656 228.3148 303.1030 182.8232 382.6793 357.5567 331.1327 240.0909 361.4471 390.4630 325.5528 152.7816 335.9123 202.9867 84.8063 313.7799 311.3759 194.6010 396.3578 102.1876 95.5183 271.4236 268.9921 28.0770 223.8710 23.9694 245.9914 297.3967 188.8117 58.4612 261.0034 290.4326 105.8267 150.6680 278.4903 157.9918 271.3330 397.8917 47.6091 216.9199 175.3363 333.2469 149.6545 227.3503 397.2886 275.9253 289.0747 174.1989 139.9917 111.4887 136.2044 26.0818 144.6765 136.8896 300.1630 179.6322 307.6243 393.7428 224.5863 53.5981 278.6571 134.5680 60.6682 333.2759 334.9134 336.0776 377.7293 47.3770 226.5851 57.3515 257.9865 322.5274 85.8894 187.2389 380.4257 341.7880 229.5342 109.5218 207.7881 307.8446 255.7632 139.2750 213.8151 251.7418 308.0037 222.4686 261.9322 57.1825 417.5668 291.3555 233.0178 166.0733 392.9605 300.7718 159.8920 129.9879 182.8598 117.6738 246.9216 218.0197 158.8402 224.7906 249.9098 139.2721 277.2838 71.8210 113.4407 144.8863 107.3202 118.0119 114.0791 229.4488 411.1153 315.9774 297.9739 25.5628 109.7923 23.9469 182.1489 112.2436 303.9319 161.6900 231.9365 298.7473 162.6393 359.5104 389.2198 306.9901 165.1822 417.8501 171.9200 77.3698 121.9592 155.5970 88.2559 57.1795 72.0457 106.6662 97.8659 170.2377 319.0347 7.8411 276.8597 232.8874 387.6439 100.9298 0.0000 239.5554 278.6822 301.7337 145.4961 186.8668 178.1222 371.8030 231.8531 230.4235 133.9712 166.7145 25.1664 84.8262 121.0946 118.5216 171.2971 199.6322 329.5736 248.7030 160.8140 275.7249 36.9024 190.3049 189.3134 377.0648 187.6738 334.5238 317.9545 243.9243 355.6922 98.7551 123.1289 335.2635 305.7451 136.9250 312.7336 319.8499 221.8124
314.7906 339.4873 336.7848 32.2758 444.4441 414.2864 119.3611 213.1713 108.8674 311.9990 341.1321 436.9223 378.3005 305.7180 465.4267 471.6256 117.0769 247.7727 155.4099 193.4866 235.4396 303.5846 251.2293 491.0016 317.6920 156.0368 257.8968 127.5921 211.5144 397.4327 256.6304 281.4359 202.4090 423.8823 181.9770 369.0678 277.8245 343.0122 325.7465 194.2098 82.8567 456.3650 369.1986 273.9465 177.0480 145.9190 285.2923 89.9903 289.3655 349.8263 110.7058 204.0490 125.9663 241.6540 129.4698 114.4346 264.3967 237.3501 236.7083 310.1667 226.6937 166.6240 480.1706 328.6917 216.3882 472.3371 352.8498 179.4311 506.5305 221.3054 232.5233 453.8948 192.2336 281.1176 234.8974 142.3632 227.2399 220.0171 303.6143 284.3136 386.5185 252.8366 195.2808 250.6460 304.5249 98.3102 376.2740 321.4106 197.4649 257.0342 126.3100 293.2892 268.2241 459.4500 200.4698 135.5713 405.1864 417.8635 319.8063 378.8739 367.8673 57.3374 185.0935 36.6816 323.1001 90.0650 439.2773 293.5535 345.8487 379.0866 270.3851 348.4310 274.8711 189.4941 333.0962 326.0452 242.2054 389.5436 445.7385 405.1167 246.2554 261.7624 263.1517 318.6057 142.2777 450.6880 319.9769 456.9574 162.8158 363.3973 244.3492 498.7152 294.4600 344.2344 386.3550 109.5505 166.8414 324.3773 393.2435 199.7390 205.0692 203.2121 334.9675 337.2149 109.5256 156.3456 247.3687 452.0811 51.3539 448.1976 316.5525 239.5554 0.0000 146.0419 253.8908 94.2526 186.3019 403.6522 410.9659 24.2357 115.0759 371.8114 274.8876 232.7688 167.9922 347.4586 154.0876 387.2372 285.7441 317.9428 264.6337 328.9059 425.4298 276.3755 77.9069 376.5294 469.8574 67.9087 462.3490 502.0596 357.3252 332.4592 305.0948 148.4500 369.1225 454.0610 369.2664 468.2716 172.4569 307.0306
168.7519 362.6077 202.3646 172.4451 421.6005 324.4290 51.2616 69.0803 98.6797 166.1802 204.1046 339.6103 308.4158 161.7837 350.5138 392.6133 129.0659 101.9481 83.4235 276.3999 91.7998 174.1951 174.1656 382.7263 378.0136 184.8370 136.2382 18.4706 255.9857 346.4880 301.9041 178.8091 58.3309 428.1219 237.1139 283.6044 151.3598 360.1424 291.7136 56.4195 156.1375 405.0771 227.2938 324.7216 85.1855 105.6443 144.4874 173.0873 199.1478 205.4636 39.4304 63.0818 104.5594 198.8891 183.6999 211.3502 304.1580 191.6720 196.0418 187.2040 158.1871 29.3342 369.0471 250.4272 232.1271 425.8919 344.6531 234.0655 441.4105 76.3029 86.6405 340.5444 240.9088 189.5288 243.0875 21.6913 81.3926 214.0440 240.3550 138.8634 266.8784 154.1887 290.5131 165.1876 176.8201 47.7905 389.2882 247.2379 77.2711 118.8074 56.2172 184.7816 327.6223 332.0374 58.0132 46.2896 423.2254 287.6040 199.0808 366.9948 403.1954 162.9415 170.0883 109.8568 246.9712 196.2798 414.9294 191.6036 329.0837 288.2851 270.7804 360.5589 231.4569 180.1334 326.0104 318.0043 141.9985 248.1809 360.2865 312.8644 271.2903 238.2028 296.9373 262.4900 168.8738 374.5632 276.9104 442.5178 21.1644 338.4816 100.8451 396.9359 164.6980 307.9630 243.2524 110.1348 234.2412 309.4792 406.3929 199.3529 273.4259 279.8850 385.3480 368.4571 111.9928 44.0852 285.0224 394.2540 96.6204 328.7395 376.7473 278.6822 146.0419 0.0000 117.3590 176.5592 117.1751 395.5031 286.4419 168.7356 50.4685 407.0762 218.1461 285.4154 244.7450 348.2923 251.4930 371.1337 211.0458 184.9706 156.8577 289.4470 354.5311 311.8828 107.6729 338.9565 362.5863 192.2548 373.8367 445.1800 277.3346 194.2082 298.3238 155.5616 247.1267 378.4654 374.4536 395.4595 41.2222 224.2913
90.2243 360.5784 85.0474 274.7730 376.1499 231.1610 135.4817 53.3787 166.8016 80.9456 87.6480 239.4241 234.1873 61.3110 238.2560 303.6346 187.5587 51.9197 116.6957 330.7347 36.3828 58.8955 125.1475 273.4922 403.3458 226.0067 41.7458 133.1343 287.5035 284.6036 325.4897 95.4149 62.1319 404.1999 280.2479 198.0936 42.1711 353.6246 252.4581 61.4675 234.4595 337.5858 116.5185 349.0412 94.1911 143.9171 34.3544 250.1115 124.7794 102.8901 156.4720 54.5274 159.0591 175.9673 241.4587 285.7496 323.2405 168.7850 176.2605 76.5861 127.5755 116.1688 258.4815 176.9343 248.2908 360.8400 319.4341 277.5783 360.5686 80.2720 68.6662 229.3787 278.7555 116.5877 250.4087 112.9056 56.9745 218.4883 184.1856 86.8016 154.1023 87.2906 351.2920 110.2428 62.6968 159.4405 376.1558 178.5125 60.7322 6.3837 130.3403 91.8468 358.0044 215.0867 60.2427 119.2672 410.8724 170.3407 89.4286 335.9500 406.5042 253.2038 184.9382 220.3030 176.3135 278.6919 368.8026 105.1335 298.8232 197.3651 265.2305 349.9638 197.1027 194.9072 304.3349 296.7527 80.3559 136.2192 268.1535 218.4775 285.1800 220.2126 312.6841 208.4428 215.1712 288.9873 232.2328 402.2578 112.3076 299.9931 89.6871 291.3337 49.7068 264.0145 134.9305 175.2948 286.0901 283.8134 391.6532 213.5057 318.3177 329.4426 402.2423 372.1774 176.8671 142.2264 305.7988 322.2104 202.5479 214.5931 402.1088 301.7337 253.8908 117.3590 0.0000 252.0970 116.3926 364.4902 170.7213 273.8773 139.2962 409.9668 174.6319 317.1576 300.4258 330.0568 319.0753 336.1046 150.7698 67.7164 75.0180 245.7349 274.7730 326.5028 192.5012 289.5314 254.4986 284.3216 278.5466 370.5680 197.7833 78.5937 281.4222 194.9479 133.5772 293.0571 356.5927 311.1956 122.4611 151.6521
331.2970 245.7191 324.5085 77.2361 357.6550 358.7688 128.5355 228.0693 86.0619 325.4323 332.1132 385.2152 313.1325 311.8655 425.9363 407.2402 66.3629 265.0872 135.7023 106.2631 246.7217 288.1773 203.0964 445.1002 225.8236 71.0453 240.5756 160.7767 117.4232 322.1359 162.4018 245.7264 218.7559 331.5473 87.7246 313.4293 262.2185 249.8143 246.9614 203.7190 20.5057 379.1388 367.0147 180.1382 159.0697 111.0785 286.3782 4.4710 244.0403 354.8446 157.2400 215.2723 93.3972 175.3545 38.9171 35.0329 170.1686 173.3414 170.1056 287.7138 178.1106 204.7700 436.9347 271.7577 127.7321 392.7478 264.2916 85.1901 433.9922 249.4423 256.3740 413.5486 98.1233 237.7666 147.1348 161.5929 246.3621 139.1354 240.4797 308.1375 355.1229 218.6419 115.6242 207.9572 287.2662 137.2214 283.2215 262.7197 191.4383 257.0440 128.6806 260.4780 175.5027 432.3308 214.3767 141.5305 311.4172 395.7781 294.3734 290.5817 273.6405 37.3898 115.7892 107.0079 265.3974 29.4484 353.0228 255.8223 259.9406 326.1715 182.7091 255.8281 204.4727 115.8920 244.8479 238.3024 211.0504 385.2934 386.0558 351.6191 153.7423 183.5675 169.2201 250.3849 63.0332 385.4852 245.4276 367.7919 197.5490 279.4534 275.0551 447.6936 280.3503 265.3175 386.1914 76.8366 73.3205 238.7441 300.0207 119.4890 112.9216 113.6105 241.6356 243.0119 75.2377 206.3648 153.3266 377.7964 98.5700 413.4946 224.6437 145.4961 94.2526 176.5592 252.0970 0.0000 149.9025 313.9265 382.9426 87.1839 127.5243 277.5886 211.3830 138.7366 77.0441 256.9080 75.2415 299.8645 231.1123 305.3046 235.1247 252.1842 358.4678 182.2391 68.9183 296.6222 423.9664 51.0912 403.8584 425.9527 299.1810 325.8376 217.8244 79.1612 341.0316 388.4442 277.4634 400.6741 214.9053 254.8846
205.5447 255.8384 176.9927 195.7997 304.4258 229.0623 84.4604 118.5311 77.9306 196.9545 185.8337 250.7525 200.0863 177.3973 281.3082 290.3869 83.9731 149.4475 37.2816 215.7554 127.1571 140.3100 66.2730 305.0848 288.9914 110.7176 93.6984 117.6240 171.3091 231.9940 210.7985 97.6264 114.5798 313.8500 164.2134 184.4061 115.1503 251.2388 174.5428 95.4600 136.4398 291.3229 223.3674 234.4423 34.2095 41.5890 149.5225 149.1646 103.0725 216.6382 136.9639 104.8520 62.0896 81.8653 130.4662 180.1041 209.5920 74.5613 79.3048 138.0042 44.1176 140.9114 294.8255 145.6165 134.0897 311.1750 229.3434 161.6134 332.6823 152.8022 151.6383 269.3871 162.3877 94.8529 139.1773 96.2063 137.4919 107.4109 127.5559 193.7140 206.4580 69.5250 237.5111 64.3447 138.7517 124.2765 278.0524 139.8504 65.6406 122.4721 74.6048 111.4694 242.4094 282.9888 108.2539 76.0404 312.6278 245.8769 144.4721 250.7886 299.6971 162.9938 69.2359 163.5786 140.7367 178.9496 297.7572 108.8955 212.7114 193.3942 160.6834 249.9507 114.3289 79.5471 211.3209 203.3170 61.1921 240.0403 261.9316 219.3860 172.4248 122.8829 199.8313 147.9255 101.7399 270.4680 160.1561 325.5769 131.9361 221.3795 175.8744 312.4237 133.2863 190.9115 243.1802 80.3408 171.3809 193.6906 294.7512 98.8913 202.1505 213.6855 290.1244 264.7841 81.1170 161.1553 191.4859 282.3136 142.0585 266.3643 287.7388 186.8668 186.3019 117.1751 116.3926 149.9025 0.0000 279.4888 233.5967 199.1375 89.4355 303.3899 102.6228 201.1288 186.3100 234.8471 208.4325 254.4252 102.9177 158.1148 85.2612 172.4856 247.4257 214.2128 109.3993 222.1760 283.8935 192.4055 277.8212 333.4416 174.1838 180.9980 184.5493 80.8196 191.5193 274.1201 261.4313 289.8215 153.3060 122.0604
448.0809 94.2867 368.1252 391.1320 54.0677 231.0565 353.6488 390.4723 319.0408 436.9669 381.1940 259.7872 172.2907 411.1417 331.7347 214.1348 295.2894 412.6800 312.1731 260.1083 391.1586 343.5923 240.0173 318.6508 185.2965 247.6523 323.6935 392.7490 203.4622 118.6618 174.1608 274.9135 389.3706 44.1018 233.5186 215.5721 334.0438 81.2682 112.1083 371.0952 321.1288 129.0243 420.0088 174.2749 313.4059 294.0565 385.7529 317.4872 245.3168 432.7197 407.6900 378.3357 304.0697 198.0760 275.6216 311.8653 162.1272 205.5931 200.2393 323.5095 244.6199 420.3476 324.0416 204.6351 187.2902 123.6771 51.8253 235.0153 190.8882 426.5289 421.7509 321.0335 221.1880 251.4016 168.8486 373.9652 407.1330 188.5110 182.9772 451.2836 322.6214 277.1998 282.0376 254.5532 338.1198 390.3101 59.1839 197.7049 338.5287 370.5605 344.8833 285.7453 192.4795 380.9042 383.0659 350.9390 74.4638 375.7261 316.9816 28.8736 118.1748 350.4341 231.2477 401.8119 201.5408 332.6631 53.9003 270.0987 66.9914 230.4167 133.6935 69.5769 169.2821 223.0572 71.5331 79.2088 284.8547 425.1019 224.8760 236.8910 161.9970 157.3252 155.8053 159.8737 262.0974 198.0472 133.0734 54.1074 411.3313 65.7873 446.2565 299.3362 344.1867 102.7701 437.5628 311.0166 253.9788 86.0316 58.2782 207.6785 233.3760 246.4636 158.7626 112.1701 309.9165 439.5608 171.0601 145.5167 383.5861 342.1553 185.0263 178.1222 403.6522 395.5031 364.4902 313.9265 279.4888 0.0000 348.4468 400.7840 357.5719 118.1774 190.0493 197.7214 262.8363 57.4937 296.5609 29.7166 215.3897 358.2870 291.0821 119.8010 176.5288 149.0619 338.7056 88.0683 305.4591 361.1693 239.9248 166.6788 202.1321 384.7324 100.1585 260.7766 327.2047 197.5306 45.1126 194.3434 432.7759 222.3965
185.1250 387.7714 91.1235 425.9585 334.5231 128.0912 292.7202 223.8383 308.3631 175.6110 96.6661 112.9716 176.7451 155.6756 73.4781 190.8735 317.5129 209.2424 257.0356 430.7143 203.9985 112.3425 185.2699 114.0145 460.1445 332.0312 153.7645 300.6276 369.9745 234.1741 391.7168 137.5255 232.8530 392.5478 376.4264 132.9106 135.6331 375.8525 252.3236 230.0539 370.0363 263.4167 110.0442 412.2060 234.3091 274.4612 153.7095 382.4632 146.5134 139.5083 324.5627 224.8026 294.4926 233.7069 358.8895 411.2748 384.4591 230.6024 237.6949 101.1063 208.0957 286.8489 96.7430 153.6578 323.1143 287.0171 321.6421 374.6431 255.8392 244.6369 230.5594 68.9194 369.7443 149.7853 314.5398 278.1597 223.1466 289.5946 188.6187 214.2636 30.0196 164.3247 455.6884 176.8188 109.6419 324.1343 385.0235 163.7217 215.6673 170.9342 284.9660 122.4712 427.1290 49.4001 230.7578 277.0077 415.5037 28.0562 91.1780 325.5187 433.8953 395.9654 279.5863 381.0556 159.2543 412.2153 327.3166 128.5884 298.4499 118.2180 309.1903 367.1392 228.3413 285.5932 315.4538 310.4247 172.5814 100.8209 155.8707 117.7686 348.0386 263.3819 371.8735 202.7388 328.4787 187.3855 231.2284 365.0625 282.9802 286.3053 243.3718 139.4733 121.8191 252.1859 117.5229 312.8815 390.0495 294.5114 395.6658 296.8696 409.9269 424.4768 448.3570 405.2434 313.8757 312.7810 372.3924 242.2181 361.1004 46.1091 459.0987 371.8030 410.9659 286.4419 170.7213 382.9426 233.5967 348.4468 0.0000 427.6073 297.4442 436.3083 205.2227 394.3574 405.9949 340.2547 434.1516 319.3364 172.2083 104.2135 148.6883 240.8879 190.3142 381.6355 338.9871 260.3793 100.2483 425.8325 155.5845 276.8272 147.2494 107.8909 305.4591 308.0173 42.1827 190.8713 362.0205 207.6444 292.6189 150.3146
337.3186 332.2981 355.7711 11.3420 443.5383 424.8303 138.5094 234.9436 121.2340 334.2087 360.6358 448.5312 385.9598 327.0836 479.9664 479.8333 123.7484 270.0674 170.7541 178.7553 256.9787 321.8722 262.5208 504.1841 304.4336 154.7370 275.4892 150.2661 203.8161 401.7358 247.2894 295.7906 224.2453 418.7049 173.5053 379.3848 295.8862 336.7872 328.4376 215.1130 80.8887 460.0604 389.7858 263.1789 193.3027 157.8450 305.9040 83.4196 301.6949 371.2464 134.3269 225.2881 137.3989 248.0406 125.1645 100.5809 255.8563 244.3548 242.9483 327.2968 237.5556 190.1870 493.9324 338.4430 213.8919 475.0740 350.7425 171.1987 512.1123 244.4511 255.3619 468.2131 184.5641 293.8220 232.9934 163.6783 249.5866 221.2180 311.4764 307.3862 402.4142 267.2109 177.9843 263.1806 322.5123 120.9513 370.2321 330.6419 216.1588 277.2993 144.5957 308.3361 256.0177 476.4271 221.9992 154.7790 397.9261 435.5977 336.4635 376.9700 358.1729 50.3633 189.7362 60.4832 332.6101 75.8772 438.6771 307.5911 345.2974 390.1565 268.6564 342.9665 280.2957 192.8919 331.1590 324.4070 257.0655 409.9269 455.2535 416.1511 240.9220 264.3496 255.7269 325.0212 142.7120 458.5866 324.2607 454.5271 186.0881 363.9028 267.7988 510.6834 312.8951 346.9415 407.2660 119.7780 156.5794 323.9244 386.9495 200.9705 192.9000 189.4324 323.1682 328.6705 119.3938 180.4720 239.6937 456.9072 72.5673 463.6778 303.3331 231.8531 24.2357 168.7356 273.8773 87.1839 199.1375 400.7840 427.6073 0.0000 134.5833 362.0758 282.4198 222.7419 155.6133 343.9240 137.6930 385.9165 295.7836 336.7667 280.0694 332.4226 432.7004 268.2998 89.7839 378.9226 482.9808 49.7269 472.2484 506.2870 366.9118 352.2707 303.6916 152.1048 385.5676 461.8404 364.6453 475.4588 196.3220 317.8692
207.8523 317.7543 221.7094 135.6732 387.8662 314.7677 5.1535 103.7542 48.5087 203.3405 226.1884 333.9531 289.3437 193.7773 355.1702 378.6273 79.0605 140.4643 52.2323 225.9747 124.6013 188.7066 154.5090 383.5183 328.6505 135.6225 143.7525 38.5693 206.8594 320.6828 253.2943 173.5597 93.6121 387.6757 187.0266 271.1762 163.1396 316.3151 259.1781 81.6253 107.3489 380.1951 255.3711 275.8078 67.6270 63.5190 171.5861 124.3004 187.2507 237.8990 50.1526 92.4840 56.7981 166.1101 133.2352 162.5241 256.1772 159.5642 162.4008 196.3524 133.5424 79.7151 371.4516 233.8905 186.0571 399.5564 306.0064 183.9721 422.0897 122.0207 129.6384 344.1467 191.2421 178.0885 198.6527 34.1227 120.7692 171.5111 216.9578 181.9468 274.1794 145.6746 240.4535 149.4650 189.8439 34.9089 346.5976 228.7432 82.5359 142.7890 14.9164 183.4548 278.0257 345.4392 90.1833 20.5616 379.9239 303.2230 206.6036 329.6117 356.8330 118.3227 127.4047 83.6114 229.3610 149.2181 381.5452 186.2597 292.3486 278.5987 228.6604 317.6853 200.2564 136.7360 286.7735 278.8485 133.9956 275.4030 348.9092 304.2651 224.7247 201.0295 249.5961 236.8755 119.3440 359.1110 246.9582 406.7201 71.6002 304.1643 147.5721 394.1597 179.5161 276.4914 273.1066 59.9312 183.7864 271.8738 363.8643 155.0107 223.0785 229.4199 336.9518 322.3706 61.7699 88.6118 237.0255 371.6326 64.0652 336.2909 327.3874 230.4235 115.0759 50.4685 139.2962 127.5243 89.4355 357.5719 297.4442 134.5833 0.0000 360.7557 191.3766 235.9709 194.3043 307.5993 201.9334 334.9075 191.7269 202.8753 154.3765 258.5955 336.5936 264.5269 59.4018 308.4897 362.6575 148.9345 364.0658 422.7504 262.1792 217.7087 258.4644 107.6197 256.0043 362.8276 333.1842 378.8179 91.1710 209.2398
499.3950 50.1426 435.6646 351.1010 169.3663 332.4674 358.1359 421.8902 314.4222 489.1978 448.2594 363.1908 269.3966 465.3153 432.9223 327.9778 285.1211 451.2131 326.9556 191.4633 428.7874 405.0021 288.3512 425.8086 79.0019 228.3812 373.5287 399.1002 161.3396 225.6466 115.1869 334.6924 417.8222 94.8565 189.9298 306.6350 389.0459 60.5596 184.0047 398.6697 291.3974 246.6150 488.8804 99.5397 336.5518 301.6206 437.6786 281.8997 308.6756 495.0813 407.9154 408.2417 303.9661 234.2794 245.2477 262.6625 108.1456 241.2985 233.7319 388.6616 282.3913 435.2998 428.7796 283.2105 174.9719 241.7815 117.6646 192.5636 309.0166 456.0202 454.9566 421.2086 180.3160 311.6948 165.0474 385.7493 440.6912 196.1692 251.2072 494.2067 407.8172 327.1147 205.8804 303.3680 400.3246 388.0739 59.9851 273.7158 368.7554 416.3468 351.3578 348.8059 110.7181 475.0684 411.5304 360.8218 54.3219 461.7530 385.4293 124.5145 3.9835 314.5922 238.2993 380.7753 278.1322 286.8675 170.8672 334.0729 139.8199 323.0500 144.7494 69.4433 219.5133 227.8808 120.9275 125.9234 330.9628 498.0927 333.4877 335.5712 136.0321 190.6453 112.0803 233.9541 245.1137 310.0028 205.1715 155.3089 426.2397 157.3629 479.2571 409.6328 403.0100 186.0989 508.0354 303.9352 205.5265 141.8163 61.4596 208.2233 170.8229 178.2835 50.2640 38.7443 302.3432 448.9894 126.4669 261.7621 366.8475 438.7536 79.2790 133.9712 371.8114 407.0762 409.9668 277.5886 303.3899 118.1774 436.3083 362.0758 360.7557 0.0000 244.5666 139.3423 207.5018 97.1398 233.9046 135.8124 277.1592 422.0371 344.6943 195.5359 285.5904 97.4853 324.0000 188.8893 410.3591 315.1959 350.0732 284.7460 290.5832 449.1574 133.6902 253.3341 407.6184 310.0930 81.0934 309.2595 447.7663 292.5964
260.2056 194.4305 191.1607 276.3709 206.5197 148.2310 186.5378 202.0056 168.5327 249.3804 203.7061 176.3103 103.5566 224.2315 227.2995 197.4649 158.7047 222.6930 139.7094 231.5240 201.3297 160.7713 50.0434 239.2119 256.7682 145.2330 134.3844 220.0325 167.0287 129.3972 186.5191 90.2846 201.9854 229.6085 178.3585 103.6232 146.8622 185.1653 78.4596 184.5746 206.1910 188.8306 244.3664 207.3123 132.9637 133.3323 197.6795 212.6847 64.5705 251.0879 239.5696 190.6280 150.9838 36.2106 177.4663 230.7182 179.5234 38.2976 41.4373 144.1131 59.9654 239.2577 233.7183 62.5467 120.0918 208.5544 145.1306 177.1389 232.9160 238.1280 232.4465 214.5043 169.7547 67.1294 109.6483 197.8992 217.8848 87.8240 29.2174 261.4237 175.2326 87.4507 257.4819 64.5102 155.9401 226.2814 203.9765 52.4811 151.8467 180.7694 176.7457 104.2468 221.9350 250.8944 195.8234 178.6540 238.3057 227.1254 141.3869 161.4003 241.5127 237.4268 95.5963 258.6784 55.8401 239.7856 199.4843 89.6843 124.1999 117.9878 105.8832 179.5716 25.1176 96.4513 131.0905 123.8706 94.8069 254.2064 174.6949 142.2631 142.8169 58.6062 167.0205 45.5306 148.6812 176.1668 60.0521 230.4173 230.6626 126.4687 256.8101 238.2610 159.4155 92.0965 263.6318 165.6985 195.1666 109.9732 218.6798 100.2395 208.3260 223.5579 247.8030 209.2339 165.5538 261.5298 167.1721 180.6691 237.4340 221.9666 255.6686 166.7145 274.8876 218.1461 174.6319 211.3830 102.6228 190.0493 205.2227 282.4198 191.3766 244.5666 0.0000 189.7432 210.9196 157.2337 243.1935 162.1017 33.8397 177.5524 102.7049 73.3273 150.5462 177.5047 197.5970 121.5229 218.6400 261.5583 192.4786 231.6968 88.3361 204.6799 111.2763 132.9180 169.8718 179.4311 183.3264 193.3855 251.1720 55.1048
406.6688 113.6368 365.5522 211.7908 248.8636 325.0530 234.3692 314.8754 187.5994 397.9718 376.5640 355.9506 265.1893 377.5769 414.6574 350.6706 157.0514 348.7688 213.4968 62.5013 326.9201 330.1747 214.8129 421.1277 92.6830 100.5933 288.7721 274.3766 30.1429 248.7270 25.3330 266.3431 308.5117 204.3811 52.0018 285.5211 308.3881 121.4264 175.8127 289.8963 153.7360 295.3815 416.6033 41.6952 229.3496 184.9572 349.4378 143.1116 249.0477 414.6288 279.2050 300.8167 181.1130 161.3305 109.1162 123.8216 36.2105 165.4583 157.8534 319.9967 198.2398 314.6512 418.2995 248.5875 72.3615 302.0279 156.6934 54.8968 357.6507 345.4168 347.5460 401.9033 44.9645 247.7505 80.1234 265.3788 334.3928 105.9428 211.2276 393.5143 364.3403 248.4308 85.9364 227.4249 326.8938 258.7522 154.2231 237.8220 264.7705 323.3385 229.3996 282.4049 42.3638 440.5949 302.6379 240.6569 177.8038 414.9573 321.2297 181.3641 135.4340 175.4612 132.2221 243.7747 241.9735 147.7400 246.1475 270.9357 162.9667 301.7160 96.9860 130.5493 168.6371 122.3716 141.0710 137.6665 247.4711 430.4731 341.1186 322.6874 50.6525 133.7714 42.2910 206.8821 116.6348 329.0676 186.7901 250.9547 305.9688 186.5296 370.4507 414.2472 325.3459 190.1973 436.6056 176.3167 66.1857 146.3375 169.6197 104.6548 35.7470 49.0474 103.8407 106.8413 174.5333 324.1942 29.1896 301.3910 231.5308 411.2903 91.4210 25.1664 232.7688 285.4154 317.1576 138.7366 201.1288 197.7214 394.3574 222.7419 235.9709 139.3423 189.7432 0.0000 69.3156 141.6653 100.0792 193.1364 222.1784 348.4500 267.6735 185.9800 300.8683 49.5848 190.9534 213.8374 401.7313 176.2693 359.6689 341.8014 268.4821 374.1873 123.2641 130.9199 357.1540 330.8649 154.8768 337.7376 326.6204 244.8158
386.1528 182.6416 362.0447 144.4349 311.8666 356.8972 194.0275 286.7810 146.9835 378.8397 371.5456 386.2918 302.2973 361.7108 437.4754 393.3583 118.1555 322.9752 186.3286 31.7211 302.5629 325.4361 220.7475 449.9696 149.7246 76.0040 279.7841 230.8147 60.2152 297.1035 94.6219 270.3012 278.7154 272.7788 34.2481 313.7208 300.9990 189.6280 220.8903 261.5492 95.6054 349.0465 409.6147 108.0561 206.8365 157.5270 334.4387 81.4957 260.0302 402.3834 230.7396 273.0735 146.5870 176.3511 61.6332 55.2864 104.8498 177.6581 171.5950 319.8525 198.8390 273.8688 444.6216 273.3599 96.2997 358.6350 217.8457 34.6100 408.9630 312.9116 317.7016 424.7134 45.8326 256.2173 114.0233 227.0563 306.0238 123.9526 237.4086 367.4603 376.5187 247.0936 51.2195 230.1962 323.2622 210.2739 222.8037 263.0273 242.2655 306.1207 191.5243 286.2871 100.4620 454.4250 273.5050 204.0392 247.1088 423.1241 323.8073 243.6628 203.6611 111.0618 126.7365 183.9930 266.6221 79.8062 308.4190 277.7838 219.6695 328.6891 144.5016 197.9282 195.6155 120.4083 200.1453 195.2001 242.7855 425.9124 378.4269 352.2462 102.7923 165.1611 108.0254 239.8719 85.2553 371.3630 226.2727 316.7251 265.8963 242.0874 338.6072 447.3628 318.9867 237.7297 429.4623 135.7104 15.9736 200.3594 238.5446 111.0754 37.2885 36.6757 167.5597 176.1031 133.8374 278.7824 92.1608 352.0263 175.1792 429.7506 148.5783 84.8262 167.9922 244.7450 300.4258 77.0441 186.3100 262.8363 405.9949 155.6133 194.3043 207.5018 210.9196 69.3156 0.0000 205.6068 35.4752 254.6477 238.8289 343.5449 265.7606 229.1029 343.2063 118.0823 140.4188 265.5856 429.5085 107.7759 396.9305 396.1745 297.5322 367.1572 177.2747 105.7152 365.8253 373.7073 221.6710 383.0525 284.9226 263.0468
417.1641 53.5858 345.6689 334.1433 107.1996 235.6193 303.9817 350.1748 266.7272 406.4394 358.5370 266.5268 172.3650 381.4320 335.8687 236.3984 241.5256 375.5402 264.9870 204.1655 353.4392 317.2901 205.1476 329.7652 144.8746 191.7684 290.9402 343.9845 146.0372 131.7129 119.0871 246.8910 347.9024 80.0769 176.0316 209.6896 304.0916 39.2674 88.3523 329.1067 264.7248 163.5810 398.6931 122.6020 269.0565 244.4440 354.6865 260.5398 218.9827 407.6120 357.4132 337.3215 252.6105 156.2574 218.8346 254.3722 106.8798 163.8106 157.3229 299.2316 204.8202 374.4098 332.1646 188.1739 131.2076 165.4144 21.5566 177.5217 227.4510 385.7905 382.4492 324.1083 163.6954 223.3209 113.4909 326.6096 367.8515 136.3482 158.6027 416.3839 312.1922 243.8360 226.9478 220.2264 312.2275 339.2778 46.8699 179.1991 297.1878 336.3341 295.6615 259.7996 141.4630 378.1844 341.5407 302.7635 81.0823 366.1500 294.6845 40.4798 95.2152 293.6191 180.2334 347.0795 183.5269 275.2429 104.6423 244.5051 42.6866 226.0313 79.5881 28.0056 133.3180 171.2538 26.2518 33.3964 249.7120 406.4212 238.4646 238.4834 104.5095 112.4338 99.4270 139.2197 206.7300 217.1031 110.1885 111.5984 365.3034 61.8700 407.0612 314.8559 316.4241 89.0057 417.3331 258.0715 196.5263 47.8300 61.6111 154.4375 177.0719 190.6702 122.5620 73.5320 256.8552 392.0683 114.2343 174.7756 329.4593 341.6584 144.3064 121.0946 347.4586 348.2923 330.0568 256.9080 234.8471 57.4937 340.2547 343.9240 307.5993 97.1398 157.2337 141.6653 205.6068 0.0000 239.6161 52.9072 187.5280 333.4739 259.8613 99.4842 191.3259 94.3138 284.5758 94.0130 313.8217 303.7926 255.6240 207.3736 193.8283 360.5155 50.2982 207.0334 313.1485 217.6488 26.7380 219.1476 386.9500 200.1209
401.9695 213.4893 385.3936 126.3639 346.3011 390.2075 202.5545 300.0938 157.6309 395.3932 394.2292 419.2182 336.6332 379.9556 468.5554 428.1931 132.0810 336.9117 202.8079 42.9076 317.5450 348.7017 249.1392 482.3976 168.9798 102.1304 302.0294 235.9514 95.2933 332.4926 125.1577 297.2956 291.2589 304.4408 69.4633 346.5301 323.5558 221.5014 256.2152 275.2261 95.7430 384.5168 431.1974 134.8677 224.8852 175.1755 353.3887 79.0525 289.2416 421.8322 232.2338 286.8331 161.0293 207.9204 78.0897 41.9970 136.2805 208.5695 202.9902 344.8587 226.1011 279.8926 476.5088 305.7401 131.2061 394.0064 252.5288 69.4891 444.4106 323.3412 329.5534 455.8390 81.2755 284.7707 149.2725 235.7985 318.8604 157.3847 270.3550 380.6928 405.0163 272.7113 41.6819 257.4617 346.9684 212.3552 254.2605 295.5739 259.3460 324.4642 201.7360 313.0463 123.7052 482.9939 286.5118 214.5703 276.7059 450.0989 349.7081 278.1704 230.2005 100.7472 154.7984 176.2905 299.0292 64.4530 343.0210 305.5762 254.9171 361.1765 179.9735 230.4458 229.1183 149.8201 235.1035 230.3221 267.3104 448.3361 412.5828 385.1440 137.8263 199.6125 140.9326 273.9136 107.0797 406.1855 261.1649 350.2320 272.5524 277.4439 349.0420 480.6550 341.7089 273.1384 450.8331 147.1204 49.3445 235.7447 269.4636 142.9540 64.6991 55.6434 190.3787 205.1346 145.3244 281.4990 125.5008 387.4695 171.5243 459.7374 167.9556 118.5216 154.0876 251.4930 319.0753 75.2415 208.4325 296.5609 434.1516 137.6930 201.9334 233.9046 243.1935 100.0792 35.4752 239.6161 0.0000 289.3351 269.7585 366.5470 290.8657 264.2895 378.0790 149.6532 144.0323 301.0608 461.7664 87.9807 431.0388 431.6400 330.5892 389.0924 212.6195 128.0852 393.3335 408.5861 254.5712 418.1612 290.1212 294.0784
419.0240 102.1070 338.4585 376.6821 57.8757 203.6897 330.8048 363.4350 298.2777 407.8711 351.5292 233.0621 143.7078 381.9728 304.6406 192.2635 276.0145 384.7705 288.1118 255.4827 363.4273 314.1599 212.1447 293.3221 194.9238 231.4725 295.0943 369.2235 194.4852 92.2643 171.3686 245.7600 362.6977 73.5063 223.4721 186.4258 305.0058 87.7096 83.7136 344.6427 305.4498 112.8523 390.3026 175.5078 288.0420 271.4712 356.7845 303.1837 216.0553 403.1434 385.0545 351.5467 282.7040 172.6093 261.0938 300.8822 159.1379 180.0215 175.1665 293.9543 218.0239 395.3050 297.8977 174.9200 172.1599 112.8283 36.8084 224.6334 176.5207 399.5457 394.3657 293.6796 211.0138 222.3190 152.9270 349.7368 379.7710 168.8574 153.7532 422.8497 293.2620 248.8465 278.8711 226.4866 308.6608 368.2525 76.0259 168.0328 311.9632 342.1242 321.8006 256.3598 194.3562 352.5854 356.4274 327.2288 99.2339 346.5045 287.3336 12.6446 135.0516 335.6090 210.1200 383.1698 171.8507 320.4464 53.8357 240.7105 42.6372 201.4994 117.2648 75.2027 142.3542 202.6222 55.2404 61.5625 256.8318 395.3939 199.8814 208.9464 152.0090 133.8801 150.8735 130.4336 244.9981 174.7639 104.1149 71.8264 386.3525 36.3874 418.7996 275.3342 314.8847 73.2986 407.8464 290.8516 244.3630 63.7364 80.7471 188.6877 228.0977 242.1708 170.4757 121.7066 289.8651 415.2180 164.9112 126.3696 364.2918 314.1480 194.4732 171.2971 387.2372 371.1337 336.1046 299.8645 254.4252 29.7166 319.3364 385.9165 334.9075 135.8124 162.1017 193.1364 254.6477 52.9072 289.3351 0.0000 186.4163 328.7361 262.3174 90.7184 151.5354 146.8599 319.5932 59.2165 279.3207 348.5186 215.7139 155.1807 172.7144 355.1318 82.2431 241.7243 297.6077 174.6565 55.2685 173.4484 407.6533 192.8570
232.6948 227.0913 158.6572 290.8027 225.4823 129.1077 186.6494 184.7351 177.1268 221.6006 171.3830 154.2324 97.9471 195.8711 198.8080 187.5200 172.8988 201.0392 139.5889 261.1934 180.7585 129.8539 37.3803 214.4099 290.6003 169.1790 109.2416 215.7361 198.3504 137.8226 219.8963 59.8095 186.3623 256.6453 207.3297 83.6124 118.6585 217.3051 103.5640 170.4894 223.3876 194.9435 211.8530 240.9336 127.4065 140.2702 170.3784 231.8703 31.5813 220.1147 237.1249 174.7922 159.8199 62.7681 199.9470 253.6338 213.1407 61.2277 67.3180 111.8685 59.4984 228.9682 207.2861 43.0223 151.3547 216.6905 173.6911 205.8565 231.0890 220.4193 213.0964 186.0831 199.5622 36.1551 142.3383 192.3267 198.8389 118.1620 33.4313 237.1090 142.1888 64.7786 286.8228 46.4623 124.7249 226.2576 234.3976 37.0165 138.6272 156.5909 176.8115 72.2782 255.3040 218.6315 180.5269 176.2673 268.2837 193.5771 108.2808 187.3612 274.1955 253.6655 116.9814 265.6973 37.8399 260.2243 218.1672 57.1015 151.6306 95.2254 139.7098 211.0711 58.6008 120.2767 161.2766 154.4609 74.9046 221.0381 160.0362 120.9590 176.1233 92.4042 200.6812 57.7121 169.9807 167.5559 82.3288 251.5083 220.8890 150.0733 236.8812 216.7367 129.4673 113.5937 230.8990 176.4280 222.9030 139.7523 248.4362 127.8301 239.0243 253.9678 281.5321 242.3702 176.6347 252.9086 200.3952 183.2714 244.1760 191.3152 289.4989 199.6322 285.7441 211.0458 150.7698 231.1123 102.9177 215.3897 172.2083 295.7836 191.7269 277.1592 33.8397 222.1784 238.8289 187.5280 269.7585 186.4163 0.0000 145.9544 76.1261 95.6986 144.9584 211.3076 207.8404 138.8867 193.4017 279.8583 176.6297 234.1410 71.7035 173.0180 143.5070 151.9737 136.1641 171.2205 213.0311 187.0910 240.2425 24.3324
98.7838 371.8946 19.2679 336.6823 360.1195 185.9108 198.6025 120.0815 223.2234 87.4496 28.1940 187.2148 205.5051 61.9158 174.4714 258.7099 239.0519 105.8460 170.9640 372.0040 99.8146 18.3067 136.1870 211.9800 427.8091 267.5509 64.8105 200.3678 320.3301 261.7991 352.2998 87.3476 129.4817 400.7593 318.8713 162.8856 43.1496 362.7068 248.1580 128.7688 289.4492 307.8739 68.3510 375.1006 147.2261 194.2639 50.7604 303.9408 114.5099 74.4892 223.9195 122.2438 212.3535 192.0419 288.5604 337.1736 347.8637 186.2033 194.1501 34.7830 150.2131 183.1783 195.9899 155.6442 276.4910 331.9560 319.1999 316.5253 320.1289 140.7265 126.8716 166.7789 315.0716 110.4824 273.9214 179.2529 118.9678 243.6969 176.1165 118.7489 91.6766 100.0727 394.7361 122.1257 21.9185 225.8396 380.3416 161.1483 120.6155 67.1708 192.1711 73.6763 386.7561 147.4270 127.9174 182.3729 414.1346 102.6413 43.0968 331.1332 418.9350 311.5108 219.4937 285.5562 157.6341 333.4109 352.6265 89.0273 296.7321 156.9752 280.4908 356.8602 202.5424 228.0774 307.2239 300.4088 101.5925 82.5515 221.9984 172.9795 309.4069 232.7822 336.1592 198.4833 259.7236 247.4419 226.2387 388.6199 179.7711 292.5018 141.5596 232.7088 24.9684 255.5207 88.2803 230.0507 328.2332 285.6778 394.2392 244.1347 355.7986 368.5929 422.2789 386.2032 231.3900 208.9047 332.2548 289.7952 266.8698 149.2736 426.6296 329.5736 317.9428 184.9706 67.7164 305.3046 158.1148 358.2870 104.2135 336.7667 202.8753 422.0371 177.5524 348.4500 343.5449 333.4739 366.5470 328.7361 145.9544 0.0000 80.8728 239.0395 238.6982 348.6274 251.6418 275.3375 194.3579 342.4212 229.2312 334.4401 168.1514 27.1275 288.8110 238.7306 71.0016 251.4704 358.8565 269.7896 188.5550 135.8906
157.5540 294.6730 97.9502 277.8998 301.2161 168.0878 149.3496 114.8890 159.9084 146.6848 108.9135 182.8415 161.4232 121.5771 201.1246 238.0137 169.2157 126.1832 109.3825 293.2613 107.0895 62.6836 56.4812 229.2791 347.2661 189.9416 33.2842 166.6501 239.7633 209.9811 271.4704 22.7147 118.8383 331.7072 239.5769 129.4515 44.4190 286.3896 178.9995 106.4058 221.5712 264.0645 149.1935 294.3369 87.8229 125.7927 95.0267 234.4239 50.0987 150.8974 190.3099 107.5210 145.8075 112.0149 213.7161 264.7491 267.1889 105.8419 113.7813 54.1019 69.4669 168.1018 217.0754 103.1574 195.6372 286.9918 247.6952 237.3504 291.1641 149.0451 140.0762 189.9018 235.1682 41.6038 193.2068 142.5634 126.3939 162.8323 109.4330 161.0114 122.4349 19.2482 316.7257 41.7654 59.2214 185.0669 306.5181 103.8935 79.5931 80.6711 140.6130 29.0821 305.8855 198.0185 113.7989 134.8410 340.9436 160.6857 59.3189 262.8058 341.4443 247.2805 140.0217 237.0056 101.9528 264.2088 293.8542 35.0630 226.3230 132.2351 201.4269 281.5373 126.6951 148.1168 233.7635 226.4725 24.0747 162.8438 204.4288 156.2595 228.7032 154.2115 255.5903 133.6280 183.8579 221.3304 158.2134 327.5640 161.2786 226.0358 163.0342 241.1859 58.9297 189.6936 169.1472 164.1991 250.1563 212.6770 321.3618 163.5718 275.9798 289.1690 342.4972 308.0268 165.1876 193.9037 251.4259 249.6255 216.2179 183.6526 346.0780 248.7030 264.6337 156.8577 75.0180 235.1247 85.2612 291.0821 148.6883 280.0694 154.3765 344.6943 102.7049 267.6735 265.7606 259.8613 290.8657 262.3174 76.1261 80.8728 0.0000 171.6588 204.3145 268.2767 190.8195 214.6056 208.5307 277.1732 217.3206 298.9923 126.2924 107.1436 212.8644 162.9212 106.5204 225.3424 286.0234 243.0299 177.8756 77.2337
328.3284 147.7190 249.6867 324.7559 133.2491 143.7457 254.0316 275.2676 228.7990 317.1928 262.7092 175.2098 80.9301 291.3433 241.0288 165.2890 212.2908 294.9810 208.5092 241.1557 273.9526 223.9975 122.9541 240.3057 228.0868 181.2245 204.5407 289.8904 173.1327 69.9846 173.2483 155.1147 275.3122 161.7386 194.8804 111.8892 214.3001 135.2557 11.8458 257.8473 252.2281 127.6419 302.1905 188.3464 204.5987 196.9676 266.0672 254.5497 125.5434 313.5283 308.0467 263.9540 211.7969 92.5296 214.1888 263.1261 162.8181 99.0509 96.4835 204.3208 132.1826 311.6472 240.1627 88.9121 133.2386 143.6820 81.9330 194.8052 182.2403 311.3782 305.4383 228.8032 183.4545 131.6254 115.0866 268.6711 290.9185 113.1663 63.2042 332.3876 212.7128 158.6211 267.2475 136.8068 218.5872 293.1652 145.1132 80.3984 225.1031 251.6968 244.4815 166.0949 206.2374 279.8223 269.1467 247.9554 177.3020 266.6730 198.4482 92.1438 193.2198 283.8824 143.8936 318.0791 84.6078 277.7191 126.2708 150.4638 58.7566 128.5485 89.0130 126.2612 58.3999 139.6359 74.6109 69.9979 167.1145 308.7014 155.6062 144.1805 135.4537 68.6181 150.5974 40.8273 190.4846 143.4744 13.5123 157.2627 302.9227 54.3831 329.6989 230.1799 224.4217 18.7767 320.3188 223.5720 215.0973 54.1132 157.2675 132.7117 214.3509 230.0815 211.8916 166.0525 222.9938 333.2210 157.8137 125.6985 297.6233 244.3371 227.2058 160.8140 328.9059 289.4470 245.7349 252.1842 172.4856 119.8010 240.8879 332.4226 258.5955 195.5359 73.3273 185.9800 229.1029 99.4842 264.2895 90.7184 95.6986 239.0395 171.6588 0.0000 115.2038 155.5524 254.7175 49.8969 222.4240 303.2146 174.0696 174.0065 95.3890 265.7110 69.6056 180.6529 213.9109 145.4945 122.4701 153.9994 323.7120 103.3816
337.4359 244.8654 240.7204 426.3498 149.2572 62.3412 331.5343 319.1820 318.5324 326.0530 252.9088 85.8291 47.4470 300.1087 157.8858 50.1834 309.1118 326.5591 284.3910 356.2821 309.7539 230.4928 182.3188 142.1223 333.8686 289.0061 234.9921 360.2483 288.2205 59.9497 286.8352 181.7528 323.0082 218.6403 308.9666 77.0104 234.0019 230.5919 125.0568 309.4358 355.2369 73.1884 284.8212 299.9650 272.1104 282.5428 281.8154 360.2406 156.4126 306.4160 381.9574 311.5891 300.9815 184.7476 322.1673 373.5164 275.8429 188.3710 189.8932 207.6038 203.4160 370.1774 148.0182 104.1039 246.9233 97.0527 169.7926 308.6833 87.0945 352.7978 342.8260 148.3607 297.8682 165.9972 229.5381 336.5780 329.7683 222.7984 121.9381 353.3868 171.2105 201.6183 382.4121 189.5369 224.6298 371.1936 226.7988 107.9898 279.4280 279.2464 321.6850 182.9385 318.4563 212.7451 317.7804 321.1974 250.2930 218.3251 196.4138 161.6667 284.3491 386.7797 243.9280 408.3876 107.7809 385.7427 142.6163 170.4470 150.7374 81.9210 204.0591 218.9643 153.9951 242.6524 173.8493 172.9259 213.5438 283.2596 48.3916 72.7808 250.4976 178.8548 264.0355 108.1704 295.4706 28.2742 116.9342 179.8388 362.6141 129.4565 364.4536 124.0563 235.4802 111.6377 298.5212 316.1428 328.7400 159.4567 232.2408 240.6266 329.5466 345.2818 313.5073 264.7407 316.0384 395.1039 272.3752 52.5462 386.9877 172.6211 333.1497 275.7249 425.4298 354.5311 274.7730 358.4678 247.4257 176.5288 190.3142 432.7004 336.5936 285.5904 150.5462 300.8683 343.2063 191.3259 378.0790 151.5354 144.9584 238.6982 204.3145 115.2038 0.0000 267.2707 348.0315 97.3204 129.4970 409.3594 64.4866 96.2079 78.0946 260.3380 180.3747 281.7836 183.4123 30.5073 204.6007 42.8450 380.7382 130.3439
416.7243 64.6597 364.3329 257.6218 201.1463 298.8527 262.1460 332.1209 217.5701 407.1992 376.1876 330.2594 236.4752 384.8824 393.4975 316.0101 187.9544 363.6316 233.8663 111.3101 341.2939 330.7034 212.4499 395.5307 79.4961 130.9976 293.5894 303.0292 64.8659 211.5953 25.1139 262.7660 327.0818 154.8769 94.8007 263.0845 311.4320 71.8489 144.2467 308.0021 194.8941 253.5053 416.8781 32.8212 245.8905 207.2096 356.7426 186.4291 241.0640 418.6836 310.9823 318.1985 207.8882 156.6096 148.3635 171.3909 13.3744 162.4688 154.5219 317.5209 200.8962 340.5302 394.5559 230.1183 80.8740 258.0439 111.3678 97.1670 316.8017 364.9971 365.2432 380.9431 84.1423 241.6969 76.1131 290.8458 351.3565 108.0221 193.5202 407.6996 351.8174 249.4772 133.0104 226.6104 326.7223 290.9976 104.7816 219.4933 279.7809 332.8528 255.8094 278.2515 51.1995 425.5437 320.9134 265.8416 129.8273 404.3842 316.7560 134.6644 93.5046 219.5674 146.1501 283.7310 223.8902 194.5976 198.8825 265.0593 121.4200 279.7478 72.5163 81.0842 153.4702 135.5900 98.1993 96.5092 250.9448 428.7838 310.5448 298.2507 41.8058 118.9042 14.9472 183.8840 147.7464 295.0098 159.4909 201.8452 331.5537 145.1893 389.0959 385.6659 327.1614 155.6889 436.6657 206.9068 112.6566 108.1856 120.4733 115.7991 85.2486 97.5804 75.9446 60.9643 205.2792 353.0469 29.1842 261.6204 269.4588 393.3363 78.3598 36.9024 276.3755 311.8828 326.5028 182.2391 214.2128 149.0619 381.6355 268.2998 264.5269 97.4853 177.5047 49.5848 118.0823 94.3138 149.6532 146.8599 211.3076 348.6274 268.2767 155.5524 267.2707 0.0000 226.5148 174.8918 377.1701 223.3820 328.8323 299.0030 245.9367 375.2960 86.9769 156.9072 347.3422 296.3763 105.5671 301.3455 352.8858 231.5584
266.3165 285.3562 270.8632 87.0820 375.6490 336.4678 61.1128 162.2817 31.4689 261.2762 276.8965 359.4365 300.7878 249.9707 390.2304 393.8843 43.5825 199.2287 82.0564 171.5568 182.2598 235.7995 173.5351 414.4828 282.7077 96.0592 188.5751 91.9247 164.0085 322.1208 211.3473 206.0769 152.4438 363.5324 139.4850 291.2030 209.5953 286.3606 252.5705 138.9473 48.4674 381.4628 308.9519 232.3044 105.3447 68.3379 226.1074 65.4145 212.1862 293.7743 90.3444 150.2496 48.1345 165.2532 82.4892 103.6813 216.3663 160.5159 160.4621 239.4426 148.8656 135.8694 404.1541 250.7848 154.8414 398.3935 287.0277 136.4715 429.9770 181.3441 189.0129 378.4487 146.2304 204.1809 171.2453 93.4897 179.8366 150.7405 226.1139 241.2433 313.2539 177.5227 183.7225 173.5727 235.9137 69.8562 318.5722 243.5355 132.3476 196.7755 63.2251 218.8338 231.6147 388.0551 148.5929 75.6564 350.0384 348.1898 248.0498 312.3626 320.0193 60.7366 111.3598 63.7998 245.2006 89.8457 370.0198 217.8233 277.3041 301.3873 205.3003 289.8381 199.0778 117.4755 267.2240 259.7104 167.5597 328.2860 367.8318 327.4149 190.2426 189.4017 211.9971 241.8478 79.5865 373.0411 245.0152 390.7233 128.6352 292.9699 206.8197 421.4120 227.1629 270.9047 327.4169 31.8986 132.0783 255.9266 335.8847 131.1043 172.5390 176.6878 294.4638 286.7926 32.1117 138.5518 197.6374 376.1728 44.9012 374.2394 281.4698 190.3049 77.9069 107.6729 192.5012 68.9183 109.3993 338.7056 338.9871 89.7839 59.4018 324.0000 197.5970 190.9534 140.4188 284.5758 144.0323 319.5932 207.8404 251.6418 190.8195 254.7175 348.0315 226.5148 0.0000 303.3893 393.2889 91.8448 384.4540 426.5610 279.4197 269.4036 238.6549 77.9639 296.8436 376.4502 308.3953 390.8745 146.1342 229.2421
368.6236 147.5741 283.7173 370.8229 86.6186 145.1960 303.9284 322.2136 278.1135 357.2964 296.7807 175.1754 84.4946 331.0804 246.2138 143.0845 260.5463 339.9157 258.3502 273.3077 319.4740 261.8256 169.9290 236.9825 237.3949 225.6569 247.8695 339.6793 206.7340 37.8570 196.5647 195.9461 322.8406 132.1686 231.9290 127.5208 255.3254 133.2758 50.8496 305.7919 298.2385 83.6107 334.6851 206.9522 253.9428 246.7391 307.1531 299.2889 165.9028 349.2763 357.9363 311.3803 261.2469 142.4055 258.0148 304.4897 184.8820 148.9474 146.2940 240.6734 181.1864 360.6955 240.4976 119.8185 172.5915 96.2077 72.4734 232.3300 144.0486 358.2087 351.5448 235.0388 219.8457 173.3023 153.2455 318.3012 337.1560 157.8895 105.4694 375.5021 234.7014 203.4737 298.6506 182.9672 256.1458 343.0444 131.1006 114.3881 273.1351 295.2656 294.3770 204.7888 225.8236 293.3900 316.7636 297.7815 157.7057 287.6855 233.0411 66.9697 187.4829 329.6909 192.1320 366.9681 117.7433 320.8412 79.2834 189.2721 54.4355 142.3760 121.1157 121.6596 108.2855 187.0569 78.0047 78.4687 212.9041 338.7117 144.7328 149.9589 165.5410 114.7821 173.9793 81.1864 236.2988 123.2810 62.0492 113.5993 352.0468 32.1574 375.5286 221.0494 263.4871 32.4985 351.6948 272.5385 252.7822 67.5576 138.5612 178.0342 245.7700 261.1011 216.3502 167.4770 271.8901 382.6183 184.6699 87.5565 346.7127 255.0640 236.7251 189.3134 376.5294 338.9565 289.5314 296.6222 222.1760 88.0683 260.3793 378.9226 308.4897 188.8893 121.5229 213.8374 265.5856 94.0130 301.0608 59.2165 138.8867 275.3375 214.6056 49.8969 97.3204 174.8918 303.3893 0.0000 221.9820 347.3078 161.6837 130.8113 114.4060 301.1515 90.5831 228.0815 239.8882 124.0020 108.3699 126.9771 372.6588 140.6537
283.7931 366.3160 185.7560 479.2824 277.8058 78.7909 357.5841 307.3717 361.8218 273.7714 193.7340 47.4183 142.3490 251.9765 33.9687 107.6385 363.1817 299.5984 315.1156 449.0607 290.2933 196.5497 221.7642 21.2255 450.4198 362.3316 226.4892 374.0906 382.6899 187.1029 392.8386 189.2598 314.9243 348.0075 396.6384 116.4949 213.9002 352.6295 234.1282 307.9619 415.0045 195.1448 210.2860 409.7631 295.3739 325.1493 245.0908 424.4998 181.5323 239.5676 398.0069 305.2465 345.6311 253.9233 393.3466 447.0311 383.3004 253.8033 258.9284 178.1039 247.0114 368.5533 18.5852 156.1487 336.6431 216.0577 292.7998 395.5402 169.7028 333.3065 320.0704 31.9593 387.4924 189.1729 323.1139 350.2503 310.5586 305.8691 192.5108 310.7643 102.7565 217.6028 475.2347 219.8288 192.0902 393.5707 353.0825 166.5209 286.4490 256.3338 348.5975 179.5047 427.0574 96.4132 311.5826 343.3335 378.5336 122.3137 165.4153 288.5492 408.7332 444.2858 310.3727 444.4204 162.8866 453.2356 271.4328 176.7505 271.4152 100.9124 306.9069 341.8273 235.1075 313.2967 292.8245 290.0564 228.8867 200.0977 82.2325 79.1405 351.6288 268.6842 370.7522 194.9272 363.3554 113.5799 217.6813 308.1020 363.2427 253.0348 335.8891 39.3134 205.1857 226.6459 216.9037 363.5273 413.7902 274.8359 359.9463 318.8409 424.6467 440.2116 433.1160 385.6694 364.0839 394.9130 375.5585 173.2811 423.2751 59.7795 449.5561 377.0648 469.8574 362.5863 254.4986 423.9664 283.8935 305.4591 100.2483 482.9808 362.6575 410.3591 218.6400 401.7313 429.5085 313.8217 461.7664 279.3207 193.4017 194.3579 208.5307 222.4240 129.4970 377.1701 393.2889 221.9820 0.0000 471.7566 71.9218 195.1047 133.3596 204.4508 292.0290 345.0162 123.3582 115.7672 330.3126 128.1613 376.1591 169.2827
356.7749 287.9109 361.6836 38.4161 406.3912 408.2529 151.5433 252.6884 119.2267 352.2232 368.1539 434.0881 363.8160 341.6538 472.2200 457.9745 109.1689 289.3309 171.5613 129.3634 273.3367 326.1086 250.0908 492.9516 255.4036 122.0021 278.5447 174.4374 160.0154 373.1806 201.2674 289.8250 242.4983 376.1482 129.3439 362.7909 299.8930 293.4248 297.8571 230.1134 56.7742 430.0214 400.7271 215.8221 195.2758 151.3805 317.9510 49.1190 290.7617 385.5372 163.8889 241.2222 131.5418 225.7148 89.2956 52.5336 210.5566 223.3518 220.4735 328.0899 224.8729 217.6077 484.1624 321.1768 176.9676 443.3434 312.4916 127.3773 485.0779 268.3148 277.4313 460.0026 141.1429 283.9172 196.5457 182.0120 269.4424 190.1040 290.7345 329.9657 398.8634 261.9250 128.3397 253.5750 325.8466 146.5449 326.9025 312.3978 224.0171 288.6200 154.7878 303.8749 207.6662 475.1869 239.1093 166.8988 353.1938 436.8656 335.8017 338.8103 311.3374 31.1179 166.0575 96.3657 314.9209 28.8354 401.9950 300.6165 309.3464 375.0802 231.8461 300.4424 255.3796 166.7088 293.3141 287.0546 253.2520 419.9485 436.2334 400.7258 199.4915 234.6058 211.6128 301.2240 113.9033 436.2682 296.5180 415.2298 211.9034 329.3952 293.0987 496.5917 317.7191 316.1709 419.2473 113.2466 110.7397 288.3339 343.2694 170.5495 144.8779 140.4232 274.8958 282.9489 112.1359 212.9274 195.4596 428.8544 98.7404 458.4687 254.3225 187.6738 67.9087 192.2548 284.3216 51.0912 192.4055 361.1693 425.8325 49.7269 148.9345 315.1959 261.5583 176.2693 107.7759 303.7926 87.9807 348.5186 279.8583 342.4212 277.1732 303.2146 409.3594 223.3820 91.8448 347.3078 471.7566 0.0000 453.9040 476.8933 348.9137 360.9111 266.9032 128.7030 383.6842 439.2639 323.0051 451.6377 225.7741 303.2793
326.0752 309.1034 226.0303 466.9935 208.0757 49.4877 358.9138 328.2496 353.6271 315.1633 236.5699 43.4140 94.9409 290.7345 104.5007 36.4531 348.9082 328.3534 313.0212 412.5356 314.8658 225.8389 211.6867 80.2447 397.3718 336.9000 243.1424 382.3836 344.6182 124.4363 347.2786 195.0685 333.9699 281.1562 362.9417 93.4413 236.3760 294.8885 184.9018 323.3005 398.1409 123.7706 261.5948 361.6414 296.9164 316.6609 277.6564 405.1232 176.8817 287.6606 405.4482 323.1457 336.3935 228.5834 369.5661 422.3849 336.6926 230.5734 233.8304 203.9763 235.7487 385.1155 89.3860 133.8101 301.0463 144.2175 234.1188 362.3370 100.8823 358.7780 347.0195 98.0230 352.5025 186.1889 284.9744 358.2358 335.4444 273.7983 163.4508 347.8942 145.4987 220.3333 438.8273 214.7347 220.3963 397.4849 291.1986 141.8139 296.6475 281.8543 349.2915 190.8010 379.8513 165.1838 329.5447 346.5600 314.0687 181.9554 191.3397 226.0455 348.8356 429.0369 288.0692 441.3907 139.6684 432.2266 202.0244 182.3385 214.6001 85.7632 262.7459 283.3413 202.3432 288.6319 237.4345 236.0419 232.5103 255.4872 18.5879 61.0719 309.0237 231.8598 324.5797 157.1253 341.1259 42.8086 173.0298 237.9837 378.5111 193.7682 366.1667 59.6294 232.8630 173.4761 271.8890 353.0527 381.8605 221.9777 296.2975 289.8650 386.4812 402.2519 377.5570 328.9313 353.2445 411.0933 331.7907 102.0712 419.8644 125.6416 396.6208 334.5238 462.3490 373.8367 278.5466 403.8584 277.8212 239.9248 155.5845 472.2484 364.0658 350.0732 192.4786 359.6689 396.9305 255.6240 431.0388 215.7139 176.6297 229.2312 217.3206 174.0696 64.4866 328.8323 384.4540 161.6837 71.9218 453.9040 0.0000 124.3611 105.3779 245.9113 241.9063 325.2012 162.9097 44.4358 269.0668 56.3226 394.4183 155.7756
433.2236 256.9829 335.6018 498.7285 117.0621 151.7153 417.8354 413.7972 398.9757 421.8745 347.4967 164.3334 137.8870 396.0403 228.4761 87.9177 385.0467 422.4300 370.7214 402.5977 405.2225 326.6263 271.1111 198.8943 349.7348 354.9155 330.3540 449.3730 336.9132 104.6357 322.4264 276.6687 417.0989 197.0799 362.6530 173.2004 330.0651 242.7226 179.0560 402.7337 426.2254 47.2014 377.5763 329.2926 361.0522 364.7364 378.0170 428.4109 249.9715 400.6669 470.0562 405.5907 381.5552 261.4474 387.6739 435.0955 310.3373 266.6484 266.1453 303.7405 289.5154 462.5901 211.3036 196.6271 303.3252 43.0146 188.0649 363.0967 29.3522 447.9366 438.3240 222.3826 350.5134 259.3883 284.0338 426.2417 425.0574 286.8172 205.9464 449.5905 261.8867 294.6974 427.4531 280.2676 320.7725 457.6482 225.7447 198.3818 371.8311 375.1565 407.9967 278.7340 348.2796 289.5447 411.6750 408.9632 237.0047 304.1249 292.4246 167.8206 284.8357 457.8868 317.0420 489.0914 199.1342 450.9107 114.3479 265.7898 178.8366 177.4673 251.6829 230.2250 227.4865 313.3979 201.1844 204.1452 306.3034 374.1812 120.9916 164.0416 295.1174 242.5284 300.5254 186.2048 364.4873 89.7877 182.1368 140.3285 454.7033 155.3205 460.2479 171.1500 331.6831 160.8397 390.0249 394.9133 383.5426 196.3787 223.8903 306.5952 374.9599 390.0000 324.3950 276.2708 394.5171 486.9046 312.6779 51.1298 468.1279 249.9270 349.3316 317.9545 502.0596 445.1800 370.5680 425.9527 333.4416 166.6788 276.8272 506.2870 422.7504 284.7460 231.6968 341.8014 396.1745 207.3736 431.6400 155.1807 234.1410 334.4401 298.9923 174.0065 96.2079 299.0030 426.5610 130.8113 195.1047 476.8933 124.3611 0.0000 172.9538 355.3805 219.6715 354.2919 276.1950 86.1243 208.5318 69.2618 473.5532 223.1190
265.6451 243.1019 173.6061 361.6163 194.6034 59.9016 257.0576 241.1811 248.8033 254.1872 186.4753 88.7805 37.4462 227.8882 147.5609 116.4518 243.5303 249.6930 210.3463 316.0761 232.2707 157.4883 107.9599 153.1649 321.5527 233.5616 157.4003 283.8190 249.4014 94.3399 260.3500 103.8128 244.9199 246.1762 264.2120 17.1654 157.8978 230.5173 107.1580 231.3937 292.9427 140.8785 222.5918 278.1749 196.2621 211.9721 207.4178 300.3036 78.4991 239.9520 306.0352 233.4959 231.4612 124.5261 265.7706 319.0543 251.2358 125.8899 129.7344 134.8738 131.1705 292.2957 149.8234 28.6815 203.5906 164.6818 174.6905 263.2595 165.1252 275.0404 265.3733 135.0184 254.7025 88.1185 189.7649 259.9346 252.1172 173.5840 60.2425 278.6623 120.5654 123.7534 342.3123 113.2312 151.5948 296.3471 237.9782 36.5224 201.6491 202.5161 247.2811 106.0933 294.9825 184.5087 239.6858 245.7901 268.2543 174.0228 125.0569 178.4212 288.3695 323.7341 183.5029 337.3406 34.3018 327.8187 187.1442 92.8417 151.6026 33.8211 174.5263 221.1624 102.1526 184.7704 169.7477 165.3796 135.7734 225.2025 88.4206 54.8009 218.5716 135.3355 238.6008 62.1704 236.7670 97.3847 87.6778 224.2329 284.8342 139.1015 287.4151 150.1384 161.3359 105.1625 238.7814 247.8905 282.0002 149.5021 248.4210 187.8888 291.3942 306.9982 306.7179 261.4014 248.0419 317.3861 242.6562 124.5276 315.8133 149.0755 320.6090 243.9243 357.3252 277.3346 197.7833 299.1810 174.1838 202.1321 147.2494 366.9118 262.1792 290.5832 88.3361 268.4821 297.5322 193.8283 330.5892 172.7144 71.7035 168.1514 126.2924 95.3890 78.0946 245.9367 279.4197 114.4060 133.3596 348.9137 105.3779 172.9538 0.0000 192.2434 163.3754 220.2565 125.6203 101.2322 214.9272 118.1316 302.7543 53.2590
80.3417 399.0151 19.9425 352.9104 385.4089 205.0432 213.7737 126.2393 242.1749 69.7462 11.3635 203.0069 229.3508 47.8353 180.9821 277.0506 259.9527 104.3408 190.4213 396.0893 104.1212 44.6032 162.9405 220.4904 454.3785 291.2824 87.3731 210.7835 345.7960 286.3705 378.5660 114.4651 136.5344 427.3717 343.3672 185.7416 66.3518 389.8335 274.9625 139.4917 309.2420 330.7227 42.6032 401.4728 166.8377 215.2583 50.5044 324.2343 141.5333 48.1248 233.6154 131.2362 232.4822 218.7826 311.0042 358.4231 374.3305 212.8288 220.7764 61.4351 176.1048 188.3631 203.6971 181.3359 302.4458 354.8843 346.1088 340.9529 339.7205 140.4048 125.8911 174.9052 339.9740 137.6057 300.3503 191.3207 120.8750 269.8770 202.9258 106.5977 102.7239 126.2047 418.3767 148.6916 48.8960 237.7347 407.3797 187.2685 137.1020 75.8870 208.1966 100.7462 412.8646 144.8944 136.2062 197.5142 441.1218 99.0887 68.1173 357.7378 446.0513 329.8423 244.3181 298.8644 183.6369 353.4202 377.9151 116.0202 323.5733 178.4222 307.4638 383.9694 229.6675 253.1702 334.2680 327.4789 126.7901 59.4673 240.2235 192.2430 335.8466 259.7952 362.7068 225.0593 282.7235 267.2034 252.9956 414.1792 186.2051 318.9670 136.2794 243.5403 48.8652 282.0011 62.5975 249.7216 352.0294 312.7080 421.2109 269.6709 380.5923 393.1017 449.1465 413.2847 251.1586 213.0808 358.5240 312.0613 281.1248 153.9999 453.1933 355.6922 332.4592 194.2082 78.5937 325.8376 180.9980 384.7324 107.8909 352.2707 217.7087 449.1574 204.6799 374.1873 367.1572 360.5155 389.0924 355.1318 173.0180 27.1275 107.1436 265.7110 260.3380 375.2960 269.4036 301.1515 204.4508 360.9111 245.9113 355.3805 192.2434 0.0000 315.9376 261.8176 83.4090 271.1776 385.8395 289.3972 192.0721 162.4103
369.4300 83.7252 302.1073 294.5070 139.8777 213.3426 254.7125 300.1255 218.9759 358.8825 314.7627 244.8074 150.3019 334.2840 310.1974 229.3845 195.1857 326.0447 214.9476 183.0410 303.8528 272.0337 157.1995 309.8564 158.5808 149.2404 243.0788 294.4183 117.4679 125.8387 106.8446 201.5598 297.7165 129.7993 144.5200 180.2799 257.2733 73.8963 57.9491 278.8854 223.2082 172.8223 355.3193 119.7584 218.7587 195.0833 307.1294 221.0813 175.0538 362.3208 308.4573 287.1917 204.2290 106.4596 178.9879 220.3912 95.5801 113.9678 107.2825 255.1751 155.2118 324.2497 309.7465 151.8076 90.0997 181.3933 48.3831 145.3213 234.5221 335.6574 332.5179 297.8609 132.1420 178.3402 70.7364 276.6563 317.9395 88.3673 118.0777 367.3793 276.3479 196.0906 208.1913 172.3263 267.2164 290.7045 94.9158 141.7935 247.0572 287.7428 246.2109 215.3635 138.1166 346.6529 291.3532 252.9874 129.7126 330.0577 251.7551 73.9099 130.7875 253.4007 131.4678 301.9296 146.2571 239.1045 135.2020 200.4994 42.7581 197.0246 35.1158 68.7223 86.4340 123.0175 28.6288 21.0712 201.2465 364.4026 223.6634 213.6685 75.4463 62.3140 84.0677 102.9918 162.9399 208.2189 75.6979 152.2539 315.1508 64.8260 357.1233 299.0484 270.4857 68.7443 374.4056 210.8653 165.5525 23.2972 110.9640 107.5667 155.4358 170.6541 143.4934 100.0330 209.7598 342.1855 94.1122 178.1396 283.5114 312.3394 157.6828 98.7551 305.0948 298.3238 281.4222 217.8244 184.5493 100.1585 305.4591 303.6916 258.4644 133.6902 111.2763 123.2641 177.2747 50.2982 212.6195 82.2431 143.5070 288.8110 212.8644 69.6056 180.3747 86.9769 238.6549 90.5831 292.0290 266.9032 241.9063 219.6715 163.3754 315.9376 0.0000 160.6966 274.8995 209.6830 76.9309 215.3510 336.7815 159.2001
281.7900 211.4422 257.4744 145.0033 298.0361 279.7229 105.2992 185.4233 61.3768 274.0666 266.5611 306.0541 235.6762 256.2587 347.8040 329.8578 34.5324 220.5027 83.5838 135.7869 199.3004 220.7853 125.0873 366.1200 223.0457 31.6915 174.5001 146.1330 101.0227 249.6927 146.3723 170.5451 178.4437 286.4072 86.6901 234.3332 195.8908 211.1086 177.2980 160.2068 73.4708 308.2573 304.1739 169.3269 102.1247 54.5581 228.8393 80.0836 166.0346 296.6827 154.7566 171.4233 51.0888 97.2936 50.9442 103.5667 148.7046 94.6683 92.0791 216.8333 100.5948 184.5595 358.2259 192.6724 79.4321 323.9170 209.0738 83.8323 360.0738 214.8295 217.6307 335.3176 87.6685 160.3298 94.2384 134.9851 204.9324 72.8883 162.1212 265.3026 279.4384 145.0287 156.8423 131.4046 218.9448 135.2252 242.5748 183.7543 137.8658 200.7304 99.3449 185.9862 173.2837 357.2140 172.7489 110.0815 274.9447 322.8143 221.9696 234.4040 249.3975 105.0035 37.8736 141.4461 186.3517 108.2622 292.5275 179.6936 199.5432 247.0103 127.5588 213.6767 128.4232 41.0586 189.2764 181.7489 139.2617 320.8224 307.5495 272.4731 117.3922 113.3296 141.9772 173.6832 21.0171 308.2902 172.1930 312.7699 175.7256 215.8207 240.0671 368.5342 213.9857 195.7889 323.9664 51.5763 91.1506 178.1223 259.9183 53.1404 124.8362 134.9167 229.7911 215.1054 50.1982 196.1651 129.5532 304.8044 122.8163 336.4088 221.7768 123.1289 148.4500 155.5616 194.9479 79.1612 80.8196 260.7766 308.0173 152.1048 107.6197 253.3341 132.9180 130.9199 105.7152 207.0334 128.0852 241.7243 151.9737 238.7306 162.9212 180.6529 281.7836 156.9072 77.9639 228.0815 345.0162 128.7030 325.2012 354.2919 220.2565 261.8176 160.6966 0.0000 266.6368 311.3895 231.3060 324.3564 196.7459 175.8188
163.7504 358.2565 63.7829 383.8388 319.3435 124.5377 251.2240 186.9490 266.1882 153.0988 73.7138 119.7799 159.8880 129.7975 104.6978 195.0315 275.4681 176.5049 214.9275 391.2223 168.4578 74.7149 145.2349 141.1247 426.4761 291.3026 112.6846 260.6683 331.8761 218.3802 355.9395 96.1251 195.3544 371.1044 336.9231 114.5478 95.7672 347.0717 224.8100 190.9862 327.9535 255.8787 101.5073 377.0958 192.3006 232.3064 121.7477 340.4966 108.1255 125.1990 284.6833 186.5960 252.3176 195.8693 317.5633 369.6851 349.3031 192.1884 199.5534 60.1852 167.2703 249.4478 125.4279 125.0100 285.3031 280.0165 295.7591 335.0388 258.7040 210.7580 197.2319 96.2103 330.7060 110.2281 277.9146 237.7996 188.3735 251.6327 156.8400 188.2716 20.7620 122.3935 415.8994 135.8834 71.0227 283.4159 359.0234 134.0346 174.7247 134.6614 243.3103 80.7177 391.3244 91.5029 192.7354 235.6462 390.8505 57.8477 49.4057 302.4830 404.9797 353.7895 239.1557 339.5880 129.6654 370.2628 311.9405 88.0512 272.5121 103.2954 275.3532 339.1758 193.9994 245.5767 287.5994 281.9426 130.4452 100.6238 158.3049 112.1620 312.1436 228.4720 336.8444 173.9867 287.2274 186.8376 202.9960 349.3337 244.9995 262.9568 212.5514 161.8180 83.8853 227.2271 115.3300 270.7049 349.9218 266.1903 370.8442 257.7115 371.1681 385.4552 416.2989 374.9190 271.7037 275.6492 336.3269 235.9143 319.4688 81.6156 425.3908 335.2635 369.1225 247.1267 133.5772 341.0316 191.5193 327.2047 42.1827 385.5676 256.0043 407.6184 169.8718 357.1540 365.8253 313.1485 393.3335 297.6077 136.1641 71.0016 106.5204 213.9109 183.4123 347.3422 296.8436 239.8882 123.3582 383.6842 162.9097 276.1950 125.6203 83.4090 274.8995 266.6368 0.0000 190.7046 336.3231 208.6616 256.0368 116.3129
350.0449 271.2170 251.2824 455.6757 163.8175 66.2603 357.7293 339.6159 346.6031 338.8082 262.8520 79.1188 75.8807 313.3634 147.3605 19.8114 338.1357 344.3820 310.7693 386.6378 328.7277 245.1619 208.3208 124.6443 361.3773 319.2107 254.5878 385.0480 318.5919 86.1473 316.3851 202.6282 344.1152 237.9317 339.4662 95.9008 251.4525 256.7965 155.1274 331.4644 384.8603 79.4294 291.8557 328.9643 297.3747 310.2956 297.0863 390.1528 179.3699 315.6338 407.2049 332.8497 329.0815 214.1780 352.3477 403.8591 305.2544 217.5151 219.3605 222.4394 230.3812 392.7811 133.5782 129.0223 277.4275 100.4918 196.1043 339.1880 68.6596 372.2725 361.6116 139.6793 328.3509 189.0006 260.0072 361.1662 349.0400 253.2081 150.4818 368.4882 175.8912 224.5427 412.7416 214.3845 239.4098 397.1961 250.6130 134.2746 302.4107 297.1228 347.9124 201.8704 347.5747 206.3740 339.1391 346.8068 271.9398 218.3315 210.5243 185.5938 309.0835 416.3340 273.5778 436.1499 133.4760 415.8672 157.8780 190.6602 178.2211 95.9479 234.1896 244.8872 184.0183 272.5701 201.6236 201.2141 236.6567 288.1058 35.5921 78.9534 280.5996 209.3361 293.5793 138.0595 325.4200 4.0745 147.4373 193.6118 385.5039 156.0495 382.4012 102.3203 251.0092 141.0934 304.0088 344.6031 359.2473 188.2752 254.6778 270.9151 359.8378 375.5609 340.1856 291.1785 344.5606 418.1160 302.2537 57.6575 414.6866 166.2606 360.6986 305.7451 454.0610 378.4654 293.0571 388.4442 274.1201 197.5306 190.8713 461.8404 362.8276 310.0930 179.4311 330.8649 373.7073 217.6488 408.5861 174.6565 171.2205 251.4704 225.3424 145.4945 30.5073 296.3763 376.4502 124.0020 115.7672 439.2639 44.4358 86.1243 101.2322 271.1776 209.6830 311.3895 190.7046 0.0000 229.0178 18.3369 402.9623 154.4769
443.4437 49.3613 370.6682 354.5956 99.0768 253.0314 329.6555 376.9089 291.5559 432.6717 383.5920 283.3749 190.6892 407.5550 353.9010 246.9934 265.6778 402.2381 291.2344 216.8766 380.1507 342.8819 231.5924 345.3128 141.4159 214.3867 317.3041 369.8373 163.4996 144.6879 130.6466 272.6063 374.6117 55.1374 194.0427 230.2190 330.1657 36.1592 111.9324 355.8017 286.4108 167.7079 423.5620 129.4338 295.6376 270.2258 380.9389 281.2527 244.3545 433.1327 382.8493 364.0448 277.8100 182.9948 240.0209 272.5081 118.8424 190.5485 184.0530 324.4656 231.5442 400.7494 348.8083 211.3641 153.9805 165.6472 40.5647 195.8067 231.0667 412.5138 409.1870 342.4520 181.9739 248.9837 137.1861 352.7639 394.5890 161.7002 183.3121 442.9876 334.4665 270.2019 238.1039 246.6473 337.7482 364.4883 23.1087 202.8040 323.9104 362.8587 321.4603 285.2242 147.4898 398.4999 368.2494 328.7871 55.2838 388.3449 319.5570 43.5285 80.0815 314.5301 205.7825 370.3549 207.0499 294.2579 98.3604 269.8319 63.8206 246.2347 104.5951 24.7546 159.6756 196.5677 52.3086 59.8424 276.2381 430.7930 252.6217 256.9045 123.7901 139.1477 113.7274 162.9479 229.8132 228.9108 134.0247 96.3580 391.6362 77.6012 433.7991 328.6570 342.2280 109.8346 442.0224 282.6259 213.9432 73.4172 35.4110 179.2145 190.6237 203.1396 115.9056 67.9289 281.3541 418.1468 129.5109 181.6377 353.1971 361.2010 141.0672 136.9250 369.2664 374.4536 356.5927 277.4634 261.4313 45.1126 362.0205 364.6453 333.1842 81.0934 183.3264 154.8768 221.6710 26.7380 254.5712 55.2685 213.0311 358.8565 286.0234 122.4701 204.6007 105.5671 308.3953 108.3699 330.3126 323.0051 269.0668 208.5318 214.9272 385.8395 76.9309 231.3060 336.3231 229.0178 0.0000 228.4952 413.2977 224.6678
368.3424 272.4620 269.4919 469.0422 156.6078 84.3886 373.7394 357.4762 361.3421 357.1131 281.0068 95.0748 90.1874 331.6868 160.7963 21.3797 351.9108 362.5785 326.6654 394.7569 346.7997 263.4940 224.3619 134.7666 363.7524 330.8735 272.5447 401.7195 326.8797 89.7516 322.1832 220.3244 361.8517 233.1322 348.8139 113.6925 269.6531 257.9426 162.8436 348.9937 397.7782 70.0664 309.6582 333.6624 313.8183 325.2897 315.4120 402.5238 196.5377 333.6908 423.6914 350.5508 343.7939 227.4518 364.0648 414.9727 310.7879 231.1646 232.5787 240.7656 245.8985 410.1851 145.3104 145.4232 286.9785 88.6820 197.7502 348.6753 50.3561 390.2913 379.7149 153.9564 337.4470 206.1686 269.0653 377.9149 367.0801 264.1162 164.7732 386.8213 193.5197 241.7724 420.7044 230.9504 257.7395 413.3172 249.3973 150.0748 319.6757 315.3023 363.9024 219.8821 352.4494 221.0202 356.8221 363.1104 268.7470 234.8793 228.8597 184.9751 308.4801 429.3598 286.4863 451.1502 149.5588 427.7173 151.1951 208.4655 181.3860 114.2199 241.6992 245.7866 196.2841 284.9807 204.9741 205.2726 253.8422 305.5594 51.7737 97.1543 287.8910 219.7961 299.4175 150.6737 337.7349 22.3935 157.3339 185.5624 402.8270 158.4149 400.5942 109.8724 269.3212 147.5515 321.5577 358.9867 368.8923 193.2240 252.2300 282.3366 367.6854 383.3371 341.5758 292.4422 358.8834 435.4129 308.8587 49.6847 429.7350 181.1542 363.1284 312.7336 468.2716 395.4595 311.1956 400.6741 289.8215 194.3434 207.6444 475.4588 378.8179 309.2595 193.3855 337.7376 383.0525 219.1476 418.1612 173.4484 187.0910 269.7896 243.0299 153.9994 42.8450 301.3455 390.8745 126.9771 128.1613 451.6377 56.3226 69.2618 118.1316 289.3972 215.3510 324.3564 208.6616 18.3369 228.4952 0.0000 420.4671 171.2294
150.0784 402.8615 203.8192 201.7132 456.6583 345.5324 92.3354 69.0895 139.6248 150.1936 202.9090 357.7065 335.8298 152.3521 360.7041 415.8875 170.1052 89.5305 122.2127 316.4906 88.8535 181.3499 204.5545 395.5023 419.2292 226.0501 151.6553 54.2655 297.2071 377.5376 343.1046 200.5474 61.2684 466.4992 278.1427 307.1751 162.2623 400.0340 326.8145 71.5076 194.4002 435.1847 219.2533 365.9398 119.6448 146.1486 141.6980 211.2199 224.3257 193.4569 62.3431 71.4741 145.7724 235.0445 224.2252 249.2980 345.2801 227.6409 232.6070 198.1213 191.5464 12.5634 380.7482 277.1720 272.9041 456.7515 382.4162 275.0907 467.8304 55.0394 69.1455 351.7083 282.0772 214.7476 283.3951 62.0587 71.2466 253.8460 271.2381 115.8841 276.5356 179.1539 329.7816 193.7853 185.0932 79.4442 428.6970 275.2127 101.7473 121.7319 97.4153 203.6179 368.8109 335.3187 65.0624 87.0521 462.8345 289.8024 210.7509 404.0918 443.8998 197.9025 210.1604 135.8513 274.4265 232.7095 449.8244 212.8789 366.0172 309.9619 310.2289 400.0866 266.4715 220.3509 364.1011 356.0874 167.3482 240.4029 382.1181 333.4066 312.1411 275.8434 337.9447 294.2645 210.0509 398.9743 310.8231 478.5938 21.6909 374.1905 73.7732 412.2456 172.1558 342.4048 232.8717 151.0690 274.8088 346.9031 445.7101 239.7548 314.2372 320.3643 426.5155 409.1008 152.9160 21.3011 326.1526 423.0598 127.3636 336.9505 417.9631 319.8499 172.4569 41.2222 122.4611 214.9053 153.3060 432.7759 292.6189 196.3220 91.1710 447.7663 251.1720 326.6204 284.9226 386.9500 290.1212 407.6533 240.2425 188.5550 177.8756 323.7120 380.7382 352.8858 146.1342 372.6588 376.1591 225.7741 394.4183 473.5532 302.7543 192.0721 336.7815 196.7459 256.0368 402.9623 413.2977 420.4671 0.0000 250.6924
227.9817 242.8565 146.3254 313.2204 226.7131 107.2689 204.1055 191.1333 198.1787 216.6461 159.3371 131.0113 85.2385 190.4275 174.5066 169.5684 195.6594 203.2361 157.6455 285.1165 184.3186 121.4908 55.9323 190.3414 310.4335 193.4852 110.0642 230.5722 221.6667 132.9521 241.4325 56.3389 194.0629 264.9644 231.3758 62.3464 115.1016 232.2189 112.9906 179.6528 246.6747 186.9617 198.9806 261.9135 143.0387 161.1424 166.7534 255.5444 27.1896 210.3375 252.7808 182.5314 181.1092 86.8024 224.1299 277.8195 234.1560 85.5237 91.4646 101.1150 80.3910 239.9693 183.0071 26.5007 174.6585 209.7812 184.4841 229.9467 217.3816 225.9303 217.2757 161.7734 223.4167 36.3509 164.7426 206.7114 203.4890 141.7570 41.5587 236.1277 120.3804 71.6032 310.8308 60.0056 115.9127 243.2572 246.7549 26.9266 149.1666 156.9878 194.3661 64.1363 276.8385 195.7936 188.5832 192.6125 279.8718 172.8745 95.0940 195.3307 289.8151 276.6547 141.1983 285.6172 24.7206 284.0774 219.2640 48.6356 161.6468 72.3019 159.2880 225.0508 78.1051 144.6040 174.0595 167.8227 83.3475 206.3031 139.9374 98.2823 197.8035 113.0711 221.5827 62.6542 194.0791 150.6398 90.9006 254.2527 232.3231 156.6112 240.2557 193.4587 122.8491 119.6306 217.3549 198.1866 247.1333 152.4294 259.8679 152.0017 262.6241 277.6755 299.9888 259.0548 198.5004 264.7800 222.1889 173.1077 264.0900 167.4729 309.3629 221.8124 307.0306 224.2913 151.6521 254.8846 122.0604 222.3965 150.3146 317.8692 209.2398 292.5964 55.1048 244.8158 263.0468 200.1209 294.0784 192.8570 24.3324 135.8906 77.2337 103.3816 130.3439 231.5584 229.2421 140.6537 169.2827 303.2793 155.7756 223.1190 53.2590 162.4103 159.2001 175.8188 116.3129 154.4769 224.6678 171.2294 250.6924 0.0000
Demand Matrix W for 190 nodes
0.0000 0.0000 39.3386 0.0000 87.6373 0.0000 0.0000 0.0000 0.0000 0.0000 0.0000 0.0000 0.0000 0.0000 0.0000 65.3036 22.0553 37.4842 72.4093 0.0000 0.0000 44.5339 67.1951 0.0000 0.0000 0.0000 0.0000 0.0000 38.3122 0.0000 42.3135 22.2881 0.0000 0.0000 0.0000 0.0000 0.0000 0.0000 0.0000 0.0000 12.7775 0.0000 34.7368 0.0000 51.1589 0.0000 0.0000 0.0000 20.2786 0.0000 0.0000 0.0000 0.0000 74.7082 0.0000 0.0000 84.7064 0.0000 99.9381 0.0000 0.0000 0.0000 0.0000 0.0000 0.0000 82.9632 0.0000 0.0000 0.0000 0.0000 22.5311 28.6248 41.5734 58.4892 0.0000 0.0000 34.0609 0.0000 0.0000 0.0000 96.6495 0.0000 0.0000 0.0000 0.0000 87.9471 74.0255 0.0000 0.0000 0.0000 0.0000 0.0000 47.2803 0.0000 0.0000 0.0000 56.4052 94.2703 0.0000 0.0000 0.0000 79.6722 0.0000 0.0000 0.0000 0.0000 0.0000 58.0982 48.6679 34.1683 0.0000 0.0000 0.0000 0.0000 0.0000 0.0000 0.0000 18.9617 0.0000 0.0000 87.1886 0.0000 96.2229 71.9733 68.4997 93.9453 68.9129 43.4659 0.0000 45.6707 0.0000 0.0000 68.9937 0.0000 52.9126 30.3572 0.0000 72.6037 0.0000 0.0000 0.0000 16.3745 0.0000 0.0000 38.2016 0.0000 79.6114 0.0000 99.3646 57.7457 68.5018 0.0000 0.0000 0.0000 47.0539 0.0000 0.0000 19.0419 0.0000 0.0000 0.0000 0.0000 0.0000 34.9271 59.8057 0.0000 0.0000 0.0000 0.0000 0.0000 0.0000 0.0000 0.0000 0.0000 0.0000 14.9112 0.0000 0.0000 0.0000 54.9624 0.0000 0.0000 0.0000 0.0000 0.0000 87.4733 0.0000 0.0000 0.0000 0.0000
0.0000 0.0000 0.0000 16.0779 13.5844 81.0361 0.0000 0.0000 0.0000 0.0000 0.0000 58.2908 0.0000 37.8916 0.0000 82.7254 0.0000 0.0000 0.0000 0.0000 0.0000 72.8808 0.0000 0.0000 17.7592 0.0000 0.0000 0.0000 0.0000 0.0000 0.0000 73.7111 0.0000 95.7715 0.0000 0.0000 0.0000 21.4238 0.0000 89.7773 0.0000 82.6397 15.7485 0.0000 0.0000 50.9678 0.0000 0.0000 0.0000 0.0000 19.2614 0.0000 0.0000 55.7942 87.6636 52.4588 0.0000 93.8044 0.0000 0.0000 0.0000 0.0000 0.0000 0.0000 0.0000 0.0000 17.0098 0.0000 0.0000 0.0000 82.3904 0.0000 0.0000 51.8585 86.0362 0.0000 0.0000 28.0604 0.0000 0.0000 0.0000 0.0000 0.0000 0.0000 0.0000 91.0399 0.0000 10.5740 0.0000 41.1781 0.0000 0.0000 0.0000 69.1573 0.0000 0.0000 57.6833 54.2826 99.7263 0.0000 92.9147 0.0000 0.0000 0.0000 0.0000 0.0000 18.6019 83.7967 61.1039 0.0000 0.0000 33.4892 0.0000 0.0000 0.0000 0.0000 0.0000 16.7219 80.1943 0.0000 24.7937 0.0000 0.0000 0.0000 0.0000 37.7477 20.7922 71.7449 0.0000 0.0000 85.2332 0.0000 32.3397 0.0000 0.0000 0.0000 99.1609 46.3953 0.0000 0.0000 51.5839 0.0000 11.0761 0.0000 0.0000 84.1306 0.0000 0.0000 0.0000 0.0000 83.1472 15.8025 0.0000 0.0000 91.4570 0.0000 0.0000 51.4895 61.6496 0.0000 0.0000 71.4892 29.3244 35.1869 0.0000 65.7259 36.5595 0.0000 0.0000 35.1798 27.9512 0.0000 0.0000 0.0000 0.0000 0.0000 0.0000 0.0000 0.0000 0.0000 0.0000 0.0000 0.0000 0.0000 38.6990 90.6188 0.0000 99.2378 0.0000 0.0000
0.0000 0.0000 0.0000 69.1178 83.4657 0.0000 99.6753 86.1855 0.0000 0.0000 0.0000 0.0000 63.3268 0.0000 0.0000 0.0000 73.0505 0.0000 0.0000 0.0000 98.9206 0.0000 0.0000 0.0000 0.0000 30.9361 57.3804 92.6107 21.7441 0.0000 0.0000 0.0000 0.0000 62.7948 0.0000 0.0000 0.0000 0.0000 0.0000 0.0000 0.0000 0.0000 37.1589 24.1753 0.0000 0.0000 0.0000 0.0000 97.1869 0.0000 0.0000 0.0000 63.0055 37.6141 0.0000 75.5948 0.0000 0.0000 0.0000 0.0000 0.0000 64.2150 0.0000 0.0000 60.8995 0.0000 77.0809 98.4142 89.6788 73.8069 0.0000 0.0000 0.0000 32.4587 33.0992 10.1153 0.0000 0.0000 0.0000 0.0000 0.0000 0.0000 0.0000 53.1540 0.0000 0.0000 0.0000 16.6338 0.0000 38.6845 0.0000 25.3095 0.0000 0.0000 0.0000 0.0000 63.4627 0.0000 0.0000 94.8198 90.0778 19.1132 27.0986 0.0000 0.0000 0.0000 35.3371 14.4672 0.0000 0.0000 42.4746 0.0000 69.5818 0.0000 12.3162 36.2630 85.9392 0.0000 0.0000 0.0000 0.0000 58.9713 89.6943 0.0000 0.0000 51.8552 34.1706 77.7012 0.0000 40.9412 0.0000 0.0000 0.0000 0.0000 0.0000 0.0000 0.0000 0.0000 0.0000 0.0000 0.0000 0.0000 91.2499 0.0000 0.0000 0.0000 0.0000 0.0000 0.0000 78.1470 98.5931 0.0000 0.0000 48.1037 0.0000 0.0000 0.0000 0.0000 0.0000 91.9724 0.0000 44.9289 0.0000 0.0000 51.2341 0.0000 0.0000 0.0000 0.0000 0.0000 0.0000 62.9141 0.0000 0.0000 0.0000 0.0000 35.7484 0.0000 0.0000 0.0000 0.0000 0.0000 0.0000 34.7873 64.7790 0.0000 90.0617 0.0000 77.1175 0.0000
0.0000 83.5647 0.0000 0.0000 54.2457 0.0000 88.2010 97.6797 0.0000 0.0000 47.5095 0.0000 29.0251 0.0000 0.0000 0.0000 0.0000 0.0000 0.0000 38.0011 0.0000 86.6166 0.0000 27.3487 0.0000 0.0000 51.0804 0.0000 0.0000 84.1156 0.0000 0.0000 12.7507 0.0000 0.0000 88.3433 0.0000 0.0000 90.5043 0.0000 0.0000 44.7909 61.5032 0.0000 0.0000 0.0000 0.0000 46.8556 80.2273 0.0000 92.0364 0.0000 0.0000 32.7151 0.0000 0.0000 0.0000 0.0000 0.0000 0.0000 0.0000 52.0028 0.0000 0.0000 0.0000 56.0362 0.0000 0.0000 0.0000 0.0000 0.0000 19.7294 98.9525 0.0000 0.0000 73.9984 0.0000 23.4936 0.0000 0.0000 0.0000 0.0000 0.0000 0.0000 0.0000 0.0000 0.0000 0.0000 47.6709 0.0000 73.7262 0.0000 75.3895 58.1172 0.0000 0.0000 0.0000 0.0000 0.0000 0.0000 0.0000 18.7843 33.2787 0.0000 0.0000 71.1741 0.0000 41.9755 0.0000 0.0000 0.0000 0.0000 36.4646 0.0000 0.0000 0.0000 0.0000 0.0000 90.0483 0.0000 0.0000 0.0000 14.8656 0.0000 28.0267 0.0000 0.0000 0.0000 0.0000 0.0000 0.0000 0.0000 0.0000 0.0000 67.1049 34.6175 0.0000 78.8035 0.0000 0.0000 65.3032 0.0000 0.0000 0.0000 0.0000 27.9473 0.0000 38.9992 0.0000 70.9073 0.0000 72.4172 0.0000 44.5195 0.0000 84.1459 36.1745 0.0000 0.0000 0.0000 0.0000 0.0000 0.0000 0.0000 0.0000 95.3276 0.0000 0.0000 75.4452 76.0669 0.0000 42.9932 0.0000 88.8890 58.1260 99.5212 0.0000 0.0000 72.0775 0.0000 0.0000 0.0000 0.0000 72.5673 0.0000 0.0000 0.0000 0.0000 64.5071 84.7587
74.6890 20.2611 27.8782 33.6695 0.0000 0.0000 73.3093 13.5465 0.0000 93.9812 0.0000 70.4470 0.0000 0.0000 0.0000 18.1074 0.0000 0.0000 33.0303 98.9799 51.7850 25.7232 36.1510 0.0000 0.0000 0.0000 78.2384 86.6799 0.0000 42.1775 0.0000 0.0000 0.0000 83.3468 46.0700 0.0000 44.7144 0.0000 0.0000 0.0000 0.0000 72.6553 94.8220 47.4425 0.0000 0.0000 0.0000 44.1776 0.0000 71.6018 0.0000 0.0000 92.8358 47.0156 33.5452 0.0000 0.0000 0.0000 0.0000 0.0000 0.0000 0.0000 0.0000 0.0000 0.0000 0.0000 69.5542 41.1175 0.0000 0.0000 0.0000 0.0000 0.0000 67.9059 86.3961 0.0000 0.0000 54.2483 97.3131 30.0436 0.0000 0.0000 51.3185 0.0000 0.0000 0.0000 0.0000 54.7636 0.0000 47.1105 0.0000 18.1806 0.0000 0.0000 0.0000 0.0000 70.4327 0.0000 0.0000 30.0626 0.0000 0.0000 0.0000 0.0000 0.0000 0.0000 78.3388 40.7221 0.0000 0.0000 56.9787 0.0000 24.7740 74.5171 0.0000 64.9767 93.7195 0.0000 0.0000 0.0000 0.0000 47.3023 0.0000 0.0000 0.0000 0.0000 0.0000 0.0000 0.0000 54.8946 0.0000 94.1777 0.0000 0.0000 0.0000 0.0000 62.0699 0.0000 44.8665 0.0000 0.0000 0.0000 0.0000 0.0000 0.0000 0.0000 96.7234 0.0000 0.0000 47.1471 0.0000 0.0000 73.1345 0.0000 0.0000 0.0000 0.0000 66.1751 41.0764 0.0000 0.0000 0.0000 0.0000 0.0000 0.0000 0.0000 41.7014 0.0000 0.0000 0.0000 0.0000 0.0000 0.0000 86.2571 0.0000 0.0000 23.0794 0.0000 77.5167 35.7954 85.5444 0.0000 77.8235 83.2624 88.1232 0.0000 0.0000 0.0000 0.0000 80.5876
0.0000 69.8044 0.0000 0.0000 0.0000 0.0000 0.0000 0.0000 0.0000 32.6207 0.0000 0.0000 0.0000 0.0000 0.0000 0.0000 0.0000 0.0000 0.0000 0.0000 0.0000 0.0000 25.9683 0.0000 25.6416 0.0000 0.0000 0.0000 0.0000 62.5587 39.7507 0.0000 23.8333 0.0000 93.9144 0.0000 0.0000 0.0000 0.0000 0.0000 0.0000 0.0000 26.5482 55.4626 0.0000 0.0000 29.9078 39.8695 0.0000 77.7390 0.0000 0.0000 0.0000 0.0000 70.2045 0.0000 0.0000 0.0000 0.0000 0.0000 0.0000 0.0000 0.0000 0.0000 0.0000 0.0000 92.0202 0.0000 0.0000 0.0000 0.0000 90.8453 56.2505 0.0000 96.0649 0.0000 15.8925 0.0000 0.0000 0.0000 0.0000 58.3979 0.0000 0.0000 0.0000 0.0000 0.0000 0.0000 51.3303 0.0000 14.8841 0.0000 0.0000 0.0000 33.2783 0.0000 0.0000 0.0000 70.5969 0.0000 0.0000 0.0000 0.0000 0.0000 0.0000 93.5243 80.8203 0.0000 78.8747 0.0000 0.0000 0.0000 0.0000 0.0000 45.1893 0.0000 0.0000 0.0000 70.9560 0.0000 0.0000 0.0000 0.0000 0.0000 0.0000 0.0000 10.4527 0.0000 0.0000 0.0000 0.0000 0.0000 0.0000 0.0000 0.0000 0.0000 0.0000 29.8709 0.0000 26.3222 0.0000 0.0000 0.0000 0.0000 0.0000 0.0000 0.0000 16.0626 75.3030 0.0000 0.0000 68.9926 65.7564 0.0000 0.0000 0.0000 0.0000 0.0000 0.0000 0.0000 0.0000 0.0000 0.0000 32.1558 76.5835 0.0000 0.0000 75.9676 0.0000 0.0000 0.0000 0.0000 0.0000 64.5965 0.0000 0.0000 58.4756 89.7702 16.7860 55.6460 62.3701 0.0000 0.0000 0.0000 0.0000 0.0000 0.0000 0.0000 0.0000 0.0000
79.4930 0.0000 51.8231 0.0000 0.0000 0.0000 0.0000 0.0000 0.0000 0.0000 0.0000 56.2723 0.0000 95.3841 0.0000 0.0000 0.0000 0.0000 0.0000 53.8878 43.2492 28.6097 0.0000 0.0000 0.0000 0.0000 98.2531 0.0000 0.0000 0.0000 0.0000 0.0000 58.9915 68.8308 0.0000 0.0000 0.0000 0.0000 0.0000 0.0000 0.0000 0.0000 0.0000 0.0000 0.0000 0.0000 0.0000 24.9045 67.9129 26.8215 0.0000 0.0000 30.7312 0.0000 0.0000 0.0000 0.0000 24.5122 0.0000 13.8830 0.0000 66.6586 61.5042 33.2434 96.2415 0.0000 0.0000 74.7593 0.0000 17.7174 0.0000 0.0000 0.0000 84.7327 0.0000 0.0000 0.0000 69.3684 75.1768 0.0000 0.0000 0.0000 44.6916 28.2114 0.0000 0.0000 0.0000 18.6669 0.0000 0.0000 80.5481 0.0000 53.4017 64.3127 0.0000 0.0000 0.0000 0.0000 0.0000 0.0000 57.6835 82.2070 0.0000 0.0000 0.0000 0.0000 0.0000 0.0000 22.0495 0.0000 87.3148 88.9090 0.0000 73.8234 0.0000 0.0000 10.6475 0.0000 0.0000 0.0000 0.0000 68.6418 86.9479 0.0000 0.0000 71.2545 0.0000 0.0000 0.0000 0.0000 0.0000 0.0000 37.5988 0.0000 0.0000 0.0000 0.0000 0.0000 0.0000 0.0000 0.0000 29.3012 0.0000 0.0000 0.0000 0.0000 0.0000 96.8113 18.1980 93.3276 0.0000 29.9593 13.3980 0.0000 0.0000 0.0000 0.0000 0.0000 0.0000 0.0000 0.0000 0.0000 0.0000 69.1196 0.0000 13.0248 0.0000 0.0000 25.2535 31.5331 24.1700 0.0000 0.0000 0.0000 0.0000 0.0000 0.0000 0.0000 18.1149 84.6788 0.0000 0.0000 0.0000 64.5727 93.6742 0.0000 46.6421 16.5147 95.2314 0.0000
0.0000 0.0000 0.0000 0.0000 0.0000 0.0000 0.0000 0.0000 0.0000 0.0000 0.0000 0.0000 0.0000 0.0000 20.4641 67.0296 0.0000 0.0000 38.4158 0.0000 0.0000 84.8959 18.3708 0.0000 0.0000 93.8257 0.0000 0.0000 0.0000 95.2406 0.0000 0.0000 0.0000 76.1886 0.0000 28.2490 65.6737 19.6020 0.0000 0.0000 0.0000 0.0000 0.0000 0.0000 53.4063 0.0000 0.0000 0.0000 0.0000 0.0000 0.0000 0.0000 0.0000 29.9884 0.0000 81.9343 0.0000 0.0000 0.0000 0.0000 0.0000 97.8856 0.0000 0.0000 0.0000 28.9677 0.0000 0.0000 0.0000 59.3707 52.4211 0.0000 0.0000 0.0000 73.0641 0.0000 0.0000 26.1900 61.8303 18.9883 31.2225 0.0000 0.0000 96.3233 82.5102 54.9638 0.0000 0.0000 0.0000 0.0000 0.0000 0.0000 0.0000 0.0000 0.0000 0.0000 83.2436 0.0000 0.0000 0.0000 0.0000 0.0000 0.0000 0.0000 11.7852 88.0632 0.0000 61.8305 0.0000 80.2278 0.0000 0.0000 0.0000 0.0000 0.0000 0.0000 66.8541 25.0818 0.0000 0.0000 0.0000 0.0000 0.0000 24.5800 38.5190 34.0725 0.0000 50.0409 0.0000 0.0000 0.0000 0.0000 0.0000 12.0791 0.0000 0.0000 0.0000 0.0000 25.0219 15.7413 0.0000 0.0000 45.7311 0.0000 33.6207 68.9349 0.0000 0.0000 35.5758 0.0000 85.4666 69.7194 0.0000 0.0000 0.0000 0.0000 0.0000 50.0360 0.0000 0.0000 63.7826 0.0000 0.0000 0.0000 0.0000 0.0000 0.0000 0.0000 0.0000 0.0000 0.0000 0.0000 37.3216 83.3842 0.0000 0.0000 0.0000 92.9880 0.0000 0.0000 48.7392 30.8094 43.6279 0.0000 0.0000 0.0000 76.3406 0.0000 0.0000 48.0015
78.8084 0.0000 0.0000 0.0000 76.8634 0.0000 0.0000 0.0000 0.0000 36.0636 0.0000 0.0000 66.0478 11.7456 58.1474 19.2046 74.3676 0.0000 23.5615 0.0000 0.0000 0.0000 0.0000 0.0000 0.0000 0.0000 0.0000 0.0000 0.0000 79.8088 52.3132 85.7385 0.0000 0.0000 79.1331 79.4103 0.0000 0.0000 51.4751 0.0000 0.0000 0.0000 0.0000 0.0000 0.0000 0.0000 0.0000 94.3679 0.0000 67.4668 89.8768 0.0000 20.1636 0.0000 0.0000 34.8490 81.0229 13.7794 0.0000 0.0000 0.0000 0.0000 24.1929 65.6780 0.0000 0.0000 0.0000 68.0117 0.0000 0.0000 30.9407 0.0000 0.0000 0.0000 0.0000 0.0000 72.0325 0.0000 90.8797 0.0000 0.0000 72.7334 26.7964 0.0000 0.0000 84.8215 0.0000 0.0000 23.9523 33.7014 0.0000 67.4223 0.0000 11.6848 0.0000 0.0000 74.8903 0.0000 0.0000 0.0000 0.0000 0.0000 0.0000 0.0000 0.0000 0.0000 57.0880 85.1674 88.6143 53.6833 61.3911 0.0000 0.0000 0.0000 0.0000 42.9719 0.0000 93.7190 54.2265 0.0000 82.0918 60.2218 0.0000 0.0000 0.0000 0.0000 0.0000 13.6588 37.3514 0.0000 0.0000 75.2655 0.0000 57.3573 66.2793 77.4275 0.0000 67.4762 0.0000 0.0000 0.0000 0.0000 26.2357 0.0000 0.0000 99.8590 0.0000 0.0000 0.0000 0.0000 0.0000 0.0000 0.0000 0.0000 0.0000 0.0000 0.0000 78.9137 0.0000 96.5487 0.0000 0.0000 0.0000 0.0000 0.0000 0.0000 0.0000 0.0000 0.0000 87.0148 83.9746 0.0000 59.8297 0.0000 0.0000 13.3963 0.0000 43.0375 0.0000 82.9967 45.9818 0.0000 0.0000 0.0000 0.0000 84.3135 0.0000 0.0000 0.0000 0.0000
0.0000 0.0000 0.0000 15.0330 0.0000 0.0000 0.0000 0.0000 0.0000 0.0000 0.0000 68.7501 0.0000 79.9677 0.0000 0.0000 58.5937 55.2161 14.5468 0.0000 0.0000 0.0000 0.0000 0.0000 36.0805 0.0000 17.4291 0.0000 45.9272 55.1641 0.0000 22.1384 0.0000 0.0000 0.0000 65.4397 0.0000 16.4480 0.0000 0.0000 0.0000 70.4573 0.0000 0.0000 0.0000 0.0000 37.4337 0.0000 0.0000 0.0000 0.0000 14.0390 0.0000 43.6439 0.0000 0.0000 14.9084 0.0000 0.0000 0.0000 0.0000 72.4416 50.5055 28.8109 0.0000 57.0939 53.4724 0.0000 72.8880 62.4704 0.0000 25.3288 81.0270 0.0000 68.9282 44.9781 86.6875 0.0000 0.0000 88.0669 0.0000 44.2631 0.0000 38.3910 0.0000 0.0000 55.0586 0.0000 0.0000 32.2653 0.0000 0.0000 0.0000 41.2102 0.0000 0.0000 98.0420 0.0000 0.0000 0.0000 0.0000 0.0000 0.0000 59.9445 23.6537 0.0000 0.0000 44.3986 0.0000 0.0000 0.0000 31.6325 97.3483 0.0000 0.0000 0.0000 22.4719 0.0000 0.0000 0.0000 0.0000 0.0000 0.0000 99.6117 0.0000 93.9727 0.0000 0.0000 0.0000 0.0000 38.5838 0.0000 0.0000 0.0000 0.0000 0.0000 0.0000 0.0000 0.0000 0.0000 0.0000 80.1197 26.6272 0.0000 0.0000 61.0339 30.8964 0.0000 0.0000 0.0000 0.0000 0.0000 0.0000 0.0000 0.0000 0.0000 0.0000 27.3934 78.8085 34.2873 0.0000 0.0000 0.0000 0.0000 93.4393 0.0000 0.0000 0.0000 0.0000 0.0000 46.4380 76.1799 0.0000 0.0000 0.0000 0.0000 0.0000 0.0000 0.0000 0.0000 0.0000 0.0000 0.0000 99.6253 0.0000 0.0000 0.0000 0.0000 0.0000 0.0000
36.2061 0.0000 0.0000 0.0000 0.0000 0.0000 0.0000 56.5273 84.6904 0.0000 0.0000 0.0000 80.0858 0.0000 0.0000 47.2203 0.0000 63.1284 0.0000 50.9215 72.2546 0.0000 0.0000 0.0000 20.2748 0.0000 0.0000 0.0000 0.0000 0.0000 0.0000 0.0000 0.0000 0.0000 0.0000 0.0000 0.0000 0.0000 88.1937 74.0843 0.0000 0.0000 0.0000 0.0000 0.0000 21.8414 66.0304 51.2778 0.0000 0.0000 89.4433 62.9976 0.0000 0.0000 64.0092 59.2607 0.0000 0.0000 0.0000 23.3431 0.0000 86.8446 0.0000 0.0000 92.8346 47.5261 70.4881 0.0000 0.0000 0.0000 0.0000 50.9804 0.0000 0.0000 36.9365 0.0000 0.0000 48.4591 0.0000 22.1091 0.0000 57.4347 0.0000 0.0000 0.0000 75.6756 0.0000 0.0000 0.0000 0.0000 0.0000 0.0000 64.7960 0.0000 0.0000 0.0000 0.0000 60.6371 0.0000 0.0000 0.0000 64.8465 0.0000 0.0000 12.1588 0.0000 86.3263 0.0000 0.0000 0.0000 0.0000 0.0000 0.0000 28.1068 81.1176 0.0000 0.0000 0.0000 71.7252 0.0000 0.0000 0.0000 25.8066 0.0000 0.0000 0.0000 0.0000 0.0000 0.0000 0.0000 0.0000 0.0000 0.0000 0.0000 0.0000 0.0000 0.0000 0.0000 75.2468 0.0000 0.0000 71.6944 0.0000 0.0000 0.0000 0.0000 12.8056 0.0000 0.0000 0.0000 0.0000 0.0000 0.0000 0.0000 0.0000 0.0000 0.0000 47.2483 0.0000 50.6716 0.0000 37.2086 80.6450 0.0000 0.0000 0.0000 53.4397 0.0000 93.1273 0.0000 0.0000 0.0000 88.4619 0.0000 0.0000 0.0000 75.2114 0.0000 0.0000 0.0000 93.9104 0.0000 0.0000 52.0188 56.8520 0.0000 0.0000 0.0000 0.0000 0.0000
0.0000 34.8985 0.0000 0.0000 23.4389 11.3731 0.0000 0.0000 41.5286 0.0000 73.3918 0.0000 32.0343 65.1937 0.0000 0.0000 52.3662 0.0000 14.8420 0.0000 63.6509 0.0000 0.0000 0.0000 0.0000 0.0000 0.0000 0.0000 0.0000 0.0000 0.0000 0.0000 0.0000 83.1566 0.0000 0.0000 0.0000 0.0000 0.0000 0.0000 30.1415 0.0000 0.0000 0.0000 0.0000 0.0000 0.0000 0.0000 0.0000 0.0000 52.7801 0.0000 0.0000 79.1147 0.0000 19.2639 0.0000 0.0000 0.0000 0.0000 0.0000 0.0000 0.0000 0.0000 0.0000 0.0000 0.0000 0.0000 0.0000 0.0000 0.0000 0.0000 0.0000 0.0000 0.0000 69.6351 93.7777 0.0000 0.0000 0.0000 0.0000 0.0000 0.0000 96.0295 19.7870 0.0000 0.0000 0.0000 0.0000 0.0000 83.5330 0.0000 0.0000 0.0000 23.2053 57.8130 0.0000 0.0000 71.3365 0.0000 0.0000 0.0000 0.0000 0.0000 0.0000 0.0000 0.0000 10.7307 0.0000 0.0000 36.4766 0.0000 0.0000 73.3019 0.0000 0.0000 0.0000 0.0000 73.2000 0.0000 0.0000 0.0000 0.0000 0.0000 0.0000 0.0000 44.6136 0.0000 0.0000 99.7710 0.0000 16.4571 74.9205 0.0000 0.0000 0.0000 67.8019 0.0000 0.0000 0.0000 0.0000 0.0000 55.8473 0.0000 0.0000 0.0000 64.4116 0.0000 0.0000 55.1556 0.0000 0.0000 0.0000 0.0000 0.0000 0.0000 53.3380 0.0000 75.8164 0.0000 0.0000 0.0000 0.0000 90.0924 52.5206 0.0000 0.0000 67.0319 0.0000 0.0000 40.9192 0.0000 0.0000 0.0000 0.0000 0.0000 0.0000 0.0000 0.0000 13.1794 0.0000 0.0000 0.0000 0.0000 52.5844 14.6458 0.0000 0.0000 0.0000 17.4259
0.0000 0.0000 21.9285 87.2073 20.0394 63.2593 50.1988 0.0000 73.0697 0.0000 0.0000 0.0000 0.0000 0.0000 23.0563 0.0000 54.6353 0.0000 0.0000 49.6167 0.0000 76.0925 0.0000 0.0000 0.0000 25.0840 0.0000 0.0000 0.0000 0.0000 0.0000 0.0000 0.0000 0.0000 88.3250 93.4500 0.0000 0.0000 0.0000 0.0000 92.5941 0.0000 0.0000 0.0000 0.0000 0.0000 0.0000 18.8449 0.0000 0.0000 0.0000 0.0000 0.0000 0.0000 40.3666 0.0000 59.2851 0.0000 0.0000 18.7929 50.1348 35.4967 12.1330 94.4655 0.0000 0.0000 0.0000 0.0000 0.0000 87.0797 69.0755 0.0000 0.0000 0.0000 0.0000 0.0000 52.0260 0.0000 0.0000 0.0000 48.4285 0.0000 0.0000 0.0000 16.6597 0.0000 0.0000 0.0000 96.0045 49.6517 0.0000 0.0000 0.0000 54.2852 79.1837 67.9004 0.0000 0.0000 16.5628 0.0000 50.1294 0.0000 67.6302 0.0000 0.0000 73.0050 0.0000 0.0000 0.0000 0.0000 0.0000 0.0000 0.0000 0.0000 0.0000 0.0000 95.8740 0.0000 0.0000 0.0000 0.0000 0.0000 0.0000 0.0000 0.0000 0.0000 58.1164 0.0000 51.3675 0.0000 0.0000 13.5398 0.0000 72.6294 0.0000 0.0000 0.0000 66.9512 0.0000 27.3783 0.0000 0.0000 0.0000 58.6497 0.0000 0.0000 0.0000 0.0000 0.0000 15.0449 0.0000 20.6368 0.0000 0.0000 0.0000 0.0000 0.0000 62.1411 0.0000 22.7431 0.0000 0.0000 0.0000 73.1167 25.5024 37.6604 0.0000 0.0000 63.1938 0.0000 54.7429 0.0000 82.4008 0.0000 0.0000 0.0000 0.0000 0.0000 0.0000 0.0000 85.2784 0.0000 0.0000 0.0000 0.0000 22.7113 0.0000 0.0000 0.0000 0.0000
0.0000 18.9971 0.0000 0.0000 0.0000 53.8271 26.1472 68.6580 0.0000 0.0000 0.0000 0.0000 0.0000 0.0000 67.5843 0.0000 0.0000 0.0000 0.0000 26.2000 0.0000 0.0000 0.0000 0.0000 0.0000 31.2075 57.7179 42.5711 0.0000 0.0000 79.3298 0.0000 27.4347 0.0000 0.0000 0.0000 0.0000 70.3128 68.0375 49.1204 0.0000 0.0000 0.0000 76.6375 0.0000 80.6943 0.0000 90.5571 0.0000 0.0000 0.0000 70.9167 0.0000 0.0000 0.0000 76.3973 0.0000 0.0000 52.3891 0.0000 0.0000 93.5098 0.0000 0.0000 74.7839 0.0000 0.0000 21.4491 0.0000 22.2851 0.0000 0.0000 40.9218 0.0000 0.0000 0.0000 0.0000 0.0000 97.3122 0.0000 87.1276 0.0000 0.0000 0.0000 0.0000 75.7016 0.0000 39.4566 0.0000 0.0000 0.0000 61.6331 98.2166 52.3587 0.0000 57.8010 0.0000 0.0000 0.0000 0.0000 60.2638 75.8608 0.0000 36.6211 0.0000 53.1805 0.0000 0.0000 0.0000 0.0000 50.9357 0.0000 0.0000 0.0000 0.0000 0.0000 0.0000 0.0000 0.0000 90.4091 0.0000 48.3312 95.1486 0.0000 0.0000 0.0000 89.2763 0.0000 95.0790 0.0000 0.0000 42.9032 0.0000 0.0000 60.2911 73.8403 98.3126 20.2202 0.0000 0.0000 0.0000 0.0000 77.0515 41.7441 71.2204 15.7032 0.0000 0.0000 0.0000 73.8843 0.0000 0.0000 65.8856 0.0000 0.0000 0.0000 0.0000 90.2713 0.0000 90.8151 96.0964 34.8348 0.0000 0.0000 0.0000 0.0000 0.0000 97.2617 0.0000 41.2030 0.0000 0.0000 15.6655 0.0000 95.2704 0.0000 0.0000 0.0000 0.0000 0.0000 0.0000 0.0000 0.0000 0.0000 0.0000 81.0413 33.4007 0.0000 0.0000 0.0000
41.7809 0.0000 93.1718 0.0000 97.5885 0.0000 0.0000 0.0000 31.4115 38.4963 33.4366 60.6239 38.5249 0.0000 0.0000 0.0000 0.0000 37.1404 0.0000 0.0000 0.0000 51.2237 0.0000 76.4645 0.0000 0.0000 0.0000 0.0000 94.9609 0.0000 0.0000 60.8708 0.0000 0.0000 0.0000 0.0000 0.0000 59.5864 0.0000 0.0000 0.0000 0.0000 14.9530 0.0000 0.0000 94.2099 12.0294 0.0000 0.0000 0.0000 56.0609 38.5982 0.0000 0.0000 0.0000 0.0000 86.8424 0.0000 0.0000 41.6220 0.0000 0.0000 75.5068 0.0000 0.0000 0.0000 82.5106 0.0000 0.0000 0.0000 62.8462 28.7005 0.0000 0.0000 0.0000 96.4086 0.0000 46.8515 0.0000 0.0000 0.0000 0.0000 0.0000 26.7406 0.0000 0.0000 84.3623 0.0000 0.0000 0.0000 0.0000 10.2202 96.0424 0.0000 0.0000 0.0000 0.0000 0.0000 0.0000 0.0000 20.7419 99.4900 77.1009 0.0000 0.0000 0.0000 0.0000 0.0000 0.0000 56.1273 0.0000 0.0000 15.2659 0.0000 0.0000 24.6978 47.7563 0.0000 0.0000 57.6651 0.0000 0.0000 0.0000 18.5058 0.0000 0.0000 0.0000 0.0000 0.0000 0.0000 0.0000 0.0000 62.2042 0.0000 56.6354 0.0000 0.0000 0.0000 0.0000 23.9099 26.9575 0.0000 0.0000 0.0000 0.0000 0.0000 0.0000 0.0000 51.4442 83.6960 0.0000 0.0000 0.0000 0.0000 0.0000 0.0000 0.0000 0.0000 0.0000 0.0000 83.3117 87.1134 30.3917 21.7196 72.1736 0.0000 79.7223 0.0000 19.7036 0.0000 0.0000 20.7030 15.9623 0.0000 0.0000 0.0000 0.0000 91.1057 41.6380 86.1275 0.0000 0.0000 0.0000 55.0571 0.0000 61.3212 62.0320 29.5298 35.3671 0.0000
0.0000 0.0000 29.2614 0.0000 0.0000 0.0000 0.0000 0.0000 0.0000 41.9340 0.0000 30.4799 98.6151 19.9285 78.6046 0.0000 0.0000 0.0000 39.5304 35.5250 0.0000 0.0000 0.0000 0.0000 0.0000 86.9829 16.2648 0.0000 0.0000 0.0000 99.8851 0.0000 49.4253 0.0000 22.9031 0.0000 0.0000 93.2761 0.0000 97.7687 0.0000 0.0000 0.0000 85.4298 0.0000 74.2144 0.0000 81.0543 0.0000 0.0000 0.0000 0.0000 0.0000 0.0000 79.1200 32.5621 0.0000 0.0000 18.9643 16.1406 0.0000 0.0000 0.0000 0.0000 65.9770 16.8866 0.0000 0.0000 0.0000 69.5884 0.0000 40.9254 0.0000 0.0000 0.0000 48.7366 0.0000 0.0000 0.0000 0.0000 0.0000 60.1000 0.0000 0.0000 0.0000 0.0000 74.4151 0.0000 70.7522 0.0000 0.0000 0.0000 0.0000 0.0000 0.0000 0.0000 0.0000 0.0000 0.0000 0.0000 0.0000 0.0000 14.0607 0.0000 0.0000 0.0000 90.2209 0.0000 41.0629 0.0000 0.0000 0.0000 68.3275 0.0000 0.0000 37.4421 0.0000 39.3505 0.0000 0.0000 0.0000 0.0000 72.6363 0.0000 0.0000 0.0000 0.0000 0.0000 0.0000 70.7600 0.0000 0.0000 0.0000 0.0000 0.0000 0.0000 0.0000 0.0000 0.0000 0.0000 0.0000 0.0000 14.2778 0.0000 0.0000 76.8599 85.9768 40.3154 82.1067 0.0000 81.6087 0.0000 0.0000 0.0000 0.0000 0.0000 46.2071 0.0000 0.0000 0.0000 11.6743 0.0000 0.0000 0.0000 96.5905 0.0000 0.0000 0.0000 0.0000 0.0000 0.0000 0.0000 0.0000 0.0000 0.0000 0.0000 23.5425 0.0000 0.0000 0.0000 0.0000 0.0000 28.3202 0.0000 0.0000 0.0000 64.1109 0.0000 27.2724 84.4506
0.0000 0.0000 0.0000 0.0000 24.3423 33.2557 0.0000 0.0000 86.7269 0.0000 0.0000 87.3626 64.1440 0.0000 0.0000 0.0000 0.0000 0.0000 0.0000 94.8846 0.0000 20.0739 0.0000 0.0000 0.0000 0.0000 0.0000 0.0000 89.6108 21.0049 0.0000 0.0000 0.0000 0.0000 0.0000 48.0582 25.7639 0.0000 0.0000 63.0533 0.0000 0.0000 0.0000 0.0000 0.0000 0.0000 0.0000 0.0000 0.0000 0.0000 0.0000 0.0000 97.0125 0.0000 0.0000 0.0000 0.0000 0.0000 0.0000 59.7455 0.0000 0.0000 0.0000 0.0000 88.0258 0.0000 0.0000 0.0000 0.0000 0.0000 18.1225 0.0000 28.9348 0.0000 0.0000 0.0000 0.0000 0.0000 0.0000 87.9800 0.0000 0.0000 0.0000 0.0000 0.0000 0.0000 0.0000 0.0000 0.0000 0.0000 0.0000 0.0000 0.0000 0.0000 0.0000 0.0000 14.6889 0.0000 0.0000 0.0000 46.0596 0.0000 0.0000 24.2040 0.0000 0.0000 0.0000 0.0000 0.0000 0.0000 0.0000 0.0000 0.0000 0.0000 71.8720 0.0000 0.0000 47.3047 88.8751 0.0000 0.0000 95.3298 0.0000 0.0000 0.0000 0.0000 0.0000 73.1135 46.0931 0.0000 18.0155 0.0000 0.0000 74.6725 0.0000 0.0000 0.0000 0.0000 74.2207 87.5743 0.0000 54.4751 87.0704 0.0000 0.0000 70.9470 0.0000 0.0000 36.1174 65.5912 0.0000 0.0000 0.0000 0.0000 21.9884 0.0000 0.0000 0.0000 0.0000 0.0000 0.0000 18.5751 39.9576 91.7404 0.0000 0.0000 0.0000 0.0000 0.0000 32.8291 0.0000 0.0000 0.0000 0.0000 0.0000 0.0000 0.0000 55.3372 0.0000 0.0000 38.5586 0.0000 20.5158 21.5084 0.0000 0.0000 0.0000 0.0000 88.9243 0.0000
0.0000 38.1709 0.0000 0.0000 0.0000 0.0000 86.7730 0.0000 0.0000 23.3759 13.2276 73.5367 0.0000 0.0000 0.0000 42.0868 0.0000 0.0000 0.0000 0.0000 0.0000 0.0000 18.4220 0.0000 25.1466 0.0000 90.1805 0.0000 0.0000 0.0000 0.0000 0.0000 0.0000 79.1428 0.0000 0.0000 71.3181 0.0000 0.0000 0.0000 0.0000 0.0000 17.2957 0.0000 0.0000 0.0000 0.0000 0.0000 97.2793 0.0000 0.0000 0.0000 0.0000 0.0000 0.0000 0.0000 14.3814 0.0000 0.0000 16.3652 0.0000 0.0000 0.0000 96.8544 0.0000 86.7111 80.1543 77.7303 0.0000 54.1761 0.0000 0.0000 0.0000 0.0000 69.8968 0.0000 0.0000 0.0000 0.0000 0.0000 0.0000 0.0000 0.0000 0.0000 0.0000 0.0000 0.0000 40.7570 0.0000 71.7613 54.5790 0.0000 0.0000 49.3620 0.0000 0.0000 21.5011 0.0000 0.0000 0.0000 14.2955 14.0585 48.2422 69.4770 0.0000 32.9374 55.3100 69.5420 26.3987 0.0000 88.9080 62.8488 0.0000 0.0000 0.0000 97.0048 0.0000 26.6579 0.0000 0.0000 0.0000 58.0938 20.5010 52.9408 0.0000 0.0000 0.0000 0.0000 0.0000 0.0000 0.0000 0.0000 0.0000 0.0000 0.0000 0.0000 11.2488 11.4297 0.0000 0.0000 68.3761 0.0000 0.0000 0.0000 0.0000 37.0826 0.0000 0.0000 24.9495 73.2338 0.0000 0.0000 0.0000 0.0000 61.2487 0.0000 10.7087 0.0000 0.0000 0.0000 0.0000 0.0000 0.0000 0.0000 53.8747 0.0000 0.0000 0.0000 0.0000 0.0000 0.0000 0.0000 0.0000 0.0000 0.0000 90.3589 0.0000 0.0000 0.0000 0.0000 0.0000 0.0000 35.9210 40.9463 29.7732 0.0000 0.0000 0.0000 0.0000 0.0000
36.4055 0.0000 0.0000 0.0000 0.0000 0.0000 0.0000 0.0000 0.0000 0.0000 77.4329 0.0000 27.9536 0.0000 47.4386 0.0000 0.0000 14.2344 0.0000 89.2815 0.0000 84.5154 0.0000 15.7299 0.0000 0.0000 30.1686 40.6292 0.0000 88.9942 23.6061 0.0000 0.0000 0.0000 0.0000 0.0000 0.0000 0.0000 0.0000 19.5303 0.0000 0.0000 0.0000 0.0000 19.4870 0.0000 0.0000 0.0000 36.2911 0.0000 0.0000 0.0000 68.2384 0.0000 86.3736 0.0000 0.0000 0.0000 82.8231 0.0000 0.0000 43.5193 0.0000 0.0000 0.0000 77.8156 0.0000 82.1592 0.0000 0.0000 0.0000 0.0000 0.0000 0.0000 23.1026 82.5622 0.0000 38.3324 0.0000 15.5321 0.0000 0.0000 0.0000 0.0000 66.8447 0.0000 0.0000 0.0000 46.1803 0.0000 0.0000 0.0000 0.0000 0.0000 35.1803 0.0000 0.0000 0.0000 0.0000 58.9983 0.0000 0.0000 0.0000 0.0000 0.0000 0.0000 37.1378 40.1044 0.0000 0.0000 99.2732 18.3538 0.0000 0.0000 0.0000 12.5102 0.0000 0.0000 79.6742 0.0000 0.0000 15.3951 0.0000 0.0000 0.0000 68.5866 36.8165 0.0000 0.0000 0.0000 0.0000 0.0000 0.0000 0.0000 0.0000 0.0000 0.0000 0.0000 80.6310 0.0000 0.0000 0.0000 0.0000 39.5062 0.0000 0.0000 0.0000 74.0476 0.0000 15.5974 0.0000 0.0000 0.0000 0.0000 0.0000 0.0000 0.0000 0.0000 54.8945 0.0000 0.0000 0.0000 0.0000 0.0000 0.0000 21.4412 0.0000 73.4072 0.0000 29.1378 0.0000 0.0000 0.0000 0.0000 0.0000 0.0000 0.0000 61.4588 23.7974 0.0000 0.0000 0.0000 0.0000 0.0000 63.0662 90.4828 0.0000 83.7213 0.0000 41.3784
0.0000 0.0000 0.0000 0.0000 0.0000 0.0000 0.0000 0.0000 0.0000 0.0000 0.0000 0.0000 0.0000 0.0000 0.0000 0.0000 0.0000 0.0000 0.0000 0.0000 45.5857 0.0000 0.0000 0.0000 0.0000 0.0000 0.0000 0.0000 0.0000 0.0000 0.0000 0.0000 60.3418 65.6834 0.0000 61.3220 52.8252 0.0000 94.2564 11.7076 0.0000 73.5056 0.0000 0.0000 0.0000 0.0000 0.0000 87.5777 49.3316 0.0000 0.0000 0.0000 20.3180 25.1340 32.9999 37.6115 0.0000 65.3028 0.0000 15.2652 0.0000 0.0000 0.0000 0.0000 0.0000 0.0000 28.2304 0.0000 0.0000 0.0000 0.0000 0.0000 15.4569 0.0000 0.0000 0.0000 0.0000 89.7540 96.7127 0.0000 59.9237 0.0000 0.0000 0.0000 67.2219 97.1120 0.0000 0.0000 0.0000 0.0000 0.0000 0.0000 0.0000 51.8187 0.0000 97.4874 94.0156 0.0000 0.0000 0.0000 0.0000 0.0000 0.0000 0.0000 0.0000 76.5265 0.0000 0.0000 0.0000 22.5685 0.0000 48.8766 0.0000 0.0000 0.0000 0.0000 0.0000 77.7425 0.0000 98.4720 0.0000 0.0000 0.0000 72.2661 0.0000 52.8876 0.0000 0.0000 0.0000 0.0000 0.0000 0.0000 0.0000 0.0000 0.0000 12.7853 0.0000 0.0000 0.0000 0.0000 0.0000 0.0000 0.0000 79.1169 0.0000 51.6423 0.0000 0.0000 11.7804 92.9259 0.0000 65.2098 0.0000 0.0000 54.4428 0.0000 91.4057 0.0000 27.6478 0.0000 0.0000 0.0000 0.0000 0.0000 0.0000 0.0000 0.0000 0.0000 0.0000 21.5422 33.3662 0.0000 57.0772 0.0000 71.0181 0.0000 0.0000 0.0000 60.4104 0.0000 0.0000 0.0000 0.0000 94.4883 0.0000 0.0000 71.2156 0.0000 0.0000 0.0000
0.0000 35.0140 0.0000 0.0000 27.5147 61.4638 76.3700 0.0000 0.0000 32.4986 37.9725 0.0000 53.1970 0.0000 0.0000 0.0000 0.0000 19.7057 40.6722 40.0230 0.0000 0.0000 0.0000 0.0000 0.0000 0.0000 0.0000 0.0000 15.4618 38.1951 0.0000 21.4782 0.0000 0.0000 0.0000 0.0000 70.9808 0.0000 44.3310 77.6767 63.9618 0.0000 44.5528 0.0000 0.0000 0.0000 0.0000 0.0000 0.0000 0.0000 0.0000 19.2421 0.0000 81.0475 61.5891 0.0000 47.8906 0.0000 0.0000 81.7323 38.0500 0.0000 0.0000 0.0000 0.0000 0.0000 0.0000 37.7807 0.0000 0.0000 62.7796 0.0000 55.6397 0.0000 0.0000 0.0000 28.0335 0.0000 0.0000 0.0000 0.0000 0.0000 0.0000 0.0000 0.0000 0.0000 0.0000 0.0000 0.0000 50.8872 0.0000 29.7465 30.0723 66.1528 76.1128 0.0000 0.0000 0.0000 26.5820 0.0000 0.0000 12.7016 36.1519 62.7118 0.0000 12.6717 25.6732 0.0000 0.0000 0.0000 0.0000 11.9343 0.0000 0.0000 70.9707 0.0000 0.0000 94.2503 0.0000 82.8539 0.0000 0.0000 0.0000 0.0000 0.0000 0.0000 22.9989 0.0000 0.0000 44.0376 0.0000 0.0000 0.0000 14.1576 0.0000 58.1922 0.0000 0.0000 81.6051 0.0000 0.0000 0.0000 0.0000 17.3267 0.0000 0.0000 55.7752 0.0000 0.0000 0.0000 0.0000 0.0000 0.0000 0.0000 0.0000 0.0000 0.0000 46.0851 0.0000 0.0000 29.7574 87.6851 0.0000 0.0000 0.0000 0.0000 0.0000 0.0000 0.0000 17.5625 0.0000 0.0000 0.0000 0.0000 0.0000 0.0000 0.0000 0.0000 0.0000 0.0000 0.0000 31.0411 0.0000 0.0000 85.8343 0.0000 0.0000 0.0000 0.0000 16.4214
28.0276 39.6317 0.0000 0.0000 0.0000 73.5078 0.0000 0.0000 0.0000 0.0000 0.0000 36.9527 0.0000 0.0000 0.0000 0.0000 0.0000 0.0000 0.0000 0.0000 0.0000 0.0000 45.7755 77.4223 0.0000 0.0000 0.0000 0.0000 0.0000 0.0000 0.0000 0.0000 79.3118 0.0000 50.4975 0.0000 0.0000 0.0000 94.9019 82.9361 0.0000 0.0000 0.0000 0.0000 0.0000 0.0000 0.0000 0.0000 80.6822 0.0000 95.7374 0.0000 0.0000 0.0000 0.0000 0.0000 0.0000 45.1573 0.0000 19.7775 0.0000 0.0000 0.0000 19.3882 0.0000 72.0122 0.0000 16.2542 0.0000 30.9735 0.0000 15.1708 0.0000 87.3737 0.0000 19.9670 0.0000 0.0000 95.9587 0.0000 28.5109 0.0000 0.0000 0.0000 0.0000 0.0000 0.0000 0.0000 0.0000 10.6699 15.7573 0.0000 0.0000 0.0000 0.0000 0.0000 0.0000 0.0000 0.0000 89.2895 0.0000 0.0000 0.0000 65.1725 0.0000 32.4221 0.0000 0.0000 0.0000 0.0000 61.1754 0.0000 0.0000 88.3486 66.5275 92.4667 0.0000 0.0000 54.4139 0.0000 0.0000 0.0000 19.4702 0.0000 0.0000 0.0000 55.5458 0.0000 72.5037 0.0000 0.0000 0.0000 0.0000 0.0000 20.3214 0.0000 0.0000 0.0000 0.0000 59.3586 95.5017 83.8384 0.0000 11.6260 36.4730 0.0000 0.0000 78.7230 0.0000 42.2278 13.1000 0.0000 72.7068 0.0000 0.0000 0.0000 0.0000 0.0000 0.0000 0.0000 10.4199 0.0000 0.0000 0.0000 0.0000 18.2248 0.0000 0.0000 0.0000 70.2055 89.4057 0.0000 0.0000 25.0343 0.0000 39.4427 0.0000 28.6407 0.0000 0.0000 29.2402 0.0000 46.1926 0.0000 0.0000 0.0000 83.3576 0.0000 0.0000 29.6705
0.0000 0.0000 0.0000 58.2563 0.0000 0.0000 96.3131 0.0000 0.0000 0.0000 0.0000 0.0000 0.0000 0.0000 0.0000 0.0000 0.0000 0.0000 0.0000 0.0000 0.0000 0.0000 0.0000 0.0000 0.0000 62.8722 0.0000 65.4714 0.0000 0.0000 0.0000 0.0000 0.0000 43.7071 23.6504 13.4116 0.0000 0.0000 0.0000 0.0000 0.0000 67.9242 0.0000 0.0000 0.0000 0.0000 12.1324 0.0000 0.0000 58.5381 0.0000 0.0000 71.8615 0.0000 0.0000 0.0000 0.0000 0.0000 88.2880 27.3219 0.0000 28.3798 63.3368 0.0000 0.0000 17.0348 0.0000 0.0000 0.0000 25.8792 35.6818 0.0000 0.0000 80.3160 97.5300 0.0000 49.7238 0.0000 0.0000 0.0000 0.0000 0.0000 44.3277 0.0000 0.0000 0.0000 0.0000 75.3983 51.7286 0.0000 0.0000 0.0000 22.2991 0.0000 27.0663 55.0630 0.0000 0.0000 0.0000 0.0000 0.0000 0.0000 0.0000 0.0000 0.0000 0.0000 92.9443 0.0000 0.0000 49.2668 92.1777 0.0000 0.0000 0.0000 0.0000 0.0000 0.0000 0.0000 0.0000 13.1057 0.0000 0.0000 0.0000 0.0000 0.0000 50.9924 0.0000 64.1934 0.0000 0.0000 79.3875 0.0000 0.0000 0.0000 0.0000 0.0000 0.0000 48.0650 0.0000 37.1998 0.0000 0.0000 0.0000 0.0000 0.0000 0.0000 0.0000 67.2562 0.0000 0.0000 77.3857 0.0000 0.0000 0.0000 0.0000 0.0000 16.2857 0.0000 0.0000 0.0000 0.0000 43.7186 0.0000 26.3786 0.0000 0.0000 0.0000 15.3084 78.3248 91.2046 0.0000 0.0000 0.0000 0.0000 36.3813 0.0000 40.7937 0.0000 0.0000 0.0000 15.4951 0.0000 62.4201 0.0000 57.0101 64.2686 0.0000 0.0000 0.0000 0.0000
0.0000 0.0000 0.0000 0.0000 0.0000 0.0000 0.0000 0.0000 0.0000 42.0426 0.0000 51.1227 0.0000 0.0000 0.0000 64.1718 0.0000 72.9338 0.0000 0.0000 0.0000 0.0000 0.0000 0.0000 0.0000 98.7563 0.0000 0.0000 42.4185 82.6802 0.0000 0.0000 0.0000 0.0000 0.0000 48.5125 0.0000 0.0000 0.0000 0.0000 0.0000 0.0000 27.5569 56.8049 0.0000 0.0000 0.0000 81.7139 0.0000 0.0000 0.0000 0.0000 50.1658 69.6378 29.0477 0.0000 0.0000 49.1404 0.0000 93.6071 0.0000 0.0000 33.1866 0.0000 0.0000 22.2181 0.0000 0.0000 72.2606 0.0000 0.0000 0.0000 0.0000 0.0000 0.0000 0.0000 0.0000 0.0000 0.0000 0.0000 0.0000 0.0000 20.4121 18.0225 0.0000 0.0000 0.0000 43.0963 0.0000 0.0000 0.0000 15.5696 0.0000 0.0000 0.0000 0.0000 0.0000 0.0000 0.0000 0.0000 0.0000 45.5781 0.0000 0.0000 94.8601 0.0000 0.0000 0.0000 0.0000 69.8816 0.0000 0.0000 0.0000 0.0000 0.0000 99.7164 0.0000 0.0000 0.0000 0.0000 0.0000 0.0000 0.0000 0.0000 0.0000 75.9392 0.0000 0.0000 87.8889 53.8754 0.0000 0.0000 0.0000 0.0000 0.0000 0.0000 0.0000 0.0000 0.0000 0.0000 0.0000 0.0000 72.6739 87.0627 0.0000 77.7040 0.0000 0.0000 0.0000 0.0000 0.0000 22.3805 0.0000 23.0341 77.3544 0.0000 75.3362 0.0000 0.0000 0.0000 95.5358 0.0000 0.0000 0.0000 97.6743 14.7225 0.0000 0.0000 0.0000 0.0000 0.0000 0.0000 31.6770 0.0000 0.0000 0.0000 0.0000 0.0000 0.0000 0.0000 0.0000 0.0000 0.0000 0.0000 68.7876 0.0000 17.4373 0.0000 0.0000 0.0000
61.5684 0.0000 77.0823 0.0000 53.5772 0.0000 0.0000 0.0000 15.7148 0.0000 0.0000 83.1581 60.0454 0.0000 0.0000 0.0000 0.0000 0.0000 0.0000 0.0000 77.7689 0.0000 0.0000 63.9192 0.0000 59.9250 0.0000 21.5934 24.5089 0.0000 0.0000 98.1936 0.0000 0.0000 0.0000 0.0000 0.0000 37.0540 0.0000 0.0000 0.0000 0.0000 0.0000 0.0000 0.0000 0.0000 0.0000 0.0000 0.0000 18.9108 0.0000 26.9266 84.9365 0.0000 0.0000 42.3159 66.0081 32.9471 0.0000 0.0000 0.0000 32.8761 0.0000 0.0000 0.0000 75.9407 0.0000 0.0000 43.4928 0.0000 0.0000 0.0000 0.0000 99.3204 0.0000 64.3247 21.2159 59.3532 67.6160 0.0000 0.0000 88.1970 10.8877 0.0000 0.0000 0.0000 93.3072 75.5495 0.0000 0.0000 0.0000 0.0000 0.0000 0.0000 0.0000 0.0000 0.0000 95.1859 0.0000 0.0000 0.0000 0.0000 0.0000 0.0000 0.0000 0.0000 10.8548 0.0000 21.3732 0.0000 0.0000 75.2877 0.0000 0.0000 64.7833 0.0000 98.7622 0.0000 0.0000 48.4989 0.0000 0.0000 0.0000 0.0000 0.0000 0.0000 0.0000 0.0000 17.1527 0.0000 0.0000 15.1670 0.0000 0.0000 0.0000 0.0000 0.0000 0.0000 0.0000 0.0000 0.0000 0.0000 0.0000 0.0000 0.0000 0.0000 0.0000 0.0000 0.0000 0.0000 0.0000 0.0000 76.5085 0.0000 0.0000 0.0000 0.0000 0.0000 0.0000 0.0000 0.0000 0.0000 0.0000 16.7610 0.0000 0.0000 0.0000 0.0000 0.0000 0.0000 92.2641 58.5208 0.0000 36.9260 29.1759 0.0000 0.0000 37.4338 0.0000 0.0000 0.0000 51.6751 0.0000 0.0000 0.0000 0.0000 0.0000 0.0000 90.1177 41.9079
54.2842 56.2887 21.1458 0.0000 69.0970 45.5823 48.5507 83.0389 49.4715 0.0000 41.8364 0.0000 0.0000 0.0000 27.0610 45.5091 0.0000 0.0000 27.9093 0.0000 0.0000 47.8986 0.0000 0.0000 0.0000 0.0000 0.0000 0.0000 0.0000 0.0000 0.0000 0.0000 0.0000 19.7092 23.9988 0.0000 0.0000 71.0479 0.0000 0.0000 0.0000 0.0000 53.7336 0.0000 23.7246 0.0000 79.0055 0.0000 0.0000 83.8548 73.5815 0.0000 0.0000 0.0000 99.3297 0.0000 0.0000 21.9066 99.1359 0.0000 0.0000 0.0000 14.5860 0.0000 0.0000 0.0000 40.2560 0.0000 0.0000 0.0000 0.0000 35.2500 0.0000 0.0000 0.0000 13.6800 77.0279 52.4852 0.0000 26.6356 0.0000 0.0000 0.0000 11.2295 0.0000 0.0000 0.0000 0.0000 0.0000 0.0000 0.0000 0.0000 0.0000 44.5644 0.0000 76.8329 62.7905 0.0000 0.0000 73.4194 0.0000 59.1921 0.0000 0.0000 0.0000 74.8693 27.2536 0.0000 88.9368 0.0000 0.0000 0.0000 0.0000 0.0000 0.0000 0.0000 47.7104 0.0000 0.0000 63.9238 0.0000 14.0901 0.0000 0.0000 0.0000 0.0000 0.0000 0.0000 0.0000 0.0000 77.5655 0.0000 0.0000 0.0000 26.5660 29.6027 0.0000 0.0000 0.0000 0.0000 0.0000 0.0000 0.0000 73.7429 0.0000 14.1051 13.5182 89.5242 0.0000 81.1559 0.0000 84.1069 0.0000 41.2716 0.0000 0.0000 73.4916 0.0000 0.0000 0.0000 0.0000 0.0000 83.4330 0.0000 96.8705 97.4444 0.0000 0.0000 0.0000 0.0000 77.1193 0.0000 0.0000 0.0000 0.0000 0.0000 0.0000 34.1914 0.0000 0.0000 0.0000 30.8551 0.0000 0.0000 0.0000 26.3362 87.6117 54.1467 0.0000 0.0000
24.6627 45.4778 0.0000 16.4844 91.8218 0.0000 57.4101 0.0000 0.0000 0.0000 0.0000 84.3906 0.0000 0.0000 32.3509 22.8372 0.0000 96.9725 0.0000 76.2518 0.0000 0.0000 53.2383 0.0000 0.0000 39.8581 0.0000 15.0288 0.0000 0.0000 84.2432 36.7065 0.0000 0.0000 92.0950 48.4422 68.9828 89.1091 0.0000 0.0000 0.0000 25.2603 19.1563 0.0000 0.0000 0.0000 93.0988 0.0000 0.0000 0.0000 57.7433 0.0000 0.0000 70.0546 0.0000 0.0000 0.0000 92.4611 0.0000 0.0000 0.0000 0.0000 10.1961 0.0000 69.0269 0.0000 0.0000 0.0000 0.0000 0.0000 62.0059 0.0000 18.1402 0.0000 44.6516 0.0000 0.0000 0.0000 0.0000 0.0000 0.0000 0.0000 0.0000 47.6794 0.0000 0.0000 0.0000 0.0000 0.0000 0.0000 0.0000 0.0000 0.0000 0.0000 0.0000 10.2579 0.0000 60.2537 0.0000 0.0000 41.4413 0.0000 0.0000 0.0000 22.9726 0.0000 0.0000 0.0000 84.5040 22.4021 0.0000 0.0000 0.0000 96.8422 0.0000 0.0000 0.0000 85.3693 0.0000 42.8720 16.9359 0.0000 0.0000 26.4182 0.0000 0.0000 0.0000 47.0370 0.0000 0.0000 0.0000 24.0299 0.0000 77.6020 0.0000 84.9412 0.0000 0.0000 0.0000 0.0000 0.0000 0.0000 0.0000 0.0000 97.5810 0.0000 0.0000 29.0678 0.0000 26.5324 0.0000 0.0000 0.0000 0.0000 0.0000 0.0000 0.0000 0.0000 82.3005 0.0000 19.7561 64.2871 0.0000 35.3986 0.0000 63.7400 0.0000 0.0000 0.0000 0.0000 34.2251 0.0000 0.0000 0.0000 0.0000 38.3122 0.0000 42.0984 45.8323 77.6658 0.0000 0.0000 0.0000 46.6558 0.0000 82.6745 62.8458 0.0000 0.0000 0.0000
23.6384 0.0000 0.0000 74.6616 0.0000 0.0000 0.0000 0.0000 96.7301 0.0000 0.0000 0.0000 0.0000 0.0000 0.0000 0.0000 0.0000 0.0000 0.0000 0.0000 0.0000 0.0000 64.9349 23.7161 0.0000 0.0000 0.0000 0.0000 88.3412 0.0000 0.0000 0.0000 18.4703 0.0000 0.0000 35.2106 0.0000 26.1268 0.0000 52.5935 88.8992 0.0000 21.1570 0.0000 87.3103 0.0000 0.0000 0.0000 43.0059 0.0000 0.0000 0.0000 0.0000 0.0000 88.7983 0.0000 0.0000 0.0000 0.0000 83.9112 86.7754 24.2385 0.0000 44.9401 0.0000 51.9290 0.0000 0.0000 0.0000 75.8600 0.0000 0.0000 0.0000 39.5849 0.0000 0.0000 0.0000 0.0000 0.0000 13.4454 52.2971 0.0000 0.0000 64.0970 0.0000 0.0000 0.0000 0.0000 0.0000 88.1219 0.0000 0.0000 67.2119 16.2333 0.0000 74.0986 0.0000 0.0000 0.0000 84.7494 91.1478 0.0000 0.0000 41.4349 0.0000 0.0000 0.0000 72.7021 0.0000 0.0000 0.0000 80.4765 0.0000 70.1166 0.0000 0.0000 0.0000 0.0000 0.0000 0.0000 0.0000 51.2793 87.7871 97.2979 0.0000 0.0000 50.5503 0.0000 50.4396 0.0000 29.6760 0.0000 0.0000 0.0000 43.9801 0.0000 0.0000 0.0000 0.0000 83.2401 90.6989 0.0000 0.0000 0.0000 0.0000 0.0000 0.0000 0.0000 0.0000 0.0000 0.0000 25.8232 0.0000 63.5403 0.0000 0.0000 0.0000 0.0000 0.0000 65.8339 0.0000 0.0000 0.0000 0.0000 68.4662 0.0000 0.0000 0.0000 0.0000 0.0000 49.9693 0.0000 36.0914 0.0000 50.9167 0.0000 52.2617 97.0854 0.0000 0.0000 0.0000 0.0000 0.0000 43.7179 35.5244 0.0000 85.4636 0.0000 0.0000 91.0169
0.0000 23.8038 0.0000 0.0000 0.0000 0.0000 0.0000 0.0000 0.0000 97.6141 67.9991 0.0000 0.0000 0.0000 67.2646 0.0000 91.3754 0.0000 0.0000 82.1055 0.0000 0.0000 0.0000 0.0000 0.0000 59.7615 0.0000 18.3939 0.0000 0.0000 0.0000 0.0000 73.6818 0.0000 44.4164 0.0000 50.8336 0.0000 0.0000 90.8118 58.1875 80.2026 0.0000 0.0000 0.0000 94.1478 0.0000 0.0000 0.0000 51.3215 0.0000 35.4217 0.0000 54.4821 0.0000 0.0000 0.0000 0.0000 16.6218 0.0000 71.8603 0.0000 0.0000 0.0000 0.0000 10.9126 61.0564 0.0000 97.8324 0.0000 0.0000 0.0000 0.0000 76.7527 0.0000 12.6600 56.0570 88.0187 29.5262 0.0000 75.4970 0.0000 53.3417 0.0000 0.0000 0.0000 77.0675 0.0000 0.0000 0.0000 25.5664 0.0000 0.0000 45.3543 0.0000 0.0000 0.0000 0.0000 0.0000 0.0000 0.0000 0.0000 0.0000 0.0000 0.0000 0.0000 0.0000 0.0000 0.0000 0.0000 25.0524 56.0221 0.0000 84.4018 0.0000 0.0000 0.0000 26.1914 0.0000 0.0000 0.0000 69.1259 0.0000 0.0000 38.6730 39.5982 0.0000 0.0000 0.0000 0.0000 0.0000 0.0000 0.0000 35.0244 0.0000 0.0000 0.0000 90.3398 0.0000 0.0000 0.0000 0.0000 82.2453 0.0000 0.0000 0.0000 25.4026 0.0000 0.0000 0.0000 67.9300 0.0000 0.0000 0.0000 85.7479 0.0000 0.0000 0.0000 68.0298 18.5608 0.0000 0.0000 77.8323 0.0000 0.0000 0.0000 0.0000 0.0000 0.0000 0.0000 0.0000 0.0000 43.6515 0.0000 14.3051 19.4622 0.0000 0.0000 0.0000 27.2044 0.0000 0.0000 0.0000 0.0000 0.0000 0.0000 80.6450 95.2430 39.6396 0.0000
0.0000 25.3305 51.4624 87.5705 0.0000 0.0000 0.0000 0.0000 0.0000 57.4830 0.0000 0.0000 0.0000 0.0000 0.0000 33.7431 17.4515 0.0000 0.0000 0.0000 0.0000 17.0215 0.0000 11.1815 83.6660 19.4081 63.1471 0.0000 0.0000 0.0000 0.0000 0.0000 0.0000 55.4060 0.0000 42.7279 0.0000 0.0000 0.0000 0.0000 35.0055 37.6432 0.0000 0.0000 88.8577 0.0000 90.4688 12.5728 0.0000 0.0000 93.4235 48.8326 55.1971 0.0000 34.5330 68.3760 0.0000 0.0000 46.2423 0.0000 0.0000 0.0000 0.0000 0.0000 0.0000 0.0000 14.7824 33.9560 19.0929 65.8199 0.0000 0.0000 76.0532 0.0000 28.5135 0.0000 0.0000 63.6682 0.0000 55.2916 0.0000 0.0000 0.0000 0.0000 38.3601 26.8610 0.0000 11.1461 0.0000 0.0000 33.7449 71.1283 0.0000 0.0000 0.0000 0.0000 0.0000 19.8447 0.0000 0.0000 0.0000 0.0000 0.0000 23.1925 37.4142 0.0000 0.0000 0.0000 0.0000 53.7844 0.0000 41.7364 0.0000 0.0000 0.0000 0.0000 0.0000 0.0000 71.7206 0.0000 98.0774 0.0000 0.0000 54.8049 76.6911 0.0000 0.0000 0.0000 95.9333 0.0000 0.0000 0.0000 0.0000 0.0000 0.0000 0.0000 0.0000 71.1160 0.0000 0.0000 0.0000 0.0000 0.0000 56.8070 0.0000 0.0000 0.0000 0.0000 0.0000 0.0000 97.2523 0.0000 0.0000 0.0000 97.0004 0.0000 0.0000 0.0000 81.9807 13.6858 63.3764 37.5239 0.0000 0.0000 32.6290 0.0000 87.3109 0.0000 0.0000 17.7403 99.6323 62.6702 29.6972 0.0000 0.0000 0.0000 0.0000 0.0000 0.0000 33.5135 0.0000 0.0000 0.0000 0.0000 0.0000 0.0000 0.0000 22.2122 0.0000 0.0000
60.9999 0.0000 0.0000 0.0000 0.0000 0.0000 49.7711 0.0000 0.0000 0.0000 0.0000 0.0000 0.0000 0.0000 60.3018 0.0000 0.0000 0.0000 0.0000 0.0000 56.0986 58.8943 0.0000 77.9802 0.0000 0.0000 82.6733 0.0000 0.0000 14.9223 0.0000 0.0000 0.0000 0.0000 36.1519 0.0000 0.0000 76.6426 0.0000 0.0000 28.4558 76.6382 0.0000 70.8113 0.0000 0.0000 0.0000 0.0000 53.6460 0.0000 10.0032 0.0000 18.7177 52.6368 0.0000 0.0000 20.9630 0.0000 0.0000 0.0000 0.0000 0.0000 0.0000 0.0000 0.0000 0.0000 0.0000 0.0000 83.6695 0.0000 76.7498 0.0000 0.0000 70.0782 0.0000 0.0000 0.0000 0.0000 0.0000 47.5207 0.0000 51.1374 0.0000 37.2485 0.0000 0.0000 0.0000 91.6353 0.0000 0.0000 0.0000 98.3578 0.0000 0.0000 0.0000 0.0000 0.0000 0.0000 69.0327 0.0000 0.0000 0.0000 0.0000 0.0000 78.6347 0.0000 0.0000 0.0000 0.0000 0.0000 0.0000 0.0000 0.0000 0.0000 0.0000 0.0000 39.1669 0.0000 0.0000 0.0000 0.0000 86.6828 18.6886 94.0811 0.0000 0.0000 0.0000 0.0000 0.0000 90.9815 90.3226 0.0000 0.0000 65.0713 86.2122 78.7017 0.0000 0.0000 0.0000 0.0000 0.0000 0.0000 0.0000 0.0000 32.7245 0.0000 28.1073 83.2454 0.0000 62.3897 0.0000 0.0000 82.9008 0.0000 0.0000 0.0000 0.0000 26.6774 0.0000 0.0000 0.0000 0.0000 0.0000 0.0000 0.0000 0.0000 0.0000 0.0000 16.0439 0.0000 0.0000 17.0329 0.0000 20.6135 64.1341 0.0000 94.6556 0.0000 73.2946 88.4326 0.0000 61.7820 0.0000 0.0000 0.0000 0.0000 72.7766 52.3881 0.0000 12.6980
0.0000 40.1087 0.0000 59.2379 0.0000 0.0000 0.0000 0.0000 16.5621 0.0000 0.0000 0.0000 0.0000 98.2950 0.0000 0.0000 0.0000 59.6283 0.0000 13.7567 55.6844 0.0000 0.0000 0.0000 0.0000 0.0000 14.9821 0.0000 0.0000 0.0000 0.0000 0.0000 0.0000 0.0000 0.0000 78.9113 0.0000 0.0000 0.0000 49.4158 0.0000 0.0000 0.0000 49.2872 30.8830 0.0000 77.2728 0.0000 0.0000 0.0000 0.0000 74.7844 0.0000 21.4044 13.9347 0.0000 0.0000 36.3171 0.0000 0.0000 16.9123 58.9282 0.0000 0.0000 0.0000 0.0000 74.1820 0.0000 0.0000 68.8279 0.0000 72.7995 0.0000 91.0383 0.0000 0.0000 28.3199 97.8345 76.7718 43.5151 0.0000 98.0119 0.0000 0.0000 0.0000 54.9017 35.0171 0.0000 0.0000 35.1183 0.0000 0.0000 0.0000 0.0000 28.5157 48.7976 37.4633 0.0000 0.0000 64.7865 0.0000 0.0000 0.0000 0.0000 0.0000 0.0000 0.0000 0.0000 0.0000 0.0000 0.0000 0.0000 19.8289 0.0000 0.0000 0.0000 0.0000 0.0000 0.0000 0.0000 0.0000 0.0000 44.3162 0.0000 0.0000 11.3665 0.0000 0.0000 32.4939 0.0000 0.0000 0.0000 0.0000 0.0000 0.0000 0.0000 0.0000 0.0000 61.1597 0.0000 26.0906 0.0000 0.0000 0.0000 0.0000 0.0000 0.0000 15.2726 0.0000 64.9296 0.0000 26.1824 0.0000 88.2150 66.7304 65.6154 20.3002 71.5997 0.0000 0.0000 74.5622 74.3095 33.1701 0.0000 0.0000 0.0000 0.0000 0.0000 0.0000 49.9431 0.0000 39.3210 0.0000 0.0000 0.0000 0.0000 0.0000 39.3886 0.0000 0.0000 0.0000 0.0000 0.0000 0.0000 0.0000 14.0150 0.0000 0.0000 64.8134 0.0000
0.0000 0.0000 0.0000 0.0000 0.0000 84.7654 75.3634 0.0000 0.0000 16.9580 0.0000 55.3146 0.0000 0.0000 0.0000 0.0000 0.0000 0.0000 52.5096 0.0000 0.0000 85.2408 31.9626 79.0879 0.0000 0.0000 0.0000 31.6942 0.0000 0.0000 0.0000 0.0000 0.0000 0.0000 0.0000 0.0000 0.0000 0.0000 0.0000 0.0000 0.0000 58.3854 0.0000 0.0000 0.0000 33.4251 38.2460 47.8920 0.0000 0.0000 0.0000 0.0000 0.0000 0.0000 20.8710 59.9121 0.0000 0.0000 13.0668 0.0000 0.0000 0.0000 88.0192 0.0000 0.0000 0.0000 0.0000 0.0000 0.0000 90.7684 0.0000 0.0000 0.0000 0.0000 76.4874 0.0000 0.0000 0.0000 0.0000 0.0000 52.9395 26.5106 0.0000 0.0000 0.0000 90.6039 0.0000 0.0000 0.0000 0.0000 0.0000 0.0000 0.0000 0.0000 36.7614 0.0000 0.0000 0.0000 0.0000 0.0000 0.0000 0.0000 0.0000 22.8877 0.0000 0.0000 0.0000 56.7221 0.0000 0.0000 35.6312 34.6464 0.0000 0.0000 92.5924 0.0000 0.0000 0.0000 0.0000 28.6159 0.0000 0.0000 91.2287 0.0000 0.0000 0.0000 84.9254 28.2827 0.0000 0.0000 0.0000 0.0000 0.0000 19.8653 0.0000 0.0000 0.0000 0.0000 87.8052 0.0000 0.0000 41.8349 81.3988 0.0000 0.0000 0.0000 66.7562 0.0000 0.0000 0.0000 0.0000 0.0000 0.0000 0.0000 0.0000 0.0000 0.0000 0.0000 0.0000 67.1047 22.3187 0.0000 0.0000 0.0000 23.6290 0.0000 0.0000 27.8716 0.0000 0.0000 0.0000 0.0000 16.0535 0.0000 26.0304 0.0000 44.2261 0.0000 0.0000 0.0000 0.0000 37.0091 36.2904 0.0000 0.0000 0.0000 0.0000 0.0000 20.1131 0.0000
0.0000 97.2426 0.0000 0.0000 51.8262 0.0000 72.7272 0.0000 0.0000 0.0000 0.0000 0.0000 0.0000 36.1837 0.0000 0.0000 0.0000 79.4619 38.5857 0.0000 0.0000 0.0000 0.0000 75.5368 0.0000 0.0000 0.0000 0.0000 0.0000 28.5581 0.0000 0.0000 0.0000 0.0000 0.0000 0.0000 75.0006 0.0000 73.4257 0.0000 0.0000 0.0000 0.0000 0.0000 0.0000 24.1294 0.0000 0.0000 82.1157 0.0000 0.0000 76.0001 0.0000 11.8026 0.0000 45.8144 0.0000 37.1320 79.5170 34.5212 80.5648 0.0000 76.6473 17.6425 74.9902 0.0000 0.0000 84.7226 0.0000 76.2286 0.0000 64.5122 0.0000 0.0000 0.0000 34.6645 33.7843 0.0000 0.0000 18.3756 0.0000 0.0000 0.0000 0.0000 0.0000 11.5491 0.0000 0.0000 0.0000 0.0000 30.1655 0.0000 0.0000 43.2839 0.0000 0.0000 0.0000 0.0000 0.0000 25.2330 0.0000 0.0000 22.7198 0.0000 0.0000 0.0000 0.0000 79.0668 38.0309 0.0000 38.9299 0.0000 0.0000 72.1358 0.0000 0.0000 0.0000 0.0000 0.0000 0.0000 0.0000 0.0000 0.0000 0.0000 19.4539 0.0000 0.0000 0.0000 77.3334 49.3841 0.0000 48.1764 82.2838 0.0000 0.0000 0.0000 0.0000 49.1931 92.9773 0.0000 0.0000 0.0000 0.0000 0.0000 57.0926 65.2600 0.0000 0.0000 51.6592 0.0000 0.0000 0.0000 0.0000 57.1941 0.0000 47.4673 16.0343 0.0000 0.0000 72.4641 0.0000 0.0000 52.1825 41.5408 0.0000 66.5940 0.0000 83.8679 0.0000 0.0000 0.0000 0.0000 0.0000 58.6915 0.0000 23.7180 0.0000 33.6644 81.7196 0.0000 0.0000 0.0000 0.0000 0.0000 82.6570 0.0000 0.0000 0.0000 80.5028 0.0000
82.3018 24.8337 0.0000 0.0000 0.0000 56.0535 0.0000 0.0000 0.0000 0.0000 60.4131 0.0000 0.0000 0.0000 0.0000 0.0000 0.0000 0.0000 0.0000 0.0000 0.0000 0.0000 0.0000 0.0000 0.0000 0.0000 0.0000 0.0000 0.0000 0.0000 0.0000 42.9118 0.0000 0.0000 0.0000 0.0000 60.3815 0.0000 0.0000 0.0000 77.2866 49.7873 0.0000 37.9352 43.1981 92.9408 0.0000 34.7456 0.0000 72.5949 66.2743 0.0000 0.0000 0.0000 0.0000 0.0000 0.0000 0.0000 0.0000 0.0000 0.0000 0.0000 12.5953 0.0000 76.2577 0.0000 47.7615 0.0000 67.3730 18.7728 0.0000 0.0000 65.2603 85.3546 0.0000 0.0000 0.0000 0.0000 0.0000 0.0000 0.0000 0.0000 0.0000 0.0000 0.0000 84.2543 0.0000 0.0000 49.9059 27.8815 0.0000 77.2146 0.0000 34.6387 0.0000 0.0000 0.0000 0.0000 0.0000 0.0000 18.1506 0.0000 63.2034 0.0000 0.0000 0.0000 43.7077 75.1849 85.3577 0.0000 0.0000 78.0249 14.8002 0.0000 22.6383 0.0000 26.9421 0.0000 36.5439 0.0000 54.0897 0.0000 0.0000 0.0000 0.0000 0.0000 0.0000 85.1252 0.0000 0.0000 73.1969 0.0000 0.0000 0.0000 72.9688 0.0000 0.0000 0.0000 79.6068 52.0919 20.3768 0.0000 22.5834 0.0000 0.0000 0.0000 0.0000 73.1159 0.0000 0.0000 47.9267 0.0000 0.0000 92.1834 0.0000 0.0000 11.9575 0.0000 0.0000 0.0000 0.0000 0.0000 0.0000 43.5893 0.0000 0.0000 0.0000 0.0000 0.0000 0.0000 0.0000 0.0000 0.0000 0.0000 0.0000 0.0000 56.0984 0.0000 0.0000 0.0000 0.0000 97.5185 0.0000 39.9832 0.0000 0.0000 0.0000 0.0000 0.0000 0.0000
10.0759 89.4659 0.0000 31.2565 18.1150 71.6242 0.0000 0.0000 0.0000 0.0000 0.0000 0.0000 0.0000 0.0000 0.0000 0.0000 0.0000 0.0000 21.5652 0.0000 79.5934 0.0000 0.0000 0.0000 0.0000 0.0000 53.9478 0.0000 0.0000 64.7670 0.0000 0.0000 0.0000 0.0000 0.0000 0.0000 0.0000 0.0000 0.0000 26.9173 49.1861 0.0000 0.0000 0.0000 44.8134 0.0000 96.2661 0.0000 71.4106 0.0000 0.0000 71.7459 87.6220 0.0000 38.7123 0.0000 0.0000 0.0000 0.0000 0.0000 0.0000 0.0000 0.0000 67.0705 0.0000 0.0000 0.0000 0.0000 0.0000 0.0000 0.0000 0.0000 0.0000 0.0000 0.0000 0.0000 0.0000 40.3404 0.0000 0.0000 83.1552 0.0000 0.0000 35.3543 54.0659 0.0000 0.0000 0.0000 40.3716 83.7252 0.0000 42.1197 39.2169 0.0000 0.0000 0.0000 76.4812 17.5642 75.4109 0.0000 0.0000 97.4667 0.0000 84.3014 0.0000 0.0000 0.0000 0.0000 43.5516 97.9159 0.0000 0.0000 0.0000 0.0000 93.4696 0.0000 0.0000 95.5323 68.7606 0.0000 0.0000 0.0000 27.2479 37.2881 0.0000 0.0000 81.9059 0.0000 0.0000 0.0000 0.0000 0.0000 0.0000 70.4296 0.0000 0.0000 0.0000 46.6465 47.2892 34.0348 0.0000 0.0000 0.0000 11.6266 0.0000 35.9048 0.0000 0.0000 0.0000 0.0000 0.0000 0.0000 0.0000 40.6536 0.0000 0.0000 0.0000 0.0000 72.7953 0.0000 12.9040 0.0000 0.0000 0.0000 0.0000 0.0000 98.6382 0.0000 38.3804 0.0000 66.2376 41.6464 0.0000 0.0000 97.6021 0.0000 0.0000 92.9059 64.6410 0.0000 29.6475 0.0000 0.0000 24.3206 0.0000 0.0000 0.0000 0.0000 0.0000 0.0000
0.0000 0.0000 0.0000 89.6282 0.0000 0.0000 0.0000 0.0000 0.0000 0.0000 0.0000 0.0000 0.0000 0.0000 0.0000 35.9567 0.0000 0.0000 0.0000 91.6553 0.0000 0.0000 0.0000 0.0000 0.0000 0.0000 65.7928 0.0000 0.0000 0.0000 0.0000 0.0000 61.2376 0.0000 43.3266 0.0000 0.0000 0.0000 0.0000 0.0000 0.0000 0.0000 43.2158 0.0000 94.3427 0.0000 0.0000 90.5001 51.5062 64.2924 0.0000 0.0000 0.0000 0.0000 64.3606 0.0000 0.0000 51.5991 0.0000 12.9090 0.0000 0.0000 0.0000 0.0000 47.5381 74.4379 79.8937 0.0000 0.0000 53.2727 0.0000 45.8557 0.0000 0.0000 0.0000 0.0000 0.0000 0.0000 0.0000 23.1385 84.2706 0.0000 25.2058 0.0000 0.0000 0.0000 0.0000 18.7413 0.0000 90.9276 0.0000 33.4000 50.0205 0.0000 0.0000 0.0000 0.0000 0.0000 35.9587 43.3766 0.0000 95.0313 67.0505 0.0000 0.0000 76.9360 0.0000 36.3100 0.0000 0.0000 29.0496 0.0000 0.0000 74.9025 0.0000 0.0000 0.0000 0.0000 40.9792 86.7349 0.0000 0.0000 0.0000 0.0000 57.2713 90.7420 95.2253 0.0000 0.0000 35.0484 0.0000 0.0000 0.0000 0.0000 0.0000 0.0000 0.0000 0.0000 0.0000 0.0000 0.0000 28.2277 0.0000 0.0000 39.6564 59.7956 0.0000 0.0000 0.0000 0.0000 61.0032 33.0465 0.0000 0.0000 0.0000 72.0674 0.0000 64.8224 0.0000 27.1013 0.0000 91.2820 0.0000 30.4828 0.0000 0.0000 0.0000 0.0000 0.0000 0.0000 0.0000 20.4766 27.7657 0.0000 53.8508 0.0000 0.0000 0.0000 89.7866 0.0000 82.5189 0.0000 0.0000 77.9104 0.0000 0.0000 55.6564 0.0000 0.0000 88.0535
34.7760 0.0000 0.0000 0.0000 0.0000 0.0000 0.0000 0.0000 0.0000 0.0000 15.9004 0.0000 0.0000 0.0000 0.0000 0.0000 0.0000 80.0913 0.0000 55.1602 0.0000 0.0000 37.0055 0.0000 0.0000 24.0749 0.0000 0.0000 0.0000 0.0000 96.1036 0.0000 0.0000 0.0000 0.0000 93.9559 0.0000 0.0000 0.0000 0.0000 40.0350 0.0000 0.0000 0.0000 0.0000 0.0000 0.0000 0.0000 0.0000 0.0000 0.0000 0.0000 0.0000 0.0000 73.3905 74.5005 43.6128 0.0000 0.0000 0.0000 0.0000 29.3482 0.0000 0.0000 31.8824 0.0000 0.0000 0.0000 0.0000 0.0000 69.3476 0.0000 0.0000 0.0000 64.6034 0.0000 67.5666 43.2504 0.0000 22.0856 0.0000 0.0000 0.0000 0.0000 23.5378 27.9995 32.0704 0.0000 0.0000 57.7925 11.9667 0.0000 80.7311 0.0000 0.0000 0.0000 0.0000 0.0000 0.0000 52.1494 0.0000 0.0000 0.0000 0.0000 77.2885 20.7271 0.0000 0.0000 0.0000 57.5558 0.0000 0.0000 49.3486 55.3790 0.0000 0.0000 0.0000 0.0000 0.0000 0.0000 0.0000 0.0000 0.0000 0.0000 0.0000 0.0000 93.0247 0.0000 0.0000 0.0000 0.0000 0.0000 50.6160 0.0000 0.0000 0.0000 68.3056 0.0000 0.0000 0.0000 0.0000 0.0000 61.7264 84.5400 30.2707 0.0000 30.0601 0.0000 0.0000 0.0000 0.0000 0.0000 0.0000 0.0000 0.0000 0.0000 79.5693 26.3428 64.1729 0.0000 0.0000 0.0000 0.0000 0.0000 0.0000 28.7927 0.0000 0.0000 94.2672 41.9810 90.8992 0.0000 0.0000 0.0000 0.0000 0.0000 0.0000 0.0000 0.0000 0.0000 44.2454 0.0000 25.7587 0.0000 0.0000 78.0946 54.0198 0.0000 0.0000 0.0000
98.6637 0.0000 0.0000 20.0793 0.0000 82.3071 0.0000 0.0000 0.0000 0.0000 0.0000 0.0000 0.0000 0.0000 0.0000 67.9224 0.0000 0.0000 0.0000 68.2624 0.0000 32.4098 0.0000 24.0182 0.0000 0.0000 82.2142 0.0000 0.0000 0.0000 0.0000 25.5178 0.0000 0.0000 0.0000 0.0000 89.1170 24.6136 0.0000 0.0000 0.0000 0.0000 0.0000 38.8965 0.0000 0.0000 0.0000 88.4825 0.0000 43.9333 0.0000 0.0000 11.3445 0.0000 98.9372 52.8120 0.0000 0.0000 0.0000 64.2944 0.0000 0.0000 0.0000 0.0000 69.0737 0.0000 0.0000 0.0000 0.0000 0.0000 0.0000 29.7380 94.8060 17.3970 46.3455 0.0000 30.3601 69.3432 0.0000 0.0000 0.0000 0.0000 0.0000 0.0000 0.0000 47.9819 0.0000 0.0000 0.0000 91.5413 0.0000 27.8107 22.8659 81.5295 39.0279 0.0000 0.0000 0.0000 0.0000 0.0000 0.0000 0.0000 65.9181 0.0000 35.1375 0.0000 0.0000 0.0000 0.0000 82.6290 0.0000 0.0000 0.0000 0.0000 0.0000 0.0000 42.8880 0.0000 0.0000 30.4413 0.0000 59.5418 88.5976 0.0000 0.0000 0.0000 88.0271 0.0000 0.0000 0.0000 0.0000 85.6012 11.5047 0.0000 0.0000 0.0000 87.3934 0.0000 0.0000 0.0000 95.2447 0.0000 0.0000 24.9072 0.0000 0.0000 0.0000 0.0000 94.7973 0.0000 0.0000 96.3151 0.0000 91.0861 0.0000 0.0000 0.0000 94.4329 32.6196 0.0000 0.0000 0.0000 0.0000 0.0000 46.9338 84.0197 0.0000 0.0000 0.0000 80.7682 0.0000 0.0000 85.0896 96.7022 90.3375 76.5689 0.0000 49.9043 0.0000 0.0000 20.5563 0.0000 66.5691 0.0000 0.0000 21.2378 0.0000 0.0000 98.1094 0.0000
0.0000 98.9163 0.0000 0.0000 51.9873 0.0000 0.0000 0.0000 0.0000 0.0000 19.2745 0.0000 0.0000 0.0000 0.0000 0.0000 0.0000 0.0000 0.0000 0.0000 0.0000 0.0000 75.1647 32.6504 0.0000 0.0000 0.0000 0.0000 19.1018 0.0000 54.5478 0.0000 0.0000 80.2830 0.0000 0.0000 0.0000 0.0000 0.0000 0.0000 0.0000 0.0000 0.0000 0.0000 0.0000 0.0000 0.0000 78.7628 0.0000 0.0000 0.0000 0.0000 0.0000 0.0000 0.0000 0.0000 0.0000 0.0000 0.0000 0.0000 0.0000 0.0000 0.0000 0.0000 61.0237 95.1355 92.8603 0.0000 0.0000 0.0000 83.6532 0.0000 0.0000 50.1406 51.2384 0.0000 81.4277 79.3728 0.0000 0.0000 0.0000 0.0000 0.0000 0.0000 0.0000 0.0000 0.0000 0.0000 0.0000 84.5815 74.9747 0.0000 0.0000 0.0000 44.4427 73.6656 0.0000 0.0000 0.0000 0.0000 0.0000 0.0000 62.3662 0.0000 0.0000 0.0000 0.0000 0.0000 0.0000 0.0000 18.1488 0.0000 0.0000 0.0000 74.4299 0.0000 0.0000 0.0000 96.0467 0.0000 0.0000 61.3096 99.9495 0.0000 59.3188 0.0000 54.5044 0.0000 0.0000 30.3249 0.0000 11.1177 11.8697 0.0000 0.0000 0.0000 0.0000 0.0000 0.0000 0.0000 0.0000 0.0000 0.0000 0.0000 0.0000 0.0000 0.0000 0.0000 43.3206 0.0000 0.0000 0.0000 0.0000 0.0000 87.3950 0.0000 58.4448 98.2910 0.0000 0.0000 0.0000 0.0000 0.0000 0.0000 0.0000 0.0000 0.0000 0.0000 0.0000 0.0000 0.0000 65.6925 0.0000 0.0000 0.0000 60.3963 0.0000 41.2843 0.0000 71.3806 74.6982 0.0000 0.0000 0.0000 0.0000 0.0000 0.0000 0.0000 0.0000 50.6901
0.0000 0.0000 0.0000 0.0000 0.0000 0.0000 58.5651 0.0000 0.0000 64.8635 0.0000 0.0000 97.9618 0.0000 0.0000 0.0000 0.0000 64.1373 0.0000 26.3114 0.0000 0.0000 18.0195 0.0000 0.0000 0.0000 0.0000 0.0000 0.0000 40.8966 41.9641 0.0000 0.0000 0.0000 46.1285 98.7072 0.0000 0.0000 0.0000 0.0000 0.0000 64.5543 0.0000 43.5832 96.7240 0.0000 44.6278 91.4631 0.0000 0.0000 0.0000 65.8785 29.6536 0.0000 0.0000 0.0000 0.0000 0.0000 0.0000 0.0000 0.0000 23.3965 0.0000 13.4897 0.0000 0.0000 0.0000 0.0000 0.0000 41.4149 56.6640 0.0000 0.0000 0.0000 0.0000 0.0000 0.0000 0.0000 0.0000 0.0000 0.0000 59.9016 0.0000 0.0000 83.5827 46.3856 0.0000 0.0000 0.0000 0.0000 0.0000 0.0000 0.0000 56.7859 0.0000 0.0000 0.0000 0.0000 0.0000 0.0000 0.0000 38.8285 0.0000 94.9823 0.0000 0.0000 12.1451 60.5128 0.0000 0.0000 0.0000 0.0000 0.0000 0.0000 0.0000 95.2102 0.0000 0.0000 0.0000 0.0000 0.0000 0.0000 0.0000 37.2651 96.7768 84.2855 0.0000 0.0000 0.0000 43.3742 0.0000 0.0000 95.4968 0.0000 0.0000 28.3247 67.6379 92.9878 72.0451 0.0000 31.6349 0.0000 0.0000 0.0000 0.0000 0.0000 0.0000 0.0000 22.7502 70.1680 0.0000 0.0000 0.0000 0.0000 0.0000 89.0813 0.0000 72.1253 0.0000 0.0000 91.0968 0.0000 0.0000 0.0000 0.0000 0.0000 0.0000 0.0000 0.0000 67.3837 91.1995 0.0000 39.4641 0.0000 71.2815 0.0000 0.0000 0.0000 61.3098 20.7461 0.0000 0.0000 0.0000 0.0000 0.0000 99.6003 0.0000 30.5781 0.0000 78.6287
0.0000 65.3789 0.0000 63.7301 94.0254 0.0000 28.9388 0.0000 0.0000 0.0000 0.0000 0.0000 0.0000 0.0000 67.9722 0.0000 36.2625 26.5567 69.2211 0.0000 0.0000 32.1199 0.0000 0.0000 96.7759 71.6287 0.0000 0.0000 0.0000 93.9521 0.0000 19.3413 44.3092 0.0000 0.0000 0.0000 30.2066 0.0000 0.0000 68.3976 0.0000 0.0000 0.0000 0.0000 65.4444 0.0000 0.0000 0.0000 0.0000 0.0000 0.0000 0.0000 0.0000 58.2809 0.0000 67.3384 97.0633 0.0000 0.0000 0.0000 82.4905 51.3939 0.0000 0.0000 46.2008 0.0000 0.0000 0.0000 0.0000 0.0000 0.0000 0.0000 0.0000 0.0000 0.0000 0.0000 0.0000 29.5263 27.5142 0.0000 0.0000 0.0000 0.0000 0.0000 0.0000 0.0000 0.0000 22.7198 68.7014 0.0000 0.0000 0.0000 0.0000 29.5460 0.0000 44.5861 0.0000 49.8682 0.0000 0.0000 0.0000 77.1375 0.0000 46.1689 0.0000 47.0161 0.0000 0.0000 93.8127 0.0000 0.0000 0.0000 0.0000 0.0000 0.0000 0.0000 10.7802 0.0000 86.7341 0.0000 0.0000 23.5543 85.6611 0.0000 0.0000 0.0000 0.0000 0.0000 0.0000 19.1350 0.0000 0.0000 47.3667 0.0000 0.0000 59.7089 0.0000 0.0000 0.0000 0.0000 0.0000 0.0000 50.0413 0.0000 44.2854 0.0000 11.7959 0.0000 0.0000 0.0000 0.0000 90.4589 0.0000 0.0000 0.0000 0.0000 0.0000 0.0000 22.1449 0.0000 0.0000 99.3607 0.0000 0.0000 0.0000 0.0000 0.0000 0.0000 64.2531 0.0000 90.1943 0.0000 86.6128 35.2221 0.0000 0.0000 0.0000 0.0000 31.4924 0.0000 0.0000 0.0000 77.4998 0.0000 0.0000 59.6147 98.0424 0.0000 0.0000 44.2604
0.0000 0.0000 70.4714 0.0000 0.0000 0.0000 0.0000 0.0000 0.0000 0.0000 0.0000 0.0000 0.0000 0.0000 92.2022 0.0000 69.9600 0.0000 0.0000 82.9680 0.0000 16.6973 0.0000 82.1311 0.0000 0.0000 11.2103 0.0000 0.0000 0.0000 66.3514 0.0000 0.0000 0.0000 0.0000 20.9781 0.0000 77.1458 18.2533 0.0000 81.2433 14.4999 0.0000 38.8364 0.0000 0.0000 98.9137 0.0000 35.9257 0.0000 0.0000 26.6435 25.8266 22.9503 0.0000 0.0000 0.0000 0.0000 26.8343 0.0000 0.0000 67.1767 0.0000 0.0000 0.0000 48.3871 0.0000 0.0000 0.0000 0.0000 0.0000 77.8867 15.6505 0.0000 0.0000 0.0000 0.0000 78.7990 0.0000 76.9842 62.9325 0.0000 0.0000 0.0000 0.0000 33.6194 0.0000 0.0000 0.0000 0.0000 0.0000 0.0000 0.0000 0.0000 62.8506 41.7605 0.0000 0.0000 0.0000 0.0000 0.0000 0.0000 0.0000 0.0000 77.5497 0.0000 22.5489 0.0000 0.0000 0.0000 0.0000 81.2238 0.0000 63.3643 18.5362 0.0000 40.3584 45.3009 0.0000 0.0000 0.0000 53.7881 0.0000 0.0000 0.0000 97.2190 96.5295 39.0954 0.0000 31.1637 0.0000 0.0000 0.0000 37.7207 66.7413 0.0000 0.0000 21.6485 75.2281 0.0000 0.0000 0.0000 0.0000 50.2370 0.0000 39.3581 88.4686 0.0000 0.0000 0.0000 0.0000 0.0000 0.0000 0.0000 21.4420 0.0000 0.0000 0.0000 63.3551 83.7691 0.0000 0.0000 55.9864 77.5173 0.0000 54.1846 0.0000 0.0000 0.0000 50.4536 0.0000 0.0000 22.8775 0.0000 32.1927 0.0000 0.0000 0.0000 0.0000 34.5482 0.0000 0.0000 0.0000 0.0000 0.0000 0.0000 0.0000 0.0000 76.0078 0.0000
81.8964 81.1638 0.0000 0.0000 33.4889 12.2755 0.0000 0.0000 51.8446 0.0000 66.3301 0.0000 0.0000 0.0000 34.6197 73.5667 0.0000 21.5682 0.0000 88.0964 0.0000 0.0000 0.0000 0.0000 0.0000 0.0000 0.0000 0.0000 0.0000 0.0000 35.4618 0.0000 0.0000 0.0000 74.5543 15.7490 23.6413 0.0000 0.0000 77.9194 0.0000 0.0000 0.0000 0.0000 0.0000 0.0000 0.0000 0.0000 0.0000 0.0000 84.0561 0.0000 0.0000 92.0282 31.5339 0.0000 0.0000 85.8604 13.8155 30.9399 88.3435 0.0000 0.0000 0.0000 0.0000 78.8983 0.0000 0.0000 0.0000 0.0000 63.0702 62.4465 73.1642 0.0000 0.0000 0.0000 29.1500 0.0000 0.0000 0.0000 60.0636 0.0000 28.1427 0.0000 0.0000 0.0000 20.7251 12.5936 0.0000 0.0000 0.0000 0.0000 13.7494 0.0000 0.0000 0.0000 61.3186 0.0000 0.0000 0.0000 0.0000 0.0000 0.0000 66.3506 0.0000 0.0000 55.9989 0.0000 26.2827 0.0000 0.0000 0.0000 0.0000 0.0000 0.0000 0.0000 0.0000 0.0000 0.0000 0.0000 0.0000 0.0000 19.6535 12.8080 11.0091 10.0009 0.0000 0.0000 0.0000 43.1245 0.0000 0.0000 0.0000 0.0000 68.8263 13.1493 22.7654 0.0000 0.0000 0.0000 0.0000 67.3039 0.0000 0.0000 0.0000 0.0000 20.1328 0.0000 0.0000 0.0000 0.0000 12.0303 0.0000 72.2621 45.7785 0.0000 48.9239 0.0000 11.1942 0.0000 0.0000 0.0000 0.0000 0.0000 0.0000 34.0556 0.0000 0.0000 72.0708 0.0000 0.0000 60.6891 0.0000 0.0000 0.0000 0.0000 0.0000 0.0000 17.9574 0.0000 0.0000 0.0000 0.0000 0.0000 0.0000 0.0000 0.0000 0.0000 0.0000 0.0000
0.0000 0.0000 0.0000 70.5392 0.0000 0.0000 0.0000 0.0000 32.7880 93.2247 0.0000 0.0000 0.0000 0.0000 0.0000 0.0000 0.0000 0.0000 40.7485 0.0000 0.0000 0.0000 0.0000 0.0000 0.0000 0.0000 0.0000 0.0000 0.0000 0.0000 0.0000 0.0000 0.0000 59.5404 0.0000 0.0000 0.0000 0.0000 0.0000 0.0000 0.0000 0.0000 0.0000 0.0000 0.0000 0.0000 41.6021 0.0000 0.0000 67.6422 0.0000 0.0000 0.0000 10.0537 0.0000 0.0000 22.9920 95.5100 46.5508 0.0000 0.0000 83.3045 12.7988 26.7143 0.0000 32.8091 0.0000 0.0000 0.0000 0.0000 0.0000 0.0000 0.0000 48.5671 0.0000 0.0000 0.0000 54.2200 38.7669 73.0568 0.0000 0.0000 0.0000 71.9732 0.0000 0.0000 0.0000 0.0000 13.4804 0.0000 0.0000 0.0000 0.0000 75.1851 0.0000 0.0000 0.0000 0.0000 98.5600 37.8832 0.0000 0.0000 46.9546 21.5546 0.0000 0.0000 0.0000 0.0000 0.0000 0.0000 0.0000 0.0000 0.0000 0.0000 62.7095 0.0000 0.0000 0.0000 24.6472 39.8274 23.9317 0.0000 53.7623 79.8166 0.0000 0.0000 0.0000 26.4410 0.0000 0.0000 0.0000 50.0200 0.0000 0.0000 22.5285 0.0000 0.0000 0.0000 0.0000 0.0000 0.0000 57.2658 0.0000 0.0000 52.6292 60.1553 0.0000 33.6498 0.0000 0.0000 0.0000 0.0000 0.0000 0.0000 24.5796 0.0000 0.0000 0.0000 0.0000 0.0000 16.0137 0.0000 47.1930 0.0000 23.2649 73.1327 15.3995 0.0000 69.9320 0.0000 89.2346 92.8658 0.0000 0.0000 52.7284 0.0000 44.9072 0.0000 0.0000 0.0000 21.4260 0.0000 0.0000 56.2046 0.0000 0.0000 77.8072 0.0000 0.0000 33.6222
48.8684 0.0000 0.0000 70.4490 0.0000 0.0000 0.0000 0.0000 0.0000 65.3406 0.0000 0.0000 0.0000 0.0000 63.9081 79.5789 0.0000 15.9701 90.2485 67.7260 0.0000 0.0000 0.0000 0.0000 0.0000 0.0000 0.0000 0.0000 0.0000 0.0000 0.0000 0.0000 0.0000 0.0000 0.0000 0.0000 0.0000 0.0000 0.0000 0.0000 54.0708 0.0000 0.0000 0.0000 34.1390 0.0000 36.0052 0.0000 0.0000 0.0000 0.0000 0.0000 0.0000 0.0000 0.0000 0.0000 0.0000 48.1463 0.0000 0.0000 0.0000 79.2918 71.8393 0.0000 0.0000 0.0000 0.0000 0.0000 75.2133 0.0000 0.0000 81.0951 0.0000 68.2730 0.0000 53.5909 61.1370 0.0000 64.5385 96.9862 0.0000 0.0000 27.0035 0.0000 0.0000 0.0000 0.0000 0.0000 61.0708 14.5894 0.0000 0.0000 0.0000 0.0000 0.0000 26.2994 0.0000 0.0000 86.2457 59.3642 80.5484 0.0000 0.0000 90.2180 0.0000 40.3845 0.0000 48.6822 65.6481 0.0000 59.7354 0.0000 59.8339 0.0000 82.5139 0.0000 65.4667 0.0000 76.6410 0.0000 53.7631 86.0844 51.3556 25.6189 19.6648 37.7645 0.0000 0.0000 0.0000 19.0330 74.1183 0.0000 0.0000 0.0000 0.0000 0.0000 0.0000 89.3626 0.0000 0.0000 0.0000 0.0000 0.0000 0.0000 0.0000 0.0000 0.0000 0.0000 0.0000 0.0000 0.0000 0.0000 38.2791 0.0000 36.1611 64.0392 0.0000 94.1739 72.7823 0.0000 0.0000 0.0000 0.0000 0.0000 0.0000 0.0000 0.0000 32.9433 42.9935 0.0000 0.0000 86.8282 0.0000 0.0000 0.0000 0.0000 0.0000 0.0000 0.0000 92.4265 72.5782 17.1330 0.0000 0.0000 87.2650 92.4367 38.0439 0.0000 18.3044 68.9160
0.0000 0.0000 0.0000 59.3145 0.0000 0.0000 82.6956 74.1276 19.1359 0.0000 21.1724 0.0000 0.0000 0.0000 93.8935 10.7872 0.0000 0.0000 0.0000 55.4059 22.1454 24.0318 87.5519 0.0000 0.0000 32.1210 19.8889 67.6123 0.0000 43.9683 51.4695 0.0000 0.0000 0.0000 0.0000 0.0000 0.0000 0.0000 0.0000 0.0000 0.0000 0.0000 0.0000 0.0000 0.0000 0.0000 0.0000 0.0000 0.0000 0.0000 63.9818 0.0000 64.3956 0.0000 0.0000 0.0000 0.0000 11.4437 0.0000 0.0000 87.8677 0.0000 0.0000 0.0000 0.0000 11.4740 49.5123 0.0000 0.0000 0.0000 0.0000 0.0000 0.0000 95.2953 0.0000 0.0000 14.7807 0.0000 0.0000 0.0000 0.0000 0.0000 0.0000 0.0000 0.0000 0.0000 0.0000 0.0000 0.0000 92.9787 99.2890 73.9995 12.2215 56.8982 46.3071 0.0000 0.0000 0.0000 14.5825 0.0000 49.4558 0.0000 0.0000 80.1377 0.0000 0.0000 97.1317 0.0000 0.0000 0.0000 0.0000 0.0000 22.7990 0.0000 44.5501 0.0000 37.2619 0.0000 61.2365 0.0000 0.0000 59.2350 92.4464 15.9605 0.0000 53.4398 52.1476 0.0000 0.0000 0.0000 51.3646 0.0000 0.0000 0.0000 0.0000 0.0000 60.2712 0.0000 0.0000 0.0000 0.0000 0.0000 0.0000 0.0000 0.0000 0.0000 0.0000 0.0000 83.3439 0.0000 94.5946 0.0000 0.0000 0.0000 63.2524 0.0000 84.1662 0.0000 0.0000 96.0559 0.0000 18.8738 0.0000 0.0000 0.0000 0.0000 0.0000 24.6201 0.0000 0.0000 38.2561 0.0000 0.0000 0.0000 52.5857 94.3835 31.2114 0.0000 0.0000 0.0000 0.0000 0.0000 0.0000 64.9515 24.3273 0.0000 0.0000 17.3885 0.0000 58.6333
0.0000 97.3054 0.0000 0.0000 0.0000 25.9816 98.5331 0.0000 0.0000 0.0000 0.0000 0.0000 90.3592 0.0000 62.4577 0.0000 0.0000 0.0000 25.2941 0.0000 0.0000 63.4033 0.0000 0.0000 0.0000 15.8448 0.0000 67.9118 0.0000 64.5835 0.0000 86.6941 0.0000 0.0000 0.0000 0.0000 0.0000 73.5092 0.0000 0.0000 98.6139 0.0000 0.0000 23.3849 17.1508 0.0000 19.6907 0.0000 0.0000 16.6098 0.0000 0.0000 0.0000 0.0000 0.0000 67.9880 0.0000 0.0000 0.0000 0.0000 52.5905 24.0878 15.9450 86.7761 26.7906 0.0000 0.0000 0.0000 0.0000 0.0000 39.4217 0.0000 0.0000 0.0000 0.0000 0.0000 0.0000 80.4886 0.0000 0.0000 0.0000 0.0000 89.5797 64.3530 0.0000 0.0000 0.0000 0.0000 0.0000 0.0000 0.0000 0.0000 0.0000 53.4519 0.0000 0.0000 39.9266 0.0000 0.0000 0.0000 0.0000 0.0000 0.0000 0.0000 0.0000 0.0000 0.0000 0.0000 0.0000 0.0000 0.0000 0.0000 0.0000 39.9345 0.0000 0.0000 0.0000 0.0000 0.0000 0.0000 0.0000 0.0000 38.3662 0.0000 0.0000 0.0000 0.0000 30.6526 0.0000 33.8829 0.0000 95.6808 0.0000 0.0000 0.0000 0.0000 0.0000 83.2982 0.0000 0.0000 0.0000 0.0000 0.0000 0.0000 0.0000 0.0000 98.9982 69.5160 20.4284 99.0349 0.0000 0.0000 0.0000 71.6576 68.2159 0.0000 21.6890 0.0000 69.1711 0.0000 0.0000 0.0000 24.7517 93.8567 0.0000 0.0000 0.0000 98.4532 0.0000 0.0000 31.5596 0.0000 0.0000 0.0000 0.0000 50.6162 78.9400 0.0000 0.0000 70.1199 17.4941 0.0000 0.0000 0.0000 95.0447 0.0000 0.0000 0.0000 0.0000 0.0000
0.0000 40.7891 0.0000 0.0000 99.2002 0.0000 0.0000 0.0000 0.0000 0.0000 56.1178 0.0000 27.1129 0.0000 0.0000 0.0000 99.3720 69.1323 0.0000 0.0000 0.0000 0.0000 0.0000 13.7768 0.0000 41.9879 0.0000 0.0000 0.0000 0.0000 0.0000 0.0000 0.0000 85.8720 0.0000 0.0000 22.2193 0.0000 0.0000 0.0000 0.0000 0.0000 85.1704 0.0000 0.0000 0.0000 87.2791 37.0185 0.0000 0.0000 33.2453 0.0000 40.5947 0.0000 57.7866 37.7547 12.0459 0.0000 0.0000 0.0000 0.0000 0.0000 0.0000 0.0000 0.0000 33.7780 0.0000 0.0000 29.1079 0.0000 34.8863 0.0000 0.0000 0.0000 0.0000 0.0000 0.0000 0.0000 0.0000 59.7130 90.5793 0.0000 92.6954 0.0000 0.0000 14.6848 95.4085 0.0000 52.9279 0.0000 0.0000 0.0000 63.1768 0.0000 0.0000 25.1542 0.0000 0.0000 0.0000 0.0000 29.6576 0.0000 96.1562 0.0000 0.0000 0.0000 57.0678 81.5195 0.0000 59.2807 28.9907 0.0000 57.5003 0.0000 0.0000 0.0000 0.0000 32.4128 0.0000 47.8202 0.0000 0.0000 0.0000 0.0000 32.7643 26.5922 0.0000 70.3921 13.6186 0.0000 0.0000 0.0000 0.0000 29.6322 0.0000 0.0000 0.0000 0.0000 0.0000 19.6258 22.9945 0.0000 0.0000 0.0000 0.0000 0.0000 0.0000 0.0000 0.0000 67.1546 41.7860 0.0000 0.0000 0.0000 0.0000 0.0000 0.0000 48.9964 80.3254 0.0000 0.0000 0.0000 19.9375 35.5102 79.2148 0.0000 0.0000 50.8986 0.0000 28.0832 0.0000 0.0000 0.0000 53.2315 0.0000 80.2907 0.0000 0.0000 0.0000 0.0000 0.0000 34.0908 0.0000 18.8951 0.0000 0.0000 0.0000 0.0000 96.1439 90.8898
31.9865 0.0000 0.0000 0.0000 0.0000 0.0000 0.0000 0.0000 0.0000 96.2759 0.0000 0.0000 0.0000 0.0000 27.4077 37.5704 0.0000 82.4134 0.0000 0.0000 0.0000 0.0000 0.0000 0.0000 0.0000 0.0000 0.0000 0.0000 0.0000 0.0000 0.0000 0.0000 0.0000 0.0000 0.0000 0.0000 90.6333 87.9896 47.1124 0.0000 71.2865 0.0000 0.0000 76.4222 18.7171 92.6383 0.0000 0.0000 0.0000 0.0000 0.0000 0.0000 93.1210 0.0000 32.5285 0.0000 0.0000 0.0000 52.8411 25.0334 0.0000 0.0000 0.0000 0.0000 0.0000 0.0000 0.0000 55.3330 61.8107 72.6741 0.0000 0.0000 0.0000 76.5011 0.0000 0.0000 0.0000 84.0083 14.0684 84.4550 36.5500 50.4520 0.0000 75.3169 0.0000 0.0000 0.0000 0.0000 0.0000 0.0000 0.0000 0.0000 44.0278 13.1617 85.8617 0.0000 24.1781 47.3548 0.0000 0.0000 74.2327 0.0000 0.0000 0.0000 0.0000 0.0000 0.0000 0.0000 0.0000 0.0000 0.0000 0.0000 0.0000 50.4153 85.3021 0.0000 0.0000 0.0000 0.0000 0.0000 0.0000 36.5981 0.0000 0.0000 62.3262 0.0000 14.8413 0.0000 0.0000 0.0000 0.0000 0.0000 0.0000 0.0000 0.0000 26.1813 0.0000 0.0000 14.5682 0.0000 0.0000 58.5103 57.2568 33.5026 0.0000 0.0000 54.1458 0.0000 81.1025 0.0000 23.3040 0.0000 0.0000 0.0000 78.4126 0.0000 0.0000 0.0000 0.0000 11.0377 69.8394 82.8638 39.0247 0.0000 0.0000 0.0000 27.1380 0.0000 80.5285 0.0000 0.0000 0.0000 0.0000 0.0000 0.0000 0.0000 0.0000 0.0000 0.0000 0.0000 36.2924 59.1198 70.1329 0.0000 57.0000 0.0000 84.1921 65.9489 44.1501 49.1221
63.9290 33.5157 41.0817 0.0000 0.0000 0.0000 0.0000 0.0000 0.0000 23.4346 30.5060 0.0000 0.0000 0.0000 0.0000 0.0000 0.0000 74.2859 0.0000 28.7125 0.0000 0.0000 0.0000 0.0000 0.0000 66.1958 0.0000 0.0000 0.0000 15.8063 14.2288 45.2509 0.0000 60.0214 0.0000 66.3021 87.1251 95.3601 0.0000 0.0000 0.0000 0.0000 0.0000 0.0000 34.1019 15.8977 0.0000 0.0000 25.3784 0.0000 0.0000 0.0000 0.0000 0.0000 31.8445 0.0000 0.0000 0.0000 0.0000 0.0000 37.8627 0.0000 88.6100 0.0000 98.3988 0.0000 0.0000 0.0000 0.0000 0.0000 46.2951 70.8176 0.0000 0.0000 96.3297 0.0000 17.6146 0.0000 0.0000 36.1541 0.0000 0.0000 0.0000 0.0000 0.0000 0.0000 0.0000 0.0000 0.0000 98.4070 0.0000 0.0000 0.0000 0.0000 71.9432 71.8145 86.7669 92.4837 78.8542 0.0000 0.0000 38.3566 0.0000 0.0000 22.7274 18.5117 0.0000 0.0000 0.0000 0.0000 0.0000 0.0000 63.3986 0.0000 29.5104 0.0000 0.0000 89.4144 0.0000 0.0000 0.0000 0.0000 0.0000 0.0000 0.0000 0.0000 0.0000 0.0000 0.0000 0.0000 0.0000 0.0000 0.0000 26.6346 0.0000 0.0000 19.6071 0.0000 21.5116 0.0000 0.0000 43.9562 0.0000 0.0000 35.5284 0.0000 75.2300 0.0000 65.8952 43.1114 0.0000 15.2151 0.0000 21.0856 0.0000 0.0000 58.5306 45.7302 0.0000 0.0000 0.0000 0.0000 0.0000 75.0659 0.0000 0.0000 0.0000 50.6163 0.0000 0.0000 94.0400 0.0000 0.0000 56.7712 0.0000 0.0000 0.0000 0.0000 0.0000 0.0000 0.0000 0.0000 0.0000 0.0000 72.4318 21.5908 0.0000 13.7943 99.1232 0.0000
45.1531 0.0000 88.4112 23.8593 0.0000 0.0000 0.0000 25.7957 90.7744 0.0000 0.0000 0.0000 61.4837 0.0000 0.0000 0.0000 0.0000 0.0000 0.0000 0.0000 0.0000 96.6816 37.3606 0.0000 0.0000 0.0000 0.0000 0.0000 87.6550 0.0000 0.0000 0.0000 0.0000 68.0622 0.0000 19.2227 0.0000 0.0000 84.0031 0.0000 0.0000 0.0000 36.0415 0.0000 0.0000 0.0000 0.0000 82.6592 0.0000 0.0000 0.0000 0.0000 0.0000 0.0000 0.0000 0.0000 0.0000 0.0000 0.0000 0.0000 0.0000 0.0000 0.0000 0.0000 0.0000 56.9991 80.5178 0.0000 0.0000 0.0000 60.8806 79.5070 0.0000 0.0000 0.0000 0.0000 0.0000 0.0000 85.5268 0.0000 80.2475 0.0000 0.0000 0.0000 0.0000 65.9996 60.2118 67.6216 0.0000 0.0000 0.0000 0.0000 29.4316 0.0000 0.0000 64.6058 0.0000 0.0000 0.0000 0.0000 0.0000 0.0000 0.0000 0.0000 83.6896 10.2765 0.0000 0.0000 0.0000 0.0000 0.0000 0.0000 0.0000 82.4127 0.0000 0.0000 0.0000 0.0000 69.4827 59.5553 0.0000 0.0000 0.0000 0.0000 60.5615 0.0000 84.7553 0.0000 0.0000 0.0000 0.0000 0.0000 0.0000 85.8977 0.0000 0.0000 62.8850 0.0000 0.0000 90.9095 0.0000 0.0000 77.7100 70.0945 0.0000 0.0000 0.0000 0.0000 0.0000 98.1685 0.0000 17.3093 65.0701 0.0000 0.0000 95.0809 0.0000 68.3457 66.6876 76.3957 46.7012 66.6584 62.4216 0.0000 0.0000 75.6979 35.1820 54.5742 0.0000 24.6081 0.0000 0.0000 46.2897 0.0000 0.0000 0.0000 0.0000 0.0000 88.5204 0.0000 0.0000 0.0000 0.0000 0.0000 0.0000 0.0000 79.9966 94.2917 0.0000 97.3267
50.8480 21.9399 0.0000 0.0000 0.0000 92.4237 0.0000 0.0000 0.0000 0.0000 99.6500 0.0000 0.0000 24.7045 0.0000 47.9710 0.0000 0.0000 0.0000 0.0000 0.0000 0.0000 0.0000 50.2740 0.0000 0.0000 0.0000 0.0000 0.0000 62.0926 87.7711 13.8701 0.0000 0.0000 14.7610 0.0000 0.0000 0.0000 0.0000 0.0000 0.0000 0.0000 0.0000 0.0000 0.0000 0.0000 85.0562 0.0000 0.0000 0.0000 0.0000 0.0000 0.0000 27.4047 0.0000 0.0000 59.1513 0.0000 0.0000 0.0000 0.0000 48.3418 0.0000 0.0000 0.0000 0.0000 0.0000 71.3379 0.0000 30.6017 0.0000 0.0000 80.7047 0.0000 0.0000 0.0000 0.0000 0.0000 0.0000 0.0000 0.0000 0.0000 46.4576 0.0000 81.3164 0.0000 58.6559 85.6613 66.6257 0.0000 99.2936 0.0000 0.0000 40.1546 0.0000 0.0000 0.0000 0.0000 16.5576 0.0000 0.0000 61.3556 0.0000 0.0000 0.0000 0.0000 63.1569 0.0000 48.6965 0.0000 59.2054 24.2503 0.0000 39.7793 64.4650 0.0000 0.0000 0.0000 0.0000 0.0000 0.0000 0.0000 21.6989 0.0000 0.0000 0.0000 0.0000 0.0000 0.0000 50.6677 0.0000 0.0000 0.0000 0.0000 0.0000 0.0000 0.0000 90.5676 0.0000 0.0000 79.2197 0.0000 65.4025 80.2223 0.0000 66.5037 0.0000 0.0000 0.0000 0.0000 66.1277 0.0000 0.0000 0.0000 85.0679 0.0000 0.0000 0.0000 0.0000 0.0000 0.0000 0.0000 67.9195 0.0000 0.0000 0.0000 0.0000 0.0000 0.0000 0.0000 0.0000 0.0000 0.0000 0.0000 0.0000 70.5710 90.9790 77.1826 0.0000 26.4300 0.0000 0.0000 0.0000 84.3822 0.0000 32.1962 0.0000 0.0000 0.0000 0.0000
0.0000 0.0000 94.6545 0.0000 0.0000 0.0000 46.4411 71.6022 0.0000 78.5348 0.0000 0.0000 95.0522 0.0000 0.0000 95.1458 72.5138 0.0000 0.0000 0.0000 87.4405 0.0000 73.9554 0.0000 68.1239 0.0000 0.0000 0.0000 0.0000 38.8397 0.0000 0.0000 0.0000 27.4744 0.0000 70.7884 0.0000 0.0000 0.0000 53.3096 0.0000 56.9388 0.0000 0.0000 13.3921 0.0000 37.6822 0.0000 0.0000 0.0000 0.0000 75.6039 0.0000 0.0000 0.0000 0.0000 0.0000 0.0000 0.0000 48.3625 0.0000 96.3820 86.1945 0.0000 0.0000 95.5348 0.0000 41.8474 0.0000 0.0000 0.0000 63.2561 0.0000 75.9252 53.0212 21.6798 0.0000 0.0000 0.0000 0.0000 22.3165 0.0000 0.0000 0.0000 0.0000 39.2010 0.0000 0.0000 0.0000 0.0000 0.0000 25.0831 0.0000 0.0000 0.0000 0.0000 0.0000 0.0000 0.0000 0.0000 0.0000 0.0000 0.0000 0.0000 0.0000 21.6007 0.0000 0.0000 0.0000 0.0000 0.0000 0.0000 86.5912 0.0000 82.1459 0.0000 68.2606 96.2615 88.9635 0.0000 0.0000 0.0000 0.0000 10.5013 0.0000 28.3682 0.0000 0.0000 19.0332 0.0000 0.0000 0.0000 0.0000 0.0000 0.0000 0.0000 0.0000 0.0000 0.0000 50.4104 0.0000 0.0000 0.0000 0.0000 10.5729 0.0000 0.0000 0.0000 43.1951 96.2822 0.0000 0.0000 58.9028 0.0000 0.0000 15.6624 22.8891 0.0000 37.4383 43.9441 18.0866 33.6151 74.5790 0.0000 24.8553 0.0000 0.0000 51.0425 0.0000 0.0000 0.0000 0.0000 0.0000 0.0000 0.0000 0.0000 0.0000 0.0000 0.0000 0.0000 0.0000 0.0000 0.0000 0.0000 0.0000 0.0000 0.0000 0.0000 0.0000 0.0000
49.5583 52.1895 71.8735 80.8490 0.0000 0.0000 0.0000 0.0000 0.0000 0.0000 0.0000 61.8983 0.0000 0.0000 0.0000 0.0000 0.0000 0.0000 0.0000 0.0000 0.0000 0.0000 59.5593 24.9907 0.0000 0.0000 61.9845 0.0000 60.0350 0.0000 0.0000 0.0000 0.0000 0.0000 0.0000 82.7418 94.7709 0.0000 32.8507 0.0000 0.0000 0.0000 0.0000 50.2144 0.0000 0.0000 0.0000 25.6898 14.9894 91.0965 0.0000 0.0000 0.0000 54.1295 0.0000 0.0000 0.0000 0.0000 0.0000 0.0000 23.4316 0.0000 0.0000 81.3910 0.0000 0.0000 0.0000 0.0000 89.5034 59.8789 0.0000 0.0000 0.0000 0.0000 0.0000 0.0000 0.0000 76.5983 0.0000 0.0000 0.0000 67.3684 0.0000 85.4069 0.0000 0.0000 0.0000 35.0317 0.0000 0.0000 0.0000 0.0000 0.0000 0.0000 15.9768 0.0000 28.9046 0.0000 0.0000 0.0000 23.4294 0.0000 0.0000 0.0000 0.0000 0.0000 37.2512 0.0000 0.0000 0.0000 65.0872 10.4421 0.0000 0.0000 63.4136 97.0673 14.3575 23.6609 20.6271 0.0000 0.0000 0.0000 0.0000 0.0000 64.5254 0.0000 20.1439 0.0000 26.2636 74.9504 0.0000 0.0000 0.0000 0.0000 0.0000 0.0000 66.0677 0.0000 61.4695 0.0000 0.0000 0.0000 0.0000 0.0000 0.0000 0.0000 0.0000 78.7924 19.0413 81.0853 0.0000 0.0000 40.3440 69.8431 0.0000 35.8042 85.5992 0.0000 0.0000 0.0000 0.0000 0.0000 0.0000 76.7901 0.0000 0.0000 70.0256 0.0000 72.5105 0.0000 18.7451 0.0000 34.7916 0.0000 0.0000 0.0000 0.0000 0.0000 0.0000 12.4338 0.0000 0.0000 0.0000 99.1090 0.0000 0.0000 0.0000 30.7726 0.0000 63.9160
74.6957 0.0000 0.0000 0.0000 30.5381 35.3259 0.0000 0.0000 0.0000 87.7650 0.0000 0.0000 0.0000 73.9299 32.4728 65.4523 0.0000 0.0000 0.0000 0.0000 0.0000 0.0000 0.0000 0.0000 49.8531 0.0000 0.0000 0.0000 0.0000 32.1488 0.0000 85.3093 49.0766 59.9447 0.0000 0.0000 0.0000 12.3981 0.0000 0.0000 0.0000 45.8775 0.0000 24.5687 0.0000 0.0000 0.0000 0.0000 0.0000 0.0000 12.7434 0.0000 0.0000 0.0000 0.0000 0.0000 13.8206 0.0000 51.5752 17.1737 88.3206 0.0000 0.0000 37.0213 0.0000 73.3658 60.8618 57.8523 0.0000 0.0000 0.0000 0.0000 12.6716 10.4920 70.3946 0.0000 46.2322 0.0000 0.0000 0.0000 49.3727 0.0000 0.0000 62.6632 0.0000 0.0000 0.0000 0.0000 98.1841 0.0000 0.0000 0.0000 0.0000 0.0000 0.0000 0.0000 62.9663 0.0000 32.7085 68.9593 0.0000 0.0000 0.0000 74.3412 0.0000 0.0000 0.0000 10.2724 99.7737 80.6012 64.9503 0.0000 0.0000 84.7118 0.0000 0.0000 0.0000 0.0000 0.0000 0.0000 0.0000 63.1285 0.0000 0.0000 0.0000 0.0000 46.9798 0.0000 29.4655 14.4194 0.0000 30.9969 39.0088 76.3271 0.0000 0.0000 0.0000 0.0000 0.0000 0.0000 0.0000 74.0338 0.0000 48.7708 0.0000 0.0000 52.0542 0.0000 0.0000 0.0000 18.0121 24.2523 0.0000 82.2925 0.0000 93.7800 0.0000 0.0000 0.0000 71.5912 0.0000 0.0000 0.0000 0.0000 0.0000 0.0000 20.0761 0.0000 0.0000 0.0000 0.0000 0.0000 0.0000 0.0000 0.0000 0.0000 0.0000 0.0000 0.0000 0.0000 0.0000 78.2049 0.0000 0.0000 0.0000 0.0000 0.0000 0.0000 0.0000 0.0000
0.0000 25.5318 0.0000 14.2140 0.0000 0.0000 85.8333 0.0000 0.0000 63.6112 68.3157 24.2048 0.0000 0.0000 0.0000 0.0000 0.0000 0.0000 0.0000 75.3585 0.0000 0.0000 0.0000 0.0000 0.0000 13.8821 0.0000 0.0000 81.1424 0.0000 0.0000 0.0000 90.9628 0.0000 35.5706 0.0000 0.0000 0.0000 0.0000 0.0000 93.7909 0.0000 0.0000 0.0000 0.0000 67.5999 0.0000 0.0000 0.0000 64.8842 0.0000 33.8348 0.0000 50.7754 0.0000 11.0454 0.0000 0.0000 22.8106 0.0000 0.0000 0.0000 0.0000 0.0000 0.0000 55.2280 0.0000 0.0000 58.1160 0.0000 0.0000 0.0000 0.0000 33.2678 0.0000 0.0000 0.0000 0.0000 0.0000 0.0000 0.0000 36.9910 84.6727 0.0000 0.0000 0.0000 0.0000 0.0000 0.0000 0.0000 0.0000 0.0000 0.0000 29.2009 0.0000 0.0000 0.0000 0.0000 32.9061 0.0000 39.9206 0.0000 24.9016 0.0000 37.1879 21.2112 38.6095 27.3924 12.5429 0.0000 0.0000 78.0045 0.0000 0.0000 0.0000 0.0000 33.2823 0.0000 0.0000 0.0000 0.0000 0.0000 0.0000 0.0000 0.0000 0.0000 17.1658 56.5274 0.0000 0.0000 0.0000 0.0000 0.0000 0.0000 0.0000 0.0000 0.0000 0.0000 0.0000 97.7730 0.0000 0.0000 0.0000 0.0000 0.0000 0.0000 0.0000 40.6256 38.2200 0.0000 65.2327 0.0000 0.0000 71.8707 0.0000 0.0000 0.0000 0.0000 0.0000 0.0000 17.0746 0.0000 84.9272 0.0000 0.0000 0.0000 38.2949 0.0000 0.0000 56.3201 43.5150 53.6957 63.4706 0.0000 0.0000 57.7318 0.0000 36.3986 0.0000 0.0000 0.0000 0.0000 0.0000 0.0000 0.0000 0.0000 81.0260 11.2920 0.0000 0.0000
0.0000 0.0000 0.0000 0.0000 0.0000 0.0000 0.0000 0.0000 0.0000 80.3134 0.0000 21.7770 0.0000 0.0000 0.0000 0.0000 0.0000 0.0000 47.6861 0.0000 45.6841 0.0000 0.0000 14.8329 0.0000 0.0000 26.8064 36.4701 0.0000 0.0000 0.0000 0.0000 0.0000 0.0000 0.0000 0.0000 0.0000 0.0000 25.9190 0.0000 43.5258 0.0000 0.0000 0.0000 0.0000 0.0000 0.0000 78.4444 0.0000 52.7127 0.0000 0.0000 0.0000 0.0000 88.7157 63.5972 0.0000 0.0000 0.0000 0.0000 82.1723 0.0000 0.0000 0.0000 24.7699 0.0000 75.7402 0.0000 57.5886 78.3750 0.0000 41.1147 0.0000 0.0000 0.0000 59.8697 0.0000 0.0000 0.0000 56.2650 0.0000 60.1743 0.0000 0.0000 0.0000 0.0000 0.0000 0.0000 70.8239 0.0000 0.0000 0.0000 0.0000 0.0000 27.7128 0.0000 95.0018 74.1633 0.0000 0.0000 0.0000 0.0000 0.0000 0.0000 0.0000 0.0000 49.4550 0.0000 0.0000 36.4123 0.0000 0.0000 0.0000 88.0849 0.0000 0.0000 16.5498 0.0000 0.0000 0.0000 86.2115 0.0000 0.0000 13.7532 0.0000 0.0000 64.7993 0.0000 74.7268 0.0000 66.1716 86.2993 0.0000 87.2055 0.0000 0.0000 0.0000 0.0000 0.0000 0.0000 0.0000 91.4503 0.0000 0.0000 32.8692 0.0000 0.0000 48.4748 0.0000 58.1572 0.0000 64.2491 73.4119 0.0000 71.7616 0.0000 0.0000 0.0000 63.6181 51.0844 0.0000 0.0000 0.0000 0.0000 0.0000 0.0000 0.0000 0.0000 0.0000 89.8052 0.0000 99.3887 0.0000 0.0000 53.1407 50.4473 43.9158 18.0588 0.0000 0.0000 0.0000 0.0000 34.1020 0.0000 0.0000 0.0000 0.0000 31.1919 0.0000 97.8207
0.0000 0.0000 0.0000 0.0000 0.0000 0.0000 0.0000 0.0000 0.0000 0.0000 62.0267 0.0000 20.9014 0.0000 30.7017 0.0000 72.2498 0.0000 0.0000 91.9037 0.0000 0.0000 0.0000 0.0000 0.0000 0.0000 0.0000 17.5250 43.5404 0.0000 92.5542 59.7729 0.0000 0.0000 0.0000 55.9301 53.4329 0.0000 0.0000 0.0000 0.0000 37.8397 0.0000 0.0000 0.0000 0.0000 27.8700 0.0000 85.1771 0.0000 43.3052 0.0000 0.0000 0.0000 0.0000 0.0000 11.7591 0.0000 0.0000 0.0000 0.0000 0.0000 0.0000 11.1738 0.0000 0.0000 17.7888 85.6651 0.0000 35.3973 0.0000 0.0000 65.2707 0.0000 0.0000 0.0000 0.0000 0.0000 79.5705 0.0000 0.0000 0.0000 22.6744 0.0000 0.0000 0.0000 64.6240 0.0000 0.0000 0.0000 0.0000 0.0000 0.0000 57.6225 0.0000 0.0000 0.0000 12.7571 0.0000 0.0000 0.0000 0.0000 0.0000 0.0000 63.5231 94.8941 89.3062 0.0000 0.0000 0.0000 0.0000 0.0000 0.0000 11.3223 0.0000 0.0000 94.9247 0.0000 0.0000 16.5556 0.0000 0.0000 0.0000 0.0000 0.0000 0.0000 0.0000 0.0000 36.7118 0.0000 0.0000 70.5677 0.0000 0.0000 64.7697 0.0000 0.0000 0.0000 22.6822 0.0000 0.0000 0.0000 0.0000 0.0000 0.0000 0.0000 75.8270 21.8701 0.0000 0.0000 53.7496 0.0000 0.0000 0.0000 86.0430 86.0108 0.0000 0.0000 0.0000 76.0886 45.9369 0.0000 0.0000 0.0000 0.0000 0.0000 22.2411 0.0000 0.0000 24.6660 0.0000 0.0000 0.0000 0.0000 18.0063 0.0000 0.0000 0.0000 71.9963 0.0000 22.2625 0.0000 0.0000 0.0000 0.0000 0.0000 0.0000 0.0000 41.6289 0.0000
0.0000 0.0000 61.6925 0.0000 0.0000 0.0000 0.0000 83.4653 26.7337 89.2101 0.0000 83.5246 0.0000 61.2561 12.9545 48.7169 0.0000 96.1283 73.0595 0.0000 55.3762 0.0000 0.0000 0.0000 82.9655 61.0738 0.0000 0.0000 0.0000 0.0000 0.0000 33.1382 0.0000 0.0000 0.0000 0.0000 0.0000 0.0000 0.0000 52.6721 0.0000 0.0000 91.1527 0.0000 33.2035 41.6616 0.0000 0.0000 26.4858 0.0000 97.3738 0.0000 0.0000 0.0000 0.0000 0.0000 88.4221 57.6946 0.0000 0.0000 59.1103 48.6340 59.3158 0.0000 0.0000 0.0000 0.0000 0.0000 0.0000 0.0000 0.0000 92.9024 0.0000 0.0000 0.0000 0.0000 14.2690 0.0000 0.0000 0.0000 14.5109 0.0000 0.0000 0.0000 0.0000 0.0000 26.4495 0.0000 0.0000 0.0000 0.0000 0.0000 54.4046 0.0000 0.0000 0.0000 0.0000 0.0000 17.5001 80.1018 0.0000 98.7652 39.5681 94.8187 0.0000 73.2427 12.1414 0.0000 0.0000 83.5815 0.0000 0.0000 25.9414 17.4424 49.3964 0.0000 0.0000 0.0000 0.0000 24.2118 0.0000 0.0000 0.0000 19.9894 74.7527 89.0657 0.0000 0.0000 0.0000 67.0345 0.0000 35.4268 0.0000 0.0000 0.0000 0.0000 0.0000 0.0000 0.0000 0.0000 0.0000 0.0000 0.0000 30.7540 0.0000 10.8750 0.0000 0.0000 0.0000 0.0000 0.0000 72.1026 0.0000 41.3389 0.0000 0.0000 0.0000 0.0000 0.0000 0.0000 58.8485 0.0000 0.0000 0.0000 0.0000 0.0000 0.0000 0.0000 0.0000 0.0000 0.0000 43.6420 0.0000 42.5211 15.3392 0.0000 0.0000 0.0000 0.0000 0.0000 0.0000 0.0000 0.0000 59.2062 0.0000 0.0000 72.5907 53.1084 71.2196 0.0000
0.0000 0.0000 0.0000 62.2948 0.0000 0.0000 10.2501 0.0000 0.0000 0.0000 39.5283 66.9595 0.0000 29.1265 0.0000 90.8960 19.5191 0.0000 15.5033 95.2322 0.0000 81.0349 0.0000 0.0000 76.3506 13.5850 0.0000 0.0000 0.0000 0.0000 78.7875 0.0000 0.0000 0.0000 23.6320 0.0000 45.3324 22.2473 0.0000 71.0504 0.0000 0.0000 0.0000 0.0000 0.0000 0.0000 0.0000 0.0000 0.0000 0.0000 63.4077 0.0000 0.0000 14.1784 0.0000 70.3933 0.0000 0.0000 0.0000 43.3040 0.0000 0.0000 51.5749 0.0000 63.6254 50.0426 40.9827 74.2325 0.0000 48.8304 0.0000 81.5736 0.0000 41.7314 0.0000 0.0000 0.0000 0.0000 0.0000 0.0000 0.0000 0.0000 0.0000 0.0000 43.4286 0.0000 62.9687 0.0000 0.0000 0.0000 0.0000 0.0000 60.0412 14.5310 0.0000 0.0000 58.1480 0.0000 0.0000 59.2740 0.0000 0.0000 0.0000 0.0000 0.0000 0.0000 96.5300 0.0000 18.6377 0.0000 77.8593 14.8577 0.0000 0.0000 0.0000 0.0000 0.0000 69.6237 32.6766 53.8547 29.0280 77.4375 0.0000 47.9314 0.0000 0.0000 0.0000 10.9187 66.4573 13.2504 14.5637 0.0000 0.0000 21.8080 0.0000 0.0000 0.0000 88.8229 74.6067 79.9161 18.4183 0.0000 32.8119 71.3964 0.0000 0.0000 0.0000 84.5359 0.0000 0.0000 0.0000 58.3542 16.3934 24.5709 0.0000 0.0000 0.0000 0.0000 0.0000 0.0000 0.0000 0.0000 0.0000 77.4167 0.0000 80.6642 85.7932 0.0000 0.0000 44.8389 61.0740 0.0000 20.6664 0.0000 0.0000 0.0000 0.0000 0.0000 0.0000 0.0000 0.0000 0.0000 0.0000 0.0000 0.0000 0.0000 0.0000 56.0930 0.0000 0.0000
0.0000 78.6760 69.0424 0.0000 0.0000 0.0000 0.0000 0.0000 30.2248 0.0000 68.2501 0.0000 0.0000 25.2049 89.3858 36.5966 29.4798 0.0000 84.5874 0.0000 0.0000 0.0000 23.6175 0.0000 0.0000 0.0000 0.0000 0.0000 0.0000 0.0000 0.0000 0.0000 0.0000 0.0000 31.6092 0.0000 0.0000 64.0707 0.0000 28.0912 0.0000 22.0580 0.0000 0.0000 0.0000 0.0000 42.9070 57.8466 33.4668 83.3713 0.0000 17.0817 0.0000 0.0000 0.0000 0.0000 0.0000 0.0000 0.0000 0.0000 0.0000 0.0000 0.0000 0.0000 39.7743 0.0000 0.0000 0.0000 0.0000 79.4880 0.0000 0.0000 0.0000 0.0000 43.3647 0.0000 0.0000 0.0000 0.0000 0.0000 0.0000 0.0000 28.7760 17.1171 0.0000 0.0000 0.0000 0.0000 0.0000 0.0000 0.0000 0.0000 0.0000 40.7521 0.0000 0.0000 0.0000 0.0000 0.0000 0.0000 0.0000 86.8104 50.7880 0.0000 43.1148 0.0000 0.0000 44.6325 0.0000 99.7927 0.0000 0.0000 0.0000 90.7535 0.0000 0.0000 0.0000 0.0000 0.0000 0.0000 60.9914 79.3288 96.4945 0.0000 58.0742 0.0000 94.6132 0.0000 0.0000 20.8223 0.0000 0.0000 93.9279 24.0777 0.0000 0.0000 90.6635 0.0000 0.0000 0.0000 85.9727 0.0000 0.0000 54.7498 0.0000 68.3294 0.0000 57.6133 0.0000 0.0000 0.0000 50.0239 0.0000 0.0000 0.0000 0.0000 52.1228 91.9924 0.0000 78.6873 0.0000 0.0000 0.0000 0.0000 93.4814 0.0000 0.0000 0.0000 12.2786 87.0701 21.5221 0.0000 0.0000 0.0000 0.0000 12.3823 0.0000 0.0000 0.0000 92.6626 0.0000 0.0000 0.0000 99.4109 0.0000 27.8304 0.0000 0.0000 79.8009 74.8761
0.0000 75.3629 0.0000 0.0000 0.0000 0.0000 0.0000 0.0000 0.0000 0.0000 31.1168 67.5943 0.0000 0.0000 0.0000 56.9991 0.0000 42.7232 0.0000 0.0000 0.0000 0.0000 0.0000 30.3973 0.0000 0.0000 0.0000 0.0000 14.4059 0.0000 26.8694 0.0000 0.0000 55.5100 86.8186 0.0000 54.2253 18.9799 0.0000 0.0000 0.0000 96.6471 0.0000 0.0000 18.0677 0.0000 0.0000 0.0000 0.0000 0.0000 87.3576 0.0000 0.0000 0.0000 0.0000 28.8838 0.0000 72.1767 95.7056 0.0000 0.0000 0.0000 0.0000 0.0000 99.7424 0.0000 0.0000 0.0000 0.0000 0.0000 0.0000 0.0000 0.0000 96.2519 0.0000 0.0000 0.0000 0.0000 0.0000 69.0481 0.0000 90.7380 0.0000 0.0000 0.0000 68.2979 0.0000 71.5307 0.0000 31.2683 0.0000 0.0000 0.0000 0.0000 0.0000 0.0000 0.0000 69.3992 44.6830 0.0000 80.6091 0.0000 84.5355 0.0000 0.0000 75.7448 0.0000 38.6578 0.0000 0.0000 0.0000 0.0000 0.0000 0.0000 0.0000 60.9604 0.0000 0.0000 0.0000 94.0011 74.8807 0.0000 38.8936 0.0000 0.0000 52.9444 22.3379 49.1137 11.3418 0.0000 0.0000 75.6068 37.6733 0.0000 0.0000 0.0000 0.0000 0.0000 0.0000 0.0000 0.0000 0.0000 0.0000 0.0000 24.8476 0.0000 0.0000 64.1748 0.0000 68.6831 0.0000 96.3229 0.0000 0.0000 0.0000 0.0000 0.0000 0.0000 0.0000 0.0000 0.0000 0.0000 0.0000 0.0000 0.0000 18.2526 0.0000 0.0000 95.8432 0.0000 0.0000 0.0000 21.2220 20.8946 85.7948 0.0000 0.0000 0.0000 0.0000 0.0000 0.0000 0.0000 0.0000 0.0000 47.8778 0.0000 0.0000 0.0000 0.0000 0.0000
0.0000 0.0000 0.0000 0.0000 0.0000 83.4594 0.0000 0.0000 0.0000 87.2111 46.6035 0.0000 0.0000 0.0000 76.5203 0.0000 0.0000 0.0000 0.0000 0.0000 67.1491 0.0000 72.6351 28.5300 0.0000 0.0000 0.0000 41.4788 24.4992 0.0000 36.9739 0.0000 0.0000 0.0000 0.0000 0.0000 0.0000 0.0000 0.0000 0.0000 0.0000 0.0000 0.0000 39.7367 91.1014 0.0000 0.0000 0.0000 16.5695 0.0000 0.0000 0.0000 0.0000 0.0000 0.0000 73.5118 0.0000 50.5801 89.2826 0.0000 57.3242 0.0000 0.0000 0.0000 0.0000 14.2970 0.0000 0.0000 0.0000 0.0000 0.0000 0.0000 0.0000 0.0000 0.0000 0.0000 0.0000 32.4259 10.7178 0.0000 0.0000 72.2145 53.0863 39.4141 0.0000 0.0000 66.7268 0.0000 0.0000 0.0000 0.0000 0.0000 31.9990 35.0324 0.0000 0.0000 0.0000 64.9845 0.0000 0.0000 76.3567 0.0000 20.3319 0.0000 0.0000 0.0000 0.0000 0.0000 0.0000 62.4115 0.0000 0.0000 0.0000 0.0000 0.0000 0.0000 0.0000 0.0000 0.0000 42.4447 33.3437 0.0000 0.0000 30.0540 0.0000 0.0000 0.0000 26.5210 0.0000 70.3674 87.2178 51.1767 46.5920 0.0000 30.8792 0.0000 0.0000 0.0000 0.0000 0.0000 0.0000 0.0000 0.0000 81.2323 0.0000 0.0000 0.0000 0.0000 0.0000 77.7937 0.0000 82.4246 69.6398 0.0000 0.0000 33.7146 0.0000 0.0000 0.0000 30.5543 0.0000 0.0000 0.0000 83.3560 0.0000 45.1759 77.6446 0.0000 0.0000 0.0000 22.0129 0.0000 0.0000 22.2663 46.1145 0.0000 89.0033 29.7514 52.1601 72.3032 0.0000 0.0000 0.0000 0.0000 87.0313 53.0549 0.0000 0.0000 0.0000 0.0000
35.0195 0.0000 94.7406 30.7747 0.0000 0.0000 0.0000 12.6139 92.6110 0.0000 58.6165 0.0000 0.0000 0.0000 0.0000 0.0000 0.0000 50.8797 24.7066 0.0000 89.2972 83.2892 0.0000 0.0000 89.4788 0.0000 0.0000 92.5610 0.0000 0.0000 0.0000 19.5284 0.0000 0.0000 0.0000 0.0000 42.3785 0.0000 0.0000 0.0000 70.9874 0.0000 0.0000 0.0000 23.9997 0.0000 0.0000 0.0000 0.0000 0.0000 0.0000 32.9250 0.0000 0.0000 0.0000 0.0000 0.0000 0.0000 0.0000 26.7676 17.7357 57.7824 0.0000 72.7200 0.0000 0.0000 0.0000 0.0000 0.0000 92.4698 0.0000 86.9552 0.0000 0.0000 0.0000 0.0000 0.0000 0.0000 0.0000 0.0000 0.0000 41.9464 0.0000 0.0000 0.0000 19.1821 91.4784 0.0000 0.0000 60.1801 11.9318 0.0000 20.1688 71.1214 0.0000 89.1163 0.0000 0.0000 0.0000 0.0000 58.5621 97.8546 49.8537 0.0000 55.1983 0.0000 0.0000 0.0000 0.0000 11.8729 87.4163 0.0000 0.0000 0.0000 0.0000 0.0000 0.0000 71.3684 0.0000 0.0000 0.0000 0.0000 0.0000 95.2866 0.0000 0.0000 26.6488 0.0000 0.0000 0.0000 42.2823 47.6525 0.0000 0.0000 82.8569 68.8708 0.0000 0.0000 35.7254 93.1654 0.0000 0.0000 23.6471 0.0000 0.0000 0.0000 0.0000 0.0000 0.0000 0.0000 46.7745 0.0000 0.0000 0.0000 0.0000 43.9285 0.0000 56.2935 0.0000 0.0000 28.4286 68.9231 0.0000 34.5350 0.0000 0.0000 0.0000 83.7030 86.5453 84.5952 0.0000 0.0000 69.6472 0.0000 0.0000 0.0000 0.0000 0.0000 0.0000 0.0000 10.7592 0.0000 39.4045 0.0000 37.8373 0.0000 85.3138 81.5151 93.5262 0.0000
0.0000 0.0000 0.0000 0.0000 0.0000 0.0000 0.0000 0.0000 88.3195 0.0000 0.0000 49.1810 36.6575 64.9464 0.0000 0.0000 16.7593 37.5074 35.5890 0.0000 0.0000 0.0000 75.9465 0.0000 0.0000 0.0000 0.0000 0.0000 87.6431 0.0000 0.0000 0.0000 0.0000 0.0000 72.1589 24.4795 0.0000 59.4597 88.7665 0.0000 71.9370 10.1918 94.2622 0.0000 0.0000 45.6427 0.0000 66.8627 0.0000 31.9845 0.0000 73.8806 0.0000 0.0000 47.6137 0.0000 80.0518 0.0000 50.5992 0.0000 0.0000 0.0000 0.0000 0.0000 0.0000 0.0000 60.0229 0.0000 0.0000 0.0000 0.0000 0.0000 0.0000 83.3102 0.0000 0.0000 0.0000 0.0000 0.0000 0.0000 0.0000 0.0000 0.0000 50.9388 59.6935 0.0000 97.5833 69.7442 0.0000 30.3048 0.0000 58.6508 0.0000 0.0000 0.0000 76.3456 0.0000 52.9184 0.0000 0.0000 0.0000 95.7401 0.0000 0.0000 0.0000 0.0000 0.0000 0.0000 0.0000 90.8969 0.0000 68.8770 79.3292 0.0000 0.0000 0.0000 0.0000 0.0000 0.0000 97.2943 0.0000 0.0000 0.0000 0.0000 69.4667 70.8001 0.0000 0.0000 45.1710 0.0000 0.0000 0.0000 0.0000 88.2890 0.0000 39.1306 65.5068 0.0000 0.0000 39.3535 0.0000 0.0000 0.0000 49.9904 22.2853 0.0000 34.1305 0.0000 0.0000 0.0000 0.0000 0.0000 49.4085 0.0000 0.0000 0.0000 0.0000 0.0000 0.0000 0.0000 41.6749 0.0000 0.0000 0.0000 55.8153 0.0000 0.0000 0.0000 51.5839 51.2502 0.0000 0.0000 0.0000 0.0000 0.0000 44.2739 0.0000 0.0000 38.4433 0.0000 67.6009 0.0000 0.0000 0.0000 85.2125 0.0000 22.5587 0.0000 0.0000 64.1646
85.5881 58.1177 56.8075 0.0000 88.9534 0.0000 69.9153 53.4221 0.0000 0.0000 63.5504 0.0000 0.0000 0.0000 41.2870 0.0000 23.4440 0.0000 0.0000 0.0000 29.1569 0.0000 0.0000 0.0000 0.0000 0.0000 0.0000 0.0000 0.0000 97.1417 0.0000 60.2162 0.0000 49.4447 0.0000 0.0000 0.0000 0.0000 0.0000 0.0000 0.0000 0.0000 20.6484 0.0000 0.0000 0.0000 20.1699 0.0000 0.0000 0.0000 30.7834 0.0000 0.0000 0.0000 63.5775 53.5553 0.0000 0.0000 0.0000 0.0000 0.0000 0.0000 0.0000 22.7587 0.0000 91.9145 0.0000 0.0000 0.0000 0.0000 0.0000 0.0000 94.5047 64.8090 0.0000 67.1682 0.0000 0.0000 54.9014 0.0000 0.0000 0.0000 0.0000 0.0000 0.0000 0.0000 0.0000 84.1681 30.2702 84.7393 0.0000 75.5789 24.9602 0.0000 0.0000 76.6920 0.0000 0.0000 0.0000 0.0000 74.5418 0.0000 0.0000 0.0000 0.0000 0.0000 79.5161 0.0000 0.0000 41.1855 0.0000 0.0000 0.0000 62.6010 0.0000 0.0000 0.0000 0.0000 0.0000 0.0000 0.0000 0.0000 0.0000 15.9904 0.0000 86.6512 37.7662 50.3413 0.0000 0.0000 0.0000 0.0000 0.0000 49.4524 0.0000 0.0000 0.0000 81.0524 0.0000 0.0000 0.0000 0.0000 0.0000 36.0446 0.0000 40.0033 0.0000 0.0000 21.2331 17.4831 0.0000 0.0000 67.9879 0.0000 0.0000 0.0000 52.6991 0.0000 92.2248 81.4964 0.0000 0.0000 84.4489 0.0000 0.0000 26.3385 0.0000 0.0000 0.0000 0.0000 0.0000 0.0000 0.0000 0.0000 0.0000 60.8073 48.2370 0.0000 88.2421 0.0000 0.0000 0.0000 0.0000 82.8165 0.0000 37.9352 45.6448 0.0000 0.0000 0.0000
0.0000 0.0000 0.0000 0.0000 0.0000 0.0000 0.0000 0.0000 57.9039 0.0000 0.0000 0.0000 0.0000 93.8011 0.0000 73.3845 0.0000 0.0000 0.0000 0.0000 36.5328 94.4095 0.0000 77.5974 0.0000 0.0000 0.0000 0.0000 0.0000 0.0000 0.0000 0.0000 0.0000 0.0000 0.0000 0.0000 0.0000 0.0000 0.0000 0.0000 22.9113 0.0000 0.0000 0.0000 0.0000 0.0000 0.0000 0.0000 0.0000 58.6403 0.0000 0.0000 0.0000 11.2950 0.0000 0.0000 96.8938 0.0000 0.0000 0.0000 0.0000 54.6706 0.0000 0.0000 0.0000 0.0000 75.3508 0.0000 0.0000 55.2500 0.0000 0.0000 17.3724 98.7464 0.0000 0.0000 92.4792 0.0000 0.0000 81.5434 0.0000 0.0000 0.0000 0.0000 0.0000 0.0000 0.0000 0.0000 0.0000 87.5299 0.0000 0.0000 81.0387 84.6153 0.0000 0.0000 0.0000 0.0000 0.0000 0.0000 0.0000 0.0000 70.6001 76.9972 31.7018 0.0000 96.2673 0.0000 0.0000 0.0000 0.0000 0.0000 0.0000 75.1156 15.3164 0.0000 0.0000 0.0000 0.0000 0.0000 39.4966 0.0000 74.3170 16.2711 0.0000 0.0000 0.0000 0.0000 0.0000 0.0000 0.0000 72.1186 0.0000 0.0000 0.0000 31.7795 0.0000 0.0000 0.0000 0.0000 0.0000 0.0000 0.0000 0.0000 0.0000 0.0000 0.0000 68.5595 0.0000 0.0000 53.8609 41.2046 0.0000 36.1160 0.0000 0.0000 22.0622 0.0000 53.7543 0.0000 0.0000 0.0000 0.0000 0.0000 0.0000 92.2701 56.9116 0.0000 16.1819 0.0000 0.0000 19.4359 0.0000 0.0000 0.0000 0.0000 58.1872 0.0000 0.0000 0.0000 97.7782 0.0000 70.2351 0.0000 98.2116 22.8439 0.0000 0.0000 0.0000 0.0000
67.0384 0.0000 0.0000 0.0000 0.0000 0.0000 0.0000 0.0000 0.0000 0.0000 54.5767 78.0554 0.0000 0.0000 0.0000 0.0000 25.6330 0.0000 0.0000 65.2299 0.0000 38.7911 0.0000 73.6221 0.0000 0.0000 0.0000 0.0000 54.1864 0.0000 0.0000 97.1052 0.0000 0.0000 0.0000 0.0000 0.0000 0.0000 0.0000 0.0000 0.0000 37.4560 55.3489 0.0000 54.4076 0.0000 0.0000 0.0000 0.0000 31.0633 0.0000 0.0000 0.0000 0.0000 74.5714 0.0000 0.0000 95.6363 84.3314 0.0000 0.0000 21.4945 33.8057 13.5567 68.9688 88.2902 0.0000 0.0000 0.0000 0.0000 0.0000 0.0000 78.2166 15.0937 0.0000 0.0000 0.0000 60.8524 43.4108 0.0000 0.0000 0.0000 53.4449 0.0000 67.0863 77.5588 0.0000 0.0000 0.0000 0.0000 0.0000 0.0000 0.0000 0.0000 0.0000 25.9710 54.6408 22.9738 33.8513 0.0000 0.0000 47.7294 84.5593 27.3177 0.0000 0.0000 0.0000 52.7402 45.9421 0.0000 94.0825 13.1633 0.0000 0.0000 90.3936 0.0000 61.4117 96.2593 0.0000 51.8362 0.0000 18.6202 40.0185 0.0000 0.0000 51.5255 0.0000 77.7372 50.6324 19.8241 0.0000 0.0000 55.8384 0.0000 0.0000 0.0000 12.2457 0.0000 0.0000 0.0000 0.0000 0.0000 0.0000 0.0000 25.0465 0.0000 0.0000 0.0000 33.1152 14.8414 0.0000 0.0000 0.0000 80.7867 0.0000 22.9802 0.0000 40.8089 62.8942 0.0000 75.9312 0.0000 0.0000 0.0000 0.0000 0.0000 0.0000 0.0000 65.5322 26.4368 0.0000 0.0000 93.0654 0.0000 51.9057 0.0000 0.0000 97.3607 95.3217 0.0000 0.0000 0.0000 13.3350 61.7475 95.9574 0.0000 0.0000 82.4881 0.0000 0.0000
0.0000 64.5985 0.0000 0.0000 0.0000 0.0000 0.0000 0.0000 0.0000 51.7248 0.0000 0.0000 0.0000 51.0568 77.4281 0.0000 0.0000 0.0000 0.0000 12.9276 86.1734 49.3465 46.3298 0.0000 0.0000 0.0000 0.0000 0.0000 64.7137 0.0000 27.7642 0.0000 58.6299 0.0000 95.0094 24.1948 96.8918 0.0000 26.8742 0.0000 15.9326 76.9132 0.0000 0.0000 11.3090 0.0000 28.7324 15.4864 56.7097 36.2522 0.0000 0.0000 20.0107 56.4542 0.0000 0.0000 0.0000 20.7200 0.0000 95.9450 0.0000 0.0000 0.0000 0.0000 0.0000 54.5025 0.0000 0.0000 0.0000 0.0000 0.0000 0.0000 0.0000 0.0000 0.0000 0.0000 0.0000 0.0000 0.0000 0.0000 0.0000 0.0000 0.0000 0.0000 0.0000 32.0449 92.9223 0.0000 0.0000 0.0000 0.0000 20.6867 85.1529 0.0000 18.6509 0.0000 0.0000 0.0000 0.0000 0.0000 55.1124 0.0000 0.0000 0.0000 0.0000 33.3797 0.0000 42.6717 0.0000 47.1586 38.9486 0.0000 0.0000 62.3804 0.0000 0.0000 0.0000 14.8302 22.4153 0.0000 0.0000 0.0000 0.0000 0.0000 55.6296 0.0000 0.0000 0.0000 0.0000 0.0000 0.0000 90.1615 57.7791 0.0000 33.5872 0.0000 30.4661 0.0000 0.0000 38.0416 0.0000 99.6171 36.5193 18.5231 0.0000 0.0000 0.0000 0.0000 0.0000 0.0000 0.0000 0.0000 0.0000 0.0000 0.0000 69.9003 0.0000 12.8536 0.0000 14.9843 0.0000 17.6728 0.0000 0.0000 0.0000 75.1066 0.0000 98.5248 76.1507 0.0000 0.0000 0.0000 68.9378 57.9116 0.0000 0.0000 0.0000 0.0000 83.3407 0.0000 0.0000 0.0000 0.0000 0.0000 0.0000 0.0000 22.9894 0.0000 0.0000 0.0000
84.2696 65.9835 0.0000 54.9299 0.0000 0.0000 75.8700 0.0000 31.1391 0.0000 0.0000 0.0000 0.0000 94.6181 0.0000 0.0000 51.2963 0.0000 0.0000 0.0000 0.0000 0.0000 0.0000 0.0000 0.0000 0.0000 0.0000 21.7020 0.0000 0.0000 0.0000 0.0000 0.0000 0.0000 0.0000 0.0000 66.1191 0.0000 0.0000 0.0000 0.0000 0.0000 0.0000 97.7471 55.9234 0.0000 0.0000 0.0000 31.1764 0.0000 0.0000 0.0000 0.0000 0.0000 0.0000 0.0000 19.9417 81.1567 0.0000 76.4429 0.0000 0.0000 0.0000 97.2907 0.0000 35.4749 0.0000 0.0000 73.9232 0.0000 0.0000 59.5388 0.0000 0.0000 70.1821 30.2813 0.0000 0.0000 0.0000 0.0000 0.0000 0.0000 0.0000 82.1234 0.0000 0.0000 0.0000 0.0000 86.2068 0.0000 0.0000 24.4898 0.0000 0.0000 0.0000 82.1933 87.6871 46.1304 0.0000 0.0000 0.0000 95.1371 0.0000 75.6983 0.0000 0.0000 0.0000 15.6234 0.0000 50.2050 0.0000 0.0000 0.0000 18.0519 94.4523 92.7085 0.0000 19.6244 0.0000 0.0000 0.0000 0.0000 0.0000 0.0000 0.0000 66.7307 0.0000 0.0000 0.0000 0.0000 0.0000 0.0000 0.0000 55.6594 68.3213 0.0000 0.0000 0.0000 0.0000 0.0000 20.8432 49.3795 57.7098 0.0000 93.0362 0.0000 0.0000 0.0000 0.0000 22.3842 0.0000 0.0000 0.0000 0.0000 0.0000 12.4741 0.0000 65.4013 0.0000 90.4382 0.0000 0.0000 0.0000 0.0000 54.1369 27.8169 0.0000 50.2668 0.0000 0.0000 0.0000 81.8442 0.0000 0.0000 0.0000 0.0000 0.0000 0.0000 0.0000 68.6199 0.0000 81.8562 88.8705 0.0000 84.1816 0.0000 99.3983 0.0000 0.0000 0.0000
0.0000 69.9744 82.0762 0.0000 0.0000 0.0000 0.0000 86.4734 0.0000 0.0000 0.0000 0.0000 38.9669 0.0000 0.0000 0.0000 0.0000 0.0000 93.4969 42.7581 0.0000 0.0000 0.0000 0.0000 0.0000 86.3681 0.0000 0.0000 0.0000 0.0000 0.0000 86.9752 0.0000 10.9197 0.0000 0.0000 0.0000 0.0000 0.0000 0.0000 23.2624 0.0000 52.8644 0.0000 0.0000 0.0000 0.0000 74.1624 70.0972 0.0000 0.0000 59.4956 39.3266 0.0000 0.0000 54.8802 99.4263 0.0000 0.0000 0.0000 0.0000 0.0000 0.0000 40.3264 0.0000 0.0000 59.1408 50.4136 0.0000 0.0000 63.3048 0.0000 0.0000 0.0000 42.6053 86.8674 0.0000 0.0000 0.0000 0.0000 44.5017 80.8091 0.0000 0.0000 0.0000 0.0000 0.0000 0.0000 42.2293 0.0000 28.3217 0.0000 0.0000 0.0000 0.0000 0.0000 0.0000 0.0000 0.0000 0.0000 0.0000 53.8008 0.0000 11.4351 49.8070 0.0000 0.0000 0.0000 0.0000 0.0000 14.4829 0.0000 0.0000 0.0000 0.0000 0.0000 0.0000 0.0000 56.4575 0.0000 47.4958 10.9257 0.0000 0.0000 53.0411 85.1351 40.4432 0.0000 0.0000 0.0000 0.0000 64.3368 57.6112 0.0000 0.0000 0.0000 0.0000 0.0000 33.6922 0.0000 0.0000 0.0000 0.0000 72.4530 0.0000 0.0000 41.2168 57.2344 0.0000 0.0000 0.0000 0.0000 0.0000 0.0000 0.0000 0.0000 0.0000 10.7951 69.0614 0.0000 0.0000 0.0000 0.0000 0.0000 0.0000 0.0000 49.2701 73.4017 84.8056 0.0000 26.2835 46.2197 0.0000 0.0000 15.3673 94.9324 19.2959 0.0000 0.0000 0.0000 0.0000 0.0000 0.0000 0.0000 24.7944 0.0000 89.4737 0.0000 85.3435 0.0000
0.0000 25.8149 48.2348 0.0000 87.0830 12.6629 47.1888 0.0000 0.0000 0.0000 98.1368 71.0747 84.5943 59.1730 0.0000 0.0000 0.0000 0.0000 0.0000 0.0000 93.1466 0.0000 0.0000 0.0000 0.0000 0.0000 27.8456 85.1618 92.5138 0.0000 20.1819 0.0000 35.0773 0.0000 0.0000 0.0000 30.0063 0.0000 0.0000 0.0000 0.0000 89.2879 0.0000 0.0000 0.0000 0.0000 0.0000 64.4240 73.0643 0.0000 0.0000 0.0000 90.5327 44.8855 0.0000 97.7446 0.0000 0.0000 48.7402 0.0000 0.0000 0.0000 87.6711 0.0000 0.0000 0.0000 0.0000 77.4027 0.0000 75.0507 0.0000 0.0000 0.0000 0.0000 77.3365 0.0000 0.0000 0.0000 14.0135 74.3382 96.3847 0.0000 0.0000 79.4483 0.0000 0.0000 0.0000 0.0000 12.9317 61.5180 30.2653 0.0000 0.0000 28.5661 25.0995 0.0000 82.8629 0.0000 0.0000 0.0000 0.0000 89.6263 40.3880 0.0000 0.0000 0.0000 46.4338 0.0000 0.0000 0.0000 0.0000 27.4277 0.0000 24.5981 0.0000 0.0000 48.4079 58.3663 0.0000 0.0000 0.0000 0.0000 84.8488 0.0000 0.0000 89.1733 80.2068 0.0000 0.0000 0.0000 0.0000 0.0000 0.0000 31.8454 0.0000 53.3010 0.0000 0.0000 91.5773 0.0000 0.0000 0.0000 0.0000 0.0000 0.0000 0.0000 0.0000 21.9195 0.0000 30.6172 0.0000 46.0704 0.0000 0.0000 38.6652 0.0000 0.0000 0.0000 19.2597 0.0000 0.0000 0.0000 0.0000 0.0000 0.0000 61.3974 76.7644 0.0000 88.7104 27.1947 0.0000 72.1975 0.0000 0.0000 0.0000 74.7816 62.3698 31.3987 0.0000 0.0000 0.0000 0.0000 0.0000 51.9524 0.0000 0.0000 0.0000 0.0000 18.4082 0.0000
0.0000 81.8106 0.0000 0.0000 0.0000 0.0000 0.0000 0.0000 0.0000 0.0000 0.0000 0.0000 0.0000 0.0000 28.8073 25.3140 0.0000 0.0000 0.0000 0.0000 0.0000 40.6264 0.0000 0.0000 0.0000 89.5078 0.0000 0.0000 0.0000 0.0000 0.0000 0.0000 0.0000 0.0000 0.0000 0.0000 0.0000 80.9682 55.7124 0.0000 62.6051 37.4629 80.2126 0.0000 0.0000 62.7042 24.3122 41.5327 0.0000 0.0000 0.0000 0.0000 0.0000 0.0000 0.0000 0.0000 0.0000 0.0000 78.4431 0.0000 0.0000 95.1188 0.0000 34.6174 61.6058 0.0000 0.0000 0.0000 0.0000 0.0000 0.0000 0.0000 45.8652 0.0000 84.7940 0.0000 0.0000 0.0000 0.0000 16.0078 0.0000 0.0000 30.8439 76.3591 29.7645 0.0000 65.7268 36.8091 0.0000 63.2698 0.0000 14.2099 0.0000 0.0000 53.7268 45.9977 0.0000 0.0000 0.0000 0.0000 97.8055 0.0000 0.0000 57.3149 0.0000 61.5199 25.6118 18.1119 0.0000 0.0000 0.0000 0.0000 88.0612 46.9330 94.3171 0.0000 18.3838 0.0000 28.0045 41.4069 0.0000 92.3854 26.0809 0.0000 0.0000 0.0000 0.0000 0.0000 0.0000 87.2788 32.5907 66.1308 34.9699 0.0000 39.5014 0.0000 0.0000 0.0000 0.0000 0.0000 0.0000 0.0000 36.9802 89.3984 29.7273 0.0000 0.0000 54.6589 41.0815 0.0000 0.0000 0.0000 0.0000 61.3245 0.0000 88.6732 0.0000 0.0000 85.7860 60.3471 71.9393 56.4146 0.0000 68.7553 0.0000 40.5013 0.0000 0.0000 0.0000 0.0000 0.0000 45.1733 38.9158 0.0000 81.8275 0.0000 58.0267 48.4607 0.0000 0.0000 0.0000 0.0000 51.0050 0.0000 0.0000 51.1333 0.0000 0.0000 0.0000 0.0000
0.0000 0.0000 0.0000 47.2684 0.0000 0.0000 0.0000 59.8107 0.0000 0.0000 69.3209 0.0000 43.5490 0.0000 0.0000 15.3829 0.0000 0.0000 85.8811 56.5321 0.0000 0.0000 0.0000 0.0000 0.0000 31.2569 0.0000 0.0000 90.9483 32.3181 48.2325 0.0000 45.6722 0.0000 0.0000 46.4096 0.0000 0.0000 93.9714 26.5069 0.0000 0.0000 0.0000 0.0000 0.0000 0.0000 0.0000 0.0000 0.0000 0.0000 78.3935 0.0000 0.0000 52.3655 47.3239 0.0000 0.0000 0.0000 0.0000 0.0000 0.0000 0.0000 0.0000 0.0000 0.0000 0.0000 0.0000 70.3671 0.0000 84.5592 0.0000 68.3121 0.0000 0.0000 0.0000 0.0000 0.0000 0.0000 0.0000 45.1679 15.5073 78.6705 0.0000 0.0000 0.0000 27.2492 0.0000 0.0000 0.0000 0.0000 0.0000 0.0000 0.0000 0.0000 20.7998 73.2185 0.0000 0.0000 0.0000 18.1393 0.0000 0.0000 0.0000 0.0000 0.0000 46.4703 12.7186 0.0000 0.0000 0.0000 0.0000 0.0000 79.3974 0.0000 0.0000 0.0000 0.0000 35.4049 0.0000 0.0000 0.0000 44.2343 65.5237 0.0000 0.0000 33.2617 0.0000 99.9405 92.1217 0.0000 80.7715 0.0000 0.0000 0.0000 0.0000 0.0000 75.2211 52.4328 0.0000 67.0616 0.0000 29.9615 89.4725 0.0000 0.0000 0.0000 0.0000 68.5442 79.5159 0.0000 0.0000 0.0000 0.0000 10.1325 0.0000 0.0000 14.8959 0.0000 66.7730 89.1852 56.1860 0.0000 0.0000 0.0000 0.0000 24.3401 24.9044 0.0000 0.0000 0.0000 0.0000 0.0000 0.0000 0.0000 0.0000 0.0000 23.2575 0.0000 0.0000 0.0000 0.0000 0.0000 0.0000 16.7736 0.0000 0.0000 0.0000 63.9857 0.0000 0.0000
52.5023 0.0000 12.9784 11.5069 0.0000 0.0000 0.0000 0.0000 0.0000 0.0000 0.0000 0.0000 29.6508 0.0000 0.0000 0.0000 0.0000 0.0000 0.0000 0.0000 0.0000 26.0778 0.0000 69.5732 0.0000 69.1866 0.0000 0.0000 18.1022 0.0000 0.0000 0.0000 26.4376 0.0000 0.0000 0.0000 0.0000 0.0000 43.9050 0.0000 92.6462 43.7889 78.8370 0.0000 41.9374 0.0000 0.0000 0.0000 57.9510 0.0000 0.0000 0.0000 0.0000 0.0000 0.0000 0.0000 88.9463 0.0000 41.7050 0.0000 0.0000 0.0000 0.0000 74.1070 0.0000 0.0000 0.0000 13.4596 0.0000 0.0000 0.0000 0.0000 0.0000 0.0000 62.3329 0.0000 0.0000 0.0000 0.0000 0.0000 0.0000 14.5448 64.4349 0.0000 46.9656 0.0000 47.5258 50.8334 0.0000 0.0000 90.3286 0.0000 0.0000 0.0000 0.0000 0.0000 92.3332 0.0000 0.0000 0.0000 77.6346 0.0000 0.0000 0.0000 0.0000 0.0000 0.0000 92.4728 0.0000 0.0000 57.2673 95.2774 0.0000 0.0000 0.0000 28.0128 0.0000 78.7992 99.1938 0.0000 90.7124 14.4703 0.0000 0.0000 0.0000 65.5246 0.0000 81.3169 0.0000 0.0000 0.0000 0.0000 0.0000 0.0000 20.6388 83.0375 0.0000 67.2011 0.0000 63.2293 0.0000 0.0000 0.0000 0.0000 80.7314 0.0000 91.7732 0.0000 0.0000 0.0000 26.4386 0.0000 61.3205 0.0000 0.0000 0.0000 0.0000 0.0000 91.5170 0.0000 0.0000 0.0000 0.0000 0.0000 0.0000 0.0000 98.8964 0.0000 0.0000 0.0000 69.2994 94.1718 0.0000 0.0000 57.3573 0.0000 0.0000 78.8033 0.0000 0.0000 0.0000 0.0000 32.3118 0.0000 0.0000 24.7030 16.5288 69.4429 0.0000 0.0000
54.6581 0.0000 0.0000 99.1521 0.0000 17.7545 0.0000 0.0000 0.0000 40.0173 0.0000 0.0000 0.0000 27.8448 0.0000 13.6283 26.5464 99.6676 50.3699 0.0000 34.3840 0.0000 0.0000 0.0000 0.0000 30.2943 0.0000 0.0000 0.0000 0.0000 0.0000 0.0000 0.0000 0.0000 0.0000 0.0000 0.0000 0.0000 0.0000 0.0000 72.5569 0.0000 58.4392 0.0000 44.5174 0.0000 83.2549 0.0000 0.0000 41.1685 0.0000 0.0000 0.0000 0.0000 0.0000 74.6482 0.0000 0.0000 69.9765 0.0000 54.2707 0.0000 11.0177 84.5987 38.0334 0.0000 34.8662 78.5026 0.0000 0.0000 0.0000 82.3845 28.8106 0.0000 0.0000 0.0000 0.0000 0.0000 56.2367 0.0000 0.0000 0.0000 0.0000 0.0000 0.0000 50.0334 0.0000 38.9526 0.0000 0.0000 0.0000 0.0000 0.0000 0.0000 28.3351 74.8750 14.9944 98.6908 86.5004 0.0000 0.0000 79.1760 0.0000 74.7851 0.0000 0.0000 0.0000 0.0000 71.1549 72.9362 85.5186 0.0000 0.0000 0.0000 0.0000 27.9723 0.0000 45.0818 40.1757 40.4653 24.6708 0.0000 20.7374 0.0000 0.0000 50.9340 0.0000 0.0000 38.2186 0.0000 0.0000 52.9666 74.0051 75.3769 0.0000 57.8640 0.0000 0.0000 0.0000 0.0000 77.5644 77.1308 0.0000 0.0000 0.0000 0.0000 0.0000 0.0000 0.0000 0.0000 46.6701 73.2811 0.0000 0.0000 0.0000 0.0000 44.5931 0.0000 0.0000 53.7546 0.0000 0.0000 44.9435 0.0000 0.0000 0.0000 0.0000 45.6229 0.0000 13.9615 0.0000 0.0000 66.9959 10.7213 0.0000 87.3623 0.0000 0.0000 0.0000 76.6702 0.0000 22.1730 0.0000 0.0000 0.0000 0.0000 0.0000 0.0000 0.0000 0.0000
20.0903 0.0000 45.3181 74.4947 0.0000 97.0307 0.0000 0.0000 0.0000 38.9513 0.0000 0.0000 0.0000 38.7120 0.0000 0.0000 35.6782 0.0000 0.0000 11.4661 0.0000 0.0000 0.0000 0.0000 0.0000 89.7684 0.0000 0.0000 0.0000 0.0000 0.0000 0.0000 0.0000 54.3991 0.0000 0.0000 0.0000 97.2557 0.0000 0.0000 0.0000 0.0000 0.0000 0.0000 87.7323 47.9439 0.0000 27.7066 0.0000 55.3571 43.7013 10.3931 0.0000 0.0000 0.0000 54.7345 48.0922 0.0000 0.0000 21.6054 16.7548 39.3758 0.0000 73.8690 0.0000 0.0000 0.0000 83.0485 0.0000 0.0000 0.0000 75.0414 94.0218 67.8687 0.0000 0.0000 0.0000 0.0000 0.0000 0.0000 0.0000 0.0000 39.7088 0.0000 0.0000 39.0042 0.0000 70.3497 0.0000 0.0000 71.7998 26.7162 77.1483 0.0000 0.0000 0.0000 0.0000 10.5381 0.0000 0.0000 64.3123 0.0000 27.0688 0.0000 0.0000 0.0000 0.0000 0.0000 60.8970 0.0000 13.5926 0.0000 0.0000 0.0000 0.0000 0.0000 0.0000 0.0000 0.0000 0.0000 0.0000 24.8804 0.0000 93.9747 74.8837 0.0000 0.0000 31.4469 61.7708 99.2418 65.5163 81.8539 0.0000 29.1176 69.3859 0.0000 0.0000 0.0000 70.5401 0.0000 0.0000 85.8467 0.0000 45.0104 0.0000 0.0000 0.0000 0.0000 0.0000 96.3458 10.3402 0.0000 0.0000 0.0000 23.9253 0.0000 0.0000 0.0000 0.0000 0.0000 0.0000 0.0000 94.5310 0.0000 0.0000 0.0000 45.8583 0.0000 0.0000 82.2390 60.2661 44.0607 65.2926 55.3081 0.0000 0.0000 84.1682 0.0000 0.0000 14.8281 0.0000 70.7858 0.0000 0.0000 0.0000 0.0000 0.0000 0.0000 0.0000 0.0000
0.0000 0.0000 85.8493 46.4354 0.0000 0.0000 0.0000 0.0000 0.0000 0.0000 0.0000 47.0461 61.6309 63.5511 0.0000 57.0447 62.8367 0.0000 0.0000 0.0000 0.0000 0.0000 0.0000 0.0000 63.8868 0.0000 0.0000 0.0000 0.0000 0.0000 0.0000 0.0000 0.0000 0.0000 84.1191 0.0000 0.0000 21.8609 63.1430 0.0000 19.0760 0.0000 0.0000 0.0000 0.0000 0.0000 0.0000 0.0000 0.0000 93.9507 11.4655 0.0000 50.5387 0.0000 0.0000 0.0000 27.3798 0.0000 0.0000 0.0000 0.0000 0.0000 0.0000 0.0000 45.7923 0.0000 0.0000 0.0000 0.0000 0.0000 0.0000 0.0000 50.5226 0.0000 0.0000 69.1538 0.0000 44.9140 0.0000 72.7776 0.0000 75.1003 0.0000 0.0000 0.0000 0.0000 0.0000 0.0000 0.0000 12.2051 0.0000 0.0000 0.0000 0.0000 0.0000 0.0000 71.0444 10.3337 0.0000 0.0000 45.5474 85.5470 89.2051 0.0000 0.0000 18.9061 0.0000 0.0000 0.0000 0.0000 0.0000 54.9336 0.0000 0.0000 0.0000 0.0000 0.0000 0.0000 96.9456 48.7858 14.7073 0.0000 0.0000 0.0000 0.0000 0.0000 71.4964 0.0000 0.0000 0.0000 0.0000 90.2597 0.0000 79.2856 0.0000 0.0000 22.9348 0.0000 57.6355 0.0000 0.0000 79.7978 0.0000 0.0000 0.0000 0.0000 0.0000 0.0000 0.0000 65.9990 0.0000 92.4676 0.0000 0.0000 81.7582 0.0000 65.0317 0.0000 64.7842 0.0000 0.0000 70.1176 79.3142 0.0000 0.0000 0.0000 0.0000 0.0000 0.0000 0.0000 0.0000 0.0000 0.0000 34.1854 45.0317 11.1864 0.0000 28.4180 0.0000 0.0000 0.0000 55.8495 0.0000 0.0000 0.0000 0.0000 32.6093 40.3104 0.0000 0.0000
69.2075 0.0000 65.5292 68.5606 0.0000 30.9941 92.0213 0.0000 0.0000 0.0000 85.7379 27.2089 0.0000 18.6732 0.0000 0.0000 0.0000 0.0000 0.0000 0.0000 0.0000 37.7886 0.0000 0.0000 91.8148 0.0000 10.3324 0.0000 0.0000 0.0000 0.0000 0.0000 0.0000 0.0000 0.0000 61.3496 68.2033 97.3967 0.0000 0.0000 0.0000 0.0000 0.0000 0.0000 47.7991 0.0000 0.0000 86.4376 0.0000 0.0000 0.0000 63.1320 0.0000 0.0000 0.0000 0.0000 0.0000 0.0000 0.0000 0.0000 0.0000 0.0000 23.2013 0.0000 0.0000 0.0000 0.0000 0.0000 0.0000 47.8368 22.0166 0.0000 52.6381 0.0000 0.0000 0.0000 0.0000 0.0000 71.1379 0.0000 0.0000 83.1296 0.0000 0.0000 0.0000 0.0000 0.0000 0.0000 0.0000 0.0000 0.0000 0.0000 0.0000 0.0000 0.0000 81.1956 0.0000 0.0000 57.2348 0.0000 0.0000 0.0000 0.0000 50.7190 56.2770 0.0000 54.4701 62.2928 0.0000 0.0000 0.0000 0.0000 84.4097 33.7217 0.0000 0.0000 0.0000 0.0000 0.0000 0.0000 0.0000 63.4310 0.0000 94.2089 0.0000 0.0000 0.0000 0.0000 89.0645 0.0000 61.0365 0.0000 0.0000 0.0000 0.0000 0.0000 0.0000 82.7579 0.0000 0.0000 0.0000 0.0000 0.0000 0.0000 20.6580 0.0000 53.2943 59.9353 0.0000 0.0000 34.7411 0.0000 0.0000 0.0000 0.0000 0.0000 0.0000 74.2463 54.1747 0.0000 0.0000 0.0000 0.0000 0.0000 0.0000 41.8882 0.0000 0.0000 0.0000 0.0000 0.0000 0.0000 0.0000 0.0000 39.6343 0.0000 0.0000 0.0000 0.0000 0.0000 0.0000 0.0000 0.0000 0.0000 0.0000 0.0000 0.0000 0.0000 14.0241 0.0000
0.0000 97.4673 0.0000 0.0000 0.0000 92.7772 23.7146 68.3359 0.0000 46.0537 0.0000 66.5007 0.0000 0.0000 0.0000 13.3727 0.0000 0.0000 0.0000 0.0000 89.4232 97.6170 0.0000 0.0000 0.0000 0.0000 97.8694 0.0000 92.3481 0.0000 0.0000 0.0000 0.0000 0.0000 0.0000 29.6136 38.7368 54.8748 0.0000 0.0000 0.0000 0.0000 0.0000 0.0000 91.9011 0.0000 0.0000 55.8140 0.0000 0.0000 13.3971 0.0000 60.3290 0.0000 0.0000 0.0000 0.0000 25.7545 86.9083 0.0000 41.2264 0.0000 0.0000 0.0000 0.0000 51.9907 36.2473 0.0000 0.0000 25.9017 76.8709 0.0000 0.0000 0.0000 0.0000 0.0000 0.0000 0.0000 0.0000 0.0000 0.0000 0.0000 0.0000 0.0000 0.0000 69.7964 0.0000 0.0000 0.0000 0.0000 0.0000 80.8962 34.6112 0.0000 0.0000 63.1719 0.0000 53.8168 0.0000 99.6601 0.0000 0.0000 46.4561 0.0000 0.0000 0.0000 0.0000 23.6406 0.0000 0.0000 0.0000 0.0000 0.0000 0.0000 0.0000 0.0000 90.1623 0.0000 0.0000 77.1629 0.0000 0.0000 0.0000 99.7644 0.0000 0.0000 83.0177 0.0000 86.4127 71.2044 0.0000 62.9545 90.9680 49.3946 0.0000 47.8878 0.0000 0.0000 87.7820 0.0000 0.0000 0.0000 46.3245 12.4212 32.0782 0.0000 37.3641 0.0000 0.0000 0.0000 82.8104 0.0000 44.5357 0.0000 29.6367 0.0000 0.0000 0.0000 0.0000 0.0000 0.0000 0.0000 0.0000 26.4437 0.0000 0.0000 0.0000 0.0000 14.0483 87.2483 0.0000 0.0000 0.0000 0.0000 0.0000 0.0000 74.9806 94.3112 0.0000 0.0000 0.0000 59.4394 0.0000 91.9544 10.0714 0.0000 31.0083 42.5077 0.0000 0.0000
71.7974 84.6513 18.3515 80.3501 0.0000 0.0000 0.0000 0.0000 88.7364 11.2568 0.0000 54.5992 0.0000 27.4887 0.0000 0.0000 0.0000 75.0778 0.0000 0.0000 28.5517 18.2889 30.5956 0.0000 0.0000 0.0000 0.0000 81.8589 51.0497 70.4249 0.0000 0.0000 0.0000 0.0000 0.0000 67.8083 0.0000 87.7352 0.0000 0.0000 82.7772 94.7859 76.8741 12.9916 14.8807 0.0000 0.0000 0.0000 0.0000 0.0000 0.0000 39.3797 0.0000 76.6810 80.9435 46.7972 38.3533 76.4682 0.0000 98.4794 0.0000 0.0000 76.6170 22.2115 13.3622 0.0000 97.9584 69.8355 44.0003 0.0000 69.6929 0.0000 16.7973 0.0000 37.6073 19.0926 25.6878 44.0949 0.0000 0.0000 75.9644 0.0000 84.9163 0.0000 21.3616 0.0000 0.0000 82.3742 0.0000 0.0000 33.7338 0.0000 0.0000 77.0881 0.0000 0.0000 0.0000 0.0000 0.0000 0.0000 0.0000 0.0000 69.5684 0.0000 0.0000 52.4708 46.4289 0.0000 0.0000 44.5284 0.0000 0.0000 0.0000 0.0000 78.7628 0.0000 80.8781 0.0000 0.0000 0.0000 0.0000 0.0000 80.4481 0.0000 86.4096 0.0000 89.0341 0.0000 0.0000 0.0000 0.0000 0.0000 0.0000 0.0000 0.0000 0.0000 0.0000 0.0000 0.0000 0.0000 0.0000 0.0000 0.0000 28.2293 0.0000 0.0000 0.0000 0.0000 19.2932 0.0000 51.1900 0.0000 0.0000 0.0000 0.0000 0.0000 34.4308 0.0000 59.3676 0.0000 0.0000 0.0000 80.6313 0.0000 0.0000 52.3350 0.0000 0.0000 0.0000 0.0000 0.0000 18.6563 0.0000 0.0000 0.0000 90.7243 0.0000 51.5714 12.0809 0.0000 0.0000 0.0000 0.0000 84.7088 18.5877 0.0000 0.0000 0.0000 0.0000 0.0000
0.0000 75.8724 0.0000 98.1291 0.0000 0.0000 79.1392 0.0000 0.0000 67.8200 0.0000 0.0000 0.0000 0.0000 0.0000 0.0000 0.0000 0.0000 0.0000 19.7996 93.7673 0.0000 0.0000 0.0000 45.5870 0.0000 0.0000 0.0000 0.0000 67.7828 0.0000 0.0000 51.4148 0.0000 0.0000 0.0000 0.0000 0.0000 39.5773 0.0000 96.0339 41.4914 0.0000 46.1217 0.0000 0.0000 62.6591 0.0000 30.3779 34.4707 0.0000 0.0000 0.0000 0.0000 71.7086 0.0000 14.1031 0.0000 0.0000 75.5533 0.0000 0.0000 0.0000 16.6522 58.9963 10.9380 68.9008 0.0000 0.0000 0.0000 38.0395 0.0000 92.0666 60.5639 0.0000 0.0000 0.0000 0.0000 0.0000 96.8335 0.0000 0.0000 0.0000 22.9942 0.0000 0.0000 90.5787 0.0000 0.0000 24.0343 38.7326 15.5245 0.0000 0.0000 85.3600 0.0000 92.8703 0.0000 80.8484 73.1701 54.5961 22.1708 0.0000 0.0000 0.0000 0.0000 22.1823 0.0000 0.0000 97.3584 0.0000 0.0000 18.2814 58.0256 0.0000 22.3046 0.0000 0.0000 0.0000 0.0000 0.0000 0.0000 0.0000 0.0000 48.5833 0.0000 80.9756 92.6174 0.0000 0.0000 98.7286 61.9836 32.4553 41.3516 0.0000 31.3722 0.0000 14.6259 0.0000 0.0000 0.0000 0.0000 0.0000 40.9955 39.0857 0.0000 0.0000 0.0000 22.5038 0.0000 0.0000 0.0000 0.0000 0.0000 0.0000 0.0000 57.3141 0.0000 0.0000 0.0000 0.0000 0.0000 0.0000 0.0000 19.5370 0.0000 0.0000 0.0000 0.0000 0.0000 0.0000 42.7656 0.0000 0.0000 0.0000 67.4336 24.0456 0.0000 0.0000 0.0000 0.0000 88.6568 0.0000 0.0000 87.3119 0.0000 85.4949 83.6571 0.0000 0.0000
0.0000 13.6473 0.0000 0.0000 0.0000 0.0000 67.4354 0.0000 0.0000 0.0000 0.0000 0.0000 0.0000 22.2018 52.4541 55.1352 41.6057 0.0000 30.6432 0.0000 60.0460 58.2445 0.0000 0.0000 0.0000 0.0000 0.0000 0.0000 34.5628 77.6178 64.4806 43.5723 0.0000 0.0000 0.0000 0.0000 86.7695 0.0000 97.0464 0.0000 0.0000 67.8816 0.0000 0.0000 93.6533 67.5601 0.0000 0.0000 0.0000 0.0000 0.0000 0.0000 21.4863 0.0000 0.0000 37.0092 0.0000 0.0000 0.0000 0.0000 0.0000 0.0000 0.0000 78.5901 0.0000 69.0208 60.0103 0.0000 89.5407 13.2771 55.8945 0.0000 0.0000 29.9812 0.0000 0.0000 0.0000 0.0000 99.5848 0.0000 0.0000 23.1318 69.4588 0.0000 0.0000 0.0000 92.5941 74.8447 0.0000 83.2889 0.0000 0.0000 0.0000 0.0000 0.0000 0.0000 0.0000 0.0000 61.8321 0.0000 0.0000 0.0000 0.0000 0.0000 0.0000 0.0000 64.6963 0.0000 16.0010 39.8404 0.0000 78.0531 0.0000 0.0000 38.6513 0.0000 30.0404 0.0000 62.8971 0.0000 29.7957 35.2318 0.0000 0.0000 0.0000 0.0000 0.0000 37.1165 0.0000 0.0000 0.0000 0.0000 0.0000 35.3786 76.9552 0.0000 37.1333 12.8719 73.8494 0.0000 0.0000 0.0000 0.0000 0.0000 58.1119 0.0000 96.1019 0.0000 0.0000 0.0000 0.0000 0.0000 24.8088 0.0000 78.6600 22.9959 0.0000 0.0000 26.3155 17.4310 0.0000 0.0000 44.8187 11.8230 0.0000 0.0000 0.0000 0.0000 0.0000 0.0000 0.0000 36.5942 22.4951 37.1832 0.0000 0.0000 0.0000 0.0000 0.0000 25.8484 0.0000 0.0000 0.0000 0.0000 29.9162 41.9456 29.3904 0.0000 0.0000 0.0000
0.0000 0.0000 0.0000 23.6101 0.0000 0.0000 61.8809 0.0000 65.7096 0.0000 0.0000 0.0000 68.1515 62.3591 0.0000 23.1602 0.0000 0.0000 0.0000 54.3006 0.0000 0.0000 0.0000 0.0000 0.0000 0.0000 0.0000 0.0000 35.7089 0.0000 0.0000 0.0000 31.0900 0.0000 0.0000 0.0000 0.0000 0.0000 39.8348 76.0525 0.0000 0.0000 0.0000 36.6138 0.0000 65.2851 0.0000 0.0000 0.0000 0.0000 0.0000 0.0000 0.0000 25.9116 0.0000 0.0000 0.0000 80.5378 17.7886 0.0000 0.0000 0.0000 0.0000 74.9225 21.8841 20.2489 0.0000 0.0000 0.0000 66.6280 0.0000 0.0000 0.0000 27.8580 0.0000 0.0000 0.0000 22.4254 0.0000 0.0000 56.1366 0.0000 0.0000 35.7460 0.0000 38.0412 12.6026 0.0000 0.0000 0.0000 0.0000 0.0000 0.0000 0.0000 31.8961 0.0000 33.3688 0.0000 0.0000 0.0000 0.0000 0.0000 53.0873 0.0000 0.0000 69.3200 71.4710 0.0000 0.0000 0.0000 0.0000 57.1414 18.8526 88.3718 0.0000 0.0000 48.5173 48.7974 0.0000 0.0000 0.0000 0.0000 0.0000 0.0000 0.0000 0.0000 0.0000 0.0000 0.0000 0.0000 0.0000 0.0000 0.0000 0.0000 0.0000 0.0000 49.7158 48.3274 83.2731 0.0000 0.0000 0.0000 46.6116 10.5232 0.0000 61.0734 0.0000 0.0000 0.0000 83.6581 47.9531 50.2579 0.0000 0.0000 0.0000 38.7619 49.6765 0.0000 88.9602 0.0000 61.7975 0.0000 0.0000 0.0000 0.0000 80.8680 54.4085 0.0000 0.0000 0.0000 0.0000 0.0000 91.9637 0.0000 0.0000 0.0000 0.0000 0.0000 0.0000 68.9895 0.0000 68.4757 0.0000 50.7505 0.0000 0.0000 0.0000 31.8714 0.0000 0.0000
15.0490 0.0000 0.0000 0.0000 0.0000 0.0000 0.0000 0.0000 27.7417 0.0000 0.0000 0.0000 0.0000 0.0000 0.0000 16.0627 81.4398 83.9535 0.0000 0.0000 0.0000 0.0000 0.0000 44.8928 96.8221 0.0000 77.7464 0.0000 0.0000 0.0000 81.0985 97.9582 0.0000 0.0000 0.0000 0.0000 0.0000 0.0000 0.0000 0.0000 92.5619 0.0000 0.0000 0.0000 98.6835 0.0000 74.3673 88.0378 65.9468 0.0000 60.7533 14.4927 0.0000 0.0000 19.7453 0.0000 0.0000 0.0000 0.0000 0.0000 0.0000 0.0000 88.9998 57.1530 0.0000 0.0000 0.0000 32.9753 35.3661 15.7487 0.0000 0.0000 0.0000 0.0000 0.0000 67.0875 56.3546 37.9265 0.0000 0.0000 66.2019 92.9957 0.0000 0.0000 19.8991 0.0000 0.0000 0.0000 18.2089 0.0000 89.9720 0.0000 0.0000 0.0000 0.0000 0.0000 0.0000 73.1554 0.0000 56.4361 0.0000 0.0000 0.0000 0.0000 61.4158 0.0000 0.0000 0.0000 0.0000 0.0000 0.0000 15.9106 0.0000 0.0000 0.0000 0.0000 0.0000 27.0632 0.0000 0.0000 0.0000 0.0000 0.0000 43.2656 0.0000 32.2719 0.0000 0.0000 0.0000 44.9107 0.0000 91.4879 0.0000 0.0000 71.3188 0.0000 48.2790 0.0000 0.0000 83.3309 0.0000 80.9824 0.0000 84.3159 77.8555 0.0000 0.0000 0.0000 16.2669 0.0000 0.0000 38.7942 0.0000 0.0000 19.5846 82.3413 0.0000 92.3740 0.0000 0.0000 0.0000 0.0000 0.0000 0.0000 0.0000 87.8526 0.0000 0.0000 0.0000 0.0000 0.0000 0.0000 89.0938 0.0000 21.5445 0.0000 0.0000 0.0000 80.2209 49.8327 16.5865 0.0000 0.0000 27.4116 0.0000 0.0000 0.0000 0.0000 0.0000 0.0000
0.0000 0.0000 0.0000 0.0000 0.0000 0.0000 0.0000 0.0000 0.0000 0.0000 0.0000 0.0000 0.0000 0.0000 0.0000 0.0000 0.0000 0.0000 64.6530 0.0000 0.0000 0.0000 80.1081 65.3494 0.0000 84.1708 22.4569 0.0000 0.0000 0.0000 0.0000 0.0000 0.0000 85.4010 0.0000 0.0000 66.1390 11.9126 0.0000 0.0000 14.5062 54.3558 0.0000 91.7086 0.0000 0.0000 16.2319 0.0000 0.0000 0.0000 12.9427 0.0000 0.0000 0.0000 0.0000 0.0000 0.0000 0.0000 0.0000 0.0000 38.6780 0.0000 0.0000 0.0000 0.0000 0.0000 61.3410 0.0000 32.6934 90.6622 0.0000 0.0000 0.0000 0.0000 0.0000 24.0190 0.0000 99.5423 0.0000 69.1660 0.0000 56.6603 0.0000 0.0000 90.0074 0.0000 0.0000 0.0000 0.0000 10.2352 0.0000 0.0000 0.0000 0.0000 45.2011 37.3775 0.0000 0.0000 0.0000 0.0000 0.0000 0.0000 22.8917 0.0000 0.0000 0.0000 0.0000 0.0000 0.0000 31.1025 0.0000 0.0000 0.0000 0.0000 0.0000 0.0000 11.1577 0.0000 13.3945 83.8680 0.0000 49.9031 10.3196 0.0000 0.0000 0.0000 57.4055 0.0000 72.9118 40.1593 0.0000 0.0000 71.4649 0.0000 93.1116 0.0000 0.0000 0.0000 79.3283 0.0000 0.0000 0.0000 0.0000 0.0000 22.3395 0.0000 0.0000 0.0000 0.0000 0.0000 0.0000 0.0000 0.0000 51.2199 41.2734 0.0000 84.5388 0.0000 41.3966 0.0000 80.1779 87.5816 0.0000 0.0000 0.0000 0.0000 22.5557 0.0000 0.0000 0.0000 47.9972 99.8828 0.0000 0.0000 75.5626 0.0000 0.0000 0.0000 0.0000 0.0000 0.0000 0.0000 57.7693 0.0000 93.4153 0.0000 0.0000 0.0000 0.0000 68.9266
0.0000 0.0000 93.1887 24.3024 0.0000 0.0000 0.0000 0.0000 72.9313 67.9223 45.5656 0.0000 59.5267 0.0000 0.0000 0.0000 0.0000 36.2291 0.0000 0.0000 0.0000 39.1113 0.0000 0.0000 39.0444 0.0000 0.0000 59.4140 60.1339 0.0000 0.0000 0.0000 0.0000 0.0000 0.0000 79.5886 95.2502 0.0000 0.0000 0.0000 0.0000 0.0000 96.1540 0.0000 0.0000 0.0000 57.9589 20.2736 0.0000 0.0000 88.5734 0.0000 74.6559 34.2793 0.0000 95.3105 0.0000 0.0000 0.0000 0.0000 30.9623 22.7166 21.1142 0.0000 67.0258 55.6458 0.0000 34.7713 0.0000 0.0000 0.0000 0.0000 0.0000 0.0000 86.5884 0.0000 20.7160 0.0000 0.0000 0.0000 95.7003 0.0000 22.2491 25.5485 0.0000 0.0000 73.1574 0.0000 0.0000 0.0000 0.0000 0.0000 0.0000 0.0000 0.0000 0.0000 0.0000 0.0000 0.0000 0.0000 0.0000 0.0000 0.0000 0.0000 0.0000 0.0000 0.0000 44.2386 0.0000 0.0000 0.0000 0.0000 0.0000 39.7276 44.2736 0.0000 0.0000 0.0000 0.0000 0.0000 0.0000 77.2784 27.8469 76.7268 94.5801 0.0000 0.0000 0.0000 47.4842 0.0000 0.0000 0.0000 38.1871 87.4609 0.0000 0.0000 0.0000 55.7103 0.0000 79.5826 0.0000 0.0000 0.0000 84.6209 31.9470 0.0000 0.0000 0.0000 0.0000 0.0000 0.0000 0.0000 0.0000 0.0000 99.5073 25.7382 51.7133 0.0000 51.2097 92.5989 0.0000 0.0000 0.0000 0.0000 0.0000 0.0000 0.0000 97.4899 0.0000 0.0000 0.0000 0.0000 0.0000 60.6005 47.9539 0.0000 0.0000 13.4606 72.7482 99.3211 26.6492 0.0000 0.0000 0.0000 0.0000 51.7596 71.5402 0.0000 30.1417 0.0000
0.0000 0.0000 81.7739 0.0000 22.8013 0.0000 0.0000 88.2044 0.0000 51.4647 59.6225 0.0000 0.0000 70.1054 14.6001 0.0000 27.3195 0.0000 0.0000 95.9104 78.0939 0.0000 0.0000 0.0000 0.0000 0.0000 0.0000 69.9006 0.0000 0.0000 0.0000 0.0000 50.8380 78.8382 26.7829 0.0000 0.0000 49.8036 0.0000 0.0000 17.8182 0.0000 0.0000 0.0000 0.0000 0.0000 0.0000 0.0000 19.1353 0.0000 33.1785 97.8136 0.0000 0.0000 65.9293 61.3918 84.9032 81.1090 65.6620 0.0000 77.0258 0.0000 0.0000 39.6937 0.0000 0.0000 83.8800 0.0000 0.0000 0.0000 82.3446 0.0000 0.0000 80.3480 0.0000 0.0000 0.0000 0.0000 0.0000 0.0000 0.0000 0.0000 0.0000 43.2368 0.0000 0.0000 0.0000 0.0000 0.0000 25.8134 0.0000 32.9817 0.0000 0.0000 0.0000 0.0000 0.0000 74.6502 12.1855 33.2885 0.0000 0.0000 0.0000 0.0000 89.4639 0.0000 0.0000 13.4321 0.0000 98.3190 0.0000 67.8265 0.0000 0.0000 0.0000 70.5832 0.0000 91.2925 0.0000 0.0000 0.0000 24.5551 48.4625 0.0000 14.8218 0.0000 65.6698 63.4334 61.0480 39.0037 51.4458 0.0000 12.4215 56.2460 0.0000 67.9122 0.0000 0.0000 0.0000 0.0000 0.0000 32.8866 0.0000 98.9373 79.8502 0.0000 0.0000 54.4931 0.0000 0.0000 0.0000 0.0000 0.0000 63.5001 0.0000 0.0000 0.0000 80.1200 64.4128 0.0000 46.7278 0.0000 0.0000 16.1927 0.0000 80.9927 0.0000 16.7965 59.4514 25.5271 77.5308 32.0110 0.0000 37.9454 18.8686 0.0000 0.0000 0.0000 12.8374 0.0000 75.8084 0.0000 0.0000 0.0000 0.0000 0.0000 85.6986 60.8806 0.0000 94.4570
0.0000 44.2338 77.4178 0.0000 0.0000 0.0000 0.0000 12.0821 33.1281 0.0000 0.0000 0.0000 0.0000 0.0000 0.0000 42.8665 0.0000 0.0000 0.0000 0.0000 0.0000 51.2900 0.0000 19.9116 0.0000 0.0000 0.0000 0.0000 0.0000 42.7032 0.0000 45.5885 0.0000 0.0000 0.0000 0.0000 0.0000 50.1533 0.0000 77.9724 0.0000 0.0000 48.3091 0.0000 0.0000 46.1553 0.0000 0.0000 0.0000 12.2733 0.0000 18.8601 0.0000 0.0000 0.0000 99.3478 22.5811 0.0000 0.0000 0.0000 44.2703 36.7407 0.0000 0.0000 0.0000 29.6571 71.1979 51.1371 0.0000 0.0000 70.3848 0.0000 30.4088 0.0000 0.0000 0.0000 93.0774 12.4492 38.1874 0.0000 0.0000 0.0000 0.0000 0.0000 59.6086 0.0000 12.5476 0.0000 0.0000 0.0000 0.0000 0.0000 0.0000 85.8645 0.0000 0.0000 95.6880 0.0000 0.0000 0.0000 67.9464 0.0000 39.6847 15.7973 0.0000 76.8544 0.0000 0.0000 50.6496 24.1190 0.0000 0.0000 58.2826 0.0000 0.0000 0.0000 0.0000 84.4645 0.0000 0.0000 0.0000 0.0000 0.0000 0.0000 0.0000 0.0000 65.2870 0.0000 24.5107 0.0000 21.1815 86.8301 0.0000 0.0000 0.0000 0.0000 0.0000 0.0000 94.6437 0.0000 0.0000 0.0000 0.0000 0.0000 0.0000 0.0000 0.0000 99.3838 18.4707 0.0000 0.0000 0.0000 0.0000 0.0000 0.0000 0.0000 63.7015 0.0000 92.2470 0.0000 85.5262 86.7651 0.0000 0.0000 0.0000 57.7361 0.0000 0.0000 28.6463 0.0000 0.0000 0.0000 0.0000 71.4941 45.0116 0.0000 0.0000 0.0000 85.3821 65.2528 0.0000 13.2968 0.0000 0.0000 0.0000 52.8599 42.1531 56.4300 0.0000 72.5360
0.0000 0.0000 63.7932 0.0000 0.0000 53.3646 75.9266 0.0000 91.9698 0.0000 0.0000 82.7850 64.0179 0.0000 0.0000 0.0000 76.5149 0.0000 0.0000 54.4178 0.0000 94.1552 0.0000 0.0000 0.0000 0.0000 72.6592 0.0000 0.0000 33.2387 0.0000 0.0000 0.0000 0.0000 45.0651 0.0000 0.0000 79.4631 0.0000 0.0000 0.0000 0.0000 0.0000 62.8429 0.0000 0.0000 0.0000 0.0000 0.0000 0.0000 0.0000 98.6744 0.0000 0.0000 0.0000 0.0000 0.0000 0.0000 0.0000 0.0000 0.0000 0.0000 0.0000 28.5576 0.0000 0.0000 0.0000 0.0000 0.0000 53.0940 36.4361 92.7893 0.0000 0.0000 0.0000 0.0000 0.0000 65.5056 0.0000 0.0000 82.8440 0.0000 0.0000 31.1220 0.0000 0.0000 58.9850 0.0000 0.0000 36.6878 0.0000 0.0000 0.0000 70.2462 0.0000 35.1560 0.0000 0.0000 64.0831 0.0000 0.0000 0.0000 70.1477 0.0000 0.0000 0.0000 0.0000 65.1420 0.0000 54.5494 58.5237 0.0000 0.0000 0.0000 0.0000 0.0000 85.4894 0.0000 0.0000 0.0000 0.0000 0.0000 0.0000 91.1636 0.0000 27.9671 0.0000 0.0000 62.0116 0.0000 96.1129 44.4008 0.0000 0.0000 0.0000 0.0000 25.1093 0.0000 44.5351 0.0000 15.8882 0.0000 0.0000 70.9127 0.0000 0.0000 0.0000 0.0000 66.7833 10.1981 0.0000 77.0212 27.2184 0.0000 0.0000 0.0000 31.4317 43.3834 0.0000 0.0000 0.0000 0.0000 13.3554 0.0000 0.0000 0.0000 32.4180 0.0000 0.0000 0.0000 39.6792 34.2090 0.0000 0.0000 0.0000 0.0000 0.0000 0.0000 0.0000 0.0000 0.0000 0.0000 0.0000 0.0000 0.0000 0.0000 0.0000 48.4228 0.0000 0.0000
0.0000 0.0000 0.0000 87.5698 0.0000 51.2116 0.0000 0.0000 78.5820 0.0000 0.0000 55.7793 0.0000 0.0000 0.0000 0.0000 0.0000 0.0000 0.0000 0.0000 0.0000 0.0000 0.0000 11.4761 0.0000 0.0000 0.0000 0.0000 0.0000 0.0000 0.0000 86.1651 0.0000 0.0000 96.7037 57.1240 0.0000 0.0000 0.0000 0.0000 0.0000 0.0000 0.0000 0.0000 0.0000 0.0000 75.5174 0.0000 18.6330 0.0000 60.6678 0.0000 35.5678 96.8996 0.0000 0.0000 0.0000 0.0000 97.8764 0.0000 0.0000 0.0000 0.0000 0.0000 0.0000 0.0000 0.0000 40.8840 84.2342 0.0000 26.0153 0.0000 84.8295 0.0000 39.8020 0.0000 0.0000 21.7048 87.5984 0.0000 0.0000 0.0000 0.0000 0.0000 43.8753 0.0000 0.0000 0.0000 0.0000 0.0000 68.2143 0.0000 0.0000 0.0000 0.0000 0.0000 44.6826 0.0000 0.0000 85.5909 17.1520 0.0000 0.0000 0.0000 0.0000 82.5861 0.0000 36.4551 0.0000 0.0000 88.1404 0.0000 0.0000 0.0000 0.0000 29.4611 0.0000 95.0819 0.0000 37.3640 66.5981 55.7803 0.0000 0.0000 0.0000 58.3495 0.0000 30.0115 0.0000 0.0000 0.0000 0.0000 0.0000 0.0000 21.1629 0.0000 42.1595 0.0000 0.0000 0.0000 0.0000 0.0000 0.0000 0.0000 0.0000 65.2828 0.0000 0.0000 0.0000 0.0000 54.6216 0.0000 0.0000 35.8169 35.6734 0.0000 0.0000 0.0000 0.0000 0.0000 0.0000 84.3245 77.7914 45.0364 0.0000 0.0000 88.4907 87.9919 0.0000 0.0000 0.0000 0.0000 17.9440 0.0000 0.0000 79.9260 62.9525 0.0000 0.0000 86.5995 0.0000 0.0000 0.0000 0.0000 0.0000 36.1454 31.9750 0.0000 0.0000 0.0000
0.0000 95.8448 0.0000 0.0000 47.0456 0.0000 0.0000 0.0000 0.0000 96.2180 12.6013 0.0000 0.0000 76.2051 0.0000 0.0000 0.0000 0.0000 0.0000 72.0491 0.0000 0.0000 0.0000 0.0000 0.0000 19.1622 0.0000 0.0000 0.0000 0.0000 0.0000 0.0000 75.7150 0.0000 0.0000 67.8553 0.0000 0.0000 0.0000 51.5402 0.0000 0.0000 0.0000 0.0000 0.0000 0.0000 0.0000 43.5578 46.3704 0.0000 0.0000 67.7713 74.6496 0.0000 0.0000 26.2433 0.0000 0.0000 0.0000 0.0000 0.0000 0.0000 0.0000 0.0000 0.0000 0.0000 14.9316 88.8104 0.0000 0.0000 0.0000 0.0000 0.0000 63.1703 50.8405 0.0000 0.0000 36.9309 0.0000 26.9180 0.0000 11.5018 0.0000 0.0000 74.9806 0.0000 0.0000 42.1614 92.4199 0.0000 0.0000 0.0000 0.0000 0.0000 0.0000 0.0000 0.0000 97.2437 0.0000 70.6884 41.9807 0.0000 95.0209 0.0000 0.0000 0.0000 0.0000 0.0000 0.0000 0.0000 0.0000 20.7035 0.0000 0.0000 0.0000 0.0000 61.9603 0.0000 0.0000 0.0000 25.3728 0.0000 0.0000 0.0000 0.0000 0.0000 0.0000 51.4644 0.0000 58.4233 0.0000 29.8305 0.0000 0.0000 90.2376 0.0000 0.0000 0.0000 0.0000 33.2381 0.0000 73.3220 0.0000 92.3255 64.7440 0.0000 0.0000 0.0000 0.0000 0.0000 0.0000 0.0000 15.6983 0.0000 0.0000 18.1610 75.1356 32.4513 0.0000 0.0000 0.0000 0.0000 0.0000 0.0000 15.2997 0.0000 49.6856 74.0989 0.0000 0.0000 0.0000 0.0000 0.0000 0.0000 0.0000 0.0000 0.0000 0.0000 0.0000 0.0000 0.0000 0.0000 0.0000 0.0000 0.0000 63.1911 94.4884 0.0000 0.0000 0.0000
37.6107 65.6311 0.0000 47.7416 72.5297 0.0000 0.0000 0.0000 15.2986 0.0000 0.0000 0.0000 0.0000 69.7738 76.6048 0.0000 84.1804 0.0000 17.5347 0.0000 0.0000 0.0000 80.3948 0.0000 0.0000 0.0000 57.6170 0.0000 0.0000 0.0000 0.0000 0.0000 61.1833 81.9688 0.0000 0.0000 0.0000 0.0000 0.0000 0.0000 0.0000 0.0000 12.7455 0.0000 0.0000 0.0000 40.5640 0.0000 82.4555 0.0000 0.0000 41.4683 26.7640 0.0000 70.9202 0.0000 0.0000 0.0000 0.0000 66.8577 0.0000 44.2093 12.5812 0.0000 0.0000 47.6658 0.0000 0.0000 0.0000 0.0000 0.0000 0.0000 0.0000 0.0000 0.0000 88.3562 0.0000 0.0000 0.0000 0.0000 0.0000 0.0000 18.4392 0.0000 0.0000 0.0000 0.0000 60.2978 0.0000 0.0000 0.0000 0.0000 0.0000 0.0000 0.0000 0.0000 0.0000 0.0000 45.0418 0.0000 0.0000 93.4730 0.0000 17.9366 75.4224 44.3972 0.0000 0.0000 0.0000 0.0000 0.0000 0.0000 0.0000 0.0000 11.5009 0.0000 0.0000 0.0000 0.0000 0.0000 0.0000 0.0000 0.0000 0.0000 0.0000 0.0000 0.0000 0.0000 0.0000 82.7991 0.0000 0.0000 49.6450 0.0000 0.0000 0.0000 0.0000 0.0000 15.0666 0.0000 0.0000 75.7138 0.0000 0.0000 55.9480 0.0000 0.0000 0.0000 0.0000 0.0000 0.0000 0.0000 90.1827 0.0000 0.0000 0.0000 0.0000 0.0000 91.5610 0.0000 0.0000 0.0000 29.6500 28.8702 0.0000 0.0000 0.0000 0.0000 94.7910 0.0000 0.0000 0.0000 0.0000 0.0000 0.0000 0.0000 0.0000 0.0000 35.2654 0.0000 0.0000 0.0000 42.1673 94.3865 0.0000 0.0000 0.0000 0.0000 0.0000 0.0000
0.0000 0.0000 0.0000 0.0000 97.0271 67.2502 0.0000 0.0000 0.0000 0.0000 0.0000 0.0000 77.3373 65.5386 0.0000 30.1618 0.0000 0.0000 0.0000 0.0000 0.0000 0.0000 0.0000 0.0000 0.0000 0.0000 75.0363 0.0000 95.9872 0.0000 0.0000 85.1563 0.0000 13.3875 0.0000 0.0000 0.0000 0.0000 35.2704 35.2688 0.0000 0.0000 0.0000 0.0000 44.3413 0.0000 0.0000 0.0000 68.9416 17.4531 0.0000 0.0000 10.7296 91.8990 0.0000 86.8899 0.0000 0.0000 81.5104 0.0000 0.0000 0.0000 41.1329 47.5146 32.0544 45.3656 0.0000 0.0000 0.0000 0.0000 0.0000 0.0000 0.0000 0.0000 39.9482 93.2661 0.0000 61.6047 72.1787 0.0000 0.0000 0.0000 0.0000 0.0000 0.0000 0.0000 0.0000 98.3004 0.0000 0.0000 0.0000 0.0000 0.0000 0.0000 0.0000 0.0000 0.0000 0.0000 0.0000 0.0000 0.0000 0.0000 24.2843 33.3839 0.0000 0.0000 0.0000 0.0000 45.5882 0.0000 0.0000 0.0000 0.0000 0.0000 80.3149 0.0000 0.0000 55.4385 0.0000 0.0000 61.5328 0.0000 81.4119 0.0000 28.5408 92.5888 0.0000 78.3402 0.0000 0.0000 0.0000 0.0000 0.0000 0.0000 0.0000 0.0000 0.0000 0.0000 0.0000 0.0000 0.0000 0.0000 0.0000 0.0000 0.0000 0.0000 0.0000 0.0000 0.0000 0.0000 0.0000 0.0000 0.0000 0.0000 0.0000 0.0000 65.1242 0.0000 0.0000 0.0000 0.0000 20.1298 63.4368 0.0000 0.0000 0.0000 95.4772 0.0000 0.0000 0.0000 0.0000 0.0000 69.6891 0.0000 0.0000 0.0000 0.0000 94.8326 0.0000 0.0000 0.0000 40.8348 0.0000 0.0000 0.0000 58.0571 0.0000 0.0000 69.8672 87.4633
0.0000 0.0000 0.0000 79.7722 0.0000 0.0000 0.0000 0.0000 0.0000 0.0000 0.0000 0.0000 0.0000 0.0000 90.8134 0.0000 0.0000 0.0000 27.4075 29.2064 0.0000 0.0000 0.0000 0.0000 0.0000 0.0000 82.6177 0.0000 0.0000 0.0000 98.1165 0.0000 0.0000 0.0000 0.0000 36.1762 0.0000 0.0000 0.0000 0.0000 0.0000 94.4947 0.0000 0.0000 51.5332 84.2181 17.0050 0.0000 0.0000 0.0000 19.4374 0.0000 0.0000 0.0000 0.0000 13.0099 0.0000 0.0000 57.6102 0.0000 91.3479 77.4335 0.0000 0.0000 59.4710 0.0000 0.0000 0.0000 0.0000 0.0000 48.5593 0.0000 0.0000 0.0000 0.0000 0.0000 0.0000 0.0000 0.0000 58.4498 17.6837 82.0761 0.0000 0.0000 0.0000 27.0605 0.0000 0.0000 0.0000 0.0000 0.0000 0.0000 0.0000 0.0000 0.0000 0.0000 0.0000 0.0000 0.0000 0.0000 0.0000 0.0000 0.0000 96.6939 79.0880 0.0000 0.0000 0.0000 0.0000 0.0000 42.7785 0.0000 0.0000 0.0000 84.1926 0.0000 0.0000 0.0000 0.0000 0.0000 75.6514 0.0000 0.0000 0.0000 0.0000 55.5922 0.0000 0.0000 0.0000 82.9223 0.0000 0.0000 0.0000 33.7469 0.0000 0.0000 43.9850 0.0000 0.0000 0.0000 0.0000 0.0000 39.9832 0.0000 0.0000 0.0000 0.0000 0.0000 66.6204 0.0000 0.0000 43.7306 0.0000 93.2081 18.7800 0.0000 0.0000 0.0000 0.0000 0.0000 92.9230 96.9734 0.0000 28.5470 0.0000 0.0000 63.3801 0.0000 0.0000 0.0000 0.0000 80.0735 54.6990 44.3802 12.5111 69.5688 31.8641 15.3699 26.6126 28.6353 0.0000 55.7342 0.0000 0.0000 91.7144 61.5709 0.0000 0.0000 0.0000 58.9117
0.0000 0.0000 0.0000 0.0000 0.0000 0.0000 0.0000 47.4432 0.0000 0.0000 59.1040 0.0000 0.0000 36.9824 0.0000 0.0000 30.3569 0.0000 86.0456 0.0000 0.0000 48.6460 62.9940 13.3304 0.0000 0.0000 71.3558 0.0000 0.0000 0.0000 0.0000 0.0000 0.0000 0.0000 0.0000 21.7620 0.0000 0.0000 0.0000 0.0000 0.0000 16.2236 0.0000 0.0000 45.7395 0.0000 0.0000 0.0000 34.9545 39.8902 63.8525 0.0000 0.0000 88.7166 0.0000 0.0000 25.6809 0.0000 0.0000 0.0000 0.0000 0.0000 0.0000 10.9418 0.0000 0.0000 79.5432 0.0000 55.3137 71.4199 0.0000 46.7428 0.0000 0.0000 0.0000 38.0349 0.0000 0.0000 72.1241 0.0000 24.6632 14.2376 0.0000 91.9794 17.8102 0.0000 0.0000 0.0000 0.0000 0.0000 29.8492 0.0000 0.0000 0.0000 0.0000 0.0000 0.0000 0.0000 0.0000 41.0860 0.0000 0.0000 0.0000 0.0000 91.9069 0.0000 18.3900 0.0000 0.0000 67.1133 0.0000 0.0000 44.6666 78.0449 0.0000 0.0000 0.0000 0.0000 0.0000 44.8996 39.2138 0.0000 0.0000 0.0000 0.0000 0.0000 0.0000 0.0000 0.0000 0.0000 0.0000 30.4882 62.2130 0.0000 0.0000 0.0000 0.0000 0.0000 0.0000 0.0000 0.0000 0.0000 0.0000 0.0000 57.9996 37.3124 0.0000 0.0000 0.0000 0.0000 0.0000 0.0000 0.0000 0.0000 0.0000 14.6318 0.0000 0.0000 0.0000 0.0000 0.0000 0.0000 0.0000 0.0000 19.6752 0.0000 0.0000 0.0000 0.0000 0.0000 76.8862 0.0000 0.0000 0.0000 0.0000 44.8661 0.0000 40.4068 0.0000 0.0000 0.0000 0.0000 0.0000 71.6753 0.0000 0.0000 0.0000 0.0000 0.0000 0.0000
0.0000 0.0000 0.0000 0.0000 0.0000 21.8995 0.0000 0.0000 79.0777 0.0000 0.0000 0.0000 0.0000 0.0000 0.0000 60.8501 0.0000 30.0539 0.0000 77.0886 0.0000 0.0000 0.0000 95.1717 0.0000 0.0000 59.8509 0.0000 81.3676 0.0000 0.0000 0.0000 28.1545 71.5970 0.0000 22.8788 0.0000 0.0000 44.1177 0.0000 0.0000 0.0000 0.0000 0.0000 0.0000 0.0000 30.3909 0.0000 0.0000 0.0000 40.6921 0.0000 0.0000 0.0000 0.0000 55.5263 74.3862 80.6923 0.0000 57.7956 0.0000 0.0000 0.0000 0.0000 0.0000 96.5662 0.0000 0.0000 0.0000 25.0047 0.0000 0.0000 82.1945 0.0000 0.0000 0.0000 0.0000 0.0000 0.0000 0.0000 0.0000 0.0000 0.0000 0.0000 0.0000 0.0000 0.0000 0.0000 74.9896 0.0000 32.4196 53.2482 0.0000 97.1955 0.0000 0.0000 0.0000 0.0000 0.0000 0.0000 0.0000 0.0000 0.0000 0.0000 0.0000 0.0000 0.0000 0.0000 81.7823 82.1295 0.0000 0.0000 0.0000 83.5691 0.0000 0.0000 0.0000 0.0000 0.0000 78.4218 0.0000 0.0000 0.0000 17.0723 57.4364 0.0000 0.0000 11.9082 0.0000 0.0000 0.0000 75.0843 0.0000 95.2404 34.7884 0.0000 87.8400 88.1599 47.3547 0.0000 0.0000 0.0000 0.0000 0.0000 0.0000 0.0000 0.0000 84.2713 74.9180 58.1098 0.0000 58.8568 0.0000 11.2057 0.0000 0.0000 0.0000 0.0000 0.0000 58.1418 0.0000 0.0000 0.0000 0.0000 0.0000 0.0000 22.1124 0.0000 69.7294 0.0000 0.0000 0.0000 0.0000 13.9856 48.9057 0.0000 0.0000 0.0000 65.5683 0.0000 0.0000 86.3547 75.1440 0.0000 73.4529 0.0000 0.0000 34.1787 0.0000 52.8955
0.0000 91.8542 0.0000 0.0000 0.0000 0.0000 0.0000 48.6421 64.3922 0.0000 24.8386 80.8802 0.0000 0.0000 0.0000 0.0000 0.0000 0.0000 0.0000 82.9632 0.0000 0.0000 21.7257 0.0000 0.0000 0.0000 0.0000 68.7822 0.0000 0.0000 0.0000 0.0000 93.1604 0.0000 0.0000 0.0000 0.0000 27.2142 0.0000 0.0000 0.0000 0.0000 0.0000 0.0000 97.7038 0.0000 0.0000 0.0000 0.0000 0.0000 0.0000 0.0000 0.0000 0.0000 0.0000 0.0000 0.0000 0.0000 93.5286 0.0000 0.0000 52.3810 0.0000 0.0000 0.0000 0.0000 0.0000 15.9234 0.0000 0.0000 0.0000 89.1083 0.0000 0.0000 0.0000 0.0000 33.5529 12.9748 0.0000 0.0000 78.4427 0.0000 84.7166 0.0000 0.0000 0.0000 31.7554 0.0000 51.4103 0.0000 0.0000 0.0000 96.4001 0.0000 0.0000 0.0000 0.0000 0.0000 0.0000 0.0000 64.9339 98.1002 0.0000 0.0000 82.1015 61.7688 0.0000 0.0000 0.0000 0.0000 0.0000 0.0000 0.0000 0.0000 0.0000 0.0000 41.7621 0.0000 25.1930 0.0000 0.0000 0.0000 0.0000 0.0000 0.0000 74.7733 60.6491 0.0000 0.0000 0.0000 0.0000 0.0000 0.0000 0.0000 0.0000 0.0000 0.0000 0.0000 0.0000 0.0000 0.0000 0.0000 92.8969 32.3726 0.0000 0.0000 73.4797 48.9581 0.0000 0.0000 61.3814 0.0000 0.0000 61.7112 0.0000 86.8304 0.0000 0.0000 0.0000 0.0000 0.0000 52.1929 0.0000 0.0000 84.4512 0.0000 29.9184 53.3262 32.3697 0.0000 0.0000 98.7184 0.0000 26.0842 52.8088 67.0187 0.0000 83.7039 31.7555 0.0000 0.0000 14.3378 21.8862 12.5504 0.0000 0.0000 0.0000 0.0000 0.0000 0.0000
0.0000 99.7900 23.6697 0.0000 0.0000 0.0000 0.0000 0.0000 63.4358 83.1711 0.0000 30.9313 0.0000 53.7683 0.0000 0.0000 0.0000 0.0000 0.0000 0.0000 0.0000 0.0000 0.0000 0.0000 0.0000 0.0000 0.0000 0.0000 0.0000 0.0000 72.2806 0.0000 0.0000 0.0000 93.8638 0.0000 96.2913 0.0000 34.9900 85.5906 0.0000 0.0000 86.6867 0.0000 0.0000 0.0000 0.0000 0.0000 21.8281 0.0000 49.2237 13.7382 38.2953 0.0000 0.0000 0.0000 0.0000 0.0000 0.0000 0.0000 0.0000 0.0000 0.0000 0.0000 0.0000 0.0000 0.0000 0.0000 17.0783 77.8879 0.0000 0.0000 0.0000 0.0000 0.0000 0.0000 0.0000 63.4507 81.9324 0.0000 0.0000 0.0000 57.0702 0.0000 0.0000 0.0000 0.0000 83.5570 0.0000 0.0000 0.0000 0.0000 0.0000 0.0000 0.0000 0.0000 0.0000 0.0000 53.0770 0.0000 0.0000 95.4322 0.0000 10.1600 0.0000 0.0000 0.0000 0.0000 23.8904 28.9701 0.0000 56.4189 0.0000 0.0000 58.0121 46.0308 0.0000 0.0000 0.0000 0.0000 0.0000 0.0000 0.0000 0.0000 59.3762 0.0000 0.0000 53.2725 0.0000 0.0000 0.0000 0.0000 0.0000 0.0000 0.0000 0.0000 0.0000 48.2488 0.0000 70.1952 0.0000 0.0000 37.3303 0.0000 14.3933 0.0000 0.0000 0.0000 74.7783 57.6330 0.0000 0.0000 0.0000 79.3477 0.0000 0.0000 70.9306 54.5616 0.0000 80.4488 0.0000 35.4854 0.0000 86.6903 69.8308 43.7454 0.0000 0.0000 15.2023 0.0000 0.0000 99.4175 0.0000 0.0000 0.0000 0.0000 86.1972 0.0000 0.0000 0.0000 0.0000 0.0000 29.3100 81.4199 57.3537 0.0000 12.6918 30.1061 37.6492 0.0000
0.0000 0.0000 0.0000 49.3915 0.0000 0.0000 0.0000 0.0000 0.0000 0.0000 0.0000 0.0000 18.9798 0.0000 0.0000 23.9683 0.0000 0.0000 24.9340 21.6675 0.0000 43.5052 0.0000 0.0000 0.0000 0.0000 17.0931 0.0000 0.0000 33.6155 0.0000 0.0000 87.5852 0.0000 16.2505 0.0000 58.8038 26.1724 0.0000 0.0000 0.0000 0.0000 0.0000 0.0000 0.0000 0.0000 17.4608 45.1817 0.0000 0.0000 0.0000 0.0000 0.0000 23.0273 0.0000 59.9789 58.9798 0.0000 0.0000 51.5341 0.0000 0.0000 94.8720 0.0000 0.0000 0.0000 23.7250 0.0000 0.0000 0.0000 0.0000 0.0000 0.0000 61.6378 17.6743 93.7611 0.0000 0.0000 0.0000 0.0000 0.0000 0.0000 0.0000 0.0000 0.0000 0.0000 0.0000 0.0000 0.0000 0.0000 0.0000 0.0000 0.0000 0.0000 97.1940 17.0643 78.0057 0.0000 87.2079 0.0000 0.0000 0.0000 0.0000 0.0000 0.0000 73.3484 67.2563 0.0000 0.0000 38.0637 42.5043 77.0356 0.0000 0.0000 0.0000 0.0000 83.5775 0.0000 11.9603 82.8392 0.0000 0.0000 52.6421 0.0000 39.5310 0.0000 0.0000 0.0000 0.0000 30.0236 0.0000 0.0000 65.6413 0.0000 0.0000 0.0000 94.8311 19.5888 77.3015 0.0000 26.7240 0.0000 0.0000 85.0110 25.1047 0.0000 0.0000 15.8831 0.0000 54.0019 0.0000 71.6901 12.4086 0.0000 0.0000 0.0000 0.0000 38.9907 0.0000 0.0000 15.5290 0.0000 0.0000 0.0000 0.0000 0.0000 0.0000 0.0000 0.0000 0.0000 32.7093 11.0905 0.0000 0.0000 98.9405 0.0000 0.0000 0.0000 0.0000 0.0000 0.0000 0.0000 53.2424 0.0000 0.0000 28.1790 0.0000 57.5025 89.6470 0.0000
0.0000 0.0000 0.0000 0.0000 12.1263 0.0000 36.4352 0.0000 0.0000 0.0000 0.0000 0.0000 30.9964 0.0000 0.0000 0.0000 0.0000 0.0000 0.0000 0.0000 98.7075 0.0000 0.0000 0.0000 0.0000 0.0000 0.0000 0.0000 0.0000 0.0000 0.0000 0.0000 66.3857 0.0000 44.7325 76.5729 0.0000 0.0000 99.5005 61.1133 0.0000 0.0000 0.0000 54.5779 0.0000 0.0000 77.1623 0.0000 0.0000 0.0000 0.0000 0.0000 65.9561 0.0000 0.0000 0.0000 0.0000 73.1166 0.0000 0.0000 28.0682 78.8596 0.0000 0.0000 0.0000 0.0000 0.0000 0.0000 88.5442 0.0000 0.0000 89.2753 22.2623 72.7737 0.0000 0.0000 0.0000 0.0000 37.2034 63.3277 0.0000 0.0000 36.6374 0.0000 0.0000 0.0000 88.6538 0.0000 69.5271 0.0000 0.0000 58.6906 0.0000 0.0000 0.0000 38.9939 0.0000 0.0000 12.1468 0.0000 0.0000 0.0000 14.3119 96.2578 0.0000 0.0000 0.0000 39.4033 16.3372 0.0000 33.2131 79.4184 0.0000 0.0000 17.8948 14.2191 0.0000 0.0000 0.0000 86.8325 0.0000 0.0000 0.0000 71.2359 0.0000 0.0000 0.0000 0.0000 0.0000 93.8951 33.7326 21.2382 0.0000 0.0000 0.0000 0.0000 0.0000 0.0000 0.0000 0.0000 0.0000 0.0000 0.0000 16.4640 0.0000 0.0000 0.0000 29.1991 75.4512 0.0000 53.2623 66.6724 0.0000 12.6150 33.5619 66.5012 0.0000 0.0000 92.1755 0.0000 86.2855 0.0000 31.9436 61.9665 61.4409 26.1716 0.0000 0.0000 0.0000 0.0000 0.0000 0.0000 0.0000 44.2481 0.0000 0.0000 86.1143 0.0000 0.0000 26.7850 65.3411 0.0000 71.5415 96.5291 0.0000 0.0000 0.0000 0.0000 0.0000 0.0000
0.0000 0.0000 80.4838 14.1699 64.4500 0.0000 0.0000 0.0000 40.0549 0.0000 0.0000 0.0000 0.0000 0.0000 0.0000 0.0000 53.3334 0.0000 0.0000 42.0698 23.6750 0.0000 45.1156 25.1469 0.0000 0.0000 0.0000 0.0000 23.1179 0.0000 58.1669 66.0240 0.0000 0.0000 0.0000 0.0000 0.0000 0.0000 0.0000 0.0000 84.7521 0.0000 0.0000 0.0000 0.0000 0.0000 0.0000 74.7830 17.6805 70.7871 0.0000 0.0000 0.0000 57.4935 41.9632 0.0000 0.0000 0.0000 42.8291 0.0000 0.0000 28.7195 0.0000 0.0000 0.0000 0.0000 95.2960 0.0000 0.0000 32.7472 0.0000 51.9704 0.0000 0.0000 19.9568 0.0000 0.0000 0.0000 25.4588 0.0000 0.0000 0.0000 0.0000 41.4042 52.4743 65.5464 0.0000 0.0000 52.2964 0.0000 71.3691 65.1765 0.0000 0.0000 0.0000 0.0000 75.8232 0.0000 0.0000 0.0000 96.1296 0.0000 0.0000 20.3341 0.0000 0.0000 21.6008 0.0000 72.1074 47.6507 0.0000 31.6564 77.1240 0.0000 91.3973 0.0000 0.0000 0.0000 0.0000 51.1207 0.0000 0.0000 0.0000 0.0000 96.1032 64.5530 0.0000 0.0000 47.9824 0.0000 0.0000 0.0000 0.0000 0.0000 0.0000 87.2315 35.0603 94.8581 0.0000 0.0000 51.7877 59.1936 76.0943 0.0000 75.5981 46.6495 95.0834 0.0000 10.3234 18.6303 0.0000 0.0000 64.8856 0.0000 0.0000 0.0000 0.0000 0.0000 0.0000 85.2812 0.0000 0.0000 0.0000 0.0000 81.3865 0.0000 55.2893 0.0000 0.0000 0.0000 0.0000 92.9110 0.0000 0.0000 0.0000 0.0000 0.0000 40.5876 0.0000 42.7719 0.0000 92.3172 0.0000 0.0000 0.0000 0.0000 0.0000 0.0000 0.0000 0.0000
13.6339 50.0628 0.0000 31.4164 96.7457 0.0000 0.0000 0.0000 78.3309 0.0000 0.0000 0.0000 0.0000 0.0000 0.0000 0.0000 99.2489 96.1551 0.0000 0.0000 75.7754 0.0000 39.3386 0.0000 0.0000 0.0000 0.0000 0.0000 0.0000 71.2557 0.0000 0.0000 0.0000 73.7777 0.0000 0.0000 0.0000 0.0000 79.0349 0.0000 45.0149 0.0000 0.0000 0.0000 0.0000 0.0000 0.0000 78.0861 0.0000 0.0000 0.0000 79.8929 73.8388 0.0000 0.0000 56.2616 48.9361 0.0000 55.6829 0.0000 0.0000 0.0000 71.8173 0.0000 91.2253 0.0000 0.0000 0.0000 0.0000 0.0000 0.0000 0.0000 0.0000 19.4619 0.0000 0.0000 0.0000 80.4831 0.0000 70.9083 0.0000 0.0000 0.0000 0.0000 42.8946 0.0000 0.0000 0.0000 0.0000 0.0000 79.5671 31.1367 0.0000 0.0000 74.0588 0.0000 10.3666 62.8647 0.0000 0.0000 0.0000 0.0000 0.0000 0.0000 34.9024 0.0000 0.0000 0.0000 0.0000 0.0000 96.6710 0.0000 0.0000 0.0000 0.0000 67.6225 0.0000 30.9034 0.0000 0.0000 0.0000 45.1899 0.0000 0.0000 62.1765 0.0000 65.0102 0.0000 0.0000 0.0000 0.0000 83.1137 0.0000 0.0000 0.0000 0.0000 0.0000 0.0000 70.4738 0.0000 0.0000 0.0000 52.9256 0.0000 0.0000 0.0000 0.0000 0.0000 0.0000 99.6471 0.0000 71.8037 0.0000 0.0000 92.9085 0.0000 69.1830 0.0000 55.7075 62.5481 27.7634 0.0000 0.0000 91.3771 0.0000 0.0000 0.0000 0.0000 0.0000 0.0000 0.0000 78.8481 0.0000 0.0000 0.0000 0.0000 51.2741 0.0000 0.0000 0.0000 66.0762 63.4812 22.5689 34.1054 0.0000 81.2990 0.0000 31.8723 0.0000 0.0000
0.0000 0.0000 98.3762 46.9966 0.0000 47.6287 0.0000 0.0000 0.0000 0.0000 0.0000 0.0000 24.4106 0.0000 69.6405 67.1381 0.0000 0.0000 0.0000 0.0000 0.0000 0.0000 0.0000 0.0000 23.4484 0.0000 0.0000 0.0000 0.0000 0.0000 47.7322 0.0000 10.3934 43.2745 0.0000 0.0000 0.0000 46.7101 0.0000 0.0000 0.0000 0.0000 0.0000 0.0000 0.0000 0.0000 22.3209 0.0000 0.0000 0.0000 0.0000 84.1133 56.7594 0.0000 0.0000 0.0000 0.0000 0.0000 0.0000 96.3902 0.0000 0.0000 71.7087 60.7810 0.0000 0.0000 19.3765 0.0000 67.8983 0.0000 74.9172 0.0000 0.0000 15.0235 0.0000 37.8405 49.2781 0.0000 20.3055 16.6497 0.0000 0.0000 0.0000 0.0000 0.0000 0.0000 0.0000 0.0000 92.7878 0.0000 0.0000 86.5091 53.2346 92.7680 15.0088 0.0000 0.0000 0.0000 0.0000 0.0000 50.8627 35.7465 0.0000 0.0000 0.0000 0.0000 0.0000 0.0000 0.0000 0.0000 27.4164 69.4210 0.0000 0.0000 17.1235 0.0000 0.0000 0.0000 36.2023 0.0000 0.0000 0.0000 0.0000 0.0000 46.7517 0.0000 0.0000 0.0000 48.3928 0.0000 24.0068 0.0000 0.0000 0.0000 51.4929 0.0000 0.0000 54.5336 0.0000 49.7367 0.0000 0.0000 38.6272 0.0000 0.0000 49.0579 65.3340 0.0000 0.0000 0.0000 0.0000 57.0207 0.0000 81.6984 46.0948 0.0000 0.0000 0.0000 49.3792 27.6288 0.0000 0.0000 0.0000 44.8473 0.0000 0.0000 28.1138 0.0000 0.0000 0.0000 0.0000 0.0000 0.0000 0.0000 0.0000 62.4370 21.0890 78.5577 60.0980 0.0000 0.0000 0.0000 85.4609 0.0000 64.3537 0.0000 0.0000 11.7748 0.0000 0.0000
10.1057 0.0000 0.0000 0.0000 0.0000 25.3495 0.0000 0.0000 0.0000 84.4309 30.3480 0.0000 0.0000 0.0000 0.0000 0.0000 0.0000 0.0000 17.4914 97.7001 93.3736 0.0000 70.8657 19.5522 0.0000 0.0000 0.0000 14.3259 0.0000 52.6200 0.0000 0.0000 71.4410 17.3718 0.0000 91.1098 0.0000 0.0000 0.0000 0.0000 0.0000 0.0000 0.0000 0.0000 0.0000 63.9231 0.0000 0.0000 0.0000 0.0000 78.4076 0.0000 0.0000 0.0000 0.0000 0.0000 0.0000 35.3153 0.0000 80.0704 36.2549 0.0000 0.0000 0.0000 90.8264 51.2727 0.0000 0.0000 49.9725 0.0000 0.0000 0.0000 0.0000 0.0000 0.0000 0.0000 0.0000 0.0000 0.0000 57.7175 0.0000 0.0000 0.0000 0.0000 0.0000 42.6853 75.1229 0.0000 34.5583 0.0000 0.0000 83.7539 0.0000 0.0000 14.0619 0.0000 39.7631 0.0000 0.0000 0.0000 43.6497 23.0821 0.0000 0.0000 20.4904 0.0000 0.0000 73.1021 0.0000 0.0000 58.0809 0.0000 0.0000 0.0000 0.0000 0.0000 0.0000 24.9350 84.4078 0.0000 0.0000 83.6861 0.0000 0.0000 0.0000 0.0000 0.0000 78.3424 0.0000 87.2583 41.1549 0.0000 0.0000 0.0000 86.6406 84.3611 0.0000 0.0000 0.0000 0.0000 0.0000 0.0000 0.0000 15.7814 0.0000 97.4569 75.5960 37.4542 25.7054 51.0100 74.8952 0.0000 0.0000 0.0000 0.0000 48.6802 0.0000 0.0000 0.0000 0.0000 0.0000 84.8962 50.1413 0.0000 0.0000 0.0000 0.0000 0.0000 0.0000 0.0000 0.0000 0.0000 39.6450 50.6727 16.2344 20.3992 0.0000 0.0000 0.0000 0.0000 0.0000 99.5249 0.0000 0.0000 0.0000 0.0000 0.0000 0.0000 0.0000 0.0000
0.0000 90.6231 0.0000 23.7872 97.9709 36.5145 0.0000 0.0000 0.0000 0.0000 89.8378 0.0000 0.0000 0.0000 21.9082 0.0000 0.0000 94.7704 0.0000 0.0000 0.0000 12.7230 0.0000 44.0891 21.7483 0.0000 32.3268 49.5993 0.0000 0.0000 0.0000 0.0000 0.0000 47.2471 0.0000 51.0911 0.0000 0.0000 0.0000 0.0000 66.2989 72.8676 0.0000 0.0000 0.0000 0.0000 0.0000 45.5584 72.7259 66.0325 0.0000 0.0000 0.0000 0.0000 0.0000 0.0000 93.7083 86.9063 0.0000 22.5559 0.0000 0.0000 0.0000 0.0000 0.0000 93.2793 0.0000 0.0000 0.0000 0.0000 0.0000 0.0000 55.1351 72.3411 0.0000 89.5085 0.0000 17.1318 70.7061 0.0000 0.0000 0.0000 0.0000 0.0000 0.0000 77.1213 0.0000 48.9332 0.0000 0.0000 80.8883 0.0000 0.0000 0.0000 95.0267 0.0000 0.0000 22.9623 0.0000 0.0000 31.8881 99.4547 0.0000 0.0000 0.0000 0.0000 0.0000 76.9042 0.0000 0.0000 29.9678 0.0000 0.0000 0.0000 0.0000 0.0000 0.0000 0.0000 0.0000 0.0000 68.5337 0.0000 0.0000 0.0000 0.0000 0.0000 39.7532 0.0000 0.0000 0.0000 94.7366 0.0000 67.2426 0.0000 40.9952 0.0000 0.0000 0.0000 0.0000 32.9116 0.0000 0.0000 0.0000 0.0000 0.0000 0.0000 0.0000 0.0000 62.0963 0.0000 0.0000 0.0000 19.3835 0.0000 0.0000 0.0000 0.0000 0.0000 0.0000 0.0000 0.0000 0.0000 0.0000 45.1877 0.0000 0.0000 0.0000 96.7519 70.4083 0.0000 0.0000 0.0000 0.0000 74.0508 0.0000 72.0805 64.2059 0.0000 0.0000 0.0000 69.3312 0.0000 70.9651 38.1507 0.0000 0.0000 24.3694 53.9371 59.9643 0.0000
21.5896 0.0000 95.9694 0.0000 20.5595 0.0000 0.0000 78.3286 30.1461 0.0000 0.0000 90.1983 0.0000 0.0000 70.6293 0.0000 0.0000 51.1331 0.0000 46.3330 67.2299 0.0000 79.0252 38.6893 0.0000 0.0000 0.0000 0.0000 0.0000 0.0000 0.0000 0.0000 0.0000 0.0000 0.0000 0.0000 0.0000 0.0000 0.0000 0.0000 0.0000 0.0000 0.0000 0.0000 0.0000 0.0000 0.0000 0.0000 0.0000 0.0000 0.0000 0.0000 0.0000 0.0000 86.7916 0.0000 93.9726 0.0000 0.0000 0.0000 0.0000 0.0000 0.0000 68.5100 16.0391 0.0000 36.9432 0.0000 0.0000 0.0000 0.0000 28.4059 0.0000 0.0000 0.0000 0.0000 0.0000 28.2233 0.0000 0.0000 95.5964 75.5904 0.0000 75.1146 25.1678 0.0000 0.0000 76.3106 28.0248 0.0000 67.9587 0.0000 32.5463 74.4895 0.0000 0.0000 0.0000 0.0000 53.0376 0.0000 0.0000 0.0000 83.5569 0.0000 22.2666 0.0000 23.8477 0.0000 0.0000 59.8319 0.0000 0.0000 0.0000 37.2344 0.0000 0.0000 55.2106 0.0000 29.2905 0.0000 0.0000 0.0000 0.0000 0.0000 0.0000 31.5295 0.0000 20.4848 24.8882 72.6225 17.5225 18.3040 0.0000 0.0000 65.6262 0.0000 59.0532 0.0000 44.1862 0.0000 0.0000 20.5315 0.0000 0.0000 0.0000 23.8672 0.0000 45.3300 0.0000 0.0000 49.8042 78.4338 0.0000 0.0000 0.0000 0.0000 0.0000 0.0000 0.0000 53.5828 68.9675 0.0000 0.0000 20.3636 0.0000 0.0000 38.8953 0.0000 74.9959 0.0000 89.8619 95.7417 43.1092 54.3783 56.7315 0.0000 0.0000 0.0000 0.0000 0.0000 0.0000 0.0000 0.0000 0.0000 84.2959 0.0000 45.4937 0.0000 0.0000 0.0000
0.0000 68.7091 0.0000 0.0000 0.0000 0.0000 0.0000 0.0000 0.0000 0.0000 0.0000 0.0000 0.0000 0.0000 0.0000 45.9044 0.0000 63.4427 92.2598 0.0000 0.0000 0.0000 0.0000 0.0000 78.9281 51.5091 19.7285 0.0000 0.0000 12.3785 0.0000 0.0000 14.3701 0.0000 29.4582 12.7559 0.0000 0.0000 0.0000 0.0000 72.6260 0.0000 0.0000 0.0000 0.0000 40.1548 0.0000 0.0000 0.0000 86.5826 0.0000 0.0000 0.0000 0.0000 0.0000 0.0000 38.4728 0.0000 79.2366 0.0000 0.0000 0.0000 0.0000 0.0000 0.0000 77.5892 0.0000 0.0000 0.0000 0.0000 0.0000 0.0000 0.0000 0.0000 31.6469 33.2288 32.9803 0.0000 0.0000 0.0000 0.0000 0.0000 0.0000 0.0000 45.3605 0.0000 13.4732 51.1632 0.0000 49.8038 0.0000 42.2515 0.0000 0.0000 79.8628 17.1524 0.0000 0.0000 0.0000 0.0000 0.0000 0.0000 58.5113 37.6224 0.0000 0.0000 0.0000 56.4757 0.0000 77.3664 39.9563 0.0000 0.0000 0.0000 0.0000 76.7367 0.0000 55.5901 86.4364 0.0000 0.0000 50.6869 0.0000 0.0000 88.9557 0.0000 0.0000 0.0000 0.0000 0.0000 0.0000 0.0000 0.0000 99.3229 0.0000 95.9753 0.0000 54.6889 29.8492 0.0000 0.0000 0.0000 21.3137 87.1517 0.0000 0.0000 0.0000 81.8058 43.0885 0.0000 62.2837 0.0000 0.0000 81.0994 12.6439 0.0000 0.0000 0.0000 0.0000 0.0000 0.0000 47.0677 0.0000 90.2431 0.0000 34.7585 0.0000 34.4809 0.0000 0.0000 0.0000 72.1925 53.8313 0.0000 0.0000 0.0000 0.0000 83.0171 0.0000 0.0000 77.3962 0.0000 0.0000 17.6089 0.0000 0.0000 0.0000 0.0000 0.0000 0.0000
0.0000 10.6977 47.3415 0.0000 0.0000 0.0000 0.0000 99.3543 37.5430 0.0000 0.0000 0.0000 0.0000 38.1740 46.8369 30.5158 35.0648 0.0000 0.0000 0.0000 0.0000 0.0000 18.1448 60.0567 0.0000 74.0893 69.0502 0.0000 0.0000 0.0000 87.0791 0.0000 0.0000 0.0000 0.0000 72.8966 0.0000 73.5053 0.0000 0.0000 74.2270 0.0000 0.0000 0.0000 0.0000 29.1941 58.1388 0.0000 0.0000 0.0000 0.0000 0.0000 28.7307 0.0000 0.0000 0.0000 51.0710 0.0000 17.4509 0.0000 75.5884 0.0000 0.0000 0.0000 0.0000 0.0000 0.0000 0.0000 0.0000 74.9380 75.4949 98.9961 37.0627 0.0000 74.1308 19.2764 0.0000 0.0000 61.8906 0.0000 0.0000 0.0000 0.0000 0.0000 75.8502 0.0000 0.0000 0.0000 0.0000 0.0000 0.0000 99.9990 0.0000 0.0000 0.0000 0.0000 0.0000 0.0000 60.4286 0.0000 0.0000 0.0000 93.8279 77.5868 0.0000 0.0000 97.2021 0.0000 0.0000 0.0000 0.0000 0.0000 0.0000 0.0000 0.0000 58.7028 0.0000 0.0000 99.3476 0.0000 0.0000 0.0000 37.6695 0.0000 0.0000 19.7576 0.0000 0.0000 99.3722 0.0000 0.0000 0.0000 0.0000 14.1979 56.8168 66.8362 0.0000 0.0000 0.0000 0.0000 0.0000 0.0000 13.2926 0.0000 0.0000 0.0000 0.0000 0.0000 0.0000 34.4188 72.5720 0.0000 0.0000 0.0000 0.0000 0.0000 46.8861 52.7295 87.7134 0.0000 0.0000 0.0000 0.0000 0.0000 0.0000 63.8274 19.2667 0.0000 52.8966 0.0000 0.0000 0.0000 40.0460 23.4249 97.7472 0.0000 0.0000 29.5036 0.0000 0.0000 0.0000 25.4647 0.0000 0.0000 10.9098 0.0000 0.0000 0.0000 0.0000 0.0000
78.4538 0.0000 17.7887 0.0000 23.3637 0.0000 0.0000 0.0000 73.7281 78.4051 0.0000 0.0000 81.8698 0.0000 0.0000 0.0000 0.0000 0.0000 0.0000 54.3310 99.3618 57.9511 0.0000 0.0000 0.0000 0.0000 22.5832 0.0000 0.0000 70.6752 77.5824 13.1811 0.0000 0.0000 0.0000 0.0000 0.0000 58.8896 0.0000 28.6855 0.0000 76.8757 27.7762 78.5497 0.0000 0.0000 0.0000 0.0000 35.2838 0.0000 0.0000 42.4043 0.0000 0.0000 0.0000 29.7208 57.1388 0.0000 0.0000 0.0000 0.0000 95.4530 0.0000 0.0000 97.9519 0.0000 85.9736 0.0000 0.0000 0.0000 43.0884 0.0000 0.0000 65.8652 36.0429 0.0000 0.0000 0.0000 0.0000 0.0000 0.0000 0.0000 0.0000 0.0000 75.3245 99.2840 82.2510 64.2907 0.0000 0.0000 0.0000 0.0000 0.0000 29.0104 0.0000 24.8483 0.0000 0.0000 0.0000 0.0000 0.0000 0.0000 0.0000 0.0000 0.0000 11.0515 0.0000 0.0000 0.0000 0.0000 0.0000 0.0000 0.0000 0.0000 0.0000 0.0000 0.0000 0.0000 0.0000 0.0000 0.0000 0.0000 60.3563 0.0000 0.0000 0.0000 57.4963 23.1973 0.0000 19.2847 0.0000 0.0000 70.9304 61.5485 0.0000 64.3346 0.0000 0.0000 28.0956 0.0000 0.0000 0.0000 0.0000 0.0000 0.0000 0.0000 15.2387 0.0000 23.4655 0.0000 23.1824 0.0000 0.0000 70.4333 76.8615 76.2247 0.0000 0.0000 0.0000 0.0000 75.6742 55.4493 29.2444 0.0000 0.0000 0.0000 0.0000 0.0000 10.9339 0.0000 0.0000 0.0000 0.0000 0.0000 87.2972 37.8588 0.0000 0.0000 0.0000 0.0000 0.0000 52.2126 0.0000 0.0000 0.0000 99.2548 0.0000 0.0000 0.0000 27.8045
47.3350 0.0000 0.0000 0.0000 0.0000 0.0000 35.7008 0.0000 0.0000 0.0000 0.0000 0.0000 0.0000 54.4382 96.4361 49.6432 0.0000 79.3894 0.0000 0.0000 94.9046 39.8580 0.0000 0.0000 27.2244 0.0000 0.0000 0.0000 0.0000 0.0000 0.0000 0.0000 50.0555 33.7621 83.7470 0.0000 0.0000 0.0000 0.0000 0.0000 31.5769 0.0000 0.0000 0.0000 0.0000 82.1994 0.0000 93.7305 88.7379 0.0000 0.0000 0.0000 20.0888 0.0000 0.0000 0.0000 0.0000 0.0000 56.9002 39.7106 0.0000 0.0000 0.0000 36.9689 0.0000 46.2125 0.0000 0.0000 0.0000 0.0000 0.0000 0.0000 0.0000 20.4213 0.0000 0.0000 61.7098 0.0000 0.0000 0.0000 0.0000 0.0000 0.0000 0.0000 60.6726 0.0000 84.5693 56.9020 29.5008 58.9427 0.0000 0.0000 83.3430 0.0000 0.0000 87.6346 40.4862 0.0000 56.6792 88.8374 26.5924 41.8439 0.0000 0.0000 43.7304 77.2906 0.0000 36.5683 0.0000 0.0000 46.1055 0.0000 0.0000 0.0000 0.0000 0.0000 0.0000 0.0000 0.0000 0.0000 0.0000 0.0000 0.0000 48.9790 0.0000 10.7008 38.0070 0.0000 0.0000 24.6643 0.0000 0.0000 0.0000 0.0000 0.0000 0.0000 0.0000 0.0000 0.0000 48.0308 63.1892 22.6447 0.0000 41.7713 0.0000 88.4380 0.0000 0.0000 14.6946 0.0000 88.5504 93.6025 0.0000 0.0000 0.0000 50.4069 0.0000 0.0000 72.1455 0.0000 0.0000 0.0000 0.0000 0.0000 0.0000 0.0000 0.0000 0.0000 0.0000 0.0000 0.0000 0.0000 0.0000 19.9151 0.0000 67.8898 0.0000 0.0000 0.0000 70.1357 0.0000 71.1592 0.0000 0.0000 26.3899 0.0000 0.0000 0.0000 0.0000 0.0000
48.6272 20.3520 69.6475 0.0000 0.0000 0.0000 0.0000 0.0000 0.0000 0.0000 0.0000 0.0000 0.0000 0.0000 0.0000 0.0000 0.0000 0.0000 0.0000 22.6884 29.5437 0.0000 0.0000 0.0000 19.2897 0.0000 0.0000 32.9598 0.0000 0.0000 58.7004 65.0066 0.0000 82.3998 0.0000 48.2367 0.0000 88.7753 46.3546 0.0000 0.0000 0.0000 0.0000 0.0000 84.4926 0.0000 0.0000 0.0000 0.0000 0.0000 0.0000 0.0000 0.0000 0.0000 0.0000 0.0000 98.4522 22.8768 0.0000 65.8268 0.0000 0.0000 0.0000 0.0000 86.3175 0.0000 0.0000 46.5613 0.0000 64.0513 0.0000 45.1672 0.0000 22.5086 0.0000 0.0000 0.0000 74.0980 0.0000 0.0000 0.0000 80.4086 0.0000 82.5974 0.0000 78.2699 0.0000 0.0000 0.0000 0.0000 0.0000 0.0000 0.0000 94.7106 0.0000 0.0000 0.0000 0.0000 0.0000 0.0000 43.2620 54.7873 0.0000 0.0000 15.6615 0.0000 0.0000 0.0000 74.5119 23.3163 28.2771 84.5023 0.0000 0.0000 56.8899 0.0000 0.0000 0.0000 0.0000 0.0000 0.0000 96.0211 79.5443 42.3982 0.0000 27.9296 74.7093 0.0000 0.0000 0.0000 0.0000 0.0000 0.0000 23.4472 75.3041 0.0000 17.6678 89.0363 33.2329 0.0000 0.0000 0.0000 72.8514 0.0000 12.7872 0.0000 0.0000 0.0000 72.5200 0.0000 85.8547 0.0000 0.0000 0.0000 0.0000 0.0000 0.0000 0.0000 20.3282 0.0000 18.3457 0.0000 0.0000 0.0000 0.0000 0.0000 0.0000 0.0000 0.0000 0.0000 0.0000 37.9659 0.0000 0.0000 0.0000 0.0000 0.0000 0.0000 39.9246 0.0000 0.0000 94.9744 0.0000 29.1886 0.0000 0.0000 0.0000 77.4087 0.0000 0.0000
37.9735 0.0000 38.9737 0.0000 51.9347 0.0000 0.0000 12.2718 32.4575 0.0000 76.2595 96.5965 98.8310 0.0000 0.0000 0.0000 0.0000 21.5654 0.0000 0.0000 0.0000 0.0000 0.0000 69.8614 52.5374 71.5613 0.0000 0.0000 0.0000 0.0000 43.4276 0.0000 21.5555 0.0000 85.7257 0.0000 0.0000 95.9226 67.2013 82.4742 92.9778 0.0000 0.0000 0.0000 0.0000 0.0000 0.0000 0.0000 0.0000 63.5643 0.0000 0.0000 0.0000 0.0000 0.0000 31.8735 62.2566 0.0000 0.0000 0.0000 0.0000 77.5005 0.0000 0.0000 0.0000 63.9780 0.0000 0.0000 0.0000 0.0000 0.0000 0.0000 57.7615 0.0000 0.0000 0.0000 0.0000 0.0000 0.0000 0.0000 42.9720 0.0000 0.0000 51.0710 0.0000 21.4807 0.0000 0.0000 92.7843 24.4160 88.3849 0.0000 0.0000 0.0000 0.0000 28.6066 38.0977 0.0000 0.0000 0.0000 45.6709 0.0000 0.0000 0.0000 0.0000 11.6199 0.0000 0.0000 0.0000 0.0000 0.0000 97.0281 0.0000 0.0000 0.0000 99.3223 0.0000 97.0348 0.0000 0.0000 62.2926 0.0000 0.0000 0.0000 0.0000 0.0000 0.0000 0.0000 0.0000 33.5285 0.0000 0.0000 10.9984 80.1323 0.0000 0.0000 0.0000 78.4441 0.0000 0.0000 0.0000 34.5848 0.0000 26.3533 92.2731 40.6047 0.0000 89.0453 0.0000 56.8769 0.0000 0.0000 0.0000 97.0184 12.6180 0.0000 60.1597 78.1428 60.3200 0.0000 43.8638 0.0000 0.0000 46.9693 0.0000 0.0000 0.0000 0.0000 0.0000 0.0000 0.0000 0.0000 66.0398 0.0000 0.0000 0.0000 86.7856 72.0413 0.0000 0.0000 0.0000 0.0000 0.0000 0.0000 0.0000 80.9482 0.0000 79.8002 33.1155 0.0000
0.0000 83.2623 0.0000 0.0000 0.0000 0.0000 80.7961 0.0000 64.7025 83.0270 0.0000 87.9298 16.7496 19.5636 0.0000 0.0000 0.0000 27.8929 0.0000 0.0000 16.7127 0.0000 0.0000 87.7606 0.0000 0.0000 0.0000 0.0000 0.0000 0.0000 0.0000 0.0000 85.5321 0.0000 0.0000 0.0000 98.3117 0.0000 0.0000 0.0000 0.0000 0.0000 0.0000 0.0000 50.6882 0.0000 0.0000 0.0000 26.3103 26.3084 0.0000 0.0000 55.8025 0.0000 0.0000 0.0000 0.0000 0.0000 0.0000 0.0000 0.0000 0.0000 0.0000 0.0000 0.0000 79.1399 0.0000 20.4068 0.0000 0.0000 96.8557 0.0000 82.7537 0.0000 0.0000 96.9771 0.0000 0.0000 0.0000 0.0000 0.0000 0.0000 0.0000 93.5108 0.0000 0.0000 0.0000 0.0000 0.0000 0.0000 0.0000 0.0000 0.0000 0.0000 0.0000 0.0000 0.0000 0.0000 0.0000 54.6566 28.0688 0.0000 0.0000 0.0000 0.0000 0.0000 0.0000 0.0000 0.0000 40.1301 0.0000 0.0000 0.0000 62.5031 0.0000 49.8357 41.8225 0.0000 0.0000 49.9017 38.7745 67.4674 79.7188 54.5639 0.0000 75.2478 0.0000 0.0000 0.0000 0.0000 66.1369 0.0000 49.6834 0.0000 88.0210 97.1054 0.0000 0.0000 0.0000 58.0310 0.0000 0.0000 64.6446 64.0752 0.0000 0.0000 92.6923 0.0000 29.9270 97.0831 0.0000 10.1177 0.0000 82.9718 0.0000 0.0000 0.0000 76.4285 42.4868 57.9667 0.0000 0.0000 36.2216 0.0000 48.4337 0.0000 0.0000 0.0000 0.0000 0.0000 29.6569 0.0000 53.7123 0.0000 0.0000 0.0000 63.5172 0.0000 0.0000 0.0000 83.4145 17.9909 54.0310 82.3775 88.6467 0.0000 0.0000 0.0000 89.3037 0.0000
0.0000 27.6681 85.1074 0.0000 29.3467 0.0000 0.0000 0.0000 0.0000 0.0000 0.0000 0.0000 82.7706 0.0000 0.0000 0.0000 12.8534 0.0000 46.3139 0.0000 0.0000 0.0000 17.6677 0.0000 0.0000 0.0000 24.3929 89.4742 0.0000 29.6579 26.8843 0.0000 0.0000 0.0000 0.0000 70.4955 0.0000 0.0000 0.0000 47.0103 0.0000 92.5000 0.0000 0.0000 0.0000 14.0383 0.0000 0.0000 0.0000 12.6966 0.0000 13.2231 0.0000 58.4058 0.0000 0.0000 0.0000 0.0000 10.9567 85.7283 0.0000 93.6727 0.0000 71.0554 0.0000 0.0000 0.0000 0.0000 0.0000 0.0000 88.0184 0.0000 0.0000 69.6898 0.0000 0.0000 95.3401 0.0000 0.0000 0.0000 0.0000 0.0000 0.0000 0.0000 0.0000 0.0000 0.0000 0.0000 0.0000 0.0000 99.6263 0.0000 66.3700 0.0000 74.1921 0.0000 0.0000 0.0000 76.8895 85.0065 0.0000 0.0000 0.0000 0.0000 0.0000 0.0000 96.3455 0.0000 32.1299 0.0000 0.0000 10.2895 49.6150 0.0000 41.7898 0.0000 0.0000 0.0000 0.0000 0.0000 24.7017 87.9744 0.0000 0.0000 97.8753 0.0000 21.5221 95.2634 13.5084 0.0000 0.0000 0.0000 91.7709 0.0000 0.0000 0.0000 31.3762 0.0000 0.0000 0.0000 0.0000 0.0000 56.4585 0.0000 0.0000 0.0000 0.0000 0.0000 0.0000 0.0000 74.5021 0.0000 0.0000 0.0000 87.2219 0.0000 0.0000 0.0000 56.3698 93.8618 0.0000 0.0000 0.0000 40.8966 0.0000 0.0000 0.0000 0.0000 0.0000 0.0000 0.0000 0.0000 0.0000 14.8274 0.0000 0.0000 0.0000 0.0000 0.0000 0.0000 55.1627 0.0000 0.0000 0.0000 0.0000 0.0000 0.0000 76.5506 0.0000 0.0000
0.0000 0.0000 32.9777 0.0000 31.3594 0.0000 0.0000 0.0000 0.0000 0.0000 0.0000 0.0000 0.0000 0.0000 0.0000 0.0000 0.0000 0.0000 0.0000 0.0000 0.0000 0.0000 0.0000 0.0000 0.0000 0.0000 0.0000 0.0000 0.0000 0.0000 0.0000 0.0000 29.5143 0.0000 0.0000 0.0000 0.0000 63.6522 0.0000 15.5912 39.7841 0.0000 0.0000 0.0000 0.0000 0.0000 0.0000 0.0000 0.0000 0.0000 48.3734 60.7276 0.0000 0.0000 0.0000 42.7612 91.1474 0.0000 0.0000 0.0000 76.0814 37.1013 0.0000 0.0000 0.0000 0.0000 0.0000 0.0000 15.6478 43.1036 66.4854 54.6793 0.0000 0.0000 35.4626 0.0000 0.0000 0.0000 0.0000 0.0000 0.0000 0.0000 0.0000 0.0000 0.0000 0.0000 0.0000 0.0000 43.5711 0.0000 0.0000 0.0000 0.0000 0.0000 0.0000 0.0000 0.0000 0.0000 98.9661 0.0000 55.2468 0.0000 28.0831 0.0000 0.0000 0.0000 0.0000 0.0000 66.3173 0.0000 0.0000 60.0389 0.0000 0.0000 0.0000 0.0000 0.0000 0.0000 0.0000 0.0000 0.0000 0.0000 0.0000 0.0000 0.0000 0.0000 17.9196 0.0000 0.0000 0.0000 0.0000 43.2482 13.9339 0.0000 64.9980 71.0079 29.5420 0.0000 62.8692 10.2195 0.0000 60.4465 0.0000 68.9395 0.0000 0.0000 0.0000 0.0000 94.5216 0.0000 0.0000 0.0000 0.0000 0.0000 0.0000 85.8991 10.7112 56.1253 36.4552 0.0000 0.0000 35.0285 0.0000 0.0000 12.6987 0.0000 0.0000 0.0000 0.0000 0.0000 0.0000 0.0000 63.4495 0.0000 0.0000 0.0000 0.0000 0.0000 0.0000 60.9830 0.0000 0.0000 0.0000 0.0000 0.0000 0.0000 0.0000 0.0000 0.0000 0.0000
82.9336 0.0000 0.0000 0.0000 65.3545 23.7337 0.0000 0.0000 0.0000 0.0000 0.0000 0.0000 95.9635 0.0000 0.0000 0.0000 0.0000 0.0000 98.7718 22.5195 0.0000 69.8490 0.0000 0.0000 0.0000 60.4166 91.2984 28.7010 0.0000 0.0000 98.3124 0.0000 56.3213 0.0000 0.0000 0.0000 0.0000 0.0000 0.0000 33.8946 0.0000 0.0000 0.0000 0.0000 0.0000 0.0000 0.0000 0.0000 0.0000 0.0000 0.0000 0.0000 0.0000 0.0000 89.8023 0.0000 0.0000 45.6039 0.0000 0.0000 32.9903 0.0000 47.2808 52.0203 0.0000 96.5916 0.0000 0.0000 0.0000 15.5307 98.2617 0.0000 0.0000 0.0000 43.1793 39.3217 0.0000 97.3910 0.0000 0.0000 40.6298 0.0000 30.1418 0.0000 0.0000 17.8832 26.8783 26.7224 0.0000 0.0000 0.0000 0.0000 0.0000 86.8788 0.0000 0.0000 35.1234 59.3171 13.6502 0.0000 0.0000 0.0000 84.1127 42.7267 17.3369 51.3215 0.0000 0.0000 0.0000 0.0000 0.0000 0.0000 0.0000 0.0000 11.7051 65.4779 0.0000 0.0000 0.0000 0.0000 91.3209 0.0000 38.0900 0.0000 0.0000 0.0000 0.0000 0.0000 13.6134 63.5805 90.0500 46.1308 0.0000 82.3219 51.3911 50.2310 0.0000 35.5077 21.3633 81.9865 48.2487 0.0000 0.0000 28.1122 47.2440 0.0000 0.0000 0.0000 50.8320 0.0000 51.1213 14.8725 66.6151 0.0000 50.9225 0.0000 90.0333 0.0000 0.0000 0.0000 0.0000 0.0000 0.0000 0.0000 51.6124 16.3898 72.8042 44.4764 0.0000 0.0000 0.0000 0.0000 0.0000 0.0000 0.0000 72.6636 66.6679 0.0000 0.0000 0.0000 0.0000 0.0000 0.0000 0.0000 0.0000 49.8125 23.0752 57.5212 34.4269 0.0000
77.4889 0.0000 0.0000 0.0000 0.0000 0.0000 13.1069 79.7334 0.0000 0.0000 0.0000 0.0000 0.0000 64.6113 45.2216 0.0000 98.2469 31.4304 0.0000 0.0000 0.0000 0.0000 0.0000 0.0000 83.7669 0.0000 79.3962 50.5753 0.0000 0.0000 80.7661 96.9991 15.5339 0.0000 0.0000 0.0000 0.0000 0.0000 0.0000 0.0000 0.0000 0.0000 0.0000 0.0000 0.0000 0.0000 0.0000 0.0000 0.0000 44.0732 0.0000 64.3876 0.0000 0.0000 0.0000 0.0000 78.7126 15.1485 0.0000 0.0000 0.0000 44.0582 0.0000 74.5727 62.9972 0.0000 0.0000 0.0000 64.1942 0.0000 0.0000 41.5347 0.0000 0.0000 0.0000 0.0000 0.0000 0.0000 0.0000 85.6843 0.0000 0.0000 0.0000 0.0000 0.0000 33.4864 11.1115 0.0000 0.0000 0.0000 0.0000 0.0000 0.0000 0.0000 0.0000 0.0000 0.0000 0.0000 0.0000 0.0000 0.0000 0.0000 60.5002 0.0000 0.0000 0.0000 64.5728 0.0000 85.4594 0.0000 35.0504 0.0000 0.0000 52.0618 27.6674 72.1265 0.0000 0.0000 0.0000 0.0000 0.0000 0.0000 0.0000 0.0000 0.0000 0.0000 0.0000 70.3922 0.0000 0.0000 0.0000 0.0000 60.6851 0.0000 0.0000 0.0000 0.0000 0.0000 54.1771 38.6141 0.0000 0.0000 0.0000 0.0000 0.0000 0.0000 41.8691 0.0000 0.0000 0.0000 0.0000 93.4710 0.0000 0.0000 0.0000 0.0000 0.0000 0.0000 0.0000 0.0000 42.1232 0.0000 0.0000 0.0000 0.0000 0.0000 0.0000 0.0000 21.7646 75.4245 50.4347 0.0000 0.0000 0.0000 0.0000 0.0000 0.0000 0.0000 0.0000 0.0000 0.0000 0.0000 0.0000 0.0000 0.0000 0.0000 23.0136 17.2228 72.7325 0.0000
0.0000 0.0000 82.8870 18.0142 0.0000 0.0000 43.2605 0.0000 16.8672 0.0000 0.0000 38.8843 0.0000 81.8058 0.0000 0.0000 39.6482 0.0000 0.0000 22.2176 0.0000 0.0000 0.0000 55.3763 60.2677 0.0000 0.0000 0.0000 43.1551 0.0000 0.0000 21.4781 0.0000 68.0310 0.0000 0.0000 0.0000 0.0000 0.0000 74.9099 0.0000 0.0000 0.0000 0.0000 0.0000 0.0000 0.0000 0.0000 0.0000 0.0000 37.0590 21.2985 0.0000 0.0000 0.0000 0.0000 0.0000 0.0000 39.7383 0.0000 0.0000 97.1821 65.7011 0.0000 0.0000 63.2372 0.0000 0.0000 0.0000 0.0000 0.0000 27.9521 58.2257 0.0000 0.0000 0.0000 0.0000 0.0000 0.0000 0.0000 0.0000 93.0465 0.0000 82.1679 74.5169 23.1316 0.0000 0.0000 0.0000 0.0000 0.0000 0.0000 92.8740 86.5721 0.0000 0.0000 0.0000 0.0000 0.0000 0.0000 0.0000 24.0061 0.0000 0.0000 50.3468 0.0000 37.6018 0.0000 0.0000 39.2456 0.0000 0.0000 43.2488 18.3258 0.0000 0.0000 0.0000 0.0000 26.8639 0.0000 0.0000 0.0000 0.0000 0.0000 92.0829 0.0000 0.0000 0.0000 45.0448 0.0000 69.7250 0.0000 85.2880 50.0341 0.0000 44.6429 0.0000 0.0000 0.0000 0.0000 0.0000 71.6662 0.0000 14.5651 0.0000 0.0000 0.0000 0.0000 62.0281 0.0000 27.0897 33.3783 0.0000 25.9589 0.0000 66.9797 0.0000 0.0000 0.0000 64.6635 0.0000 0.0000 75.8739 0.0000 27.2570 0.0000 0.0000 0.0000 0.0000 40.6490 0.0000 0.0000 91.4312 0.0000 0.0000 0.0000 0.0000 0.0000 0.0000 0.0000 0.0000 0.0000 0.0000 82.2694 0.0000 83.2996 0.0000 0.0000 35.4826 0.0000
0.0000 20.1613 10.6156 83.4011 0.0000 0.0000 0.0000 0.0000 20.8897 0.0000 0.0000 91.5188 0.0000 0.0000 50.5202 0.0000 65.7352 0.0000 0.0000 0.0000 0.0000 0.0000 0.0000 0.0000 0.0000 16.6693 0.0000 0.0000 0.0000 0.0000 44.7027 0.0000 0.0000 0.0000 47.4708 0.0000 0.0000 0.0000 0.0000 0.0000 23.4580 68.9168 0.0000 15.5473 0.0000 19.2107 0.0000 0.0000 0.0000 0.0000 26.4728 74.3739 21.2846 0.0000 0.0000 0.0000 0.0000 0.0000 0.0000 31.8427 0.0000 22.5494 85.1530 0.0000 31.7567 0.0000 0.0000 0.0000 0.0000 79.5482 0.0000 0.0000 0.0000 0.0000 0.0000 0.0000 0.0000 0.0000 0.0000 0.0000 0.0000 0.0000 58.5173 0.0000 0.0000 0.0000 13.5745 0.0000 36.2901 0.0000 84.9304 0.0000 0.0000 0.0000 71.9130 0.0000 0.0000 0.0000 0.0000 0.0000 51.5757 0.0000 0.0000 41.1720 0.0000 0.0000 0.0000 0.0000 0.0000 26.0094 0.0000 0.0000 0.0000 0.0000 0.0000 0.0000 0.0000 59.9996 59.6199 0.0000 0.0000 0.0000 44.3194 70.3556 85.0779 0.0000 0.0000 89.6175 0.0000 26.2581 0.0000 0.0000 0.0000 0.0000 56.8958 0.0000 0.0000 17.2579 0.0000 0.0000 17.2787 32.4502 0.0000 0.0000 0.0000 0.0000 0.0000 0.0000 53.1537 60.2731 0.0000 0.0000 0.0000 0.0000 0.0000 0.0000 0.0000 0.0000 0.0000 0.0000 0.0000 0.0000 0.0000 94.0928 0.0000 0.0000 0.0000 0.0000 0.0000 0.0000 0.0000 25.4183 0.0000 0.0000 0.0000 86.1497 13.1112 0.0000 36.4731 0.0000 71.9888 77.2893 0.0000 63.6985 0.0000 0.0000 0.0000 0.0000 0.0000 0.0000
0.0000 0.0000 0.0000 0.0000 0.0000 15.8397 89.4613 0.0000 33.4733 0.0000 0.0000 0.0000 0.0000 0.0000 0.0000 73.8433 0.0000 0.0000 66.9971 0.0000 17.2160 81.3207 0.0000 0.0000 0.0000 0.0000 0.0000 0.0000 0.0000 0.0000 0.0000 0.0000 83.8993 24.5108 0.0000 0.0000 0.0000 0.0000 0.0000 0.0000 37.5232 0.0000 99.1479 11.4534 0.0000 0.0000 0.0000 48.8786 0.0000 0.0000 0.0000 84.7472 83.2635 0.0000 0.0000 73.4486 95.6652 0.0000 0.0000 0.0000 55.0720 0.0000 0.0000 17.8520 56.6016 0.0000 67.0967 0.0000 0.0000 0.0000 78.3539 64.5924 0.0000 0.0000 69.8266 0.0000 67.9805 0.0000 75.1813 0.0000 13.9049 0.0000 0.0000 0.0000 45.5588 66.6106 20.9763 0.0000 0.0000 0.0000 0.0000 74.8676 0.0000 0.0000 0.0000 30.8819 0.0000 0.0000 0.0000 0.0000 17.6578 0.0000 0.0000 0.0000 0.0000 0.0000 0.0000 0.0000 0.0000 0.0000 0.0000 0.0000 0.0000 0.0000 0.0000 0.0000 55.0091 0.0000 81.0851 0.0000 97.3865 0.0000 51.0824 0.0000 34.9961 0.0000 42.5121 0.0000 0.0000 0.0000 0.0000 0.0000 0.0000 0.0000 0.0000 0.0000 20.2122 0.0000 0.0000 0.0000 0.0000 0.0000 0.0000 0.0000 66.3741 0.0000 0.0000 0.0000 0.0000 0.0000 61.1855 0.0000 0.0000 0.0000 0.0000 0.0000 91.0475 0.0000 0.0000 0.0000 0.0000 0.0000 0.0000 0.0000 46.9520 0.0000 0.0000 0.0000 97.9409 0.0000 0.0000 41.9604 0.0000 0.0000 71.8105 0.0000 0.0000 0.0000 0.0000 38.7649 78.3389 78.2960 0.0000 0.0000 0.0000 0.0000 0.0000 0.0000 0.0000 0.0000
0.0000 0.0000 0.0000 0.0000 97.6090 93.2491 0.0000 0.0000 69.9476 0.0000 78.0487 0.0000 0.0000 21.2316 46.2279 0.0000 0.0000 0.0000 0.0000 0.0000 94.8350 72.4651 0.0000 0.0000 0.0000 0.0000 34.6079 0.0000 36.3110 0.0000 0.0000 33.2885 0.0000 0.0000 11.4104 51.6867 0.0000 24.1327 0.0000 35.6739 80.7247 31.9847 0.0000 0.0000 0.0000 0.0000 0.0000 0.0000 0.0000 83.0157 0.0000 0.0000 0.0000 81.8285 98.4351 0.0000 0.0000 0.0000 0.0000 0.0000 0.0000 85.7333 52.0404 57.4657 94.1406 18.3920 0.0000 0.0000 32.2714 0.0000 0.0000 0.0000 0.0000 80.8427 43.0483 83.5192 32.1157 78.3036 75.5954 89.9469 0.0000 0.0000 83.1266 0.0000 0.0000 22.4265 68.4463 21.1125 0.0000 67.3289 85.2371 0.0000 0.0000 11.0422 76.3305 0.0000 80.5653 0.0000 16.7849 0.0000 68.2056 0.0000 0.0000 0.0000 0.0000 0.0000 0.0000 33.8963 79.7459 84.9267 71.6877 0.0000 0.0000 0.0000 0.0000 0.0000 0.0000 0.0000 0.0000 0.0000 0.0000 78.6870 0.0000 0.0000 0.0000 0.0000 0.0000 67.7040 0.0000 0.0000 65.0837 0.0000 0.0000 0.0000 27.2353 59.9644 0.0000 0.0000 0.0000 0.0000 0.0000 0.0000 0.0000 0.0000 56.6084 0.0000 0.0000 0.0000 54.7367 0.0000 71.7513 0.0000 0.0000 0.0000 0.0000 0.0000 0.0000 0.0000 0.0000 73.1109 0.0000 0.0000 91.8772 0.0000 62.8570 48.4424 0.0000 10.7838 0.0000 0.0000 0.0000 0.0000 0.0000 76.7544 0.0000 0.0000 0.0000 0.0000 0.0000 0.0000 0.0000 0.0000 0.0000 0.0000 0.0000 0.0000 0.0000 11.9925 0.0000 24.1444
0.0000 0.0000 0.0000 49.1557 49.0726 0.0000 0.0000 0.0000 0.0000 66.9010 12.7974 0.0000 0.0000 70.1586 0.0000 52.9232 71.7074 0.0000 43.4560 0.0000 71.2358 0.0000 0.0000 67.1159 0.0000 0.0000 0.0000 0.0000 0.0000 0.0000 93.2182 0.0000 0.0000 0.0000 0.0000 0.0000 0.0000 0.0000 0.0000 0.0000 0.0000 0.0000 0.0000 0.0000 0.0000 0.0000 75.2623 0.0000 0.0000 0.0000 0.0000 0.0000 0.0000 0.0000 30.5724 0.0000 0.0000 12.1302 96.8492 0.0000 0.0000 44.8717 0.0000 0.0000 12.7359 0.0000 0.0000 93.0714 0.0000 0.0000 59.7188 17.1510 11.4317 22.2272 0.0000 74.6613 52.9145 0.0000 0.0000 0.0000 0.0000 0.0000 0.0000 0.0000 0.0000 0.0000 0.0000 0.0000 0.0000 28.5650 72.9291 77.6808 0.0000 0.0000 0.0000 0.0000 49.6419 0.0000 0.0000 0.0000 0.0000 96.2665 11.0728 0.0000 0.0000 0.0000 27.4339 0.0000 99.7005 0.0000 0.0000 0.0000 0.0000 0.0000 0.0000 0.0000 0.0000 91.2344 0.0000 12.3711 60.4284 0.0000 50.7858 0.0000 82.8910 0.0000 66.0427 0.0000 0.0000 0.0000 0.0000 21.7161 0.0000 95.1853 0.0000 0.0000 0.0000 98.0834 72.1296 0.0000 0.0000 0.0000 0.0000 0.0000 0.0000 0.0000 0.0000 15.2913 12.4767 0.0000 0.0000 0.0000 0.0000 62.5909 0.0000 26.1989 0.0000 0.0000 0.0000 0.0000 31.1119 39.5067 0.0000 0.0000 0.0000 0.0000 0.0000 42.4701 0.0000 25.0615 94.2352 0.0000 49.0554 64.4508 0.0000 0.0000 95.9269 0.0000 29.8932 49.9332 0.0000 0.0000 0.0000 0.0000 0.0000 0.0000 0.0000 0.0000 0.0000 0.0000
0.0000 40.1732 84.5961 0.0000 0.0000 0.0000 0.0000 0.0000 26.0183 0.0000 0.0000 0.0000 79.0455 37.7618 0.0000 59.8098 0.0000 0.0000 95.8987 46.1229 88.9068 27.4041 88.2837 0.0000 0.0000 80.5700 0.0000 0.0000 0.0000 0.0000 0.0000 0.0000 0.0000 0.0000 0.0000 0.0000 0.0000 0.0000 0.0000 0.0000 0.0000 0.0000 0.0000 0.0000 0.0000 45.5762 0.0000 0.0000 0.0000 0.0000 18.2483 0.0000 62.1157 0.0000 0.0000 52.5439 24.4097 0.0000 0.0000 76.6482 0.0000 0.0000 0.0000 90.4468 0.0000 0.0000 0.0000 49.6356 53.4226 0.0000 0.0000 55.8065 0.0000 0.0000 0.0000 0.0000 0.0000 0.0000 14.5157 0.0000 0.0000 0.0000 0.0000 0.0000 95.7546 0.0000 0.0000 42.7785 0.0000 0.0000 0.0000 32.4251 80.2386 0.0000 0.0000 0.0000 0.0000 31.0716 0.0000 79.8034 0.0000 58.5687 0.0000 88.5088 0.0000 0.0000 68.8027 95.8358 91.1687 83.9038 0.0000 0.0000 0.0000 0.0000 56.4024 0.0000 0.0000 90.1023 0.0000 0.0000 0.0000 0.0000 0.0000 54.8502 0.0000 13.9579 0.0000 0.0000 35.0197 88.4692 14.5794 63.2128 0.0000 0.0000 0.0000 0.0000 44.8767 0.0000 0.0000 0.0000 0.0000 0.0000 0.0000 0.0000 0.0000 0.0000 0.0000 0.0000 0.0000 0.0000 0.0000 0.0000 43.7191 0.0000 0.0000 0.0000 58.5292 0.0000 25.3306 0.0000 0.0000 0.0000 75.3214 0.0000 0.0000 28.6516 61.4758 24.4930 29.6922 0.0000 0.0000 0.0000 0.0000 0.0000 60.6868 51.4923 0.0000 97.2855 0.0000 74.6537 0.0000 80.2510 0.0000 0.0000 0.0000 0.0000 0.0000 76.0679 0.0000 0.0000
0.0000 47.5921 0.0000 17.6067 71.7060 0.0000 0.0000 0.0000 0.0000 0.0000 0.0000 0.0000 0.0000 0.0000 0.0000 0.0000 0.0000 0.0000 0.0000 0.0000 0.0000 55.0121 0.0000 0.0000 0.0000 0.0000 0.0000 0.0000 0.0000 42.7381 66.0885 0.0000 0.0000 0.0000 0.0000 0.0000 0.0000 34.8287 48.8012 0.0000 0.0000 0.0000 0.0000 0.0000 0.0000 0.0000 0.0000 57.3568 0.0000 15.5533 0.0000 47.3397 0.0000 13.3681 88.0049 15.0049 72.6668 0.0000 0.0000 83.8718 0.0000 20.0834 0.0000 11.9307 0.0000 0.0000 0.0000 0.0000 0.0000 36.0595 45.3426 0.0000 47.0861 0.0000 50.9340 0.0000 16.5572 0.0000 0.0000 0.0000 0.0000 0.0000 0.0000 0.0000 0.0000 0.0000 0.0000 0.0000 0.0000 0.0000 0.0000 85.6874 0.0000 0.0000 0.0000 0.0000 0.0000 51.7578 0.0000 95.0096 0.0000 21.0400 0.0000 0.0000 84.0007 0.0000 87.4640 0.0000 0.0000 0.0000 0.0000 27.6334 0.0000 0.0000 0.0000 57.2690 0.0000 96.9491 0.0000 0.0000 0.0000 0.0000 0.0000 83.1388 68.9481 0.0000 0.0000 0.0000 0.0000 0.0000 80.7964 0.0000 0.0000 0.0000 0.0000 0.0000 95.9597 0.0000 21.5745 0.0000 0.0000 0.0000 0.0000 0.0000 0.0000 0.0000 0.0000 0.0000 0.0000 0.0000 0.0000 13.2086 0.0000 0.0000 81.2792 0.0000 0.0000 0.0000 0.0000 75.8614 0.0000 0.0000 0.0000 34.8864 67.8884 0.0000 0.0000 0.0000 0.0000 70.5306 0.0000 89.5731 0.0000 95.3260 35.2018 95.9287 0.0000 0.0000 26.5687 62.5832 0.0000 0.0000 0.0000 33.8498 93.5085 12.1644 0.0000 0.0000 60.1536 39.5691
0.0000 0.0000 88.2862 0.0000 0.0000 0.0000 0.0000 45.8053 0.0000 0.0000 0.0000 38.8442 0.0000 52.1337 91.8224 0.0000 90.2184 29.5440 0.0000 0.0000 33.9630 0.0000 22.4952 15.2982 0.0000 32.9215 0.0000 0.0000 0.0000 0.0000 0.0000 0.0000 0.0000 0.0000 0.0000 0.0000 0.0000 0.0000 0.0000 89.6109 0.0000 0.0000 0.0000 0.0000 50.4930 64.0463 49.7444 0.0000 0.0000 0.0000 0.0000 0.0000 35.9041 81.0794 94.6371 25.9548 0.0000 0.0000 0.0000 0.0000 0.0000 10.3470 32.6286 0.0000 0.0000 0.0000 28.9239 80.0324 0.0000 0.0000 23.2619 0.0000 0.0000 0.0000 0.0000 0.0000 92.7864 0.0000 0.0000 0.0000 0.0000 0.0000 66.4480 0.0000 0.0000 0.0000 0.0000 0.0000 92.4402 77.5549 11.2838 0.0000 0.0000 0.0000 97.7923 0.0000 0.0000 0.0000 0.0000 0.0000 0.0000 43.2709 0.0000 0.0000 0.0000 0.0000 0.0000 36.0365 0.0000 0.0000 74.0564 0.0000 0.0000 0.0000 0.0000 0.0000 0.0000 84.0082 36.7018 0.0000 20.8979 0.0000 97.5581 0.0000 0.0000 0.0000 0.0000 75.6180 0.0000 0.0000 0.0000 0.0000 0.0000 0.0000 0.0000 0.0000 0.0000 93.5749 0.0000 0.0000 29.7035 0.0000 61.2432 0.0000 33.0658 10.7834 97.3686 18.3323 41.7814 0.0000 0.0000 0.0000 67.7057 45.6849 16.3078 48.6679 26.6397 0.0000 16.9731 0.0000 63.1304 11.4527 0.0000 0.0000 0.0000 0.0000 0.0000 23.7546 0.0000 0.0000 99.0323 0.0000 0.0000 0.0000 0.0000 0.0000 82.4735 0.0000 0.0000 0.0000 14.8992 0.0000 0.0000 99.8849 54.8945 0.0000 0.0000 97.9291 0.0000 0.0000
0.0000 0.0000 0.0000 0.0000 0.0000 0.0000 0.0000 97.0980 0.0000 46.7627 71.4049 0.0000 0.0000 0.0000 0.0000 80.8417 0.0000 0.0000 0.0000 0.0000 0.0000 0.0000 92.1793 50.3133 0.0000 0.0000 0.0000 0.0000 0.0000 0.0000 0.0000 0.0000 0.0000 0.0000 71.3821 0.0000 70.4777 67.4230 0.0000 0.0000 0.0000 41.8094 0.0000 75.5981 0.0000 0.0000 0.0000 0.0000 0.0000 0.0000 0.0000 0.0000 0.0000 0.0000 0.0000 0.0000 0.0000 97.4677 0.0000 0.0000 0.0000 0.0000 0.0000 0.0000 0.0000 0.0000 0.0000 0.0000 0.0000 0.0000 0.0000 70.0499 86.5085 0.0000 69.0197 0.0000 0.0000 0.0000 62.1372 52.2024 0.0000 0.0000 0.0000 0.0000 96.9001 0.0000 0.0000 0.0000 0.0000 0.0000 70.6104 93.7342 44.7000 78.7944 10.5313 62.1946 0.0000 93.5363 84.3373 0.0000 0.0000 0.0000 10.4384 0.0000 53.6531 20.9974 0.0000 0.0000 85.0369 41.2915 86.3353 69.6778 0.0000 0.0000 0.0000 0.0000 0.0000 10.5133 62.3651 0.0000 0.0000 0.0000 0.0000 0.0000 0.0000 78.1984 0.0000 0.0000 0.0000 0.0000 29.6847 0.0000 0.0000 0.0000 0.0000 35.6210 0.0000 0.0000 51.8676 0.0000 0.0000 0.0000 0.0000 22.6568 0.0000 0.0000 0.0000 66.0920 0.0000 0.0000 0.0000 0.0000 0.0000 0.0000 74.2057 0.0000 28.4406 69.9459 43.7192 0.0000 0.0000 72.8105 0.0000 76.2425 0.0000 0.0000 0.0000 0.0000 0.0000 24.7623 18.8855 0.0000 0.0000 57.6219 0.0000 90.1484 0.0000 77.4370 50.1341 82.2884 0.0000 0.0000 0.0000 0.0000 0.0000 0.0000 38.7873 0.0000 0.0000 0.0000
0.0000 0.0000 11.4166 65.3313 53.4995 0.0000 0.0000 87.1417 70.6338 0.0000 64.7501 16.6834 0.0000 39.0117 0.0000 0.0000 0.0000 36.2092 0.0000 0.0000 54.6916 50.6876 0.0000 0.0000 0.0000 0.0000 0.0000 0.0000 0.0000 0.0000 0.0000 0.0000 0.0000 0.0000 0.0000 54.7796 25.0298 0.0000 0.0000 75.2576 0.0000 0.0000 72.0644 0.0000 42.4906 24.1885 0.0000 48.4460 44.5017 89.7215 0.0000 0.0000 13.7312 0.0000 52.2157 0.0000 95.5867 0.0000 0.0000 0.0000 0.0000 41.6479 0.0000 0.0000 0.0000 0.0000 0.0000 69.1627 95.9794 0.0000 0.0000 0.0000 0.0000 67.1248 0.0000 32.1807 0.0000 0.0000 0.0000 0.0000 77.7757 0.0000 0.0000 0.0000 0.0000 0.0000 0.0000 0.0000 0.0000 0.0000 0.0000 45.9195 53.5545 0.0000 0.0000 0.0000 0.0000 90.9547 0.0000 0.0000 0.0000 23.7313 10.3777 0.0000 0.0000 50.6905 0.0000 0.0000 0.0000 0.0000 23.3892 0.0000 0.0000 0.0000 0.0000 0.0000 0.0000 0.0000 0.0000 0.0000 0.0000 51.2722 64.6916 0.0000 75.2278 0.0000 0.0000 0.0000 0.0000 91.1027 83.4020 55.2726 0.0000 64.5784 0.0000 0.0000 35.7398 50.9421 0.0000 75.0553 0.0000 0.0000 31.5772 75.9738 0.0000 0.0000 97.4094 0.0000 0.0000 0.0000 31.1207 0.0000 45.1386 86.6890 0.0000 34.3153 33.5623 0.0000 45.8522 89.4015 0.0000 88.6300 25.4195 0.0000 0.0000 29.5434 0.0000 34.8344 0.0000 0.0000 91.6984 0.0000 0.0000 36.1441 16.9747 0.0000 61.8277 61.0866 0.0000 78.8778 59.8792 0.0000 66.2914 0.0000 19.8695 0.0000 20.0119 0.0000 0.0000 0.0000
0.0000 32.6508 0.0000 63.6609 0.0000 0.0000 75.5596 0.0000 0.0000 0.0000 0.0000 0.0000 0.0000 0.0000 31.5879 51.8246 0.0000 98.3415 0.0000 0.0000 35.0163 0.0000 71.8628 40.5644 0.0000 0.0000 39.1854 16.8598 0.0000 32.5895 0.0000 0.0000 53.0561 0.0000 0.0000 0.0000 28.5029 83.6173 34.1786 0.0000 0.0000 0.0000 0.0000 12.3836 0.0000 0.0000 0.0000 0.0000 0.0000 0.0000 0.0000 87.2471 92.1575 0.0000 0.0000 40.4349 0.0000 0.0000 17.5172 0.0000 91.0353 0.0000 99.1844 13.9690 0.0000 0.0000 98.4560 93.5520 0.0000 0.0000 0.0000 0.0000 0.0000 0.0000 25.5387 0.0000 0.0000 73.1815 0.0000 13.3018 0.0000 0.0000 0.0000 0.0000 0.0000 0.0000 0.0000 12.9178 16.0704 85.4333 45.3031 0.0000 53.9504 85.9547 0.0000 98.1780 0.0000 73.4168 0.0000 0.0000 0.0000 0.0000 0.0000 0.0000 0.0000 0.0000 0.0000 0.0000 0.0000 0.0000 30.6660 0.0000 0.0000 0.0000 0.0000 0.0000 0.0000 0.0000 0.0000 0.0000 0.0000 0.0000 43.2075 34.5335 0.0000 10.3998 86.2278 0.0000 0.0000 0.0000 0.0000 0.0000 0.0000 0.0000 0.0000 0.0000 0.0000 0.0000 0.0000 0.0000 65.5661 37.6529 0.0000 0.0000 53.7553 0.0000 0.0000 17.9742 45.0478 0.0000 0.0000 0.0000 19.3405 80.6549 0.0000 0.0000 55.1538 0.0000 0.0000 46.4752 24.1730 31.9755 0.0000 0.0000 0.0000 0.0000 0.0000 0.0000 0.0000 0.0000 0.0000 0.0000 0.0000 88.7935 83.1176 0.0000 0.0000 0.0000 16.8444 39.7862 0.0000 0.0000 51.2169 0.0000 0.0000 54.2596 0.0000 24.2019 0.0000 0.0000
0.0000 0.0000 0.0000 0.0000 0.0000 0.0000 80.7884 0.0000 88.6082 0.0000 0.0000 15.4198 56.5306 49.3891 33.6005 61.3315 21.6013 60.7809 0.0000 0.0000 72.5256 0.0000 0.0000 94.7430 0.0000 0.0000 24.4922 16.3291 49.0948 34.4008 0.0000 45.8085 33.7115 0.0000 63.8936 0.0000 22.9531 44.4158 0.0000 0.0000 0.0000 0.0000 0.0000 19.2169 0.0000 17.6526 0.0000 0.0000 0.0000 84.5445 0.0000 55.4143 0.0000 57.6227 0.0000 0.0000 0.0000 0.0000 0.0000 0.0000 0.0000 0.0000 52.4103 0.0000 24.2511 0.0000 31.6266 0.0000 0.0000 0.0000 0.0000 0.0000 0.0000 0.0000 0.0000 0.0000 0.0000 0.0000 0.0000 65.5732 32.5175 0.0000 39.7741 0.0000 42.2405 0.0000 91.1568 66.1836 0.0000 0.0000 14.4385 0.0000 0.0000 32.4540 0.0000 0.0000 71.0843 0.0000 0.0000 0.0000 0.0000 0.0000 12.0554 0.0000 22.4753 0.0000 49.6015 0.0000 0.0000 0.0000 0.0000 83.3470 0.0000 93.9291 0.0000 0.0000 98.5664 0.0000 22.2229 0.0000 0.0000 0.0000 25.6838 49.3104 0.0000 0.0000 25.0956 30.6001 0.0000 0.0000 0.0000 0.0000 51.5887 43.6816 33.8021 0.0000 0.0000 0.0000 0.0000 0.0000 0.0000 0.0000 0.0000 0.0000 0.0000 0.0000 0.0000 0.0000 73.6182 0.0000 0.0000 0.0000 0.0000 36.8674 38.9287 62.5761 16.5295 0.0000 0.0000 88.8442 0.0000 0.0000 0.0000 0.0000 90.1521 0.0000 0.0000 0.0000 0.0000 0.0000 0.0000 71.6370 0.0000 0.0000 0.0000 0.0000 0.0000 0.0000 67.7512 0.0000 21.5357 0.0000 81.7711 0.0000 53.5202 0.0000 0.0000 0.0000 86.5554 32.3371
0.0000 36.8265 0.0000 0.0000 71.6708 89.6718 0.0000 0.0000 41.0780 0.0000 0.0000 0.0000 0.0000 21.2952 0.0000 0.0000 0.0000 0.0000 0.0000 0.0000 0.0000 0.0000 0.0000 0.0000 0.0000 0.0000 0.0000 39.2591 0.0000 0.0000 47.9231 0.0000 0.0000 0.0000 31.5562 0.0000 32.5796 0.0000 0.0000 0.0000 0.0000 0.0000 91.5861 62.8311 0.0000 21.8529 0.0000 0.0000 0.0000 0.0000 0.0000 21.5793 0.0000 0.0000 0.0000 0.0000 0.0000 0.0000 0.0000 0.0000 0.0000 0.0000 0.0000 0.0000 0.0000 0.0000 0.0000 0.0000 0.0000 48.2372 41.2754 0.0000 73.7759 0.0000 0.0000 0.0000 41.2790 0.0000 32.5396 94.7162 35.3411 0.0000 0.0000 53.9072 19.7127 0.0000 0.0000 0.0000 0.0000 0.0000 0.0000 57.1749 0.0000 44.9476 0.0000 27.3383 0.0000 0.0000 0.0000 0.0000 0.0000 0.0000 0.0000 0.0000 64.7187 0.0000 81.9333 0.0000 0.0000 0.0000 77.0043 0.0000 77.7157 0.0000 0.0000 0.0000 0.0000 0.0000 0.0000 0.0000 0.0000 0.0000 40.7387 0.0000 56.3367 0.0000 31.8551 0.0000 85.8762 0.0000 0.0000 0.0000 0.0000 0.0000 0.0000 0.0000 16.0397 0.0000 0.0000 0.0000 0.0000 0.0000 93.7106 0.0000 53.5984 0.0000 0.0000 45.2176 0.0000 68.5838 0.0000 0.0000 16.6274 47.2731 0.0000 0.0000 10.9154 71.5482 0.0000 0.0000 0.0000 0.0000 0.0000 30.2423 0.0000 0.0000 0.0000 0.0000 28.0782 0.0000 0.0000 72.0346 0.0000 0.0000 0.0000 66.8224 82.5614 0.0000 43.2238 0.0000 0.0000 0.0000 73.0908 0.0000 0.0000 86.8885 58.7630 41.9986 0.0000 0.0000
0.0000 0.0000 0.0000 0.0000 0.0000 20.8724 0.0000 0.0000 0.0000 0.0000 75.3294 0.0000 0.0000 0.0000 0.0000 0.0000 0.0000 0.0000 0.0000 0.0000 0.0000 0.0000 0.0000 0.0000 0.0000 0.0000 0.0000 0.0000 0.0000 0.0000 0.0000 80.0826 86.7211 0.0000 0.0000 0.0000 0.0000 0.0000 0.0000 0.0000 0.0000 58.8099 0.0000 0.0000 0.0000 0.0000 0.0000 0.0000 0.0000 0.0000 43.0754 0.0000 0.0000 0.0000 95.1481 0.0000 0.0000 0.0000 0.0000 0.0000 0.0000 0.0000 0.0000 20.5320 0.0000 67.3406 44.4575 0.0000 0.0000 13.0904 0.0000 0.0000 0.0000 0.0000 22.5869 0.0000 0.0000 0.0000 0.0000 0.0000 0.0000 0.0000 78.2517 0.0000 0.0000 0.0000 0.0000 24.7503 68.2181 79.6910 0.0000 0.0000 0.0000 0.0000 67.6539 0.0000 0.0000 0.0000 0.0000 0.0000 0.0000 0.0000 0.0000 0.0000 0.0000 33.4576 0.0000 31.9590 0.0000 0.0000 95.1646 0.0000 48.3136 0.0000 0.0000 0.0000 69.4973 0.0000 0.0000 0.0000 0.0000 24.4745 18.5068 0.0000 0.0000 0.0000 0.0000 34.4910 0.0000 0.0000 12.9399 0.0000 0.0000 11.2716 36.4493 38.3935 0.0000 0.0000 12.3018 0.0000 0.0000 0.0000 0.0000 0.0000 0.0000 0.0000 49.6925 0.0000 37.8127 0.0000 46.1696 0.0000 0.0000 0.0000 64.3944 19.6581 0.0000 0.0000 0.0000 29.7132 96.3151 0.0000 69.4266 0.0000 0.0000 0.0000 0.0000 17.7928 0.0000 0.0000 41.8035 0.0000 0.0000 0.0000 61.9671 26.3297 0.0000 0.0000 0.0000 0.0000 0.0000 79.4440 58.8017 0.0000 0.0000 0.0000 0.0000 66.9481 0.0000 0.0000
0.0000 0.0000 0.0000 0.0000 0.0000 0.0000 0.0000 29.1207 0.0000 0.0000 0.0000 0.0000 70.2209 0.0000 18.9928 31.4936 0.0000 0.0000 66.1136 0.0000 0.0000 44.6346 0.0000 0.0000 0.0000 0.0000 0.0000 0.0000 39.3134 84.2413 83.1437 0.0000 49.3942 0.0000 0.0000 0.0000 0.0000 0.0000 0.0000 0.0000 0.0000 0.0000 0.0000 0.0000 24.0477 0.0000 0.0000 0.0000 0.0000 55.3133 0.0000 71.1618 47.5881 0.0000 0.0000 0.0000 0.0000 0.0000 63.7389 0.0000 39.1266 0.0000 0.0000 46.4388 0.0000 0.0000 0.0000 0.0000 77.0591 0.0000 0.0000 0.0000 0.0000 0.0000 0.0000 82.9788 0.0000 0.0000 0.0000 0.0000 0.0000 0.0000 0.0000 0.0000 20.1252 0.0000 0.0000 0.0000 20.0995 0.0000 0.0000 30.9001 0.0000 51.3952 47.8414 0.0000 0.0000 47.2337 0.0000 0.0000 64.7668 76.1709 0.0000 0.0000 49.0526 0.0000 53.6381 0.0000 0.0000 66.3045 0.0000 0.0000 0.0000 0.0000 0.0000 0.0000 0.0000 66.1301 0.0000 79.2376 0.0000 0.0000 0.0000 0.0000 0.0000 0.0000 0.0000 0.0000 27.3141 0.0000 0.0000 24.9569 70.9510 0.0000 0.0000 17.9806 57.2801 0.0000 0.0000 0.0000 0.0000 0.0000 0.0000 0.0000 0.0000 47.6170 0.0000 0.0000 0.0000 0.0000 71.6077 0.0000 0.0000 0.0000 0.0000 0.0000 0.0000 0.0000 99.1789 21.0567 0.0000 61.4720 79.4704 0.0000 96.6274 55.9386 0.0000 0.0000 0.0000 0.0000 31.6588 0.0000 0.0000 55.1620 43.1251 58.5241 58.4895 0.0000 0.0000 33.5151 90.1486 0.0000 28.2723 0.0000 0.0000 0.0000 70.0964 0.0000 98.5469 0.0000
0.0000 0.0000 0.0000 84.5487 0.0000 0.0000 0.0000 23.2983 0.0000 0.0000 0.0000 58.5905 0.0000 0.0000 66.2596 44.7941 0.0000 0.0000 0.0000 0.0000 61.8958 0.0000 0.0000 63.8186 0.0000 52.0148 0.0000 28.8403 0.0000 86.6737 13.7692 0.0000 0.0000 0.0000 79.2539 28.6736 0.0000 0.0000 84.2834 89.7649 0.0000 0.0000 0.0000 0.0000 0.0000 68.6798 99.7503 94.8507 95.5675 47.0844 0.0000 0.0000 0.0000 0.0000 0.0000 0.0000 0.0000 77.5117 0.0000 0.0000 0.0000 0.0000 0.0000 90.5558 0.0000 0.0000 10.1650 0.0000 0.0000 75.8003 0.0000 0.0000 0.0000 0.0000 45.0519 47.6955 19.3513 69.4110 84.6380 0.0000 0.0000 0.0000 0.0000 38.1037 12.1515 0.0000 0.0000 0.0000 0.0000 0.0000 0.0000 0.0000 16.8538 0.0000 0.0000 0.0000 90.7219 0.0000 0.0000 0.0000 0.0000 0.0000 16.8638 93.2504 0.0000 0.0000 0.0000 0.0000 69.5101 41.1451 0.0000 48.3083 0.0000 40.5836 0.0000 0.0000 0.0000 0.0000 50.9573 0.0000 0.0000 0.0000 60.6616 0.0000 0.0000 77.8369 0.0000 83.8621 96.2387 0.0000 80.7525 55.8110 0.0000 0.0000 0.0000 86.0269 0.0000 0.0000 83.3812 0.0000 0.0000 0.0000 39.4849 76.3003 0.0000 77.4852 0.0000 64.0706 32.2358 0.0000 0.0000 0.0000 0.0000 32.5542 0.0000 97.5857 0.0000 0.0000 14.2546 0.0000 0.0000 0.0000 0.0000 0.0000 0.0000 63.6512 0.0000 75.8208 0.0000 0.0000 30.2288 46.9798 18.6426 0.0000 0.0000 0.0000 0.0000 38.7391 97.7138 0.0000 70.3964 0.0000 0.0000 0.0000 38.3458 0.0000 0.0000 0.0000 15.3418 32.7821
61.5149 19.6499 21.2387 0.0000 0.0000 28.0368 45.5036 0.0000 0.0000 95.3265 0.0000 0.0000 0.0000 36.4394 44.0525 0.0000 22.1590 0.0000 0.0000 0.0000 0.0000 0.0000 23.3182 0.0000 0.0000 56.5082 67.5467 0.0000 0.0000 0.0000 0.0000 0.0000 37.5523 0.0000 0.0000 11.6393 0.0000 0.0000 0.0000 0.0000 0.0000 0.0000 0.0000 0.0000 0.0000 0.0000 76.6509 0.0000 0.0000 0.0000 0.0000 85.0805 0.0000 31.9694 0.0000 64.8833 0.0000 0.0000 0.0000 28.8274 0.0000 0.0000 43.0025 0.0000 0.0000 0.0000 0.0000 0.0000 0.0000 82.5215 0.0000 0.0000 87.8569 32.8563 0.0000 0.0000 0.0000 0.0000 0.0000 0.0000 88.2485 0.0000 0.0000 62.9617 0.0000 0.0000 0.0000 0.0000 0.0000 0.0000 0.0000 0.0000 0.0000 0.0000 0.0000 0.0000 93.6517 0.0000 0.0000 40.8811 90.7315 0.0000 0.0000 0.0000 0.0000 0.0000 0.0000 19.8555 0.0000 0.0000 0.0000 0.0000 29.3119 0.0000 0.0000 19.3667 0.0000 0.0000 0.0000 0.0000 0.0000 0.0000 0.0000 0.0000 0.0000 0.0000 0.0000 46.9162 0.0000 12.8845 0.0000 0.0000 0.0000 0.0000 0.0000 0.0000 0.0000 23.0848 0.0000 0.0000 84.8724 0.0000 79.3179 0.0000 54.1490 0.0000 0.0000 0.0000 0.0000 0.0000 95.9755 0.0000 0.0000 0.0000 0.0000 74.7138 0.0000 0.0000 0.0000 0.0000 74.1936 81.5321 90.9281 57.6651 0.0000 0.0000 0.0000 0.0000 77.6238 0.0000 73.8988 0.0000 37.4883 77.1712 80.5909 0.0000 31.4598 0.0000 75.3926 0.0000 0.0000 0.0000 0.0000 0.0000 0.0000 0.0000 75.9679 0.0000 0.0000 0.0000
0.0000 0.0000 34.0640 0.0000 0.0000 0.0000 0.0000 87.7415 86.7427 0.0000 0.0000 46.9943 0.0000 0.0000 0.0000 0.0000 0.0000 0.0000 0.0000 0.0000 0.0000 0.0000 0.0000 70.0143 0.0000 0.0000 0.0000 0.0000 0.0000 0.0000 68.2803 0.0000 0.0000 0.0000 0.0000 39.1431 0.0000 67.1661 0.0000 0.0000 0.0000 96.6711 43.9319 0.0000 20.8826 0.0000 0.0000 0.0000 0.0000 0.0000 0.0000 0.0000 0.0000 0.0000 0.0000 0.0000 0.0000 0.0000 48.6977 0.0000 0.0000 0.0000 0.0000 99.9623 0.0000 0.0000 0.0000 36.4698 0.0000 0.0000 0.0000 0.0000 0.0000 87.8148 0.0000 0.0000 41.2967 16.4676 0.0000 0.0000 0.0000 0.0000 0.0000 0.0000 0.0000 47.6688 0.0000 0.0000 0.0000 0.0000 68.8034 0.0000 0.0000 72.4334 73.9026 0.0000 83.1827 0.0000 33.1630 0.0000 0.0000 0.0000 22.1559 0.0000 0.0000 0.0000 0.0000 0.0000 0.0000 0.0000 10.3829 67.1432 66.4489 0.0000 0.0000 0.0000 0.0000 30.1297 96.9686 0.0000 0.0000 0.0000 0.0000 0.0000 0.0000 97.0315 39.9638 20.4170 0.0000 0.0000 0.0000 0.0000 0.0000 0.0000 39.9024 0.0000 0.0000 0.0000 0.0000 11.0021 0.0000 0.0000 0.0000 96.7618 95.1640 45.8630 0.0000 0.0000 21.4037 93.5548 0.0000 0.0000 0.0000 0.0000 0.0000 94.0300 0.0000 0.0000 0.0000 48.7797 68.3341 0.0000 0.0000 0.0000 0.0000 0.0000 0.0000 0.0000 0.0000 0.0000 0.0000 88.9745 40.1118 98.1332 0.0000 78.8708 88.1309 0.0000 15.9524 0.0000 0.0000 27.7624 78.6965 0.0000 0.0000 23.3827 0.0000 0.0000 0.0000 83.1167
70.7633 89.0872 0.0000 0.0000 0.0000 0.0000 34.2794 0.0000 74.8487 60.2533 79.6954 0.0000 0.0000 0.0000 79.1249 0.0000 0.0000 0.0000 0.0000 0.0000 0.0000 22.2184 0.0000 77.8668 0.0000 11.2785 0.0000 0.0000 0.0000 0.0000 0.0000 0.0000 0.0000 0.0000 20.8664 29.4967 0.0000 99.4572 0.0000 0.0000 0.0000 0.0000 0.0000 0.0000 0.0000 0.0000 0.0000 0.0000 0.0000 0.0000 0.0000 26.5940 31.2322 46.9839 0.0000 0.0000 22.3387 0.0000 96.0409 48.7148 0.0000 0.0000 55.5148 71.6880 0.0000 0.0000 0.0000 0.0000 51.1333 0.0000 0.0000 0.0000 0.0000 91.1308 0.0000 0.0000 0.0000 0.0000 0.0000 32.0222 85.9086 0.0000 0.0000 0.0000 0.0000 0.0000 0.0000 0.0000 0.0000 0.0000 0.0000 0.0000 12.0430 0.0000 0.0000 0.0000 0.0000 0.0000 0.0000 0.0000 19.0384 13.5518 0.0000 0.0000 0.0000 0.0000 0.0000 0.0000 21.4370 52.4587 34.4094 0.0000 0.0000 0.0000 0.0000 26.7714 29.5813 0.0000 0.0000 0.0000 0.0000 0.0000 0.0000 0.0000 0.0000 39.0621 0.0000 0.0000 0.0000 0.0000 0.0000 0.0000 0.0000 0.0000 0.0000 0.0000 0.0000 0.0000 0.0000 0.0000 0.0000 25.4786 0.0000 0.0000 0.0000 43.3410 0.0000 0.0000 51.2636 0.0000 47.2886 82.5580 0.0000 32.8885 0.0000 0.0000 0.0000 0.0000 0.0000 0.0000 0.0000 0.0000 0.0000 0.0000 91.4577 0.0000 0.0000 0.0000 0.0000 87.4804 0.0000 0.0000 21.6950 88.0792 77.4010 0.0000 0.0000 30.0889 0.0000 18.5934 0.0000 0.0000 0.0000 0.0000 29.5266 0.0000 0.0000 57.5729 0.0000 0.0000
0.0000 0.0000 0.0000 0.0000 0.0000 0.0000 0.0000 0.0000 0.0000 14.6566 0.0000 88.5234 59.6174 0.0000 52.1448 0.0000 0.0000 0.0000 0.0000 0.0000 0.0000 0.0000 0.0000 0.0000 93.9875 0.0000 39.2052 0.0000 0.0000 33.7310 0.0000 0.0000 0.0000 0.0000 0.0000 50.1311 0.0000 19.5986 0.0000 0.0000 0.0000 94.2116 37.8111 0.0000 44.0616 0.0000 0.0000 0.0000 0.0000 0.0000 0.0000 0.0000 80.5394 0.0000 0.0000 39.8103 0.0000 0.0000 0.0000 0.0000 0.0000 0.0000 0.0000 0.0000 0.0000 0.0000 0.0000 0.0000 0.0000 0.0000 40.6300 67.5072 97.6014 0.0000 0.0000 0.0000 0.0000 0.0000 0.0000 0.0000 0.0000 0.0000 0.0000 0.0000 0.0000 0.0000 0.0000 0.0000 0.0000 0.0000 0.0000 30.2343 0.0000 0.0000 67.3492 0.0000 0.0000 0.0000 74.1108 0.0000 0.0000 66.9301 0.0000 65.6895 0.0000 0.0000 0.0000 70.7215 0.0000 0.0000 0.0000 0.0000 96.3943 0.0000 0.0000 0.0000 0.0000 0.0000 0.0000 0.0000 0.0000 0.0000 59.5127 0.0000 12.7142 0.0000 83.5298 0.0000 0.0000 0.0000 0.0000 0.0000 0.0000 0.0000 62.4422 0.0000 72.9356 0.0000 0.0000 0.0000 0.0000 0.0000 56.0128 33.8652 0.0000 0.0000 0.0000 24.0964 87.2027 0.0000 97.8359 0.0000 0.0000 0.0000 0.0000 36.7670 0.0000 0.0000 0.0000 0.0000 0.0000 0.0000 39.8699 29.5429 0.0000 94.8707 0.0000 0.0000 0.0000 0.0000 0.0000 0.0000 91.2881 0.0000 81.9249 0.0000 0.0000 0.0000 69.9054 73.7973 0.0000 0.0000 52.3281 0.0000 0.0000 0.0000 55.9004 0.0000 0.0000 0.0000
0.0000 0.0000 0.0000 45.4895 0.0000 0.0000 0.0000 0.0000 0.0000 0.0000 0.0000 0.0000 0.0000 0.0000 0.0000 79.1242 0.0000 0.0000 0.0000 99.0612 23.8276 0.0000 0.0000 0.0000 0.0000 0.0000 42.6166 0.0000 0.0000 0.0000 0.0000 0.0000 97.2627 0.0000 0.0000 0.0000 71.9716 0.0000 51.5127 0.0000 0.0000 0.0000 0.0000 0.0000 44.0990 72.7902 0.0000 46.4395 0.0000 61.5800 96.5864 0.0000 0.0000 30.0669 0.0000 38.6527 0.0000 0.0000 0.0000 0.0000 11.4859 0.0000 23.0584 0.0000 0.0000 71.0940 0.0000 55.9376 0.0000 0.0000 0.0000 0.0000 37.0414 0.0000 28.4034 0.0000 0.0000 0.0000 93.8970 0.0000 0.0000 0.0000 0.0000 0.0000 0.0000 92.9722 0.0000 0.0000 0.0000 0.0000 0.0000 0.0000 0.0000 42.4488 0.0000 0.0000 0.0000 0.0000 0.0000 0.0000 0.0000 0.0000 0.0000 0.0000 0.0000 0.0000 83.9883 0.0000 21.4563 79.8337 0.0000 21.5822 0.0000 83.3834 0.0000 32.4742 0.0000 0.0000 42.3736 0.0000 0.0000 0.0000 0.0000 0.0000 66.2864 0.0000 0.0000 0.0000 0.0000 49.2160 0.0000 0.0000 0.0000 29.8103 0.0000 0.0000 0.0000 0.0000 0.0000 0.0000 98.9488 0.0000 70.0209 0.0000 0.0000 0.0000 93.5548 0.0000 0.0000 86.8476 0.0000 0.0000 0.0000 0.0000 0.0000 0.0000 0.0000 0.0000 0.0000 0.0000 0.0000 0.0000 0.0000 0.0000 0.0000 0.0000 0.0000 56.7929 10.8827 0.0000 0.0000 0.0000 0.0000 59.1698 0.0000 0.0000 0.0000 0.0000 0.0000 0.0000 70.9884 0.0000 0.0000 0.0000 10.1358 0.0000 0.0000 0.0000 0.0000 0.0000
0.0000 54.9593 29.0931 0.0000 0.0000 0.0000 0.0000 44.5687 0.0000 0.0000 0.0000 0.0000 83.5515 0.0000 0.0000 0.0000 95.7406 0.0000 0.0000 87.8778 0.0000 0.0000 20.2999 0.0000 0.0000 53.6431 89.7462 0.0000 38.1900 0.0000 64.0258 91.7455 52.5914 0.0000 53.0381 0.0000 0.0000 16.8432 0.0000 0.0000 0.0000 0.0000 0.0000 57.9370 0.0000 0.0000 60.0985 0.0000 97.9285 49.2253 49.7098 0.0000 0.0000 0.0000 77.2757 0.0000 0.0000 0.0000 0.0000 20.1908 0.0000 0.0000 0.0000 81.3381 0.0000 0.0000 0.0000 60.8038 53.1003 0.0000 0.0000 67.6189 30.0034 50.9592 0.0000 0.0000 87.1480 0.0000 0.0000 0.0000 0.0000 0.0000 0.0000 0.0000 0.0000 0.0000 75.7424 0.0000 80.1075 0.0000 0.0000 35.7987 0.0000 0.0000 0.0000 0.0000 39.0268 0.0000 0.0000 93.3002 21.3117 0.0000 0.0000 22.1258 0.0000 89.5011 98.1105 0.0000 43.4673 0.0000 0.0000 0.0000 0.0000 0.0000 0.0000 0.0000 0.0000 0.0000 0.0000 26.7314 0.0000 0.0000 0.0000 0.0000 0.0000 0.0000 0.0000 0.0000 0.0000 0.0000 0.0000 0.0000 0.0000 0.0000 0.0000 62.9191 0.0000 67.7104 0.0000 49.3610 0.0000 0.0000 54.9567 0.0000 0.0000 0.0000 0.0000 0.0000 0.0000 0.0000 0.0000 99.6358 0.0000 0.0000 45.9757 0.0000 0.0000 0.0000 0.0000 0.0000 0.0000 49.7299 26.3770 0.0000 0.0000 56.5114 0.0000 0.0000 65.9037 0.0000 0.0000 0.0000 51.2932 0.0000 0.0000 0.0000 0.0000 0.0000 0.0000 67.3758 0.0000 0.0000 0.0000 0.0000 0.0000 0.0000 0.0000 0.0000 0.0000 0.0000
0.0000 0.0000 0.0000 0.0000 0.0000 0.0000 0.0000 0.0000 56.9416 0.0000 0.0000 50.8095 0.0000 17.3864 14.0898 0.0000 0.0000 21.5643 44.9314 50.4912 93.8111 0.0000 0.0000 0.0000 61.2246 0.0000 0.0000 98.0671 0.0000 17.6024 0.0000 0.0000 89.7729 0.0000 0.0000 0.0000 0.0000 0.0000 60.3341 0.0000 0.0000 0.0000 0.0000 0.0000 0.0000 49.8741 45.5199 0.0000 0.0000 0.0000 0.0000 0.0000 0.0000 0.0000 0.0000 92.2612 0.0000 82.9795 0.0000 0.0000 0.0000 0.0000 0.0000 0.0000 0.0000 13.5189 0.0000 0.0000 0.0000 0.0000 0.0000 0.0000 58.6522 0.0000 0.0000 0.0000 53.5988 42.3810 0.0000 57.3755 94.7080 35.7633 0.0000 0.0000 0.0000 0.0000 0.0000 46.5461 70.4005 0.0000 0.0000 40.8949 0.0000 0.0000 0.0000 35.6079 0.0000 0.0000 0.0000 13.7288 0.0000 0.0000 0.0000 0.0000 0.0000 66.3574 88.6726 0.0000 0.0000 0.0000 0.0000 0.0000 0.0000 49.3385 0.0000 0.0000 0.0000 0.0000 0.0000 0.0000 68.9874 29.5781 22.6094 42.6538 0.0000 0.0000 13.4543 0.0000 15.8159 0.0000 67.8540 34.4932 0.0000 0.0000 0.0000 0.0000 0.0000 64.6722 0.0000 0.0000 29.0547 0.0000 0.0000 0.0000 73.1328 0.0000 0.0000 0.0000 0.0000 0.0000 0.0000 38.4560 0.0000 0.0000 0.0000 0.0000 62.1595 0.0000 54.8035 63.0988 0.0000 0.0000 0.0000 0.0000 0.0000 90.3986 66.4036 64.2464 0.0000 0.0000 0.0000 32.7144 46.7968 0.0000 0.0000 23.9309 0.0000 0.0000 46.2191 0.0000 0.0000 0.0000 78.0324 0.0000 0.0000 0.0000 0.0000 0.0000 0.0000 13.3412
60.7662 0.0000 0.0000 91.3369 0.0000 40.3166 0.0000 0.0000 34.9971 0.0000 0.0000 85.0849 0.0000 0.0000 0.0000 0.0000 0.0000 19.4310 33.5112 0.0000 0.0000 0.0000 0.0000 0.0000 0.0000 0.0000 98.7422 69.3874 0.0000 0.0000 29.7275 0.0000 0.0000 63.5443 0.0000 0.0000 27.0416 0.0000 32.1877 0.0000 0.0000 90.9059 0.0000 0.0000 82.1483 70.8286 0.0000 78.6610 81.7082 0.0000 41.7073 39.2995 0.0000 27.7711 0.0000 0.0000 17.9456 0.0000 0.0000 0.0000 0.0000 10.8004 0.0000 21.9272 0.0000 0.0000 53.3119 46.1767 0.0000 0.0000 0.0000 88.9133 0.0000 0.0000 0.0000 0.0000 26.9333 0.0000 0.0000 65.6473 0.0000 0.0000 0.0000 46.6039 32.2712 46.8484 0.0000 0.0000 0.0000 89.3880 0.0000 0.0000 0.0000 67.1103 44.6323 0.0000 0.0000 0.0000 71.7396 0.0000 64.6387 16.5631 0.0000 0.0000 0.0000 87.9699 0.0000 0.0000 0.0000 83.3485 0.0000 71.8070 68.4222 0.0000 0.0000 26.8053 45.7149 0.0000 0.0000 19.6573 0.0000 31.8993 28.6635 0.0000 27.9735 0.0000 0.0000 0.0000 0.0000 11.4152 0.0000 83.6024 48.1037 0.0000 0.0000 0.0000 57.5655 0.0000 0.0000 0.0000 0.0000 19.9314 0.0000 89.6766 0.0000 0.0000 0.0000 53.6219 17.7928 0.0000 0.0000 43.9822 0.0000 0.0000 0.0000 44.2050 45.7460 0.0000 0.0000 0.0000 22.9196 0.0000 0.0000 0.0000 93.9790 0.0000 80.3638 0.0000 96.2459 0.0000 0.0000 0.0000 0.0000 0.0000 0.0000 15.4311 16.9648 0.0000 0.0000 0.0000 0.0000 0.0000 0.0000 0.0000 0.0000 60.7898 0.0000 0.0000 96.0414 0.0000
0.0000 0.0000 0.0000 59.7110 0.0000 0.0000 0.0000 0.0000 13.7775 0.0000 0.0000 57.2909 0.0000 35.2516 11.6101 0.0000 0.0000 0.0000 14.6844 0.0000 0.0000 0.0000 0.0000 10.6545 68.6775 35.6875 0.0000 0.0000 0.0000 0.0000 0.0000 0.0000 30.7933 0.0000 0.0000 0.0000 0.0000 80.6203 22.1666 0.0000 0.0000 0.0000 0.0000 36.7044 0.0000 0.0000 0.0000 0.0000 0.0000 0.0000 0.0000 67.6796 0.0000 0.0000 0.0000 0.0000 0.0000 52.7997 0.0000 0.0000 98.4100 0.0000 46.9982 0.0000 0.0000 0.0000 0.0000 0.0000 0.0000 0.0000 92.6302 0.0000 0.0000 0.0000 76.7516 0.0000 0.0000 0.0000 26.9457 0.0000 66.7134 30.4319 0.0000 0.0000 0.0000 28.8530 78.1626 0.0000 0.0000 20.3979 46.5135 65.6278 92.9156 26.7033 0.0000 0.0000 0.0000 0.0000 0.0000 0.0000 99.0723 0.0000 44.7696 0.0000 20.5274 14.7236 0.0000 19.4863 17.7144 0.0000 0.0000 0.0000 0.0000 0.0000 40.1004 69.9290 0.0000 16.6243 0.0000 85.7355 0.0000 0.0000 0.0000 0.0000 42.2300 0.0000 0.0000 0.0000 0.0000 0.0000 0.0000 0.0000 31.5827 0.0000 26.7148 0.0000 0.0000 0.0000 0.0000 45.7167 0.0000 0.0000 62.3008 0.0000 0.0000 0.0000 0.0000 0.0000 37.0913 52.3737 0.0000 21.5655 0.0000 0.0000 0.0000 0.0000 0.0000 0.0000 0.0000 98.6526 0.0000 0.0000 0.0000 0.0000 0.0000 0.0000 0.0000 0.0000 0.0000 0.0000 0.0000 97.3724 0.0000 0.0000 33.2252 0.0000 36.3486 0.0000 0.0000 0.0000 0.0000 0.0000 92.3776 0.0000 0.0000 0.0000 0.0000 0.0000 0.0000 90.2220
46.8880 0.0000 0.0000 0.0000 0.0000 0.0000 0.0000 0.0000 10.6696 98.2427 54.3628 0.0000 12.6034 68.5226 19.3176 29.1895 18.1427 0.0000 0.0000 0.0000 0.0000 31.9952 0.0000 0.0000 0.0000 0.0000 12.7587 0.0000 0.0000 0.0000 0.0000 0.0000 21.6892 0.0000 90.4909 0.0000 0.0000 36.1817 88.3063 78.6072 96.4355 0.0000 0.0000 0.0000 99.8709 0.0000 45.6180 0.0000 77.7605 30.5942 0.0000 0.0000 0.0000 0.0000 16.5958 92.8509 14.9333 0.0000 0.0000 0.0000 0.0000 0.0000 0.0000 35.1170 0.0000 0.0000 86.0951 0.0000 0.0000 0.0000 0.0000 95.1906 0.0000 81.3260 13.0359 0.0000 0.0000 72.1927 98.2360 0.0000 30.1389 0.0000 0.0000 0.0000 0.0000 0.0000 0.0000 54.6730 0.0000 0.0000 0.0000 0.0000 0.0000 0.0000 0.0000 0.0000 60.1685 0.0000 11.2322 70.6312 0.0000 0.0000 0.0000 0.0000 0.0000 34.0718 98.7157 0.0000 0.0000 0.0000 0.0000 0.0000 69.8368 0.0000 0.0000 0.0000 0.0000 69.9185 0.0000 0.0000 0.0000 98.5140 0.0000 11.6687 0.0000 39.4727 0.0000 0.0000 0.0000 0.0000 0.0000 0.0000 0.0000 0.0000 0.0000 0.0000 41.5091 0.0000 16.0679 75.6929 0.0000 0.0000 0.0000 89.0887 0.0000 0.0000 0.0000 48.3419 0.0000 41.1696 83.1248 0.0000 0.0000 0.0000 0.0000 0.0000 0.0000 0.0000 0.0000 0.0000 0.0000 0.0000 0.0000 0.0000 0.0000 0.0000 21.0464 0.0000 0.0000 0.0000 0.0000 0.0000 0.0000 84.3399 31.7275 39.6391 0.0000 10.2078 0.0000 0.0000 0.0000 0.0000 0.0000 0.0000 0.0000 0.0000 0.0000 0.0000 27.0532 0.0000
0.0000 0.0000 28.1395 0.0000 54.1067 91.7382 90.6302 0.0000 32.7368 63.4527 0.0000 43.2654 0.0000 73.8018 40.8142 0.0000 0.0000 0.0000 96.3330 0.0000 88.2913 0.0000 0.0000 0.0000 0.0000 0.0000 0.0000 0.0000 0.0000 0.0000 0.0000 0.0000 0.0000 0.0000 28.9770 0.0000 0.0000 74.9494 96.4805 0.0000 62.4696 38.8558 89.9332 69.0043 12.6443 0.0000 0.0000 0.0000 88.1610 0.0000 0.0000 0.0000 0.0000 0.0000 0.0000 0.0000 22.5491 0.0000 87.0492 0.0000 0.0000 0.0000 0.0000 0.0000 0.0000 0.0000 79.1322 0.0000 0.0000 84.7870 53.2034 0.0000 0.0000 0.0000 0.0000 0.0000 0.0000 30.2672 0.0000 0.0000 0.0000 0.0000 68.4552 0.0000 0.0000 0.0000 16.0846 30.8697 0.0000 0.0000 0.0000 0.0000 0.0000 0.0000 0.0000 0.0000 67.4154 0.0000 0.0000 0.0000 21.0971 28.7979 32.5187 25.2145 0.0000 0.0000 87.0690 0.0000 38.8786 42.0469 0.0000 0.0000 28.4018 75.1189 0.0000 0.0000 59.9865 68.6719 99.3189 93.7432 0.0000 0.0000 0.0000 0.0000 0.0000 40.6550 0.0000 0.0000 0.0000 0.0000 0.0000 38.9015 0.0000 0.0000 12.9989 0.0000 0.0000 0.0000 0.0000 90.1150 0.0000 91.4879 61.5764 0.0000 0.0000 0.0000 0.0000 0.0000 0.0000 0.0000 0.0000 63.5473 0.0000 0.0000 0.0000 15.1365 0.0000 0.0000 0.0000 95.3124 0.0000 0.0000 47.2752 0.0000 0.0000 0.0000 0.0000 92.7588 0.0000 22.9492 26.4261 97.6397 36.8699 0.0000 0.0000 42.4167 0.0000 0.0000 0.0000 0.0000 0.0000 0.0000 0.0000 0.0000 0.0000 0.0000 0.0000 0.0000 0.0000 83.3000
0.0000 0.0000 0.0000 41.1025 0.0000 0.0000 0.0000 0.0000 0.0000 0.0000 0.0000 0.0000 0.0000 0.0000 0.0000 0.0000 0.0000 0.0000 0.0000 0.0000 38.9650 0.0000 0.0000 0.0000 0.0000 0.0000 0.0000 0.0000 0.0000 26.6905 0.0000 93.3892 0.0000 0.0000 0.0000 0.0000 0.0000 0.0000 0.0000 0.0000 60.7579 20.5339 0.0000 0.0000 0.0000 0.0000 0.0000 98.2871 89.5837 0.0000 88.5814 0.0000 0.0000 66.7071 16.4945 80.6677 0.0000 0.0000 0.0000 14.4121 36.4418 74.1889 42.2907 0.0000 0.0000 0.0000 97.0993 0.0000 0.0000 0.0000 99.4171 0.0000 0.0000 0.0000 0.0000 49.9135 96.9570 0.0000 0.0000 0.0000 0.0000 55.6428 90.3206 0.0000 0.0000 69.2088 70.7533 0.0000 0.0000 31.6238 0.0000 88.1216 0.0000 54.7533 48.9554 95.4465 0.0000 0.0000 0.0000 0.0000 79.3290 0.0000 0.0000 0.0000 0.0000 0.0000 32.2754 0.0000 0.0000 42.5999 0.0000 55.8906 0.0000 63.4343 78.4972 0.0000 0.0000 0.0000 37.7480 0.0000 0.0000 90.5259 17.9216 0.0000 49.9539 94.7554 0.0000 54.3803 0.0000 0.0000 62.0449 0.0000 0.0000 0.0000 0.0000 85.0980 0.0000 0.0000 0.0000 0.0000 0.0000 0.0000 0.0000 0.0000 0.0000 0.0000 0.0000 0.0000 97.3438 0.0000 0.0000 76.7306 0.0000 0.0000 96.1812 0.0000 0.0000 0.0000 0.0000 0.0000 0.0000 0.0000 0.0000 57.8018 0.0000 23.3214 18.9654 0.0000 21.4117 0.0000 0.0000 0.0000 0.0000 0.0000 0.0000 0.0000 64.9554 0.0000 0.0000 0.0000 85.4743 61.9179 0.0000 50.3492 0.0000 0.0000 0.0000 81.4195 0.0000 0.0000
0.0000 66.5516 0.0000 0.0000 0.0000 0.0000 0.0000 0.0000 0.0000 0.0000 37.2710 50.0800 0.0000 0.0000 0.0000 41.9894 0.0000 0.0000 0.0000 97.2337 0.0000 0.0000 0.0000 0.0000 0.0000 35.3957 0.0000 0.0000 0.0000 0.0000 0.0000 0.0000 45.0498 0.0000 0.0000 0.0000 77.1684 40.2969 0.0000 0.0000 0.0000 0.0000 0.0000 0.0000 84.5268 0.0000 0.0000 91.4214 0.0000 0.0000 0.0000 0.0000 0.0000 0.0000 93.5682 0.0000 0.0000 0.0000 0.0000 0.0000 0.0000 0.0000 0.0000 0.0000 0.0000 0.0000 0.0000 0.0000 0.0000 0.0000 0.0000 0.0000 0.0000 93.2613 0.0000 0.0000 0.0000 51.8215 0.0000 0.0000 0.0000 0.0000 0.0000 0.0000 0.0000 72.2767 96.4455 0.0000 0.0000 41.9398 0.0000 0.0000 0.0000 0.0000 54.1875 0.0000 99.5478 0.0000 0.0000 0.0000 0.0000 0.0000 0.0000 0.0000 0.0000 0.0000 13.2468 0.0000 48.4383 0.0000 66.2394 14.8124 0.0000 15.6981 86.4971 0.0000 0.0000 28.7650 0.0000 26.0065 0.0000 0.0000 0.0000 0.0000 35.3266 0.0000 44.1401 0.0000 0.0000 0.0000 68.0375 86.2345 0.0000 32.2550 0.0000 0.0000 0.0000 0.0000 0.0000 92.3359 0.0000 17.3898 82.8749 0.0000 0.0000 0.0000 0.0000 0.0000 0.0000 0.0000 0.0000 0.0000 0.0000 0.0000 61.6562 0.0000 0.0000 0.0000 53.3504 0.0000 0.0000 0.0000 24.3116 0.0000 0.0000 0.0000 0.0000 0.0000 0.0000 0.0000 31.9276 0.0000 0.0000 0.0000 0.0000 81.3601 0.0000 0.0000 0.0000 0.0000 0.0000 0.0000 0.0000 48.2067 0.0000 87.5724 0.0000 0.0000 0.0000 0.0000
0.0000 95.8752 0.0000 0.0000 0.0000 0.0000 0.0000 0.0000 0.0000 0.0000 0.0000 25.4320 0.0000 0.0000 53.8834 80.9607 0.0000 0.0000 11.6211 0.0000 0.0000 0.0000 0.0000 0.0000 0.0000 0.0000 77.4413 38.5069 69.9148 11.6425 16.9744 0.0000 0.0000 16.2155 0.0000 0.0000 71.9629 0.0000 0.0000 42.7972 0.0000 65.8291 42.1844 62.4196 0.0000 0.0000 0.0000 20.2422 0.0000 0.0000 0.0000 0.0000 0.0000 29.7009 14.1689 0.0000 69.7673 0.0000 0.0000 95.5980 0.0000 0.0000 0.0000 0.0000 94.9348 0.0000 0.0000 0.0000 0.0000 29.1767 0.0000 0.0000 0.0000 85.7314 0.0000 89.3022 25.4624 84.4377 0.0000 0.0000 87.8569 0.0000 0.0000 98.4543 0.0000 44.3141 72.3215 0.0000 0.0000 68.5295 0.0000 0.0000 40.7252 0.0000 0.0000 0.0000 84.7045 0.0000 80.7559 0.0000 0.0000 38.4248 16.3048 94.9355 0.0000 0.0000 0.0000 0.0000 0.0000 0.0000 46.5611 0.0000 0.0000 0.0000 93.4246 0.0000 0.0000 0.0000 0.0000 0.0000 55.2183 0.0000 0.0000 0.0000 0.0000 0.0000 37.8654 0.0000 0.0000 0.0000 0.0000 0.0000 0.0000 0.0000 75.6018 0.0000 0.0000 0.0000 0.0000 79.9458 20.4228 0.0000 0.0000 14.9965 0.0000 16.8075 0.0000 0.0000 0.0000 0.0000 0.0000 25.3364 0.0000 0.0000 0.0000 0.0000 34.3749 91.2078 0.0000 22.3659 0.0000 23.0456 0.0000 0.0000 58.4936 0.0000 0.0000 83.7225 70.2173 0.0000 0.0000 0.0000 0.0000 65.5681 0.0000 22.8682 75.3057 0.0000 23.4881 0.0000 97.8266 0.0000 68.8043 58.1387 0.0000 42.3953 0.0000 0.0000 77.3414 0.0000
0.0000 0.0000 0.0000 0.0000 51.3091 13.3983 0.0000 0.0000 84.8542 0.0000 0.0000 76.8330 0.0000 50.3900 0.0000 55.6213 0.0000 0.0000 0.0000 0.0000 0.0000 0.0000 0.0000 0.0000 0.0000 0.0000 0.0000 84.4827 0.0000 62.7575 28.4771 0.0000 0.0000 42.6142 0.0000 42.7189 0.0000 48.0542 0.0000 0.0000 71.9305 0.0000 0.0000 71.8277 63.3708 0.0000 0.0000 0.0000 0.0000 0.0000 0.0000 0.0000 0.0000 0.0000 70.4056 77.9808 0.0000 29.4561 11.3102 0.0000 42.1909 0.0000 16.2877 0.0000 0.0000 0.0000 0.0000 0.0000 15.6042 0.0000 0.0000 0.0000 0.0000 0.0000 0.0000 0.0000 0.0000 0.0000 0.0000 0.0000 0.0000 0.0000 0.0000 0.0000 0.0000 0.0000 0.0000 0.0000 0.0000 42.3771 0.0000 0.0000 0.0000 0.0000 0.0000 0.0000 88.5783 0.0000 0.0000 0.0000 0.0000 0.0000 65.1279 0.0000 0.0000 0.0000 0.0000 0.0000 0.0000 0.0000 85.6129 0.0000 0.0000 20.5537 14.5804 45.0559 0.0000 0.0000 0.0000 0.0000 74.0353 0.0000 0.0000 0.0000 0.0000 15.5780 0.0000 0.0000 0.0000 0.0000 0.0000 0.0000 0.0000 0.0000 0.0000 0.0000 0.0000 0.0000 43.5667 0.0000 52.0731 0.0000 84.7308 0.0000 0.0000 33.6524 53.9716 0.0000 86.3886 0.0000 0.0000 0.0000 0.0000 94.9645 92.9019 0.0000 0.0000 66.0866 0.0000 0.0000 0.0000 28.8776 0.0000 0.0000 0.0000 37.6711 0.0000 0.0000 0.0000 0.0000 0.0000 0.0000 11.1833 0.0000 0.0000 0.0000 0.0000 0.0000 26.9677 52.1304 49.3943 0.0000 0.0000 0.0000 0.0000 0.0000 98.5047 0.0000 0.0000 0.0000
0.0000 12.2062 0.0000 0.0000 11.9859 0.0000 0.0000 0.0000 0.0000 34.7364 0.0000 48.5039 0.0000 0.0000 79.4518 0.0000 0.0000 79.6872 0.0000 0.0000 0.0000 0.0000 0.0000 0.0000 61.0616 43.2669 0.0000 0.0000 0.0000 47.1498 0.0000 17.2858 0.0000 0.0000 52.9463 0.0000 17.7894 0.0000 0.0000 0.0000 0.0000 0.0000 0.0000 27.0724 97.1129 0.0000 0.0000 37.5610 0.0000 0.0000 0.0000 0.0000 95.7093 0.0000 12.8555 0.0000 0.0000 36.4192 0.0000 0.0000 0.0000 50.2972 0.0000 0.0000 0.0000 97.8158 0.0000 10.7051 84.2222 29.9817 0.0000 0.0000 69.5273 0.0000 0.0000 0.0000 0.0000 0.0000 11.4539 80.0391 85.1538 0.0000 0.0000 0.0000 0.0000 54.9680 13.8542 38.3030 0.0000 0.0000 0.0000 55.3119 0.0000 0.0000 0.0000 0.0000 0.0000 0.0000 0.0000 27.0917 0.0000 0.0000 64.7835 0.0000 0.0000 54.9987 0.0000 0.0000 72.3157 0.0000 60.7099 0.0000 0.0000 0.0000 0.0000 0.0000 0.0000 0.0000 0.0000 68.4025 48.1256 0.0000 0.0000 79.7531 0.0000 0.0000 0.0000 0.0000 91.6191 0.0000 75.4221 25.4672 0.0000 0.0000 0.0000 59.1338 50.4628 66.8166 65.0032 0.0000 0.0000 0.0000 13.7159 29.0915 0.0000 59.1462 0.0000 0.0000 91.7496 0.0000 0.0000 0.0000 83.7933 0.0000 0.0000 0.0000 47.4830 0.0000 0.0000 0.0000 0.0000 0.0000 15.3892 16.3220 0.0000 0.0000 0.0000 0.0000 0.0000 38.8159 0.0000 0.0000 0.0000 0.0000 12.1867 0.0000 0.0000 0.0000 57.1634 0.0000 0.0000 0.0000 0.0000 19.6224 0.0000 0.0000 0.0000 0.0000 90.5801 0.0000
0.0000 0.0000 0.0000 66.8566 0.0000 0.0000 25.0380 0.0000 0.0000 0.0000 0.0000 53.2426 0.0000 0.0000 27.6754 97.8429 30.3429 0.0000 0.0000 0.0000 0.0000 0.0000 37.8017 91.9386 0.0000 0.0000 0.0000 0.0000 0.0000 0.0000 0.0000 0.0000 0.0000 65.3013 0.0000 0.0000 0.0000 0.0000 91.2663 0.0000 0.0000 60.5995 0.0000 0.0000 0.0000 0.0000 51.6902 74.6755 0.0000 49.0109 38.2990 0.0000 56.5088 0.0000 0.0000 46.6439 0.0000 31.2937 28.2600 0.0000 0.0000 0.0000 42.2336 0.0000 0.0000 0.0000 0.0000 0.0000 0.0000 0.0000 42.4362 0.0000 59.9177 0.0000 0.0000 0.0000 0.0000 0.0000 0.0000 0.0000 0.0000 0.0000 0.0000 45.8910 16.9434 0.0000 0.0000 45.1325 0.0000 0.0000 0.0000 80.4869 0.0000 0.0000 63.7563 0.0000 0.0000 0.0000 0.0000 0.0000 0.0000 0.0000 14.9211 0.0000 0.0000 46.0124 0.0000 0.0000 0.0000 0.0000 0.0000 84.0031 0.0000 0.0000 0.0000 69.8693 0.0000 0.0000 0.0000 0.0000 0.0000 79.6356 19.8106 0.0000 0.0000 0.0000 0.0000 0.0000 50.2691 0.0000 0.0000 0.0000 0.0000 0.0000 0.0000 70.2051 67.5397 0.0000 0.0000 0.0000 98.0871 0.0000 0.0000 37.9100 0.0000 0.0000 0.0000 0.0000 0.0000 0.0000 0.0000 0.0000 38.7893 54.9179 0.0000 0.0000 99.6372 55.7511 0.0000 0.0000 85.4638 0.0000 0.0000 0.0000 0.0000 0.0000 0.0000 0.0000 0.0000 0.0000 33.4296 40.9839 0.0000 0.0000 0.0000 0.0000 0.0000 30.5573 0.0000 93.1268 30.7893 0.0000 96.9579 96.3596 0.0000 67.9031 30.5111 0.0000 73.2001 0.0000
0.0000 0.0000 0.0000 0.0000 0.0000 73.6631 87.1091 0.0000 0.0000 67.2812 0.0000 65.8320 88.1067 0.0000 0.0000 0.0000 60.6628 50.5614 0.0000 0.0000 12.8972 0.0000 0.0000 25.6367 0.0000 0.0000 44.1343 20.8992 0.0000 0.0000 0.0000 0.0000 0.0000 0.0000 0.0000 0.0000 56.4146 40.8149 0.0000 0.0000 0.0000 0.0000 0.0000 0.0000 33.8049 0.0000 0.0000 0.0000 23.2648 0.0000 92.7213 74.5050 0.0000 79.4955 0.0000 0.0000 76.0373 0.0000 0.0000 39.0410 0.0000 0.0000 0.0000 39.3532 52.5326 0.0000 0.0000 57.0742 19.0679 45.4105 0.0000 69.4006 33.0425 0.0000 0.0000 0.0000 51.7960 0.0000 15.2416 0.0000 0.0000 0.0000 0.0000 0.0000 0.0000 0.0000 0.0000 49.9406 32.9834 0.0000 0.0000 0.0000 40.1239 96.2004 0.0000 0.0000 54.1980 0.0000 0.0000 0.0000 0.0000 64.3839 0.0000 0.0000 0.0000 0.0000 0.0000 0.0000 0.0000 0.0000 60.9141 56.7261 0.0000 87.9729 0.0000 0.0000 55.6248 0.0000 0.0000 0.0000 24.9021 0.0000 0.0000 47.7469 0.0000 64.2950 0.0000 93.5667 0.0000 0.0000 0.0000 0.0000 0.0000 0.0000 0.0000 96.5066 68.2839 0.0000 0.0000 69.8628 0.0000 0.0000 0.0000 0.0000 84.8662 0.0000 0.0000 0.0000 0.0000 82.2365 0.0000 0.0000 0.0000 57.5510 0.0000 0.0000 0.0000 0.0000 0.0000 0.0000 0.0000 0.0000 10.4499 21.2713 0.0000 0.0000 0.0000 0.0000 0.0000 65.2660 91.0305 0.0000 0.0000 0.0000 0.0000 60.0660 0.0000 0.0000 0.0000 0.0000 0.0000 0.0000 0.0000 0.0000 0.0000 91.9745 0.0000 0.0000 16.9040 0.0000
33.4133 0.0000 0.0000 69.0697 0.0000 0.0000 18.7323 0.0000 68.8726 80.4699 73.5833 0.0000 97.2166 0.0000 0.0000 0.0000 0.0000 0.0000 0.0000 0.0000 61.7229 0.0000 0.0000 0.0000 0.0000 0.0000 0.0000 0.0000 0.0000 0.0000 0.0000 0.0000 0.0000 70.6516 0.0000 17.9806 0.0000 0.0000 0.0000 57.8128 0.0000 0.0000 0.0000 0.0000 84.5804 0.0000 0.0000 0.0000 0.0000 0.0000 0.0000 0.0000 0.0000 0.0000 0.0000 34.3286 10.1323 98.8518 0.0000 0.0000 0.0000 0.0000 0.0000 0.0000 0.0000 0.0000 0.0000 0.0000 0.0000 22.5341 0.0000 0.0000 0.0000 0.0000 0.0000 0.0000 0.0000 77.7082 0.0000 14.9064 0.0000 0.0000 0.0000 0.0000 73.2676 0.0000 0.0000 0.0000 0.0000 0.0000 0.0000 0.0000 0.0000 85.1806 28.3456 0.0000 58.8855 54.1667 0.0000 0.0000 0.0000 28.2154 0.0000 0.0000 0.0000 0.0000 20.0398 0.0000 0.0000 64.3511 86.2628 0.0000 0.0000 20.6572 0.0000 0.0000 0.0000 0.0000 0.0000 0.0000 63.4980 0.0000 0.0000 93.7077 0.0000 51.5067 0.0000 0.0000 0.0000 87.6538 0.0000 70.2578 0.0000 0.0000 0.0000 0.0000 0.0000 0.0000 0.0000 29.5117 0.0000 0.0000 0.0000 0.0000 0.0000 0.0000 0.0000 55.1999 0.0000 88.5438 0.0000 0.0000 0.0000 0.0000 0.0000 83.2936 0.0000 0.0000 99.4833 0.0000 0.0000 50.7095 69.2081 39.4777 0.0000 0.0000 0.0000 58.2131 0.0000 36.4399 0.0000 0.0000 0.0000 0.0000 0.0000 0.0000 0.0000 0.0000 0.0000 0.0000 0.0000 0.0000 82.9217 19.5250 0.0000 0.0000 98.5053 30.0440 0.0000 0.0000
19.5587 0.0000 0.0000 0.0000 0.0000 34.8191 0.0000 48.8988 0.0000 0.0000 41.2405 0.0000 18.8417 0.0000 0.0000 0.0000 0.0000 0.0000 87.8836 0.0000 97.9659 81.0646 0.0000 66.1268 0.0000 0.0000 0.0000 0.0000 0.0000 0.0000 0.0000 0.0000 0.0000 90.6832 0.0000 0.0000 52.9217 0.0000 64.8389 10.1763 0.0000 0.0000 0.0000 76.6341 0.0000 0.0000 99.9036 66.0769 0.0000 0.0000 0.0000 0.0000 0.0000 99.8619 15.2848 15.8050 0.0000 0.0000 41.2794 0.0000 0.0000 0.0000 0.0000 0.0000 0.0000 0.0000 96.3730 0.0000 0.0000 0.0000 0.0000 0.0000 42.6607 0.0000 10.9020 0.0000 0.0000 33.6122 0.0000 23.0431 0.0000 0.0000 0.0000 39.4636 0.0000 0.0000 0.0000 65.5301 0.0000 0.0000 72.4712 80.9056 57.0329 20.8643 0.0000 0.0000 0.0000 18.9688 0.0000 0.0000 66.0308 0.0000 0.0000 0.0000 0.0000 94.1585 0.0000 78.2285 0.0000 51.6561 0.0000 0.0000 98.2583 35.0884 23.0271 0.0000 0.0000 0.0000 0.0000 0.0000 0.0000 0.0000 10.5839 30.0422 47.8285 72.1705 0.0000 0.0000 90.3928 0.0000 90.3084 87.2127 0.0000 0.0000 76.1204 0.0000 0.0000 0.0000 0.0000 0.0000 48.4996 0.0000 0.0000 0.0000 0.0000 0.0000 11.7522 41.6854 70.8794 0.0000 0.0000 0.0000 0.0000 0.0000 0.0000 0.0000 0.0000 17.5921 22.2111 0.0000 0.0000 0.0000 37.0667 91.4053 94.8815 0.0000 0.0000 0.0000 0.0000 0.0000 0.0000 53.8798 49.5623 0.0000 0.0000 12.7922 0.0000 0.0000 0.0000 0.0000 0.0000 0.0000 0.0000 25.8253 80.4539 69.3068 0.0000 0.0000 0.0000 0.0000
0.0000 68.0642 0.0000 0.0000 0.0000 0.0000 39.4923 0.0000 0.0000 58.7487 0.0000 35.2565 0.0000 34.1945 0.0000 0.0000 0.0000 0.0000 15.1193 70.9999 0.0000 75.6003 0.0000 0.0000 63.8942 0.0000 44.5901 0.0000 74.8398 0.0000 23.1133 0.0000 0.0000 0.0000 0.0000 55.6163 0.0000 0.0000 15.1510 0.0000 11.1220 0.0000 0.0000 0.0000 0.0000 0.0000 0.0000 62.3143 0.0000 29.2832 57.5828 0.0000 0.0000 0.0000 0.0000 0.0000 0.0000 0.0000 0.0000 0.0000 16.1731 0.0000 18.9516 0.0000 96.2958 0.0000 80.1961 0.0000 68.5138 0.0000 0.0000 80.3848 82.1996 0.0000 0.0000 0.0000 87.2995 0.0000 0.0000 0.0000 0.0000 0.0000 0.0000 94.8468 0.0000 93.0011 37.3987 0.0000 31.6622 0.0000 0.0000 0.0000 0.0000 0.0000 0.0000 0.0000 20.5520 78.3318 82.9662 0.0000 0.0000 0.0000 0.0000 0.0000 0.0000 21.0738 0.0000 0.0000 0.0000 0.0000 15.1536 0.0000 16.4950 0.0000 0.0000 0.0000 0.0000 0.0000 0.0000 0.0000 0.0000 0.0000 17.1420 0.0000 0.0000 29.6781 0.0000 40.9663 0.0000 45.6619 0.0000 0.0000 40.9712 13.8270 0.0000 0.0000 0.0000 0.0000 39.1469 88.0697 27.5472 0.0000 69.6254 0.0000 86.5515 0.0000 0.0000 0.0000 0.0000 0.0000 92.4291 65.4518 73.4065 0.0000 51.8882 0.0000 54.1835 76.8692 0.0000 0.0000 0.0000 0.0000 0.0000 0.0000 71.6677 0.0000 96.4532 0.0000 46.2025 21.8842 0.0000 85.8775 0.0000 0.0000 31.9828 0.0000 0.0000 75.6300 0.0000 69.1774 45.6225 87.8455 0.0000 0.0000 0.0000 97.7918 0.0000 85.8230 0.0000 0.0000
0.0000 0.0000 14.4899 0.0000 98.2271 0.0000 0.0000 29.9157 38.8076 0.0000 0.0000 59.7359 22.7452 0.0000 0.0000 37.9072 0.0000 0.0000 42.6451 0.0000 0.0000 33.0107 0.0000 0.0000 0.0000 0.0000 0.0000 0.0000 0.0000 0.0000 0.0000 0.0000 55.1804 0.0000 0.0000 29.2248 43.7772 0.0000 0.0000 0.0000 0.0000 0.0000 63.4451 0.0000 0.0000 97.2132 98.4812 0.0000 83.3280 0.0000 0.0000 0.0000 18.4729 0.0000 23.0830 0.0000 0.0000 0.0000 0.0000 0.0000 0.0000 0.0000 0.0000 0.0000 0.0000 0.0000 0.0000 0.0000 22.7965 86.0785 0.0000 0.0000 12.6889 80.4695 0.0000 43.8935 32.7269 0.0000 0.0000 0.0000 0.0000 91.6191 0.0000 0.0000 0.0000 36.6934 0.0000 0.0000 0.0000 0.0000 66.5316 0.0000 0.0000 0.0000 0.0000 0.0000 0.0000 0.0000 0.0000 50.4171 32.8786 0.0000 95.8541 0.0000 0.0000 0.0000 15.1018 0.0000 48.7546 13.7084 0.0000 0.0000 0.0000 15.3324 0.0000 42.6705 0.0000 0.0000 69.2577 76.8702 0.0000 26.8039 61.8398 16.2337 0.0000 0.0000 32.2592 0.0000 0.0000 0.0000 0.0000 0.0000 0.0000 0.0000 0.0000 86.3041 0.0000 0.0000 0.0000 92.5441 0.0000 0.0000 62.6538 0.0000 0.0000 0.0000 83.0968 0.0000 0.0000 34.9999 0.0000 0.0000 0.0000 59.9503 0.0000 90.9065 0.0000 0.0000 0.0000 71.2450 0.0000 0.0000 0.0000 98.5780 0.0000 0.0000 52.1656 62.2111 0.0000 0.0000 22.9829 0.0000 0.0000 0.0000 57.5841 0.0000 0.0000 0.0000 26.7092 0.0000 0.0000 0.0000 0.0000 0.0000 78.6298 85.5292 0.0000 0.0000 0.0000 87.0625
0.0000 0.0000 0.0000 0.0000 0.0000 48.9757 11.3473 0.0000 14.7774 0.0000 0.0000 76.3860 0.0000 0.0000 0.0000 71.9768 87.8559 11.5640 54.0646 51.2379 0.0000 0.0000 92.0169 0.0000 0.0000 86.4696 0.0000 0.0000 37.8465 0.0000 0.0000 0.0000 0.0000 0.0000 72.2645 0.0000 0.0000 0.0000 0.0000 0.0000 0.0000 0.0000 43.9420 0.0000 74.4397 96.6961 0.0000 0.0000 70.8751 0.0000 70.0099 46.8164 0.0000 0.0000 0.0000 0.0000 71.6705 0.0000 50.3498 0.0000 0.0000 61.9570 0.0000 0.0000 0.0000 66.9759 0.0000 0.0000 0.0000 0.0000 0.0000 0.0000 71.2637 31.3969 0.0000 0.0000 0.0000 32.4445 29.6069 99.5770 16.7564 0.0000 0.0000 0.0000 0.0000 0.0000 21.1902 99.8926 0.0000 0.0000 50.0711 58.4810 0.0000 0.0000 0.0000 0.0000 96.7754 0.0000 0.0000 0.0000 0.0000 0.0000 0.0000 18.7942 0.0000 0.0000 0.0000 0.0000 67.3379 59.0894 0.0000 0.0000 59.3937 36.8392 0.0000 0.0000 0.0000 0.0000 0.0000 0.0000 57.6564 71.0042 0.0000 0.0000 0.0000 0.0000 0.0000 0.0000 95.3204 0.0000 57.4173 15.9042 72.3233 94.5411 0.0000 82.7524 0.0000 60.7577 0.0000 0.0000 91.9809 0.0000 0.0000 76.9983 40.5427 0.0000 90.8290 0.0000 0.0000 20.0750 35.7606 0.0000 0.0000 0.0000 72.1394 0.0000 0.0000 0.0000 31.0479 0.0000 0.0000 0.0000 53.8644 0.0000 0.0000 0.0000 0.0000 0.0000 0.0000 71.9538 0.0000 25.7416 53.8014 0.0000 0.0000 37.9818 0.0000 0.0000 0.0000 0.0000 54.3805 0.0000 24.3878 0.0000 0.0000 0.0000 40.4653 62.8894 0.0000 0.0000
55.9656 64.8625 68.3307 0.0000 0.0000 78.1150 60.0542 96.4070 50.3235 0.0000 48.3129 0.0000 0.0000 79.6593 0.0000 0.0000 96.9845 49.4804 0.0000 0.0000 0.0000 0.0000 48.8634 0.0000 0.0000 0.0000 99.4059 0.0000 0.0000 0.0000 61.8403 0.0000 17.6187 0.0000 23.5374 0.0000 36.5369 98.6074 0.0000 60.5657 0.0000 59.3649 0.0000 0.0000 83.4651 0.0000 0.0000 0.0000 93.4001 0.0000 50.6892 0.0000 47.4413 0.0000 0.0000 0.0000 0.0000 31.6161 0.0000 0.0000 42.3760 0.0000 47.1596 0.0000 0.0000 0.0000 0.0000 0.0000 32.1931 0.0000 0.0000 0.0000 87.4570 29.9286 0.0000 0.0000 0.0000 0.0000 0.0000 0.0000 40.5279 16.6340 0.0000 0.0000 0.0000 0.0000 0.0000 0.0000 0.0000 0.0000 65.7521 0.0000 21.7474 10.3912 0.0000 0.0000 0.0000 20.8488 0.0000 0.0000 0.0000 0.0000 0.0000 0.0000 45.8167 10.3031 74.8692 24.5664 30.0514 0.0000 0.0000 0.0000 29.2484 66.2623 0.0000 0.0000 0.0000 75.8036 0.0000 0.0000 47.1883 0.0000 0.0000 0.0000 0.0000 54.6425 0.0000 0.0000 0.0000 17.2070 37.3591 52.3854 0.0000 42.3069 89.8616 0.0000 0.0000 0.0000 0.0000 0.0000 23.3615 10.9680 0.0000 0.0000 0.0000 40.6793 90.0253 0.0000 0.0000 0.0000 0.0000 0.0000 14.5714 0.0000 0.0000 0.0000 0.0000 0.0000 0.0000 0.0000 0.0000 0.0000 40.8585 0.0000 0.0000 0.0000 0.0000 36.2684 0.0000 0.0000 0.0000 17.6160 78.3232 0.0000 0.0000 0.0000 0.0000 0.0000 0.0000 0.0000 80.6779 0.0000 79.7340 11.9258 88.3966 0.0000 0.0000 0.0000 0.0000 0.0000
0.0000 0.0000 73.3784 0.0000 0.0000 0.0000 0.0000 0.0000 0.0000 19.7182 0.0000 98.3016 0.0000 0.0000 19.4768 0.0000 0.0000 0.0000 0.0000 0.0000 0.0000 0.0000 76.8173 0.0000 0.0000 0.0000 0.0000 94.9378 24.6993 0.0000 86.4876 0.0000 0.0000 0.0000 0.0000 0.0000 0.0000 0.0000 0.0000 0.0000 0.0000 0.0000 0.0000 67.6572 0.0000 0.0000 0.0000 0.0000 0.0000 71.2910 80.8751 31.2529 0.0000 0.0000 0.0000 0.0000 0.0000 0.0000 0.0000 21.5758 0.0000 64.1329 0.0000 0.0000 0.0000 0.0000 0.0000 0.0000 0.0000 0.0000 64.4312 0.0000 0.0000 0.0000 0.0000 0.0000 0.0000 0.0000 93.3189 0.0000 0.0000 0.0000 0.0000 20.8974 0.0000 0.0000 59.1311 0.0000 0.0000 0.0000 0.0000 0.0000 0.0000 0.0000 0.0000 0.0000 95.8706 72.3431 0.0000 75.2350 0.0000 0.0000 0.0000 0.0000 35.0954 0.0000 0.0000 0.0000 75.3708 0.0000 0.0000 40.0641 0.0000 0.0000 0.0000 14.9332 0.0000 65.2279 0.0000 0.0000 0.0000 50.3951 60.2966 0.0000 47.2515 0.0000 0.0000 91.3653 0.0000 0.0000 0.0000 0.0000 74.7621 0.0000 61.8147 0.0000 82.2397 0.0000 0.0000 0.0000 0.0000 0.0000 0.0000 0.0000 0.0000 0.0000 0.0000 0.0000 0.0000 98.4181 0.0000 46.2930 0.0000 0.0000 0.0000 0.0000 0.0000 0.0000 30.3817 0.0000 0.0000 58.0726 94.4608 81.9435 71.6356 0.0000 0.0000 32.7578 0.0000 0.0000 53.7860 38.1522 0.0000 95.9914 33.1037 0.0000 0.0000 19.8043 0.0000 91.4549 0.0000 0.0000 0.0000 0.0000 0.0000 0.0000 0.0000 10.8237 70.6699 11.6901
44.6789 66.9686 0.0000 0.0000 0.0000 93.4648 0.0000 0.0000 80.7071 0.0000 0.0000 34.5145 0.0000 0.0000 0.0000 0.0000 0.0000 0.0000 48.0839 0.0000 0.0000 0.0000 50.4159 0.0000 0.0000 0.0000 0.0000 0.0000 84.6068 0.0000 0.0000 0.0000 18.4311 81.6872 0.0000 0.0000 88.1927 0.0000 0.0000 0.0000 0.0000 0.0000 0.0000 47.2976 29.2425 0.0000 68.5543 0.0000 0.0000 26.2539 0.0000 0.0000 67.1084 0.0000 0.0000 0.0000 77.2992 69.3181 78.4759 0.0000 0.0000 0.0000 0.0000 0.0000 0.0000 88.5421 0.0000 0.0000 0.0000 0.0000 0.0000 0.0000 0.0000 0.0000 0.0000 0.0000 0.0000 0.0000 26.2151 0.0000 0.0000 0.0000 0.0000 0.0000 0.0000 0.0000 0.0000 0.0000 0.0000 78.2750 0.0000 0.0000 74.0445 0.0000 0.0000 78.8228 0.0000 0.0000 17.9389 0.0000 0.0000 0.0000 0.0000 0.0000 33.4393 0.0000 0.0000 0.0000 74.1175 15.3511 0.0000 0.0000 0.0000 66.1812 0.0000 0.0000 0.0000 49.5666 0.0000 0.0000 38.4035 37.8438 0.0000 0.0000 90.2834 0.0000 0.0000 0.0000 11.5178 0.0000 91.9913 0.0000 41.9429 0.0000 0.0000 0.0000 89.2464 0.0000 12.4275 78.3105 0.0000 0.0000 26.7567 0.0000 0.0000 90.4246 0.0000 0.0000 0.0000 0.0000 0.0000 0.0000 0.0000 0.0000 0.0000 0.0000 0.0000 0.0000 0.0000 0.0000 0.0000 98.5785 31.8653 0.0000 16.4476 0.0000 0.0000 0.0000 0.0000 0.0000 0.0000 0.0000 0.0000 0.0000 0.0000 0.0000 0.0000 0.0000 0.0000 0.0000 0.0000 50.1128 71.3907 64.2259 0.0000 0.0000 0.0000 0.0000 0.0000 78.0285
0.0000 0.0000 0.0000 0.0000 0.0000 0.0000 0.0000 0.0000 0.0000 0.0000 0.0000 0.0000 0.0000 0.0000 0.0000 0.0000 0.0000 0.0000 0.0000 0.0000 0.0000 21.8942 0.0000 0.0000 0.0000 32.6875 0.0000 0.0000 51.6440 62.2913 0.0000 0.0000 0.0000 99.6050 25.0972 66.6209 90.6499 71.3860 19.1118 0.0000 0.0000 0.0000 0.0000 16.0811 27.6273 0.0000 0.0000 0.0000 0.0000 45.5307 0.0000 21.2793 0.0000 0.0000 0.0000 0.0000 0.0000 15.9653 72.4941 26.4656 0.0000 0.0000 0.0000 0.0000 0.0000 71.6223 0.0000 0.0000 10.4649 0.0000 87.9214 18.1521 61.1866 85.5210 0.0000 76.4511 0.0000 0.0000 95.4461 0.0000 36.7088 0.0000 0.0000 54.1662 86.6172 0.0000 0.0000 35.2695 44.2702 0.0000 50.8799 0.0000 0.0000 0.0000 0.0000 0.0000 21.0024 15.3967 64.7269 0.0000 65.8588 0.0000 0.0000 19.4259 15.4858 0.0000 0.0000 0.0000 0.0000 0.0000 0.0000 0.0000 0.0000 0.0000 0.0000 0.0000 0.0000 66.5589 0.0000 0.0000 0.0000 0.0000 54.0284 0.0000 97.5538 0.0000 0.0000 0.0000 0.0000 0.0000 0.0000 0.0000 0.0000 0.0000 0.0000 0.0000 13.8685 38.4235 33.8108 33.7364 0.0000 80.8774 0.0000 23.8523 0.0000 0.0000 0.0000 0.0000 73.8012 0.0000 0.0000 0.0000 48.1948 0.0000 0.0000 86.8396 98.7587 27.3213 0.0000 0.0000 82.1357 0.0000 44.9461 32.3377 79.0005 95.1395 0.0000 0.0000 0.0000 0.0000 0.0000 90.0124 0.0000 0.0000 0.0000 79.4595 0.0000 0.0000 0.0000 45.8027 0.0000 0.0000 0.0000 0.0000 22.0185 46.4202 60.8200 0.0000 0.0000 0.0000
0.0000 0.0000 0.0000 0.0000 0.0000 40.0443 0.0000 0.0000 0.0000 0.0000 50.6800 45.5443 0.0000 0.0000 99.2889 0.0000 52.5393 88.7380 0.0000 0.0000 0.0000 51.9952 0.0000 0.0000 0.0000 0.0000 0.0000 0.0000 0.0000 0.0000 0.0000 0.0000 84.6665 0.0000 0.0000 0.0000 75.2630 0.0000 0.0000 0.0000 0.0000 33.8535 0.0000 0.0000 0.0000 0.0000 49.5906 0.0000 67.9720 0.0000 0.0000 0.0000 0.0000 0.0000 30.1237 0.0000 0.0000 0.0000 0.0000 0.0000 18.2318 0.0000 0.0000 0.0000 0.0000 0.0000 0.0000 79.9997 0.0000 21.3134 0.0000 0.0000 0.0000 0.0000 0.0000 26.6666 0.0000 0.0000 0.0000 0.0000 0.0000 84.5505 0.0000 93.7111 0.0000 0.0000 56.9778 28.0031 0.0000 32.4711 0.0000 99.6623 0.0000 0.0000 0.0000 0.0000 0.0000 23.0476 0.0000 73.3449 0.0000 82.0664 0.0000 11.8532 0.0000 0.0000 67.6252 57.5441 0.0000 0.0000 74.7310 0.0000 0.0000 0.0000 0.0000 73.8601 38.0952 81.0660 0.0000 0.0000 0.0000 87.5396 56.9089 79.1693 0.0000 0.0000 0.0000 0.0000 33.0495 49.8092 0.0000 92.8025 0.0000 0.0000 79.2241 0.0000 0.0000 0.0000 0.0000 0.0000 63.3446 43.3636 0.0000 71.8907 59.8036 0.0000 0.0000 66.3562 0.0000 0.0000 0.0000 0.0000 39.9273 0.0000 47.4389 0.0000 0.0000 30.3260 0.0000 51.0523 58.2197 41.5133 0.0000 25.8814 0.0000 0.0000 0.0000 0.0000 95.8126 0.0000 0.0000 0.0000 27.0099 0.0000 19.7095 0.0000 0.0000 0.0000 33.5843 78.9070 0.0000 18.9835 0.0000 0.0000 67.6791 0.0000 25.2478 0.0000 0.0000 82.4505
0.0000 98.4922 0.0000 0.0000 52.7343 49.8198 0.0000 38.9521 0.0000 0.0000 85.0421 63.1579 0.0000 53.8708 0.0000 92.0931 27.3069 0.0000 0.0000 0.0000 0.0000 60.9557 46.2120 0.0000 0.0000 0.0000 0.0000 0.0000 72.5082 47.8704 0.0000 0.0000 0.0000 0.0000 0.0000 0.0000 0.0000 89.0713 0.0000 47.2649 0.0000 0.0000 0.0000 0.0000 0.0000 57.3113 0.0000 72.9103 39.8962 58.4272 0.0000 0.0000 0.0000 0.0000 75.2104 0.0000 91.7515 0.0000 16.3469 0.0000 0.0000 0.0000 0.0000 0.0000 0.0000 73.6844 0.0000 0.0000 0.0000 34.2203 0.0000 0.0000 62.0593 0.0000 0.0000 0.0000 0.0000 76.0469 0.0000 83.9302 0.0000 0.0000 0.0000 0.0000 0.0000 0.0000 0.0000 62.5377 0.0000 0.0000 0.0000 0.0000 0.0000 0.0000 0.0000 39.1424 0.0000 22.6716 0.0000 31.5783 0.0000 0.0000 0.0000 0.0000 56.3913 46.0002 56.4076 0.0000 0.0000 63.9883 0.0000 0.0000 0.0000 0.0000 67.2621 0.0000 74.7618 0.0000 0.0000 0.0000 0.0000 0.0000 0.0000 48.5736 0.0000 0.0000 13.7933 0.0000 0.0000 0.0000 0.0000 0.0000 86.5729 0.0000 16.3930 0.0000 0.0000 0.0000 35.1606 0.0000 0.0000 0.0000 33.1717 0.0000 0.0000 26.5464 0.0000 0.0000 0.0000 0.0000 0.0000 0.0000 0.0000 11.9266 67.3961 51.1148 61.2861 0.0000 0.0000 0.0000 0.0000 0.0000 0.0000 0.0000 0.0000 0.0000 0.0000 0.0000 0.0000 0.0000 0.0000 0.0000 0.0000 71.8814 83.6156 0.0000 40.5514 0.0000 80.2358 0.0000 73.3347 68.0969 0.0000 0.0000 0.0000 97.5784 0.0000 0.0000 90.6647 0.0000
72.4970 0.0000 94.4877 0.0000 0.0000 0.0000 35.8537 0.0000 44.7705 0.0000 0.0000 0.0000 0.0000 0.0000 58.2938 65.6175 0.0000 0.0000 72.1714 0.0000 51.4183 0.0000 0.0000 0.0000 0.0000 0.0000 71.0161 11.3869 0.0000 0.0000 0.0000 0.0000 79.9440 0.0000 0.0000 0.0000 55.1125 0.0000 0.0000 0.0000 0.0000 0.0000 0.0000 0.0000 0.0000 0.0000 0.0000 96.0840 0.0000 97.0968 0.0000 46.0771 0.0000 0.0000 14.0466 40.9064 67.6967 0.0000 35.7143 0.0000 0.0000 0.0000 0.0000 0.0000 50.9609 20.6439 0.0000 0.0000 0.0000 0.0000 27.6243 64.3022 0.0000 15.9104 45.4511 58.1335 0.0000 0.0000 0.0000 0.0000 0.0000 61.7380 0.0000 0.0000 93.7943 16.8901 0.0000 0.0000 0.0000 0.0000 56.7822 0.0000 0.0000 0.0000 0.0000 0.0000 0.0000 14.6442 66.1348 63.3815 0.0000 18.9425 71.6007 0.0000 32.7604 0.0000 0.0000 0.0000 0.0000 0.0000 0.0000 0.0000 0.0000 0.0000 0.0000 0.0000 0.0000 0.0000 0.0000 0.0000 0.0000 0.0000 0.0000 36.3623 65.6480 0.0000 16.0610 0.0000 0.0000 0.0000 0.0000 38.9157 0.0000 47.7929 0.0000 0.0000 0.0000 91.6013 0.0000 0.0000 0.0000 0.0000 0.0000 0.0000 0.0000 0.0000 0.0000 0.0000 0.0000 25.3513 0.0000 54.6398 88.0138 56.8195 0.0000 0.0000 0.0000 76.2919 0.0000 0.0000 0.0000 0.0000 82.9816 0.0000 0.0000 77.4230 38.7329 0.0000 0.0000 0.0000 0.0000 0.0000 0.0000 0.0000 0.0000 0.0000 21.3004 0.0000 54.6234 28.4981 0.0000 0.0000 0.0000 76.9249 44.2305 0.0000 0.0000 0.0000 0.0000 28.6865
0.0000 68.4597 0.0000 0.0000 0.0000 75.2105 0.0000 46.3115 82.4223 0.0000 0.0000 0.0000 0.0000 74.8984 0.0000 67.5846 0.0000 0.0000 0.0000 21.7636 44.3194 0.0000 75.7199 0.0000 0.0000 0.0000 0.0000 0.0000 0.0000 0.0000 0.0000 0.0000 0.0000 25.1612 38.7601 0.0000 0.0000 0.0000 78.7459 0.0000 0.0000 0.0000 0.0000 42.9014 0.0000 0.0000 0.0000 0.0000 34.1162 0.0000 43.6643 0.0000 0.0000 0.0000 40.1022 0.0000 0.0000 0.0000 0.0000 79.3124 0.0000 0.0000 0.0000 0.0000 81.1187 0.0000 88.6807 0.0000 0.0000 0.0000 0.0000 0.0000 0.0000 66.1373 0.0000 66.6697 70.6417 32.6682 0.0000 0.0000 82.6574 47.1137 0.0000 0.0000 0.0000 0.0000 0.0000 0.0000 45.7952 0.0000 0.0000 0.0000 0.0000 0.0000 0.0000 25.2316 32.6852 45.9367 0.0000 0.0000 0.0000 0.0000 0.0000 0.0000 0.0000 0.0000 78.2920 0.0000 70.4490 0.0000 0.0000 0.0000 14.4471 0.0000 0.0000 83.4155 59.8395 0.0000 0.0000 0.0000 74.4195 35.8808 0.0000 33.5123 0.0000 31.5872 72.2212 0.0000 12.4506 50.2831 0.0000 69.3365 69.6064 0.0000 0.0000 0.0000 0.0000 0.0000 30.7228 39.0443 0.0000 0.0000 0.0000 0.0000 0.0000 0.0000 0.0000 76.1727 0.0000 90.9651 0.0000 0.0000 0.0000 0.0000 0.0000 0.0000 16.2203 59.6644 51.8442 0.0000 0.0000 0.0000 14.9275 0.0000 20.9783 0.0000 0.0000 0.0000 0.0000 16.1974 0.0000 0.0000 26.8317 38.9126 0.0000 0.0000 0.0000 0.0000 0.0000 0.0000 0.0000 0.0000 55.2205 48.8959 0.0000 99.2449 0.0000 0.0000 74.8648 55.0092
0.0000 24.7005 0.0000 0.0000 0.0000 0.0000 62.2812 0.0000 0.0000 0.0000 74.7184 35.0110 38.0350 0.0000 98.8613 43.2713 0.0000 69.8808 0.0000 73.5609 0.0000 0.0000 0.0000 91.7990 0.0000 0.0000 67.8451 0.0000 93.0830 0.0000 0.0000 0.0000 0.0000 0.0000 57.0059 0.0000 0.0000 0.0000 0.0000 0.0000 0.0000 0.0000 0.0000 0.0000 0.0000 0.0000 0.0000 0.0000 0.0000 72.9382 82.7759 0.0000 76.6952 0.0000 53.3848 0.0000 0.0000 49.2158 0.0000 0.0000 71.3144 74.7186 0.0000 65.7794 32.4651 0.0000 0.0000 0.0000 67.4223 0.0000 85.4542 0.0000 0.0000 0.0000 25.5441 0.0000 0.0000 0.0000 0.0000 0.0000 66.3310 0.0000 0.0000 77.5391 0.0000 0.0000 37.2953 48.0539 0.0000 0.0000 0.0000 68.2627 0.0000 14.4419 0.0000 0.0000 0.0000 48.1866 85.7231 0.0000 0.0000 74.3633 38.8151 0.0000 0.0000 46.7178 98.9690 15.2792 0.0000 0.0000 0.0000 0.0000 0.0000 0.0000 0.0000 0.0000 20.7786 0.0000 0.0000 0.0000 0.0000 91.9316 0.0000 0.0000 0.0000 0.0000 0.0000 0.0000 99.2257 87.3919 0.0000 0.0000 59.4121 49.4485 0.0000 0.0000 55.5637 0.0000 0.0000 98.4398 0.0000 0.0000 13.5814 13.2996 99.9588 0.0000 0.0000 45.2556 0.0000 0.0000 76.5002 0.0000 0.0000 0.0000 33.0559 14.9180 0.0000 0.0000 0.0000 0.0000 0.0000 0.0000 0.0000 0.0000 12.7690 0.0000 0.0000 74.1647 0.0000 33.8410 15.3097 86.2668 0.0000 12.6299 0.0000 0.0000 42.7989 0.0000 0.0000 0.0000 0.0000 48.7588 0.0000 0.0000 20.4414 0.0000 0.0000 46.2824 0.0000 74.7439
0.0000 0.0000 0.0000 80.0593 0.0000 96.8153 17.1345 0.0000 75.2417 0.0000 77.6264 0.0000 13.2185 87.1307 0.0000 32.9280 0.0000 0.0000 0.0000 0.0000 72.8889 0.0000 0.0000 23.1063 0.0000 0.0000 68.3156 0.0000 0.0000 0.0000 0.0000 56.5804 0.0000 64.8739 0.0000 78.9176 31.1311 70.4938 0.0000 0.0000 0.0000 0.0000 0.0000 0.0000 0.0000 79.5738 0.0000 0.0000 63.5573 0.0000 85.1174 0.0000 0.0000 0.0000 0.0000 0.0000 0.0000 0.0000 0.0000 0.0000 0.0000 0.0000 0.0000 0.0000 0.0000 0.0000 0.0000 0.0000 27.2546 0.0000 0.0000 48.3735 0.0000 0.0000 0.0000 0.0000 0.0000 0.0000 0.0000 0.0000 0.0000 0.0000 16.3063 0.0000 0.0000 0.0000 0.0000 0.0000 0.0000 76.2335 0.0000 0.0000 0.0000 0.0000 0.0000 0.0000 10.2740 0.0000 96.4574 0.0000 0.0000 0.0000 72.5154 0.0000 78.5776 0.0000 0.0000 60.5734 0.0000 0.0000 0.0000 0.0000 0.0000 17.4111 0.0000 0.0000 0.0000 0.0000 0.0000 0.0000 0.0000 0.0000 0.0000 0.0000 0.0000 0.0000 0.0000 0.0000 17.8692 0.0000 0.0000 31.5432 61.1188 0.0000 0.0000 0.0000 0.0000 0.0000 0.0000 57.5769 82.3869 62.4893 0.0000 0.0000 0.0000 0.0000 0.0000 0.0000 74.4406 0.0000 0.0000 13.3226 0.0000 64.7575 0.0000 66.3160 14.3160 0.0000 0.0000 0.0000 0.0000 0.0000 0.0000 0.0000 81.9987 0.0000 0.0000 0.0000 0.0000 0.0000 47.6002 0.0000 0.0000 0.0000 0.0000 0.0000 0.0000 0.0000 0.0000 20.5886 0.0000 90.8430 0.0000 0.0000 54.3984 11.2913 95.0936 0.0000 85.0171 0.0000
0.0000 0.0000 0.0000 0.0000 72.3790 0.0000 26.9448 0.0000 0.0000 88.7042 0.0000 0.0000 0.0000 0.0000 25.9627 0.0000 0.0000 60.3053 27.8048 0.0000 54.6132 0.0000 0.0000 0.0000 0.0000 0.0000 0.0000 0.0000 0.0000 38.3930 72.8849 0.0000 63.8611 10.0935 15.1049 0.0000 0.0000 0.0000 58.5796 0.0000 32.4170 87.8893 0.0000 0.0000 18.7153 0.0000 71.6824 51.7634 0.0000 0.0000 0.0000 0.0000 0.0000 0.0000 0.0000 0.0000 0.0000 0.0000 0.0000 30.1047 0.0000 0.0000 0.0000 0.0000 0.0000 0.0000 0.0000 25.2012 0.0000 0.0000 0.0000 0.0000 34.1711 0.0000 0.0000 75.1753 86.4387 0.0000 0.0000 0.0000 0.0000 0.0000 18.1917 0.0000 0.0000 0.0000 0.0000 0.0000 0.0000 0.0000 0.0000 0.0000 0.0000 0.0000 27.1174 0.0000 13.8385 36.4632 0.0000 67.5099 0.0000 74.4491 70.8267 0.0000 79.4023 0.0000 0.0000 0.0000 0.0000 0.0000 76.4343 0.0000 0.0000 0.0000 74.3794 0.0000 61.5183 35.6960 0.0000 0.0000 0.0000 0.0000 28.2396 0.0000 0.0000 16.2453 0.0000 0.0000 83.2830 0.0000 0.0000 0.0000 0.0000 0.0000 44.0285 0.0000 0.0000 0.0000 0.0000 0.0000 37.9390 0.0000 0.0000 0.0000 61.8971 0.0000 0.0000 0.0000 0.0000 0.0000 0.0000 40.3074 0.0000 0.0000 0.0000 89.5222 32.8385 0.0000 0.0000 0.0000 20.7823 64.6444 0.0000 64.4519 0.0000 0.0000 71.8598 0.0000 0.0000 16.9056 0.0000 53.1435 0.0000 0.0000 0.0000 0.0000 0.0000 0.0000 0.0000 0.0000 0.0000 15.5903 0.0000 0.0000 96.5257 0.0000 38.6856 57.5032 0.0000 0.0000
34.6037 28.7862 0.0000 0.0000 68.5544 0.0000 0.0000 41.5052 0.0000 0.0000 85.9744 27.9999 0.0000 0.0000 0.0000 0.0000 0.0000 0.0000 0.0000 0.0000 79.9571 77.4913 0.0000 0.0000 0.0000 0.0000 0.0000 29.7952 0.0000 99.7691 26.2687 35.2757 0.0000 0.0000 49.1093 65.4237 0.0000 0.0000 0.0000 0.0000 0.0000 0.0000 72.9507 0.0000 0.0000 0.0000 57.4745 0.0000 0.0000 0.0000 0.0000 44.8141 92.1171 54.3341 17.7375 0.0000 75.3128 75.5569 47.1087 0.0000 86.4091 0.0000 0.0000 0.0000 0.0000 0.0000 82.6451 0.0000 0.0000 0.0000 22.0660 99.7684 0.0000 20.3032 34.5292 0.0000 0.0000 0.0000 0.0000 0.0000 0.0000 0.0000 0.0000 0.0000 30.0477 0.0000 0.0000 0.0000 0.0000 0.0000 0.0000 0.0000 80.1173 0.0000 0.0000 0.0000 0.0000 50.4047 0.0000 0.0000 0.0000 94.5192 14.4185 0.0000 0.0000 0.0000 0.0000 0.0000 0.0000 0.0000 0.0000 69.5411 0.0000 0.0000 95.0380 0.0000 0.0000 0.0000 0.0000 50.1648 31.5997 0.0000 0.0000 88.3538 0.0000 0.0000 0.0000 0.0000 68.6294 0.0000 12.2187 0.0000 0.0000 0.0000 0.0000 38.6128 86.2525 0.0000 65.3762 0.0000 89.8865 0.0000 0.0000 0.0000 0.0000 0.0000 0.0000 0.0000 0.0000 0.0000 74.0958 0.0000 0.0000 0.0000 0.0000 24.9002 0.0000 0.0000 50.0888 0.0000 0.0000 0.0000 90.0320 89.4914 76.6499 93.9167 0.0000 57.4787 0.0000 0.0000 11.8047 0.0000 16.7832 0.0000 48.2646 0.0000 0.0000 0.0000 0.0000 0.0000 0.0000 0.0000 0.0000 0.0000 0.0000 0.0000 0.0000 76.2895 0.0000 51.7998
0.0000 0.0000 54.4632 0.0000 0.0000 0.0000 0.0000 0.0000 0.0000 0.0000 0.0000 0.0000 0.0000 0.0000 0.0000 51.0494 0.0000 96.0944 0.0000 0.0000 99.7812 0.0000 78.2619 49.7329 34.2447 0.0000 0.0000 0.0000 0.0000 0.0000 0.0000 0.0000 0.0000 0.0000 0.0000 0.0000 0.0000 0.0000 0.0000 0.0000 0.0000 0.0000 51.0590 0.0000 0.0000 0.0000 0.0000 18.7472 0.0000 0.0000 31.9410 46.0223 41.3902 0.0000 0.0000 0.0000 72.4929 0.0000 0.0000 75.9494 24.4447 0.0000 0.0000 0.0000 0.0000 0.0000 62.9887 0.0000 0.0000 0.0000 0.0000 0.0000 73.2594 0.0000 0.0000 0.0000 0.0000 0.0000 13.7001 0.0000 0.0000 37.5955 0.0000 0.0000 45.6446 0.0000 0.0000 0.0000 0.0000 55.0497 66.9436 0.0000 0.0000 0.0000 0.0000 0.0000 0.0000 46.3425 0.0000 0.0000 0.0000 0.0000 0.0000 0.0000 0.0000 0.0000 0.0000 22.6544 0.0000 65.4391 0.0000 0.0000 84.6557 33.6380 78.5091 0.0000 64.1846 0.0000 0.0000 62.1124 53.2118 0.0000 93.7947 23.5922 0.0000 0.0000 0.0000 0.0000 0.0000 0.0000 43.2173 69.9825 0.0000 0.0000 0.0000 0.0000 0.0000 0.0000 0.0000 0.0000 66.5261 0.0000 31.3736 0.0000 0.0000 87.7989 0.0000 0.0000 47.8026 82.3469 0.0000 88.2263 92.5888 0.0000 0.0000 0.0000 19.2121 0.0000 98.7177 39.9136 0.0000 0.0000 0.0000 0.0000 0.0000 0.0000 0.0000 44.1035 0.0000 0.0000 0.0000 0.0000 87.7856 36.3512 0.0000 0.0000 0.0000 0.0000 85.6834 0.0000 0.0000 0.0000 45.8128 0.0000 0.0000 0.0000 0.0000 0.0000 0.0000 17.3917
0.0000 0.0000 76.7705 44.6501 36.9446 0.0000 0.0000 0.0000 0.0000 0.0000 10.2684 0.0000 20.4885 28.1315 0.0000 0.0000 29.8395 0.0000 0.0000 0.0000 37.7438 0.0000 0.0000 0.0000 0.0000 0.0000 0.0000 0.0000 0.0000 0.0000 0.0000 47.0621 0.0000 0.0000 0.0000 0.0000 46.4070 0.0000 35.4533 0.0000 0.0000 0.0000 0.0000 0.0000 0.0000 17.2497 0.0000 27.9123 10.1323 0.0000 0.0000 45.6805 0.0000 0.0000 0.0000 0.0000 0.0000 0.0000 55.6624 0.0000 0.0000 0.0000 0.0000 0.0000 72.5536 33.4386 0.0000 81.3611 0.0000 0.0000 0.0000 0.0000 0.0000 0.0000 0.0000 0.0000 0.0000 0.0000 0.0000 0.0000 12.1336 0.0000 17.4293 97.0446 0.0000 0.0000 0.0000 0.0000 0.0000 0.0000 0.0000 0.0000 0.0000 26.9980 0.0000 0.0000 0.0000 0.0000 0.0000 15.1565 19.0879 0.0000 0.0000 89.0777 97.1507 0.0000 0.0000 0.0000 86.5298 0.0000 27.3073 93.2717 75.2622 39.2823 0.0000 0.0000 0.0000 0.0000 0.0000 0.0000 34.2037 0.0000 0.0000 0.0000 0.0000 0.0000 0.0000 0.0000 85.6312 0.0000 0.0000 23.1084 54.6627 0.0000 89.6339 0.0000 0.0000 77.5121 46.5601 0.0000 0.0000 0.0000 0.0000 21.1105 0.0000 0.0000 0.0000 17.9238 0.0000 0.0000 15.7853 0.0000 72.6396 50.9281 0.0000 0.0000 0.0000 0.0000 0.0000 0.0000 59.3517 0.0000 0.0000 55.4447 31.6760 90.1836 55.4776 0.0000 64.2475 98.3263 0.0000 0.0000 0.0000 0.0000 0.0000 75.7108 0.0000 0.0000 0.0000 0.0000 57.2238 58.9060 0.0000 0.0000 0.0000 12.3651 0.0000 35.8017 0.0000 0.0000
0.0000 0.0000 96.1729 0.0000 0.0000 0.0000 0.0000 0.0000 0.0000 0.0000 0.0000 0.0000 0.0000 0.0000 0.0000 48.1758 38.5689 53.5522 37.4937 57.2044 0.0000 0.0000 0.0000 24.5893 0.0000 0.0000 0.0000 0.0000 38.2923 68.3074 0.0000 38.1132 0.0000 0.0000 0.0000 0.0000 36.1909 0.0000 0.0000 43.5589 15.4416 86.4873 11.3687 15.9320 0.0000 0.0000 35.3797 0.0000 0.0000 0.0000 0.0000 0.0000 0.0000 0.0000 0.0000 0.0000 0.0000 0.0000 69.4534 0.0000 0.0000 0.0000 0.0000 0.0000 0.0000 0.0000 0.0000 0.0000 0.0000 0.0000 0.0000 0.0000 0.0000 29.0522 50.3051 0.0000 66.0307 0.0000 0.0000 0.0000 60.8263 0.0000 0.0000 0.0000 0.0000 0.0000 38.2760 0.0000 0.0000 0.0000 18.5635 85.9027 0.0000 0.0000 0.0000 0.0000 96.0600 0.0000 0.0000 68.4052 0.0000 59.6717 0.0000 20.0537 0.0000 0.0000 0.0000 0.0000 0.0000 0.0000 0.0000 0.0000 0.0000 0.0000 0.0000 0.0000 99.6411 0.0000 0.0000 0.0000 0.0000 54.4679 0.0000 62.4608 0.0000 0.0000 0.0000 0.0000 0.0000 0.0000 37.1282 88.3068 0.0000 0.0000 0.0000 0.0000 0.0000 0.0000 0.0000 0.0000 0.0000 0.0000 0.0000 0.0000 0.0000 70.3051 0.0000 0.0000 0.0000 97.7415 0.0000 0.0000 0.0000 15.4402 0.0000 0.0000 0.0000 0.0000 37.6156 64.6689 45.0757 0.0000 58.4860 0.0000 0.0000 0.0000 57.1623 0.0000 0.0000 0.0000 0.0000 0.0000 0.0000 50.0861 47.5859 0.0000 0.0000 0.0000 90.6380 0.0000 67.0609 56.4837 0.0000 0.0000 0.0000 0.0000 0.0000 29.2261 0.0000 0.0000
0.0000 0.0000 0.0000 0.0000 0.0000 51.4254 0.0000 90.4093 0.0000 0.0000 0.0000 0.0000 0.0000 11.7737 0.0000 93.5296 52.3681 0.0000 0.0000 26.5094 0.0000 0.0000 0.0000 14.7040 0.0000 0.0000 0.0000 86.6142 52.2232 0.0000 0.0000 0.0000 0.0000 0.0000 0.0000 0.0000 0.0000 37.7024 0.0000 23.8536 14.6159 47.6550 0.0000 0.0000 0.0000 0.0000 15.5531 0.0000 0.0000 0.0000 0.0000 0.0000 0.0000 0.0000 25.3217 61.6220 0.0000 0.0000 0.0000 0.0000 0.0000 0.0000 26.1437 0.0000 75.5460 90.4227 0.0000 0.0000 0.0000 0.0000 0.0000 0.0000 70.2498 45.7228 0.0000 19.3135 0.0000 0.0000 0.0000 0.0000 61.2754 0.0000 0.0000 95.2879 0.0000 26.7851 0.0000 96.6918 0.0000 43.8677 0.0000 61.8921 57.0710 0.0000 34.3550 0.0000 26.0323 84.4128 0.0000 81.1025 50.9887 22.9067 0.0000 0.0000 0.0000 0.0000 0.0000 0.0000 0.0000 0.0000 58.6663 0.0000 79.6378 0.0000 0.0000 0.0000 0.0000 0.0000 55.2396 0.0000 19.3448 0.0000 41.5064 0.0000 0.0000 0.0000 0.0000 0.0000 0.0000 51.8912 0.0000 81.6092 0.0000 0.0000 26.8404 71.3138 0.0000 13.1179 0.0000 0.0000 0.0000 0.0000 0.0000 0.0000 0.0000 0.0000 0.0000 69.2820 0.0000 20.8690 0.0000 0.0000 44.6975 0.0000 0.0000 0.0000 0.0000 23.3934 0.0000 0.0000 0.0000 0.0000 0.0000 62.8301 81.6583 51.8427 65.6150 0.0000 0.0000 10.9549 0.0000 0.0000 0.0000 0.0000 50.5993 77.7708 0.0000 39.2948 0.0000 0.0000 78.4028 0.0000 0.0000 63.3847 0.0000 0.0000 0.0000 87.5325 0.0000 0.0000
20.3823 0.0000 0.0000 41.2877 0.0000 0.0000 97.0784 63.7169 0.0000 0.0000 86.3278 41.3336 0.0000 49.8772 0.0000 0.0000 0.0000 46.4693 0.0000 70.2900 0.0000 0.0000 0.0000 0.0000 0.0000 0.0000 48.9600 0.0000 0.0000 69.6603 28.0920 0.0000 56.0120 0.0000 0.0000 0.0000 0.0000 45.0155 0.0000 0.0000 0.0000 0.0000 62.9957 0.0000 12.2720 22.8808 0.0000 28.1542 0.0000 0.0000 88.6352 0.0000 0.0000 29.9904 0.0000 71.3993 52.5044 0.0000 84.5050 25.7882 46.6876 0.0000 0.0000 61.3520 54.8871 0.0000 0.0000 0.0000 0.0000 0.0000 0.0000 0.0000 0.0000 0.0000 37.8438 0.0000 92.4900 99.2921 0.0000 0.0000 91.8980 0.0000 55.1062 0.0000 0.0000 0.0000 0.0000 0.0000 11.7472 45.4633 23.1933 37.1919 0.0000 42.3454 45.0738 22.0465 0.0000 0.0000 90.6086 38.3836 0.0000 14.5166 65.6649 0.0000 0.0000 93.9109 0.0000 0.0000 69.8592 0.0000 0.0000 0.0000 10.3793 0.0000 0.0000 63.3600 0.0000 27.9365 0.0000 0.0000 76.1902 0.0000 0.0000 0.0000 0.0000 0.0000 0.0000 0.0000 0.0000 0.0000 17.7145 0.0000 10.3437 76.3137 73.8840 0.0000 0.0000 0.0000 0.0000 46.9711 62.2269 0.0000 0.0000 0.0000 0.0000 0.0000 0.0000 0.0000 0.0000 0.0000 0.0000 0.0000 0.0000 96.2101 0.0000 0.0000 0.0000 0.0000 0.0000 44.0415 0.0000 0.0000 0.0000 0.0000 0.0000 0.0000 69.9966 0.0000 71.1882 0.0000 19.3228 0.0000 0.0000 52.1126 0.0000 0.0000 0.0000 26.2996 26.7337 0.0000 0.0000 74.4957 0.0000 0.0000 0.0000 75.9323 0.0000 0.0000 0.0000 28.3602
0.0000 69.5472 0.0000 0.0000 60.3567 76.1988 52.6560 38.2666 0.0000 0.0000 0.0000 0.0000 0.0000 70.4870 30.2656 0.0000 0.0000 0.0000 0.0000 0.0000 0.0000 0.0000 0.0000 41.3413 0.0000 42.2668 99.1947 67.5040 0.0000 0.0000 0.0000 82.0731 0.0000 0.0000 0.0000 45.8254 0.0000 0.0000 0.0000 0.0000 79.5246 0.0000 56.1000 0.0000 0.0000 0.0000 0.0000 0.0000 0.0000 0.0000 0.0000 0.0000 76.9197 0.0000 64.4542 37.2194 47.6407 29.5286 0.0000 0.0000 0.0000 0.0000 0.0000 0.0000 19.0420 0.0000 0.0000 50.7408 77.7107 0.0000 0.0000 0.0000 54.8340 10.3655 0.0000 0.0000 0.0000 17.0294 81.0491 0.0000 0.0000 0.0000 0.0000 0.0000 0.0000 63.4673 0.0000 14.7362 48.7030 0.0000 78.0321 43.9313 0.0000 0.0000 0.0000 0.0000 0.0000 0.0000 0.0000 0.0000 89.9785 0.0000 0.0000 42.7260 20.8614 0.0000 0.0000 45.1983 20.0975 0.0000 0.0000 0.0000 0.0000 64.2705 0.0000 0.0000 0.0000 49.6006 0.0000 0.0000 0.0000 21.6576 0.0000 0.0000 0.0000 0.0000 0.0000 0.0000 39.7080 0.0000 0.0000 0.0000 94.6495 65.7697 0.0000 0.0000 0.0000 0.0000 42.3039 0.0000 0.0000 0.0000 64.5826 0.0000 0.0000 42.5775 0.0000 0.0000 0.0000 40.0694 0.0000 0.0000 72.3084 46.4721 0.0000 51.5313 82.6872 0.0000 67.3229 0.0000 0.0000 0.0000 0.0000 0.0000 0.0000 0.0000 0.0000 0.0000 0.0000 0.0000 0.0000 0.0000 82.1906 0.0000 0.0000 0.0000 0.0000 0.0000 0.0000 0.0000 62.2349 0.0000 0.0000 29.7405 0.0000 0.0000 24.3000 32.7190 0.0000 0.0000
46.1242 0.0000 91.8802 0.0000 0.0000 0.0000 12.0331 0.0000 70.2761 0.0000 0.0000 0.0000 0.0000 32.6339 0.0000 0.0000 0.0000 0.0000 50.7499 0.0000 0.0000 0.0000 0.0000 0.0000 0.0000 12.5343 0.0000 0.0000 0.0000 0.0000 0.0000 53.8899 0.0000 0.0000 82.4271 75.3751 74.0928 14.4885 23.6391 22.9184 0.0000 0.0000 12.5542 71.9430 80.4743 49.7085 0.0000 0.0000 0.0000 0.0000 41.2692 0.0000 53.3425 65.6230 96.4156 0.0000 0.0000 0.0000 0.0000 0.0000 22.2762 0.0000 84.1009 90.8883 0.0000 0.0000 0.0000 0.0000 0.0000 92.7024 36.1860 14.7761 18.0276 48.0015 69.5643 0.0000 0.0000 0.0000 0.0000 42.9526 0.0000 99.5821 0.0000 53.6792 0.0000 0.0000 0.0000 74.6464 0.0000 0.0000 0.0000 78.2299 0.0000 0.0000 74.7740 97.8448 0.0000 0.0000 44.4615 49.0450 24.8466 57.5276 0.0000 0.0000 0.0000 17.6460 0.0000 82.2180 0.0000 88.3099 0.0000 0.0000 0.0000 0.0000 0.0000 0.0000 0.0000 85.6132 0.0000 0.0000 0.0000 42.1937 0.0000 0.0000 0.0000 0.0000 0.0000 0.0000 0.0000 0.0000 45.1623 0.0000 0.0000 0.0000 0.0000 24.1129 0.0000 66.0706 16.3287 0.0000 0.0000 10.9018 67.8432 0.0000 0.0000 0.0000 0.0000 0.0000 0.0000 40.5992 0.0000 0.0000 0.0000 0.0000 86.5137 0.0000 92.7710 44.5599 0.0000 0.0000 0.0000 70.2860 0.0000 0.0000 0.0000 0.0000 0.0000 0.0000 60.1606 0.0000 0.0000 0.0000 10.1454 0.0000 0.0000 0.0000 0.0000 0.0000 0.0000 0.0000 0.0000 0.0000 0.0000 0.0000 0.0000 50.1925 19.4363 0.0000 0.0000 0.0000
0.0000 0.0000 0.0000 75.0317 0.0000 0.0000 0.0000 79.9635 0.0000 0.0000 0.0000 0.0000 0.0000 98.6423 72.2023 14.7014 0.0000 78.5745 23.5163 0.0000 0.0000 40.7410 0.0000 0.0000 0.0000 0.0000 29.3145 15.0200 0.0000 0.0000 0.0000 0.0000 73.1752 0.0000 19.3128 0.0000 0.0000 0.0000 0.0000 24.7809 24.4341 0.0000 42.7979 0.0000 0.0000 66.0307 0.0000 0.0000 0.0000 62.2048 94.1508 0.0000 0.0000 0.0000 0.0000 0.0000 77.5635 0.0000 0.0000 0.0000 0.0000 50.6667 0.0000 0.0000 0.0000 0.0000 0.0000 55.7247 0.0000 0.0000 0.0000 0.0000 0.0000 0.0000 0.0000 0.0000 0.0000 0.0000 0.0000 0.0000 0.0000 51.7563 0.0000 0.0000 0.0000 0.0000 43.6651 0.0000 0.0000 99.7962 0.0000 0.0000 88.5324 0.0000 0.0000 0.0000 0.0000 75.6533 79.8989 0.0000 0.0000 95.6784 0.0000 0.0000 0.0000 0.0000 0.0000 36.6176 0.0000 0.0000 0.0000 0.0000 0.0000 67.5458 40.1167 78.9358 0.0000 0.0000 83.5314 0.0000 83.8098 0.0000 0.0000 54.3348 96.0702 88.4147 0.0000 86.7698 0.0000 0.0000 70.5633 0.0000 77.8413 0.0000 98.6352 0.0000 0.0000 0.0000 55.0201 0.0000 0.0000 0.0000 0.0000 0.0000 0.0000 0.0000 0.0000 0.0000 0.0000 0.0000 0.0000 0.0000 74.3945 0.0000 0.0000 10.6313 0.0000 18.0833 0.0000 0.0000 0.0000 0.0000 35.8418 0.0000 48.1268 58.8506 0.0000 0.0000 70.2506 99.5765 0.0000 0.0000 0.0000 68.8967 0.0000 0.0000 86.2207 0.0000 0.0000 0.0000 0.0000 91.9972 0.0000 0.0000 0.0000 11.4831 11.5026 0.0000 18.0824 0.0000
0.0000 0.0000 0.0000 13.2436 0.0000 0.0000 0.0000 43.5939 99.3379 14.3341 43.2703 0.0000 0.0000 85.2462 0.0000 0.0000 0.0000 0.0000 87.1854 0.0000 0.0000 0.0000 29.0129 0.0000 83.5431 87.6025 86.3049 0.0000 0.0000 0.0000 0.0000 0.0000 51.6720 46.8305 0.0000 22.2818 0.0000 0.0000 0.0000 0.0000 0.0000 0.0000 0.0000 0.0000 57.1346 48.2246 25.2738 83.2830 0.0000 66.1519 0.0000 0.0000 0.0000 0.0000 0.0000 0.0000 0.0000 33.4829 27.5205 0.0000 0.0000 0.0000 42.2672 0.0000 0.0000 72.3439 58.6551 0.0000 0.0000 0.0000 60.5046 80.5112 0.0000 0.0000 74.8772 52.5927 0.0000 0.0000 28.1833 24.9782 91.4715 51.8780 0.0000 54.0705 0.0000 0.0000 77.1111 0.0000 0.0000 0.0000 0.0000 0.0000 95.2759 14.5461 0.0000 89.1271 0.0000 0.0000 0.0000 0.0000 0.0000 54.1728 0.0000 0.0000 89.2637 0.0000 0.0000 0.0000 36.1820 88.3333 0.0000 0.0000 80.3566 0.0000 0.0000 34.7494 13.9341 82.0646 0.0000 0.0000 66.4136 54.4982 0.0000 13.1424 0.0000 0.0000 0.0000 0.0000 0.0000 73.6489 0.0000 0.0000 92.9561 0.0000 55.0750 0.0000 66.5354 0.0000 96.0381 0.0000 0.0000 0.0000 0.0000 0.0000 44.6838 0.0000 0.0000 0.0000 22.3213 21.9447 85.5792 0.0000 0.0000 0.0000 0.0000 0.0000 23.7129 0.0000 72.6502 0.0000 0.0000 0.0000 31.5839 64.5168 0.0000 0.0000 0.0000 0.0000 0.0000 0.0000 0.0000 84.2732 94.6449 0.0000 34.4418 0.0000 0.0000 0.0000 0.0000 0.0000 0.0000 0.0000 90.9353 54.0546 0.0000 0.0000 19.6985 0.0000 0.0000 0.0000
0.0000 0.0000 0.0000 0.0000 0.0000 0.0000 0.0000 0.0000 0.0000 0.0000 36.3167 0.0000 0.0000 0.0000 0.0000 0.0000 0.0000 0.0000 0.0000 0.0000 0.0000 0.0000 0.0000 98.3081 0.0000 0.0000 31.3836 0.0000 49.3180 0.0000 0.0000 0.0000 0.0000 0.0000 0.0000 0.0000 0.0000 0.0000 0.0000 0.0000 0.0000 23.6450 24.7751 0.0000 0.0000 0.0000 0.0000 0.0000 0.0000 18.8147 22.3700 87.8456 0.0000 50.0093 0.0000 0.0000 0.0000 0.0000 70.7311 0.0000 31.1267 0.0000 0.0000 0.0000 0.0000 0.0000 0.0000 43.5542 10.0579 0.0000 0.0000 0.0000 0.0000 0.0000 0.0000 0.0000 0.0000 0.0000 0.0000 17.8848 0.0000 0.0000 0.0000 0.0000 15.4844 0.0000 0.0000 0.0000 0.0000 0.0000 0.0000 21.0220 95.8828 0.0000 20.8094 0.0000 0.0000 22.1413 0.0000 0.0000 69.2221 0.0000 0.0000 0.0000 0.0000 0.0000 35.5413 0.0000 0.0000 0.0000 0.0000 0.0000 84.5785 0.0000 0.0000 36.1937 27.6377 0.0000 0.0000 0.0000 0.0000 0.0000 76.6419 0.0000 43.8562 36.4051 69.1894 0.0000 0.0000 0.0000 32.9043 0.0000 0.0000 0.0000 0.0000 22.1828 0.0000 54.6183 0.0000 0.0000 0.0000 0.0000 23.1840 0.0000 0.0000 0.0000 0.0000 78.8713 0.0000 66.1138 13.3585 0.0000 0.0000 0.0000 0.0000 0.0000 0.0000 94.0588 0.0000 0.0000 0.0000 46.5121 0.0000 19.5925 0.0000 34.8441 0.0000 0.0000 0.0000 0.0000 87.8766 45.0066 0.0000 0.0000 98.4624 44.7342 0.0000 0.0000 0.0000 0.0000 0.0000 0.0000 0.0000 0.0000 0.0000 0.0000 0.0000 0.0000 0.0000 0.0000
0.0000 0.0000 0.0000 0.0000 44.9566 0.0000 0.0000 63.3019 24.3043 0.0000 0.0000 0.0000 84.2840 63.6178 0.0000 88.3443 0.0000 0.0000 44.2585 12.2167 80.4096 0.0000 0.0000 0.0000 0.0000 99.6297 0.0000 0.0000 0.0000 0.0000 0.0000 0.0000 0.0000 43.8453 0.0000 0.0000 43.3525 0.0000 0.0000 44.6390 99.9135 0.0000 0.0000 93.8172 0.0000 0.0000 48.1725 0.0000 0.0000 46.8410 0.0000 0.0000 0.0000 0.0000 0.0000 42.0095 0.0000 0.0000 0.0000 78.1133 0.0000 0.0000 0.0000 98.8815 0.0000 0.0000 0.0000 0.0000 17.4796 0.0000 0.0000 0.0000 68.2128 77.5659 0.0000 0.0000 0.0000 48.5379 44.2068 0.0000 0.0000 0.0000 0.0000 0.0000 76.7940 0.0000 0.0000 26.5203 41.2562 0.0000 85.6557 0.0000 0.0000 57.2211 0.0000 82.4137 57.4572 0.0000 0.0000 0.0000 0.0000 0.0000 0.0000 0.0000 0.0000 0.0000 0.0000 0.0000 0.0000 0.0000 0.0000 76.0286 0.0000 0.0000 0.0000 79.1790 0.0000 0.0000 52.9691 0.0000 98.1596 0.0000 0.0000 72.3504 0.0000 0.0000 0.0000 0.0000 0.0000 0.0000 0.0000 78.3435 57.6946 0.0000 0.0000 0.0000 0.0000 0.0000 0.0000 0.0000 95.8770 0.0000 91.5043 35.5063 0.0000 0.0000 0.0000 0.0000 40.2583 90.9771 10.7600 81.7116 0.0000 0.0000 0.0000 0.0000 0.0000 0.0000 0.0000 0.0000 0.0000 0.0000 0.0000 74.6495 0.0000 66.8087 38.0587 0.0000 0.0000 96.2014 60.7950 0.0000 69.1996 54.3760 0.0000 61.1461 0.0000 75.7005 0.0000 0.0000 0.0000 0.0000 96.4254 0.0000 0.0000 0.0000 0.0000 0.0000 0.0000 0.0000
33.8031 0.0000 0.0000 0.0000 0.0000 0.0000 0.0000 0.0000 47.4535 0.0000 41.0533 37.8575 0.0000 11.4602 0.0000 0.0000 0.0000 0.0000 10.1458 0.0000 56.2271 66.6748 0.0000 0.0000 0.0000 10.7817 57.3983 0.0000 50.8391 15.6124 10.5554 22.6421 0.0000 45.6189 0.0000 0.0000 0.0000 18.6219 0.0000 96.9838 92.3015 0.0000 44.0923 34.1748 0.0000 44.3826 0.0000 0.0000 0.0000 0.0000 98.2660 37.4424 82.2953 0.0000 0.0000 0.0000 0.0000 0.0000 0.0000 0.0000 22.1607 0.0000 0.0000 0.0000 0.0000 50.1460 90.8419 0.0000 0.0000 39.4084 0.0000 0.0000 0.0000 0.0000 24.1344 76.4939 0.0000 56.6430 0.0000 39.3040 0.0000 0.0000 72.5784 0.0000 0.0000 0.0000 89.2121 97.1552 0.0000 29.3743 0.0000 20.3832 0.0000 0.0000 0.0000 0.0000 71.7667 10.2143 18.1088 82.1784 31.1595 0.0000 0.0000 0.0000 0.0000 0.0000 56.6256 55.9252 0.0000 92.0818 0.0000 85.0666 48.9159 62.0749 0.0000 0.0000 0.0000 0.0000 44.0508 0.0000 0.0000 0.0000 0.0000 0.0000 0.0000 0.0000 98.2670 81.2808 0.0000 0.0000 99.7915 0.0000 84.7408 0.0000 0.0000 37.4216 0.0000 0.0000 0.0000 71.9080 0.0000 0.0000 0.0000 51.9031 0.0000 85.8090 0.0000 0.0000 0.0000 80.4691 52.1596 0.0000 0.0000 76.0271 0.0000 87.5119 0.0000 0.0000 48.5511 0.0000 0.0000 0.0000 75.6585 0.0000 19.0113 0.0000 0.0000 0.0000 0.0000 0.0000 90.9209 99.1059 98.0654 32.3954 0.0000 0.0000 41.4198 0.0000 0.0000 0.0000 0.0000 0.0000 0.0000 0.0000 0.0000 0.0000 0.0000 0.0000 0.0000 0.0000
10.4768 0.0000 72.9856 0.0000 30.9484 0.0000 0.0000 65.0341 0.0000 0.0000 0.0000 92.2802 0.0000 17.1087 0.0000 0.0000 0.0000 0.0000 41.8291 0.0000 16.5979 0.0000 0.0000 0.0000 0.0000 79.8204 0.0000 0.0000 0.0000 0.0000 89.8285 0.0000 0.0000 0.0000 88.4578 0.0000 94.4691 0.0000 12.7385 0.0000 29.8864 51.3487 77.5013 0.0000 0.0000 0.0000 67.8918 0.0000 0.0000 0.0000 0.0000 0.0000 24.8465 0.0000 0.0000 0.0000 0.0000 37.8456 15.5265 0.0000 0.0000 0.0000 0.0000 0.0000 0.0000 33.9521 0.0000 74.9086 63.2728 43.8757 0.0000 44.3318 94.6450 0.0000 91.4642 0.0000 0.0000 0.0000 0.0000 0.0000 0.0000 0.0000 0.0000 0.0000 0.0000 0.0000 52.7117 81.1444 88.9409 55.7470 0.0000 0.0000 37.4667 0.0000 0.0000 0.0000 0.0000 0.0000 81.7849 0.0000 0.0000 68.6106 20.9907 37.0186 0.0000 0.0000 84.6686 0.0000 0.0000 0.0000 0.0000 0.0000 0.0000 41.1755 0.0000 0.0000 0.0000 76.9661 0.0000 0.0000 60.9866 0.0000 0.0000 0.0000 77.1451 0.0000 41.1768 0.0000 40.1207 0.0000 0.0000 0.0000 0.0000 0.0000 0.0000 0.0000 25.8140 0.0000 0.0000 0.0000 0.0000 0.0000 99.9832 0.0000 50.0417 31.3854 60.1466 0.0000 0.0000 0.0000 0.0000 17.7889 0.0000 0.0000 54.5925 0.0000 93.8629 95.5830 0.0000 90.6442 0.0000 0.0000 15.0765 0.0000 0.0000 0.0000 0.0000 0.0000 0.0000 91.7753 48.2077 70.5984 21.2200 23.8787 0.0000 0.0000 0.0000 0.0000 0.0000 0.0000 0.0000 69.9978 0.0000 0.0000 0.0000 0.0000 0.0000 0.0000 72.3700 0.0000
0.0000 0.0000 44.5445 0.0000 93.9909 75.9536 0.0000 0.0000 0.0000 0.0000 0.0000 47.8334 0.0000 18.9414 0.0000 44.3369 0.0000 0.0000 0.0000 44.8156 0.0000 13.7159 0.0000 0.0000 32.0976 0.0000 30.7806 0.0000 39.2804 63.5225 83.7237 0.0000 90.5520 0.0000 0.0000 65.8108 0.0000 70.3143 0.0000 0.0000 0.0000 0.0000 0.0000 51.7785 40.3233 0.0000 0.0000 0.0000 0.0000 0.0000 89.9777 0.0000 0.0000 0.0000 0.0000 0.0000 0.0000 32.0037 0.0000 0.0000 80.6736 0.0000 0.0000 39.9266 0.0000 0.0000 0.0000 0.0000 0.0000 0.0000 84.4561 0.0000 74.7162 0.0000 0.0000 0.0000 0.0000 0.0000 94.2846 0.0000 0.0000 0.0000 0.0000 0.0000 0.0000 0.0000 0.0000 78.6920 34.4029 73.8225 70.5239 77.7303 61.1924 0.0000 0.0000 62.4761 0.0000 10.4811 69.4079 91.1508 0.0000 0.0000 89.8649 29.3972 0.0000 0.0000 17.3101 63.3172 0.0000 0.0000 0.0000 0.0000 0.0000 0.0000 47.1984 86.2896 0.0000 0.0000 0.0000 0.0000 56.0275 0.0000 0.0000 0.0000 0.0000 0.0000 21.8051 0.0000 21.5827 0.0000 55.9329 0.0000 0.0000 0.0000 0.0000 0.0000 95.3309 28.5604 0.0000 0.0000 0.0000 32.1379 22.3861 0.0000 0.0000 0.0000 0.0000 82.1360 0.0000 54.2668 0.0000 87.5230 0.0000 0.0000 0.0000 0.0000 0.0000 29.3048 25.2556 39.6744 0.0000 25.4940 76.4258 0.0000 31.0846 0.0000 35.4926 52.6051 0.0000 0.0000 0.0000 0.0000 0.0000 0.0000 0.0000 0.0000 0.0000 0.0000 0.0000 86.2610 0.0000 0.0000 0.0000 0.0000 0.0000 78.2330 0.0000 0.0000 0.0000 0.0000
0.0000 13.5987 0.0000 79.2575 0.0000 78.7732 0.0000 73.4161 0.0000 0.0000 0.0000 0.0000 0.0000 54.1349 53.1387 0.0000 17.8101 0.0000 82.1482 0.0000 0.0000 0.0000 87.7528 48.1540 0.0000 0.0000 75.7300 0.0000 0.0000 0.0000 0.0000 0.0000 0.0000 0.0000 0.0000 0.0000 0.0000 0.0000 0.0000 0.0000 98.1064 0.0000 0.0000 0.0000 0.0000 87.6102 0.0000 0.0000 62.6869 0.0000 0.0000 0.0000 0.0000 0.0000 11.1018 0.0000 0.0000 76.2164 0.0000 0.0000 76.2405 89.4494 75.6903 96.3619 17.1761 45.7643 49.2028 0.0000 0.0000 0.0000 55.7897 0.0000 0.0000 0.0000 0.0000 0.0000 0.0000 0.0000 0.0000 0.0000 0.0000 0.0000 0.0000 0.0000 0.0000 88.6419 92.5644 0.0000 16.0333 0.0000 43.8017 0.0000 0.0000 0.0000 0.0000 0.0000 0.0000 87.4273 0.0000 0.0000 0.0000 21.9607 0.0000 0.0000 0.0000 0.0000 0.0000 0.0000 0.0000 0.0000 0.0000 30.6079 0.0000 0.0000 0.0000 0.0000 0.0000 0.0000 0.0000 18.6976 0.0000 49.8682 0.0000 0.0000 0.0000 40.3578 0.0000 43.6206 0.0000 99.0556 0.0000 0.0000 0.0000 0.0000 0.0000 0.0000 0.0000 0.0000 74.6650 0.0000 0.0000 0.0000 0.0000 0.0000 0.0000 72.5279 0.0000 0.0000 0.0000 67.3011 0.0000 0.0000 0.0000 0.0000 35.2670 86.5672 0.0000 69.8627 0.0000 89.1458 0.0000 0.0000 0.0000 0.0000 0.0000 93.6784 98.6303 56.7823 0.0000 0.0000 0.0000 0.0000 25.7833 70.9666 46.4008 89.6008 0.0000 0.0000 28.4101 0.0000 15.6346 0.0000 0.0000 0.0000 0.0000 0.0000 0.0000 0.0000 16.7371 0.0000
0.0000 0.0000 0.0000 0.0000 0.0000 22.6999 0.0000 0.0000 83.4082 0.0000 0.0000 79.0257 40.6587 53.2129 0.0000 93.9856 0.0000 0.0000 22.9394 0.0000 0.0000 0.0000 45.0536 91.0301 0.0000 0.0000 0.0000 0.0000 0.0000 0.0000 53.5812 0.0000 0.0000 0.0000 0.0000 0.0000 0.0000 79.3140 0.0000 0.0000 0.0000 0.0000 0.0000 0.0000 0.0000 15.9251 0.0000 0.0000 0.0000 0.0000 0.0000 44.1716 0.0000 87.6402 0.0000 0.0000 25.4137 0.0000 0.0000 0.0000 0.0000 0.0000 55.5195 0.0000 0.0000 97.2418 59.0589 0.0000 0.0000 0.0000 0.0000 90.8277 0.0000 0.0000 0.0000 78.6517 0.0000 0.0000 0.0000 0.0000 0.0000 0.0000 0.0000 0.0000 26.0575 62.3177 59.7617 0.0000 0.0000 71.6545 0.0000 0.0000 0.0000 0.0000 0.0000 0.0000 53.5700 0.0000 0.0000 0.0000 22.8981 0.0000 0.0000 91.9916 21.6069 98.0618 0.0000 22.4311 0.0000 0.0000 81.7976 0.0000 35.3121 0.0000 0.0000 0.0000 0.0000 35.7823 0.0000 0.0000 0.0000 82.7155 49.4554 98.2044 71.2323 0.0000 0.0000 14.4061 57.3056 0.0000 0.0000 0.0000 66.6065 0.0000 64.2703 0.0000 0.0000 88.6036 0.0000 0.0000 0.0000 0.0000 55.4925 0.0000 0.0000 0.0000 0.0000 74.7749 0.0000 0.0000 0.0000 0.0000 50.2671 0.0000 0.0000 0.0000 99.8079 0.0000 0.0000 13.3431 0.0000 0.0000 0.0000 0.0000 58.9078 0.0000 0.0000 0.0000 64.3270 94.7795 92.3279 0.0000 0.0000 0.0000 0.0000 91.7831 0.0000 0.0000 45.5150 74.7651 0.0000 0.0000 17.9359 46.3743 0.0000 0.0000 0.0000 0.0000 0.0000 0.0000
0.0000 0.0000 0.0000 0.0000 0.0000 64.7923 0.0000 0.0000 48.7184 0.0000 0.0000 0.0000 42.5396 0.0000 70.1770 33.0659 0.0000 31.1846 98.5529 0.0000 0.0000 0.0000 58.2891 0.0000 58.2869 0.0000 0.0000 62.2289 31.4396 0.0000 0.0000 46.2660 59.5659 0.0000 45.7065 0.0000 0.0000 22.5884 0.0000 0.0000 0.0000 0.0000 0.0000 0.0000 0.0000 0.0000 65.9724 0.0000 0.0000 0.0000 0.0000 0.0000 72.7545 81.7665 0.0000 0.0000 0.0000 34.0555 55.2899 0.0000 74.8752 0.0000 85.2710 0.0000 0.0000 0.0000 0.0000 0.0000 0.0000 0.0000 0.0000 0.0000 0.0000 0.0000 0.0000 22.7247 0.0000 0.0000 0.0000 0.0000 0.0000 0.0000 95.4823 54.7100 79.7649 0.0000 0.0000 0.0000 0.0000 0.0000 0.0000 0.0000 0.0000 0.0000 0.0000 0.0000 0.0000 0.0000 42.2511 0.0000 0.0000 0.0000 93.7581 0.0000 0.0000 96.0918 40.7837 12.2768 0.0000 0.0000 0.0000 41.3183 0.0000 0.0000 0.0000 62.6880 0.0000 0.0000 0.0000 42.0330 0.0000 26.3348 76.8760 0.0000 0.0000 17.5529 0.0000 0.0000 0.0000 0.0000 0.0000 0.0000 0.0000 14.6616 0.0000 0.0000 0.0000 0.0000 11.1934 0.0000 0.0000 0.0000 0.0000 85.5531 0.0000 91.3105 0.0000 22.6161 0.0000 73.4439 0.0000 50.8040 12.2383 0.0000 0.0000 57.7330 38.2573 0.0000 0.0000 0.0000 0.0000 0.0000 0.0000 0.0000 0.0000 0.0000 80.2732 35.8208 0.0000 42.3256 0.0000 0.0000 0.0000 19.6152 68.7351 73.1525 0.0000 0.0000 0.0000 0.0000 94.2170 97.5948 11.3906 0.0000 0.0000 0.0000 0.0000 0.0000 0.0000 0.0000
0.0000 54.9622 0.0000 95.7607 51.1623 0.0000 45.9200 12.4704 0.0000 0.0000 0.0000 0.0000 68.3853 0.0000 0.0000 0.0000 0.0000 0.0000 90.0608 0.0000 0.0000 40.1078 0.0000 0.0000 0.0000 0.0000 98.6796 0.0000 0.0000 0.0000 0.0000 0.0000 0.0000 0.0000 0.0000 0.0000 0.0000 82.3984 0.0000 0.0000 0.0000 0.0000 0.0000 51.5502 0.0000 0.0000 27.1625 0.0000 81.1667 0.0000 0.0000 0.0000 0.0000 21.2274 48.0329 0.0000 0.0000 0.0000 0.0000 0.0000 68.7084 19.0640 0.0000 0.0000 68.3231 0.0000 53.6465 66.9162 0.0000 0.0000 0.0000 0.0000 91.5619 0.0000 33.6857 0.0000 58.0610 0.0000 37.7820 27.6478 0.0000 0.0000 23.8069 0.0000 0.0000 0.0000 0.0000 0.0000 0.0000 69.2558 0.0000 0.0000 74.3976 0.0000 0.0000 0.0000 0.0000 0.0000 0.0000 0.0000 0.0000 0.0000 18.3277 0.0000 58.9149 0.0000 0.0000 0.0000 0.0000 0.0000 53.2797 0.0000 0.0000 0.0000 0.0000 0.0000 35.3842 0.0000 0.0000 0.0000 0.0000 0.0000 0.0000 0.0000 36.5466 0.0000 63.6960 0.0000 50.8730 88.0910 0.0000 0.0000 0.0000 0.0000 0.0000 0.0000 0.0000 0.0000 0.0000 0.0000 0.0000 0.0000 0.0000 0.0000 0.0000 0.0000 0.0000 0.0000 0.0000 0.0000 30.5770 79.6506 90.4658 0.0000 0.0000 44.3078 0.0000 0.0000 0.0000 0.0000 0.0000 0.0000 0.0000 0.0000 0.0000 29.6131 0.0000 0.0000 0.0000 0.0000 69.2435 27.9695 0.0000 48.7876 0.0000 0.0000 0.0000 55.6080 0.0000 51.0616 0.0000 0.0000 0.0000 0.0000 65.8534 0.0000 78.7289 0.0000 72.9041 0.0000
0.0000 0.0000 0.0000 0.0000 0.0000 0.0000 0.0000 0.0000 0.0000 67.1131 0.0000 0.0000 0.0000 0.0000 0.0000 0.0000 87.8730 52.9006 0.0000 0.0000 0.0000 0.0000 0.0000 0.0000 0.0000 0.0000 0.0000 0.0000 36.0252 21.1890 0.0000 0.0000 38.1905 0.0000 0.0000 19.4023 0.0000 0.0000 0.0000 0.0000 16.0005 0.0000 0.0000 0.0000 84.8796 0.0000 91.9110 0.0000 0.0000 0.0000 0.0000 0.0000 0.0000 83.7098 0.0000 49.1842 0.0000 0.0000 0.0000 0.0000 0.0000 0.0000 48.2913 0.0000 75.1450 34.0417 0.0000 0.0000 10.5190 43.6905 0.0000 0.0000 41.0336 0.0000 0.0000 87.1436 0.0000 0.0000 0.0000 0.0000 0.0000 0.0000 88.4851 45.4639 0.0000 0.0000 0.0000 0.0000 56.8415 0.0000 0.0000 0.0000 0.0000 0.0000 0.0000 0.0000 0.0000 63.5063 93.5247 0.0000 0.0000 0.0000 10.2886 10.6169 0.0000 74.1886 64.9187 17.5280 0.0000 14.7483 67.4334 0.0000 0.0000 99.8928 28.6056 0.0000 0.0000 0.0000 0.0000 28.6787 0.0000 0.0000 62.6624 31.0442 85.9018 78.1859 0.0000 0.0000 0.0000 81.4425 0.0000 0.0000 0.0000 0.0000 0.0000 0.0000 0.0000 70.9342 0.0000 0.0000 0.0000 15.3313 0.0000 12.2951 0.0000 0.0000 32.9733 38.2830 72.9296 86.7213 81.2013 0.0000 0.0000 0.0000 0.0000 0.0000 0.0000 0.0000 0.0000 42.4635 84.3779 0.0000 21.4449 0.0000 0.0000 27.0405 42.4000 0.0000 0.0000 68.1649 0.0000 0.0000 0.0000 0.0000 0.0000 15.7417 0.0000 0.0000 0.0000 0.0000 0.0000 0.0000 0.0000 0.0000 86.1401 0.0000 0.0000 0.0000 0.0000 0.0000
0.0000 0.0000 0.0000 0.0000 0.0000 0.0000 76.1674 21.4858 30.2050 0.0000 0.0000 0.0000 0.0000 79.9327 0.0000 37.1176 0.0000 81.3483 79.7961 0.0000 0.0000 55.5832 0.0000 48.2454 0.0000 72.3820 0.0000 0.0000 13.2326 0.0000 0.0000 0.0000 0.0000 0.0000 0.0000 0.0000 0.0000 0.0000 44.1799 0.0000 80.7652 0.0000 0.0000 0.0000 0.0000 0.0000 77.3942 0.0000 0.0000 0.0000 0.0000 0.0000 14.1782 0.0000 29.2004 26.1560 22.5893 0.0000 0.0000 18.6881 0.0000 0.0000 27.1927 0.0000 0.0000 97.8562 0.0000 0.0000 21.9753 0.0000 0.0000 33.7674 52.7325 0.0000 38.9663 0.0000 0.0000 0.0000 0.0000 0.0000 0.0000 0.0000 0.0000 0.0000 0.0000 0.0000 26.0750 0.0000 91.5732 0.0000 0.0000 0.0000 0.0000 0.0000 0.0000 74.5539 0.0000 0.0000 13.1588 0.0000 0.0000 50.9493 73.2883 36.3954 0.0000 0.0000 0.0000 0.0000 0.0000 0.0000 44.2859 0.0000 0.0000 0.0000 98.8701 0.0000 65.0762 0.0000 0.0000 0.0000 75.1833 72.6277 0.0000 0.0000 0.0000 0.0000 0.0000 57.2149 61.2540 0.0000 0.0000 0.0000 97.3029 0.0000 0.0000 0.0000 96.6896 72.6341 22.7818 40.3166 0.0000 0.0000 0.0000 0.0000 92.9814 0.0000 0.0000 89.1592 55.4225 0.0000 0.0000 0.0000 0.0000 0.0000 0.0000 0.0000 0.0000 0.0000 16.2638 0.0000 0.0000 70.4120 0.0000 0.0000 0.0000 0.0000 0.0000 0.0000 65.2275 0.0000 0.0000 0.0000 0.0000 40.5922 0.0000 14.0669 14.9530 0.0000 39.7482 0.0000 0.0000 0.0000 0.0000 0.0000 0.0000 0.0000 0.0000 0.0000 0.0000 0.0000
Lat Lon Places for 190 nodes
17.4902 107.2747 Demand_1
14.7754 108.8573 Demand_2
17.3037 107.9735 Demand_3
15.2251 106.6006 Demand_4
15.3859 109.7116 Demand_5
16.7424 109.1774 Demand_6
16.0851 107.0523 Demand_7
16.7790 107.1553 Demand_8
15.7941 107.2103 Demand_9
17.4452 107.3431 Demand_10
17.3780 107.9195 Demand_11
16.9497 109.2468 Demand_12
16.3110 109.0867 Demand_13
17.3338 107.4944 Demand_14
17.4407 109.1493 Demand_15
16.6147 109.6879 Demand_16
15.6236 107.3403 Demand_17
17.0351 107.1639 Demand_18
16.1118 107.3911 Demand_19
14.6246 107.6255 Demand_20
16.9054 107.2529 Demand_21
17.0564 107.9136 Demand_22
16.2603 108.1129 Demand_23
17.3629 109.4383 Demand_24
14.2688 108.4497 Demand_25
15.3511 107.6389 Demand_26
16.7561 107.7712 Demand_27
16.2681 106.8270 Demand_28
14.9675 107.9594 Demand_29
15.9760 109.3230 Demand_30
14.7643 108.2252 Demand_31
16.6163 108.1332 Demand_32
16.7142 107.1163 Demand_33
14.8694 109.5037 Demand_34
14.9835 107.7404 Demand_35
16.5700 108.9022 Demand_36
16.8983 107.8206 Demand_37
14.8630 108.9085 Demand_38
15.7160 108.8439 Demand_39
16.6098 107.2016 Demand_40
15.3362 107.1083 Demand_41
15.9858 109.7522 Demand_42
17.6516 107.8472 Demand_43
14.6136 108.2909 Demand_44
16.2605 107.4637 Demand_45
15.9169 107.4442 Demand_46
17.1457 107.5488 Demand_47
15.2204 107.1286 Demand_48
16.4812 108.2980 Demand_49
17.6150 107.6197 Demand_50
16.1869 106.6758 Demand_51
16.6899 107.1960 Demand_52
15.8239 107.3327 Demand_53
15.8822 108.1957 Demand_54
15.2418 107.4296 Demand_55
14.9601 107.1788 Demand_56
14.8056 108.3016 Demand_57
15.9155 108.1536 Demand_58
15.8616 108.1647 Demand_59
16.9894 108.0636 Demand_60
16.1456 107.9758 Demand_61
16.5657 106.7578 Demand_62
17.3989 109.3161 Demand_63
16.3862 108.6706 Demand_64
15.2759 108.0663 Demand_65
15.8777 109.8850 Demand_66
15.2616 109.0476 Demand_67
15.0007 107.7277 Demand_68
16.3253 110.0465 Demand_69
16.9141 106.9356 Demand_70
16.9704 107.0234 Demand_71
17.3615 109.1079 Demand_72
15.0051 107.8268 Demand_73
16.4805 108.2286 Demand_74
15.3085 108.2029 Demand_75
16.3088 106.9959 Demand_76
16.9049 107.1040 Demand_77
15.5067 108.1003 Demand_78
16.1436 108.5777 Demand_79
17.3313 107.0681 Demand_80
17.2441 108.5751 Demand_81
16.4930 107.9718 Demand_82
14.4800 107.5114 Demand_83
16.3490 108.0550 Demand_84
17.0354 107.9501 Demand_85
16.0740 106.7658 Demand_86
14.8334 109.1462 Demand_87
16.3157 108.6455 Demand_88
16.5025 107.4098 Demand_89
16.9491 107.4942 Demand_90
16.0910 107.1230 Demand_91
16.7267 108.1515 Demand_92
14.5211 108.1943 Demand_93
17.7327 108.8148 Demand_94
16.6843 107.1501 Demand_95
16.1797 107.1158 Demand_96
14.6517 109.3096 Demand_97
17.6117 108.5074 Demand_98
16.9954 108.1566 Demand_99
15.2758 109.2358 Demand_100
14.4643 108.9575 Demand_101
15.2637 106.8936 Demand_102
15.6668 107.8300 Demand_103
15.6846 106.5721 Demand_104
16.3466 108.6449 Demand_105
15.0413 107.0230 Demand_106
15.4240 109.6752 Demand_107
16.6422 108.2222 Demand_108
15.4171 109.0046 Demand_109
16.6842 108.9225 Demand_110
15.3144 108.4586 Demand_111
14.9302 108.9649 Demand_112
15.8770 108.4435 Demand_113
15.6058 107.8717 Demand_114
15.2836 108.9072 Demand_115
15.3130 108.8586 Demand_116
16.4808 107.8846 Demand_117
17.7526 107.9583 Demand_118
16.7140 109.4430 Demand_119
16.7693 109.0882 Demand_120
15.0666 108.2466 Demand_121
15.6388 108.3904 Demand_122
14.8909 108.3225 Demand_123
16.0491 108.7222 Demand_124
15.4219 107.5437 Demand_125
16.5202 109.5633 Demand_126
15.8560 108.7796 Demand_127
15.1875 109.7902 Demand_128
16.5273 106.8101 Demand_129
15.5294 109.1295 Demand_130
17.0877 106.8943 Demand_131
17.2210 109.5990 Demand_132
17.0192 107.8569 Demand_133
15.7375 108.9751 Demand_134
17.7899 107.8427 Demand_135
15.7247 107.2499 Demand_136
14.9326 107.5993 Demand_137
15.4229 108.8506 Demand_138
14.7810 109.2579 Demand_139
15.4946 107.9551 Demand_140
14.7244 107.7942 Demand_141
14.6398 107.7229 Demand_142
14.3463 108.6393 Demand_143
14.6499 108.7973 Demand_144
15.7126 107.2548 Demand_145
16.5158 106.5748 Demand_146
14.9019 108.2075 Demand_147
16.1263 109.6924 Demand_148
15.7375 106.7167 Demand_149
17.4852 108.9487 Demand_150
14.2762 108.4450 Hub_1
14.9147 108.1529 Hub_2
15.4354 106.5228 Hub_3
16.3906 106.8648 Hub_4
16.9101 107.5160 Hub_5
15.2013 107.1537 Hub_6
16.1168 107.6595 Hub_7
15.1588 109.4035 Hub_8
17.4479 108.6165 Hub_9
15.2680 106.5325 Hub_10
16.0736 107.0171 Hub_11
14.4501 108.9819 Hub_12
16.0442 108.3945 Hub_13
14.7758 108.0443 Hub_14
14.8321 107.5518 Hub_15
15.1220 108.9932 Hub_16
14.7100 107.3317 Hub_17
15.3382 109.2994 Hub_18
16.2780 108.3816 Hub_19
17.1831 107.9142 Hub_20
16.6261 107.9696 Hub_21
15.7973 108.8552 Hub_22
16.3799 109.4212 Hub_23
14.8163 108.3966 Hub_24
15.6628 107.0299 Hub_25
15.7384 109.2086 Hub_26
17.2704 109.3189 Hub_27
15.0614 106.8175 Hub_28
16.8143 109.5270 Hub_29
16.1227 110.0606 Hub_30
16.4571 108.8638 External_1
17.3569 107.8402 External_2
15.3367 108.7094 External_3
15.5629 107.5802 External_4
17.2190 108.4270 External_5
16.5132 109.5917 External_6
14.9925 109.1300 External_7
16.4692 109.7158 External_8
16.6181 106.6854 External_9
16.4161 108.4820 External_10
